stop_name,parent_station,zone_id,stop_id,stop_desc,stop_lat,stop_lon,location_type,platform_code
12th Block Nagarabhavi,nan,NBV12B,21629,12th Block Nagarabhavi (Towards AIT College),12.96018,77.51398,,nan
12th Block Nagarabhavi,nan,NBV12B,21630,12th Block Nagarabhavi (Towards Nagarabhavi Circle),12.96076,77.51351,,nan
14th Main HSR Layout,nan,HSR  14,20568,14th Main HSR Layout (Towards Hebbala),12.91637,77.63472,,nan
18th Main Jayanagara,nan,JNR18M,22890,18th Main Jayanagara (Towards Jayanagara 4th Block),12.92328,77.58898,,nan
19th Main 13th Cross HSR Layout,nan,HSR13,22891,19th Main 13th Cross HSR Layout (Towards Parangipalya),12.91593,77.65176,,nan
19th Main 13th Cross HSR Layout,nan,HSR13,24300,19th Main 13th Cross HSR Layout (Towards Agara Junction),12.91582,77.65175,,nan
1st Main Kodichikkanahalli,nan,KDCH1M,29393,1st Main Kodichikkanahalli (Towards Kodichikkanahalli),12.89854,77.61543,,nan
1st Main Kodichikkanahalli,nan,KDCH1M,35599,1st Main Kodichikkanahalli (Towards Vijaya Bank Layout),12.89847,77.6155,,nan
1st Stage 3rd Block Nagarabhavi (Nayandahalli),nan,NBF1B1,22896,1st Stage 3rd Block Nagarabhavi (Nayandahalli) (Towards Nayandahalli),12.95302,77.52026,,nan
1st Stage 3rd Block Nagarabhavi (Summanahalli),nan,NBF1B1,22897,1st Stage 3rd Block Nagarabhavi (Summanahalli) (Towards Summanahalli),12.95286,77.52017,,nan
2nd Stage 9th Block Nagarabhavi,nan,NBV10th,35595,2nd Stage 9th Block Nagarabhavi (Towards 2nd Stage 9th Block Nagarabhavi),12.9695,77.50927,,nan
3rd Block Jayanagara,nan,JNR3B,21446,3rd Block Jayanagara (Towards South End Circle),12.9318,77.58393,,nan
3rd Block Jayanagara,nan,JNR3B,21447,3rd Block Jayanagara (Towards Jayanagara 4th Block),12.93349,77.58396,,nan
4th Phase Yelahanka New Town Iyengar Bakery,nan,YLHNKA4,29407,4th Phase Yelahanka New Town Iyengar Bakery (Towards Yalahanka 5th Phase),13.10426,77.57,,nan
5th Block HBR Layout,nan,HBRL5,29409,5th Block HBR Layout (Towards Hennur Cross),13.03585,77.63142,,nan
8th Mile Dasarahalli,nan,8thML,20594,8th Mile Dasarahalli (Towards Jalahalli Cross),13.04541,77.50795,,nan
8th Mile Dasarahalli,nan,8thML,38567,8th Mile Dasarahalli (Towards Dasanapura),13.04571,77.50753,,nan
8th Mile Dasarahalli,nan,8thML1,20593,8th Mile Dasarahalli (Towards Bagalagunte),13.04622,77.50755,,nan
8th Mile Dasarahalli,nan,8thML2,35572,8th Mile Dasarahalli (Towards Tumkur Road),13.04543,77.50547,,nan
8th Mile Dasarahalli,nan,8thML9,35570,8th Mile Dasarahalli (Towards Nelamangala),13.0451,77.50748,,nan
8th Mile Dasarahalli,nan,8thML9,35571,8th Mile Dasarahalli (Towards Nelagadaranahalli),13.04555,77.50555,,nan
8th Mile Dasarahalli Arrival,nan,8thML,39687,8th Mile Dasarahalli Arrival (Towards Hesaraghatta),13.04556,77.50726,,nan
A G Export Garments Nelamangala,nan,AGEG,29453,A G Export Garments Nelamangala (Towards Madhure),13.12046,77.39237,,nan
A G Export Garments Nelamangala,nan,AGEG,35538,A G Export Garments Nelamangala (Towards Nelamangala),13.12048,77.39242,,nan
A P J Abdul Kalam Statue,nan,APJST1,21652,A P J Abdul Kalam Statue (Towards D R D O 2nd Stage),12.97972,77.65404,,nan
A P J Abdul Kalam Statue,nan,APJST1,21653,A P J Abdul Kalam Statue (Towards BEML Factory),12.97977,77.65418,,nan
ADMC Quarters Office,nan,ADMCQ,38855,ADMC Quarters Office (Towards Start Point),13.0053,77.64117,,nan
AECS Dental College,nan,AECSDC1,29450,AECS Dental College (Towards Nobo Nagara),12.86536,77.59832,,nan
AECS Dental College,nan,AECSDC1,35541,AECS Dental College (Towards Dodda Kammanahalli),12.8654,77.59836,,nan
AECS Layout Cross,nan,AECSL-1,20595,AECS Layout Cross (Towards Kundalahalli Gate),12.96495,77.71832,,nan
AECS Layout Cross,nan,AECSL-1,20596,AECS Layout Cross (Towards ITPL),12.96511,77.71827,,nan
AECS Layout Singasandra,nan,AECSLO1,29451,AECS Layout Singasandra (Towards AECS Layout),12.88306,77.64991,,nan
AECS Layout Singasandra,nan,AECSLO1,35540,AECS Layout Singasandra (Towards Kudlu Panchayath),12.88286,77.65018,,nan
AET Junction,nan,AETJ,39893,ಎಇಟಿ ಜಂಕ್ಷನ್ (ಟುವರ್ಡ್ಸ್  ದೇವರಬಿಸನಹಳ್ಳಿ),12.91553,77.69871,,nan
AET Junction,nan,AETJ,39894,AET Junction (Towards Doddakannahalli),12.91558,77.69881,,nan
AGS Layout,nan,AGSLO1,29461,AGS Layout (Towards Vidyaniketan Public School),12.95173,77.47919,,nan
AGS Layout,nan,AGSLO1,35533,AGS Layout (Towards Manganahalli),12.95163,77.47921,,nan
AGS Layout Arehalli,nan,AGSLOAH,29462,AGS Layout Arehalli (Towards Last Stop),12.91246,77.53706,,nan
AGS Layout Arehalli,nan,AGSLOAH1,35532,AGS Layout Arehalli (Towards Kamakya),12.91246,77.537,,nan
AGS Layout Cross,nan,AGSLOC1,23014,AGS Layout Cross (Towards AGS Layout),12.91347,77.54088,,nan
AGS Layout Cross,nan,AGSLOC1,24342,AGS Layout Cross (Towards Ittamadu),12.91353,77.54088,,nan
AIR FORCE Quarters,nan,ARFCQT,29463,AIR FORCE Quarters (Towards Shettahalli Cross),13.05899,77.52141,,nan
AIR FORCE Quarters,nan,ARFCQT,35531,AIR FORCE Quarters (Towards Shettahalli),13.05895,77.52139,,nan
AL Ameen Residential School,nan,ARS-1,29474,AL Ameen Residential School (Towards Kattigenahalli Gate),13.06983,77.80832,,nan
AL Ameen Residential School,nan,ARS-1,35521,AL Ameen Residential School (Towards Hoskote),13.0696,77.80836,,nan
AL-Agro Factory,nan,AAF2,37331,AL-Agro Factory (Towards Huralagere),12.98777,77.88168,,nan
AL-Agro Factory,nan,AAF2,37332,AL-Agro Factory (Towards L Mallasandra),12.98697,77.88059,,nan
AMC College,nan,AMC2,23060,AMC College (Towards Bannerughatta National Park),12.82938,77.58759,,nan
AMC College,nan,AMC2,24134,AMC College (Towards Kalkere),12.83005,77.58779,,nan
APCO Factory,nan,APCOF,29549,APCO Factory (Towards Thokathimmana Doddy Cross),12.76209,77.47036,,nan
APCO Factory,nan,APCOF,35454,APCO Factory (Towards Bannigiri),12.76195,77.47044,,nan
APMC Yard,nan,APMCY1,29550,APMC Yard (Towards Makali),13.10494,77.44396,,nan
APMC Yard,nan,APMCY1,35453,APMC Yard (Towards Mattahalli),13.10488,77.44388,,nan
APS College,nan,APSCG,23134,APS College (Towards Somanahalli Gate),12.78276,77.49966,,nan
APS College,nan,APSCG,23632,APS College (Towards Kaggalipura),12.78272,77.4995,,nan
APS College Cross,nan,APSC1,39681,APS College Cross (Towards Somanahalli Toll),12.78284,77.49959,,nan
APS College Cross,nan,APSC1,39682,APS College Cross (Towards Somanahalli Gate),12.78637,77.50249,,nan
ARMY PUBLIC SCHOOL (Parachute Regiment),nan,ARMYPSP,38962,ARMY PUBLIC SCHOOL (Parachute Regiment) (Towards Mekhri Circal),13.01651,77.58615,,nan
ASC Centre,nan,ASCC,23190,ASC Centre (Towards India Gariage),12.96239,77.61892,,nan
ASC Centre,nan,ASCC,23930,ASC Centre (Towards Vannarpet),12.96248,77.61903,,nan
Aane Kempegowdana Doddy,nan,AKGD1,29426,Aane Kempegowdana Doddy (Towards Manchanabele),12.86158,77.33503,,nan
Aane Kempegowdana Doddy,nan,AKGD1,35856,Aane Kempegowdana Doddy (Towards Hagalahalli),12.86152,77.33503,,nan
Abbaiah Circle Sarjapura,nan,CHKKTU,23396,Abbaiah Circle Sarjapura (Towards Chikka Thirupathi),12.85975,77.79411,,nan
Abbaiah Circle Sarjapura,nan,CHKKTU,23418,Abbaiah Circle Sarjapura (Towards Sarjapura),12.8597,77.79409,,nan
Abbanakuppe,nan,ABNKPC1,29428,Abbanakuppe (Towards Byramangala),12.77419,77.4095,,nan
Abbanakuppe,nan,ABNKPC1,35564,Abbanakuppe (Towards Mysore Road),12.77413,77.40941,,nan
Abbanakuppe Colony,nan,ABNKPC,35563,Abbanakuppe Colony (Towards Abbanakuppe),12.77123,77.41632,,nan
Abbanakuppe Colony,nan,ABNKPC1,29429,Abbanakuppe Colony (Towards Byramangala Lake),12.77126,77.41627,,nan
Abbanakuppe KEB,nan,KEB8,33404,Abbanakuppe KEB (Towards Byramangala Cross),12.78773,77.42856,,nan
Abbanakuppe KEB,nan,KEB9,30920,Abbanakuppe KEB (Towards Abbanakuppe),12.78775,77.42874,,nan
Abbigere,nan,ABGRC,29430,Abbigere (Towards Abbigere Cross),13.07696,77.52587,,nan
Abbigere,nan,ABGRC,35562,Abbigere (Towards Kempegowda  Garden),13.07692,77.52589,,nan
Abbigere Cross,nan,ABGR2,35561,Abbigere Cross (Towards Kammagondanahalli),13.07069,77.52981,,nan
Abbigere Cross,nan,ABGRC,29431,Abbigere Cross (Towards Abbigere),13.07068,77.52978,,nan
Abbigere Dinne,nan,ABGR2,29432,Abbigere Dinne (Towards KG Halli),13.07107,77.52816,,nan
Abbigere Dinne,nan,ABGRC,35560,Abbigere Dinne (Towards Janapriya Greenwood Apartments),13.07099,77.52812,,nan
Abbigere Gate,nan,ABGR2,29433,Abbigere Gate (Towards Abbigere),13.07248,77.52353,,nan
Abbigere Gate,nan,ABGRC,35559,Abbigere Gate (Towards Chikka Banavara),13.07243,77.52355,,nan
Acharya College,nan,ACRC,22965,Acharya College (Towards Andrahalli),13.00234,77.48822,,nan
Acharya College,nan,ACRC,22966,Acharya College (Towards Herohalli Cross),13.00238,77.48823,,nan
Acharya Institute of Technology,nan,ACRIT,29434,Acharya Institute of Technology (Towards Janapriya Apartment),13.08354,77.4841,,nan
Acharya Institute of Technology,nan,ACRIT,35558,Acharya Institute of Technology (Towards Aluru),13.08351,77.48416,,nan
Acharya Institute of Technology,nan,AITEC,40369,Acharya Institute of Technology (Towards Last Stop),13.0856,77.48659,,nan
Achyuthanagara Gate,nan,ACTNG,29435,Achyuthanagara Gate (Towards Janapriya Apartment),13.0842,77.48657,,nan
Achyuthanagara Gate,nan,ACTNG1,35557,Achyuthanagara Gate (Towards Achyuthanagara),13.08416,77.48656,,nan
Adakamaranahalli (Magadi Road),nan,AKMH1,29437,Adakamaranahalli (Magadi Road) (Towards Chikkamaskal),12.94707,77.31056,,nan
Adakamaranahalli (Magadi Road),nan,AKMH1,39571,Adakamaranahalli (Magadi Road) (Towards Varadenahalli Handpost),12.94705,77.31051,,nan
Adakamaranahalli Cross (Magadi Road),nan,ADMHC1,29438,Adakamaranahalli Cross (Magadi Road) (Towards Thippagondanahalli),12.95445,77.30923,,nan
Adakamaranahalli Cross (Magadi Road),nan,ADMHC1,35554,Adakamaranahalli Cross (Magadi Road) (Towards Magadi),12.9544,77.30926,,nan
Adakimaranahalli,nan,ADKMH,29441,Adakimaranahalli (Towards Tumkur Road),13.06492,77.44329,,nan
Adakimaranahalli,nan,AMH1,21639,Adakimaranahalli (Towards Jalahalli Cross),13.07065,77.4449,,nan
Adakimaranahalli,nan,AMH1,22974,Adakimaranahalli (Towards Adakamaranahalli),13.06989,77.44532,,nan
Adakimaranahalli,nan,AMH1,29439,Adakimaranahalli (Towards Nelamangala),13.07028,77.44482,,nan
Adarshanagara,nan,ADSN,29442,Adarshanagara (Towards Arishinakunte),13.07619,77.42374,,nan
Adarshanagara,nan,ADSN,35552,Adarshanagara (Towards Depot-43),13.07621,77.42378,,nan
Adde Vishwanathapura,nan,ADVP,29444,Adde Vishwanathapura (Towards Rajanukunte),13.18672,77.55112,,nan
Adde Vishwanathapura,nan,ADVP,35550,Adde Vishwanathapura (Towards Adde Grama),13.18669,77.5511,,nan
Addiganahalli,nan,ADGH1,29445,Addiganahalli (Towards Adigondanahalli Extension),13.17297,77.56958,,nan
Addiganahalli,nan,ADGH1,35549,Addiganahalli (Towards Rajanukunte),13.17292,77.56963,,nan
Addiganahalli Extension,nan,ADGH1,22981,Addiganahalli Extension (Towards Rajanukunte),13.1728,77.57126,,nan
Addiganahalli Extension,nan,ADGH1,31347,Addiganahalli Extension (Towards Tharahunase),13.17288,77.57123,,nan
Adigara Kallahalli,nan,AKHL,22982,Adigara Kallahalli (Towards Exide Gate),12.82573,77.80302,,nan
Adigara Kallahalli,nan,AKHL,23391,Adigara Kallahalli (Towards Adigara Kallahalli),12.82578,77.80293,,nan
Adigondanahalli,nan,ADG,29446,Adigondanahalli (Towards Bendiganahalli),12.81457,77.75116,,nan
Adigondanahalli,nan,ADG,35548,Adigondanahalli (Towards Suryanagara K H B),12.81456,77.75126,,nan
Adigondanahalli Junction,nan,GDHTGT,25578,Adigondanahalli Junction (Towards Guddatti Gate),12.80604,77.74276,,nan
Adigondanahalli Junction,nan,GDHTGT,32772,Adigondanahalli Junction (Towards Adigondanahalli),12.80604,77.74266,,nan
Aditya Bakery,nan,ABKR,39104,Aditya Bakery (Towards Ganakal),12.90354,77.51078,,nan
Aditya Bakery,nan,ABKR,39105,Aditya Bakery (Towards Shrinivasapura Cross),12.90351,77.51069,,nan
Adrsha Savana,nan,ADSV1,38161,Adrsha Savana (Towards Kundana),13.20862,77.60376,,nan
Adrsha Savana,nan,ADSV1,38162,Adrsha Savana (Towards M V I T Collage),13.20859,77.60381,,nan
Adugodi,nan,ADGD2,29448,Adugodi (Towards Madivala),12.94387,77.6077,,nan
Adugodi,nan,ADGD2,35544,Adugodi (Towards MICO Company),12.94397,77.60748,,nan
Adugodi,nan,ADGD2,35546,Adugodi (Towards Anepalya),12.94384,77.60761,,nan
Adugodi Police Station,nan,ADGDPS1,22990,Adugodi Police Station (Towards Adugodi),12.93897,77.60976,,nan
Adugodi Police Station,nan,ADGDPS1,23802,Adugodi Police Station (Towards Jn of Hosur Road),12.93985,77.6095,,nan
Adukale Food Factory,nan,ADKLPF,39938,Adukale Food Factory (Towards Sigehalli Gate),12.9769,77.44359,,nan
Adukale Food Factory,nan,ADKLPF,39939,Adukale Food Factory (Towards Depot-35),12.97693,77.44371,,nan
Aduru,nan,ADR2,22992,Aduru (Towards Avalahalli Hosakote),13.05553,77.7058,,nan
Aduru,nan,ADR2,22995,Aduru (Towards Ramapura),13.05535,77.70589,,nan
Aduru,nan,ADR4,22993,Aduru (Towards Indlawadi Cross),12.73303,77.65433,,nan
Aduru,nan,ADR4,22994,Aduru (Towards Indlawadi),12.73301,77.6544,,nan
Aduru,nan,ADR4,36662,Aduru (Towards Kumbarahalli),12.73318,77.657,,nan
Aerospace Bagalur,nan,ARSB,29452,Aerospace Bagalur (Towards Aerospace Bagalur),13.17289,77.73066,,nan
Aerospace Bagalur,nan,ARSB,35539,Aerospace Bagalur (Towards Hoovinayakanahalli Cross),13.17277,77.73058,,nan
Agalakote,nan,AGKOT,29454,Agalakote (Towards Budigere),13.21292,77.73612,,nan
Agalakote,nan,AGKOT,35537,Agalakote (Towards Devanahalli),13.21287,77.73615,,nan
Agara,nan,AGR1,23003,Agara (Towards Gangasandra),12.84479,77.48713,,nan
Agara,nan,AGR1,23004,Agara (Towards Thataguni),12.84477,77.48709,,nan
Agara,nan,AGRK1,23002,Agara (Towards Kaggalipura),12.8429,77.4863,,nan
Agara,nan,AGRK1,31348,Agara (Towards Devagere/Agara Cross),12.84288,77.48626,,nan
Agara Cross,nan,AGRC2,21640,Agara Cross (Towards Kaggalipura),12.84888,77.52214,,nan
Agara Cross,nan,AGRC2,21641,Agara Cross (Towards Banashankari Bus Station),12.84888,77.52196,,nan
Agara Junction,nan,AGRJ,24000,Agara Junction (Towards Jakkasandra),12.92464,77.64937,,nan
Agara Junction,nan,AGRJ,35769,Agara Junction (Towards Sarjapura),12.92468,77.64998,,nan
Agara Junction,nan,AGRJ1,20597,Agara Junction (Towards Banashankari),12.92433,77.65073,,nan
Agara Junction,nan,AGRJ1,20598,Agara Junction (Towards Hebbala),12.92452,77.65028,,nan
Agara Junction,nan,AGRJ3,38120,Agara Junction (Towards Last Stop  (HSR FDR)),12.92417,77.65075,,nan
Agara Junction,nan,AGRJ3,38462,Agara Junction (Towards Parangipalya),12.9239,77.65172,,nan
Agrahara Dasarahalli,nan,AGHRD,20599,Agrahara Dasarahalli (Towards Magadi Road Tollgate),12.97853,77.54293,,nan
Agrahara Dasarahalli,nan,AGHRD,20600,Agrahara Dasarahalli (Towards Kottigepalya),12.97874,77.54121,,nan
Agrahara Layout,nan,AGHRLO,29456,Agrahara Layout (Towards Kogilu),13.09837,77.62683,,nan
Agrahara Layout,nan,AGHRLO1,35535,Agrahara Layout (Towards Agrahara Layout),13.09838,77.62671,,nan
Agrahara Layout Cross,nan,AGRLC2,39986,Agrahara Layout Cross (Towards Kogilu),13.098,77.61832,,nan
Agrahara Layout Cross,nan,AGRLC2,39987,Agrahara Layout Cross (Towards Chokkanahalli),13.09807,77.61834,,nan
Agraharapalya Gate,nan,AGHRPG1,31849,Agraharapalya Gate (Towards Hosahallipalya),13.13071,77.45347,,nan
Agraharapalya Gate,nan,AGHRPG1,35686,Agraharapalya Gate (Towards Guddahalli),13.13065,77.45343,,nan
Ainahalli,nan,AYNHL1,36061,Ainahalli (Towards Kasaghatta),13.25849,77.38757,,nan
Ainahalli,nan,AYNHL1,36062,Ainahalli (Towards Kannamangala),13.2585,77.38762,,nan
Air Lines Dhaba Gate,nan,ALDBGT,29464,Air Lines Dhaba Gate (Towards Tellohalli Gate),13.22276,77.74085,,nan
Air Lines Dhaba Gate,nan,ALDBGT,35530,Air Lines Dhaba Gate (Towards Devanahalli),13.2225,77.74086,,nan
Air force Gate Ashwathnagara,nan,ಆಘ,39704,Air force Gate Ashwathnagara (Towards Last Stop),13.02684,77.57964,,nan
Airport Trumpet,nan,ARPT,29465,Airport Trumpet (Towards Devanahalli),13.19908,77.65792,,nan
Airport Trumpet,nan,ARPT,35529,Airport Trumpet (Towards Yalahanka),13.19905,77.6582,,nan
Airtel office Koramangala,nan,ATO1,39835,Airtel office Koramangala (Towards Jyothi Nivas),12.9359,77.61551,,nan
Ajjagondahalli,nan,AJGH1,29467,Ajjagondahalli (Towards Harohalli),12.95709,77.76839,,nan
Ajjagondahalli,nan,AJGH1,35527,Ajjagondahalli (Towards Varthuru),12.95705,77.76842,,nan
Ajjanahalli,nan,AJNHL1,29468,Ajjanahalli (Towards Chunchanakuppe),12.9167,77.3865,,nan
Ajjanahalli,nan,AJNHL1,35526,Ajjanahalli (Towards Muddaiahnapalya),12.91666,77.38648,,nan
Ajmeer Apartment Neeladri Road,nan,AJANR,29469,Ajmeer Apartment Neeladri Road (Towards Electronic City),12.84185,77.64673,,nan
Ajmeer Apartment Neeladri Road,nan,AJANR,35525,Ajmeer Apartment Neeladri Road (Towards Dodda Thoguru),12.84181,77.64675,,nan
Akkayammana Betta,nan,AKMBT1,23022,Akkayammana Betta (Towards Meesaganahalli),13.16162,77.64223,,nan
Akkayammana Betta Huttanahalli Cross,nan,AKMBT1,29470,Akkayammana Betta Huttanahalli Cross (Towards Huttanahalli),13.17134,77.61472,,nan
Akkipete Devanahalli,nan,AKPT,29471,Akkipete Devanahalli (Towards Devanahalli),13.25413,77.67796,,nan
Akkipete Devanahalli,nan,AKPT,35524,Akkipete Devanahalli (Towards Kundana),13.25414,77.67798,,nan
Akkithimmanahalli,nan,ATMNH,23668,Akkithimmanahalli (Towards Poornima Talkies),12.96186,77.59789,,nan
Akkithimmanahalli,nan,ATMNH,31349,Akkithimmanahalli (Towards Nanjappa Circle),12.96194,77.5978,,nan
Akshayanagara,nan,AKHNGR,29472,Akshayanagara (Towards TC Palya),13.0208,77.68338,,nan
Akshayanagara,nan,AKHNGR,35523,Akshayanagara (Towards B Channasandra),13.02069,77.68343,,nan
Akshayanagara New Town,nan,AKSYNT1,29473,Akshayanagara New Town (Towards Hulimavu),12.87657,77.61101,,nan
Akshayanagara New Town,nan,AKSYNT1,35522,Akshayanagara New Town (Towards Last Bus Stop),12.87657,77.61166,,nan
Akshyanagara Double Road,nan,DBLRD14,25148,Akshyanagara Double Road (Towards Vijaya Bank Layout Arakere),12.87874,77.60967,,nan
Akshyanagara Double Road,nan,DBLRD14,32565,Akshyanagara Double Road (Towards Hulimavu),12.87874,77.6097,,nan
Aladamara Chikkanahalli Cross,nan,ADCHC,29475,Aladamara Chikkanahalli Cross (Towards Aduru),12.72813,77.64802,,nan
Aladamara Chikkanahalli Cross,nan,ADCHC,35520,Aladamara Chikkanahalli Cross (Towards Indlawadi),12.72807,77.648,,nan
Aladamara Laggere,nan,ALDML,29476,Aladamara Laggere (Towards Laggere Cross),13.01327,77.52095,,nan
Aladamara Laggere,nan,ALDML,35519,Aladamara Laggere (Towards Laggere New Bus Stand),13.01332,77.52098,,nan
Alahalli,nan,ALH,25681,Alahalli (Towards Doddaballapura),13.27758,77.5216,,nan
Alahalli,nan,ALH,32821,Alahalli (Towards Aralumallige),13.27752,77.52162,,nan
Alambadi,nan,ALMBD,29477,Alambadi (Towards Malur Road),12.89273,77.88659,,nan
Alambadi,nan,ALMBD,35518,Alambadi (Towards Chikka Thirupathi),12.8927,77.88656,,nan
Alanayakanahalli Gate,nan,ALKHG,29478,Alanayakanahalli Gate (Towards Jakkanahalli Cross),13.18089,77.32413,,nan
Alanayakanahalli Gate,nan,ALKHG,35517,Alanayakanahalli Gate (Towards Thyamagondlu),13.18069,77.32407,,nan
Ali Bommasandra,nan,ABMS,23034,Ali Bommasandra (Towards Lakshmisagara /Guddahatti),12.82033,77.73652,,nan
Ali Bommasandra,nan,ABMS,23035,Ali Bommasandra (Towards Muttanalluru),12.82032,77.73644,,nan
Aliaskar Embassy,nan,AAE,39597,Aliaskar Embassy (Towards Last Stop),12.99388,77.58905,,nan
Alisda,nan,ALSD,21452,Alisda (Towards BEL Circle),13.03392,77.54098,,nan
Alisda,nan,ALSD,21453,Alisda (Towards Goraguntapalya),13.03404,77.54112,,nan
Allalasandra,nan,ALLSND,29480,Allalasandra (Towards Allalasandra Last Stop),13.08806,77.58865,,nan
Allalasandra,nan,ALSND,35515,Allalasandra (Towards Allalasandra Gate),13.08809,77.58863,,nan
Allalasandra Gate,nan,ALSG1,39009,Allalasandra Gate (Towards Venkatala),13.08448,77.59386,,nan
Allalasandra Gate,nan,ALSG2,29481,Allalasandra Gate (Towards Yalahanka Police Station),13.08664,77.59375,,nan
Allalasandra Gate,nan,ALSG2,35106,Allalasandra Gate (Towards Hebbala),13.08444,77.59437,,nan
Allalasandra Gate,nan,ALSG2,35608,Allalasandra Gate (Towards Mekhri Circle),13.08686,77.59386,,nan
Allalasandra Gate FLY,nan,ALSG,35151,Allalasandra Gate FLY (Towards Airport),13.08483,77.59415,,nan
Allalasandra Gate FLY,nan,ALSG,39271,Allalasandra Gate FLY (Towards Hebbala),13.085,77.59437,,nan
Allammanapalya,nan,ALMNPL1,29483,Allammanapalya (Towards Allammanapalya),12.9356,77.3661,,nan
Allammanapalya,nan,ALMNPL1,35513,Allammanapalya (Towards Madapatna),12.93554,77.36618,,nan
Alpha College Chikka Gubbi,nan,ALFC,29484,Alpha College Chikka Gubbi (Towards Dodda Gubbi),13.07701,77.66207,,nan
Alpha College Chikka Gubbi,nan,ALFC,35512,Alpha College Chikka Gubbi (Towards Byarathi Bande),13.07697,77.66209,,nan
Aluru,nan,ALR,29485,Aluru (Towards Aluru Palya),13.08482,77.46553,,nan
Aluru,nan,ALR,35511,Aluru (Towards Makali),13.08487,77.46561,,nan
Aluru BDA 1st Stage,nan,ALRBDA,38789,Aluru BDA 1st Stage (Towards Last Stop),13.09262,77.44748,,nan
Aluru BDA 2nd Stage,nan,ALRB 2,29486,Aluru BDA 2nd Stage (Towards Last Stop),13.09146,77.44993,,nan
Aluru BDA 2nd Stage,nan,ALRB 2,35510,Aluru BDA 2nd Stage (Towards Makali),13.09138,77.44998,,nan
Aluru Cross,nan,ALRCR,35509,Aluru Cross (Towards Aluru),13.08236,77.47477,,nan
Aluru Cross,nan,ALRCR1,29487,Aluru Cross (Towards Kuduregere),13.0824,77.47479,,nan
Alurupalya,nan,ALRPL1,29488,Alurupalya (Towards Aluru),13.09723,77.47067,,nan
Alurupalya,nan,ALRPL1,35508,Alurupalya (Towards Narasipura),13.09721,77.47062,,nan
Amarajyothi Badavane,nan,AMRJB1,29489,Amarajyothi Badavane (Towards Thanisandra),13.05526,77.62929,,nan
Amarajyothi Badavane,nan,AMRJB1,35507,Amarajyothi Badavane (Towards Amarajyothi Badavane),13.05525,77.62932,,nan
Amba Bhavani Nagara,nan,ABN2,29490,Amba Bhavani Nagara (Towards Veerasagara),13.09719,77.54597,,nan
Amba Bhavani Nagara,nan,ABN2,35506,Amba Bhavani Nagara (Towards MS Palya),13.09721,77.54603,,nan
Ambabhavani Badavane,nan,AMBBN1,39321,Ambabhavani Badavane (Towards Kattigenahalli Cross),13.11013,77.62408,,nan
Ambalagere,nan,AMBLGR,36059,Ambalagere (Towards Kasaghatta),13.24322,77.38657,,nan
Ambalagere,nan,AMBLGR,36060,Ambalagere (Towards Kannamangala),13.24327,77.38658,,nan
Ambalipura,nan,ABLP1,39735,Ambalipura (Towards Tavatahalli),13.06995,77.88026,,nan
Ambedkar Circle CK Nagara,nan,HOSRD,40494,Ambedkar Circle CK Nagara (Towards Kudlu),12.87073,77.65404,,nan
Ambedkar Circle CK Nagara,nan,HOSRD,40495,Ambedkar Circle CK Nagara (Towards Hosa Road),12.87076,77.65408,,nan
Ambedkar Institute of Technology,nan,AIT,21454,Ambedkar Institute of Technology (Towards Kottigepalya),12.96319,77.50502,,nan
Ambedkar Institute of Technology,nan,AIT,21643,Ambedkar Institute of Technology (Towards Kengeri),12.96338,77.50515,,nan
Ambedkar Medical College Shampura,nan,AMCS1,35503,Ambedkar Medical College Shampura (Towards Ambedkar Medical College Shampura),13.02327,77.6126,,nan
Ambedkar Nagara,nan,AMDKR,23058,Ambedkar Nagara (Towards Carmalaram),12.89914,77.71286,,nan
Ambedkar Nagara,nan,AMDKR,23901,Ambedkar Nagara (Towards Dommasandra),12.89929,77.71273,,nan
Ambika School,nan,AMBS1,29494,Ambika School (Towards Thyamagondlu),13.15775,77.33712,,nan
Ambika School,nan,AMBS1,35502,Ambika School (Towards T Begur),13.15775,77.33719,,nan
Amma Ashrama Cross,nan,AAC,20601,Amma Ashrama Cross (Towards Vidyaniketan Public School),12.94936,77.48882,,nan
Amma Ashrama Cross,nan,AAC,20602,Amma Ashrama Cross (Towards Bengaluru University Quarters),12.94958,77.48867,,nan
Amogha Layout,nan,AMGLT,29497,Amogha Layout (Towards Marasandra),13.07508,77.71811,,nan
Amogha Layout,nan,AMGLT,35499,Amogha Layout (Towards Avalahalli),13.0751,77.71814,,nan
Amphenol,nan,AMNL,40474,Amphenol (Towards Jigani Apc Circle),12.80265,77.66226,,nan
Amphenol,nan,AMNL,40475,Amphenol (Towards Bommasandra),12.80266,77.66213,,nan
Amritha Ayurvedic Hospital,nan,AAH1,29498,Amritha Ayurvedic Hospital (Towards CRPF),13.12479,77.54721,,nan
Amritha Ayurvedic Hospital,nan,AAH1,35498,Amritha Ayurvedic Hospital (Towards Shivakote),13.12476,77.54722,,nan
Amruth Sweets,nan,AMTSTS,38136,Amruth Sweets (Towards Mangammanapalya),12.90921,77.64153,,nan
Amruth Sweets,nan,AMTSTS,38137,Amruth Sweets (Towards Parangipalya),12.90926,77.64147,,nan
Amrutha Engineering College,nan,MAMC,35368,Amrutha Engineering College (Towards Kasavanahalli),12.89689,77.67517,,nan
Amrutha Engineering College,nan,MAMC5,35101,Amrutha Engineering College (Towards Central Jail),12.8968,77.6752,,nan
Amruthahalli,nan,AMRH1,23067,Amruthahalli (Towards Byatarayanapura),13.06576,77.60081,,nan
Amruthahalli,nan,AMRH1,35173,Amruthahalli (Towards Jakkur Layout),13.06574,77.60076,,nan
Amruthahalli Bank,nan,AMRH1,29711,Amruthahalli Bank (Towards Byatarayanapura),13.066,77.59824,,nan
Amruthahalli Bank,nan,AMRH1,31884,Amruthahalli Bank (Towards Amruthahalli),13.06604,77.59824,,nan
Amruthanagara,nan,AMN,31850,Amruthanagara (Towards Anjanapura),12.8394,77.54987,,nan
Amruthanagara,nan,AMN,35497,Amruthanagara (Towards Kulumepalya),12.83949,77.54993,,nan
Amruthanagara Canara Bank,nan,AMRNC1,29502,Amruthanagara Canara Bank (Towards Dasarahalli Hebbal),13.05518,77.59969,,nan
Amruthanagara Canara Bank,nan,AMRNC1,35496,Amruthanagara Canara Bank (Towards Military Dairy Farm),13.05506,77.59974,,nan
Amruthaya central school,nan,AMTCS,39318,Amruthaya central school (Towards Kattigenahalli Cross),13.11346,77.62438,,nan
Anagalipura,nan,ANGLP,29503,Anagalipura (Towards Dodda Gubbi),13.06842,77.68234,,nan
Anagalipura,nan,ANGLP,35495,Anagalipura (Towards Anagalipura Cross ),13.06838,77.68241,,nan
Anagalipura Gate,nan,ANR2,29504,Anagalipura Gate (Towards Bande Bommasandra),13.07306,77.67885,,nan
Anagalipura Gate,nan,ANR2,35494,Anagalipura Gate (Towards Dodda Gubbi),13.07303,77.67888,,nan
Ananda Ashrama (BG Rd),nan,ASRM,22744,Ananda Ashrama (BG Rd) (Towards Bannerughatta ),12.9275,77.60062,,nan
Ananda Ashrama (BG Rd),nan,ASRM,22768,Ananda Ashrama (BG Rd) (Towards Bangalore Dairy Circle),12.92644,77.60037,,nan
Ananda Ashrama Bannerughatta,nan,ANDA,39748,Ananda Ashrama Bannerughatta (Towards Gottigere),12.818,77.58395,,nan
Ananda Ashrama Bannerughatta,nan,ANDA,39749,Ananda Ashrama Bannerughatta (Towards Bannerughatta Circle),12.81799,77.58412,,nan
Ananda Rao Circle,nan,A R C,20603,Ananda Rao Circle (Towards Malleshwaram),12.98115,77.57466,,nan
Ananda Rao Circle,nan,A R C,29506,Ananda Rao Circle (Towards Maharani College),12.98074,77.57503,,nan
Ananda Rao Circle,nan,A R C,35375,Ananda Rao Circle (Towards KR Market),12.98117,77.57694,,nan
Anandanagara,nan,ANDN1,29507,Anandanagara (Towards Hospete gate),12.98386,77.24218,,nan
Anandanagara,nan,ANDN1,35492,Anandanagara (Towards Belagumba),12.9838,77.24209,,nan
Anandapura,nan,ANDPR,29511,Anandapura (Towards TC Palya),13.02423,77.69285,,nan
Anandapura,nan,ANDPR,35489,Anandapura (Towards B Channasandra),13.0241,77.6927,,nan
Anandgiri layout,nan,ALGLOT,39923,Anandgiri layout (Towards Shanubhoganahalli ),12.82781,77.56638,,nan
Anandgiri layout,nan,ALGLOT,39924,Anandgiri layout (Towards Bilawaradahalli),12.82803,77.56648,,nan
Ananthapura,nan,ANTP,29512,Ananthapura (Towards Ramagondanahalli),13.11474,77.56709,,nan
Ananthapura,nan,ANTP,35488,Ananthapura (Towards Ananthapura Gate),13.11478,77.56706,,nan
Ananthapura Gate,nan,ANTPRG1,23081,Ananthapura Gate (Towards Doddaballapura),13.1146,77.57901,,nan
Ananthapura Gate,nan,ANTPRG1,23082,Ananthapura Gate (Towards Yalahanka NES Office),13.11478,77.57907,,nan
Anche Muskuru,nan,ANCMKR1,29513,Anche Muskuru (Towards Chikka Thirupathi),12.90473,77.86785,,nan
Anche Muskuru,nan,ANCMKR1,35487,Anche Muskuru (Towards Dunnasandra Cross),12.90471,77.8678,,nan
Anchepalya,nan,ANC,21644,Anchepalya (Towards Jalahalli Cross),13.05529,77.47983,,nan
Anchepalya,nan,ANC,23084,Anchepalya (Towards Nelamangala),13.05497,77.47936,,nan
Anchepalya,nan,ANCPL,20604,Anchepalya (Towards Bidadi),12.89258,77.45798,,nan
Anchepalya,nan,ANCPL1,20605,Anchepalya (Towards Kengeri),12.8926,77.45753,,nan
Anchibare Gandhinagara,nan,GNDNR2,39960,Anchibare Gandhinagara (Towards Harohalli),12.67429,77.491,,nan
Anchibare Gandhinagara,nan,GNDNR2,39961,Anchibare Gandhinagara (Towards Thattekere),12.67434,77.491,,nan
Anchipura,nan,ACPR1,29515,Anchipura (Towards Anchipura Colony),12.77061,77.43203,,nan
Anchipura,nan,ACPR1,35485,Anchipura (Towards Anchipura Cross),12.77008,77.43196,,nan
Anchipura Colony,nan,ANCPC1,29516,Anchipura Colony (Towards Bannigiri),12.76763,77.43855,,nan
Anchipura Colony,nan,ANCPC1,35484,Anchipura Colony (Towards Anchipura),12.76759,77.43854,,nan
Anchipura Cross,nan,ANCHPC,29517,Anchipura Cross (Towards Kodiyala),12.79009,77.44125,,nan
Anchipura Cross,nan,ANCHPC,35483,Anchipura Cross (Towards Shyanumangala),12.79006,77.44125,,nan
Andhrahalli,nan,ADH1,29518,Andhrahalli (Towards Herohalli),13.00805,77.48484,,nan
Andhrahalli,nan,ADH1,35482,Andhrahalli (Towards Thigalarapalya),13.00802,77.48484,,nan
Andhrahalli Gate,nan,ADHG,29519,Andhrahalli Gate (Towards Budigere),13.11545,77.74528,,nan
Andhrahalli Gate,nan,ADHG,35481,Andhrahalli Gate (Towards Budigere Cross),13.11547,77.74531,,nan
Andhrahalli Govt School,nan,ANDHGS,29520,Andhrahalli Govt School (Towards Andrahalli),13.00956,77.48295,,nan
Andhrahalli Govt School,nan,ANDHGS,35480,Andhrahalli Govt School (Towards Thiglarapalya),13.00952,77.48294,,nan
Ane Hosahalli Gate,nan,AHHG1,29521,Ane Hosahalli Gate (Towards Maralawadi),12.62071,77.51387,,nan
Ane Hosahalli Gate,nan,AHHG1,35479,Ane Hosahalli Gate (Towards Harohalli),12.62062,77.51383,,nan
Anehalla,nan,ANHL,29522,Anehalla (Towards Hospete Gate),12.97985,77.2414,,nan
Anehalla,nan,ANHL,35478,Anehalla (Towards Belagumba),12.97983,77.24132,,nan
Anekal,nan,CHODRCR,23094,Anekal (Towards Anekal),12.70939,77.69641,,nan
Anekal Circle,nan,ANKLCL,23095,Anekal Circle (Towards Anekal),12.71677,77.70018,,nan
Anekal Circle,nan,ANKLCL,23974,Anekal Circle (Towards Kaval Hosahalli),12.71674,77.70009,,nan
Anekal Road Junction,nan,JNOFANKR,30365,Anekal Road Junction (Towards Arehalli),12.76835,77.77015,,nan
Anekal Road Junction,nan,JNOFANKR,33142,Anekal Road Junction (Towards Attibele),12.76839,77.77011,,nan
Anepalya,nan,ANPLY,23800,Anepalya (Towards Adugodi),12.95289,77.60532,,nan
Anepalya,nan,ANPLY,23818,Anepalya (Towards Shivaji Nagara),12.95303,77.60518,,nan
Anjan Vidya Kendra School,nan,AVKS,29525,Anjan Vidya Kendra School (Towards Tattanuru),12.92427,77.82438,,nan
Anjan Vidya Kendra School,nan,AVKS,35475,Anjan Vidya Kendra School (Towards Muthkur),12.92411,77.82445,,nan
Anjanadri High School Doddakannahalli,nan,AHDKH,39891,Anjanadri High School Doddakannahalli (Towards AET Circle),12.911,77.69787,,nan
Anjanadri High School Doddakannahalli,nan,AHDKH,39892,Anjanadri High School Doddakannahalli (Towards Doddakannahalli),12.91097,77.69795,,nan
Anjanamurty,nan,AJM,38756,Anjanamurty (Towards Last Stop),13.04511,77.57437,,nan
Anjananagara,nan,AJN7,21455,Anjananagara (Towards Sunkadakatte),12.98617,77.48817,,nan
Anjananagara,nan,AJN7,21456,Anjananagara (Towards Gollarahatti),12.98614,77.48847,,nan
Anjanapura,nan,ANP10B,23101,Anjanapura (Towards Kembathalli),12.86196,77.56393,,nan
Anjanapura,nan,ANP10B,23649,Anjanapura (Towards Amruth Nagara),12.86196,77.56381,,nan
Anjanapura,nan,ANP10B,23651,Anjanapura (Towards Konanakunte),12.862,77.56385,,nan
Anjanapura 10th  Block,nan,ANP10B,38034,Anjanapura 10th  Block (Towards Depot-44 Last Stop),12.8556,77.57056,,nan
Anjanapura 10th Block,nan,AJNPR,38033,Anjanapura 10th Block (Towards Depot-44),12.85601,77.569,,nan
Anjanapura 10th Block,nan,ANP10B,38032,Anjanapura 10th Block (Towards Gottigere),12.85564,77.57054,,nan
Anjanapura 10th Block,nan,ANP3,21294,Anjanapura 10th Block (Towards Anjanapura),12.85593,77.56907,,nan
Anjanapura 11th Block,nan,ANJP11B,29373,Anjanapura 11th Block (Towards Anjanapura 10th block),12.85225,77.57235,,nan
Anjanapura 11th Block,nan,ANJP11B,35416,Anjanapura 11th Block (Towards Last Bus Stop ),12.85224,77.57265,,nan
Anjanapura 1st Block,nan,ANP1B,29526,Anjanapura 1st Block (Towards Anjanapura),12.85995,77.54822,,nan
Anjanapura 1st Block,nan,ANP1B,35474,Anjanapura 1st Block (Towards Aanjanapura 2nd Block),12.8599,77.54814,,nan
Anjanapura 2nd Block,nan,ANP2,29527,Anjanapura 2nd Block (Towards Avalahalli BDA Layout),12.86573,77.55245,,nan
Anjanapura 2nd Block,nan,ANP2,35473,Anjanapura 2nd Block (Towards Last Stop),12.86563,77.55253,,nan
Anjanapura 2nd Block Cross (LBSN),nan,ANP2LBSN,29528,Anjanapura 2nd Block Cross (LBSN) (Towards Anjanapura),12.86054,77.55939,,nan
Anjanapura 2nd Block Cross (LBSN),nan,ANP2LBSN,38778,Anjanapura 2nd Block Cross (LBSN) (Towards Amruthanagara),12.86053,77.55945,,nan
Anjanapura 6th Block (Lakshmivenkateshwara Temple),nan,ANP6B,39977,Anjanapura 6th Block (Lakshmivenkateshwara Temple) (Towards Ontimane),12.85322,77.55352,,nan
Anjanapura 6th Block (Lakshmivenkateshwara Temple),nan,ANP6B,39978,Anjanapura 6th Block (Lakshmivenkateshwara Temple) (Towards Anajanapura),12.85321,77.55342,,nan
Anjanapura Cross,nan,ANPC2,29529,Anjanapura Cross (Towards Amruth Nagara),12.86183,77.56091,,nan
Anjanapura Cross,nan,ANPC2,35471,Anjanapura Cross (Towards Konanakunte Cross),12.86183,77.56083,,nan
Anjanapura RTO Office,nan,ARTO1,39836,Anjanapura RTO Office (Towards RTO Office),12.86477,77.56304,,nan
Anjaneya Temple Anekal,nan,AKLCL,24184,Anjaneya Temple Anekal (Towards Kaval Hosahalli),12.71729,77.70025,,nan
Anjaneya Temple Anekal,nan,ANKLCL,23106,Anjaneya Temple Anekal (Towards Chowdareddy Circle),12.7173,77.70046,,nan
Anjaneya Temple Bidaraguppe,nan,ANJTPBD,21645,Anjaneya Temple Bidaraguppe (Towards Attibele),12.79986,77.78226,,nan
Anjaneya Temple Bidaraguppe,nan,ANJTPBD,21646,Anjaneya Temple Bidaraguppe (Towards Sarjapura),12.79988,77.78219,,nan
Anjaneya Temple Devanahalli,nan,AJNT,29530,Anjaneya Temple Devanahalli (Towards Bychapura),13.2351,77.71302,,nan
Anjaneya Temple Devanahalli,nan,AJNT,35470,Anjaneya Temple Devanahalli (Towards Devanahalli),13.23506,77.713,,nan
Anjaneya Temple Nelamangala,nan,ANT,21647,Anjaneya Temple Nelamangala (Towards Jalahalli Cross),13.09737,77.39777,,nan
Anjaneya Temple Nelamangala,nan,ANT,29533,Anjaneya Temple Nelamangala (Towards Nelamangala),13.09723,77.39774,,nan
Anjaneya Temple Thigalarapalya,nan,ATTGP,29534,Anjaneya Temple Thigalarapalya (Towards Thigalarapalya),13.01371,77.48343,,nan
Anjaneya Temple Thigalarapalya,nan,ATTGP,35468,Anjaneya Temple Thigalarapalya (Towards Andrahalli),13.01372,77.48347,,nan
Ankanahalli,nan,ANKH,29536,Ankanahalli (Towards Sulibele),13.20433,77.79846,,nan
Ankanahalli,nan,ANKH,35466,Ankanahalli (Towards I Basapura),13.20433,77.79838,,nan
Ankegowdana Doddy,nan,ANKDI,29537,Ankegowdana Doddy (Towards Sonare Doddy),12.70677,77.51728,,nan
Ankegowdana Doddy,nan,ANKDI,35465,Ankegowdana Doddy (Towards Kadujakkasandra),12.70677,77.51733,,nan
Anna Kuteera Kathriguppe,nan,ANKT,39526,Anna Kuteera Kathriguppe (Towards Last Stop),12.92613,77.55016,,nan
Annahalli,nan,ANH,35464,Annahalli (Towards Annahalli),12.69958,77.38452,,nan
Annapoorneshwari nagara Cross,nan,ANPNC,35463,Annapoorneshwari nagara Cross (Towards Byadarahalli),12.96998,77.49655,,nan
Annapoorneshwarinagara,nan,ANPNC1,22686,Annapoorneshwarinagara (Towards Papareddypalya),12.98077,77.50687,,nan
Annapoorneshwarinagara,nan,ANPNC1,22687,Annapoorneshwarinagara (Towards Sunkadakatte),12.98002,77.50667,,nan
Annapoorneshwarinagara (HGH),nan,APNARHGN,39966,Annapoorneshwarinagara (HGH) (Towards Last Stop),13.0009,77.51745,,nan
Annapoorneshwarinagara 3rd Main Road,nan,ANPNC1,22684,Annapoorneshwarinagara 3rd Main Road (Towards Annapoorneshwari Nagara),12.97816,77.50434,,nan
Annapoorneshwarinagara 3rd Main Road,nan,ANPNC1,22688,Annapoorneshwarinagara 3rd Main Road (Towards Srigandhada Kaval),12.97811,77.50446,,nan
Annapoorneshwarinagara Cross,nan,ANPNC,29540,Annapoorneshwarinagara Cross (Towards A I T College),12.97002,77.49658,,nan
Annapoorneshwarinagara Water Tank,nan,ANPNC1,29541,Annapoorneshwarinagara Water Tank (Towards Srigandhada Kaval D Group Employees Layout),12.97203,77.49697,,nan
Annapoorneshwarinagara Water Tank,nan,ANPNC1,35462,Annapoorneshwarinagara Water Tank (Towards Deepa Complex),12.97196,77.49702,,nan
Annapurneshwari Badavane,nan,ANPWB,39138,Annapurneshwari Badavane (Towards Muthkur Cross),13.13874,77.50802,,nan
Annapurneshwari Badavane,nan,ANPWB,39139,Annapurneshwari Badavane (Towards Shivakote),13.13879,77.50799,,nan
Annasandrapalya,nan,ANSP,21648,Annasandrapalya (Towards Basava Nagara),12.96444,77.67236,,nan
Annasandrapalya,nan,ANSP,21649,Annasandrapalya (Towards H A L Main Gate),12.96444,77.67252,,nan
Annasandrapalya Cross,nan,ANSPC1,23120,Annasandrapalya Cross (Towards H‌ A L),12.96039,77.66622,,nan
Annasandrapalya Cross,nan,ANSPC1,23646,Annasandrapalya Cross (Towards NGEF),12.96044,77.66607,,nan
Anneshwara Circle,nan,ANS,29543,Anneshwara Circle (Towards Bychapura),13.21541,77.71063,,nan
Anneshwara Circle,nan,ANS,35460,Anneshwara Circle (Towards Yarappanahalli),13.21536,77.71062,,nan
Anugondanahalli,nan,AGH,29545,Anugondanahalli (Towards Anugondanahalli Cross),12.95714,77.81518,,nan
Anugondanahalli,nan,AGH,35458,Anugondanahalli (Towards Muthkur),12.9571,77.81524,,nan
Anugondanahalli Cross,nan,AGDH,21650,Anugondanahalli Cross (Towards Chikka Thirupathi),12.95896,77.81597,,nan
Anugondanahalli Cross,nan,AGDH,21651,Anugondanahalli Cross (Towards Hope Farm),12.95892,77.81598,,nan
Anugraha Badavane (Bilekahalli),nan,AGB,38116,Anugraha Badavane (Bilekahalli) (Towards Last Stop),12.90328,77.60895,,nan
Anugraha Green Villa,nan,ANGA,40007,Anugraha Green Villa (Towards Last Stop),12.75619,77.66433,,nan
Anupahalli,nan,ANPH1,24988,nan,13.21543,77.85596,,nan
Anupahalli,nan,ANPH1,32486,Anupahalli (Towards Cheemasandra),13.21548,77.85612,,nan
Anupama Hospital,nan,ANPMH,39921,Anupama Hospital (Towards Gollarahatti),12.9827,77.47874,,nan
Anupama Hospital,nan,ANPMH,39922,Anupama Hospital (Towards Manjunathanagara),12.98269,77.47882,,nan
Aparel Park,nan,APRLP,29548,Aparel Park (Towards Doddaballapura),13.27257,77.55193,,nan
Aparel Park,nan,APRLP,35455,Aparel Park (Towards Rajanukunte),13.27266,77.55205,,nan
Apex Bank,nan,APEXB,20607,Apex Bank (Towards Giri Nagara),12.94177,77.55602,,nan
Apex Bank,nan,APXB,20608,Apex Bank (Towards Maruthi Circle),12.94183,77.55567,,nan
Apollo Hospital,nan,IIBM1,23578,Apollo Hospital (Towards Gottigere),12.89662,77.6,,nan
Apollo Hospital,nan,IIBM1,23870,Apollo Hospital (Towards Bilekahalli),12.89635,77.59972,,nan
Appasandra,nan,APS1,29551,Appasandra (Towards Umalu),13.06315,77.89669,,nan
Appasandra,nan,APS1,35452,Appasandra (Towards Hoskote),13.06317,77.89659,,nan
Aradeshanahalli,nan,ADHG1,29553,Aradeshanahalli (Towards Bettanahalli),13.22247,77.56361,,nan
Aradeshanahalli,nan,ADHG1,35450,Aradeshanahalli (Towards Suradevapura Cross),13.22244,77.56364,,nan
Aradeshanahalli Gate,nan,ADHG1,23137,Aradeshanahalli Gate (Towards Doddaballapura),13.21637,77.55258,,nan
Aradeshanahalli Gate,nan,ADHG1,23140,Aradeshanahalli Gate (Towards Rajanukunte),13.21648,77.55266,,nan
Arakere,nan,ARKR2,23142,Arakere (Towards Budamanahalli Cross),13.18477,77.5442,,nan
Arakere,nan,ARKR2,23144,Arakere (Towards Arakere Byrapura),13.18474,77.54418,,nan
Arakere Byrapura,nan,ABRPR,29555,Arakere Byrapura (Towards Kadatanamale),13.20062,77.5393,,nan
Arakere Byrapura,nan,ABRPR,35448,Arakere Byrapura (Towards Byrapura /Adde vishwanathpura),13.20064,77.53932,,nan
Arakere Gate,nan,ARKR,39361,Arakere Gate (Towards Arakere gate/Arakere Mico Layout),12.89059,77.5978,,nan
Arakere Gate,nan,ARKRG,23145,Arakere Gate (Towards BPL),12.89024,77.59811,,nan
Arakere Gate,nan,ARKRG,23147,Arakere Gate (Towards I I M),12.89042,77.59793,,nan
Aralalusandra,nan,ALS2,29557,Aralalusandra (Towards Hugarapalya),12.73314,77.45381,,nan
Aralalusandra,nan,ALS2,35446,Aralalusandra (Towards Byramangala),12.73311,77.45385,,nan
Aralalusandra Cross,nan,ALSNDR,29558,Aralalusandra Cross (Towards Gantakana Doddy Cross),12.74337,77.46289,,nan
Aralalusandra Cross,nan,ALSNDR,35445,Aralalusandra Cross (Towards Hugarapalya),12.74341,77.46301,,nan
Aralimara (PK Kalyana Mantapa ),nan,PKK1,23810,Aralimara (PK Kalyana Mantapa ) (Towards Beguru),12.88003,77.62459,,nan
Aralimara (PK Kalyana Mantapa ),nan,PKK1,23814,Aralimara (PK Kalyana Mantapa ) (Towards Bommanahalli),12.87985,77.62456,,nan
Aralimara Industrial Area Rajajinagara,nan,RJJNGR,21654,Aralimara Industrial Area Rajajinagara (Towards Vijayanagara),12.97858,77.54902,,nan
Aralimara Industrial Area Rajajinagara,nan,RJJNGR,21655,Aralimara Industrial Area Rajajinagara (Towards E S I Hospital),12.97857,77.54871,,nan
Aralimara Sunkadakatte,nan,SNKDKA,20609,Aralimara Sunkadakatte (Towards Sunkadakatte),12.99209,77.50467,,nan
Aralimara Ullalu,nan,ARLM,29560,Aralimara Ullalu (Towards Muddaiahnapalya),12.95769,77.48728,,nan
Aralimara Ullalu,nan,ARLM,35443,Aralimara Ullalu (Towards ullalu),12.95768,77.48731,,nan
Aralimarada Doddy,nan,AMD5,23154,Aralimarada Doddy (Towards Mellohalli),12.8066,77.27057,,nan
Aralimaradapalya,nan,AMPC3,23155,Aralimaradapalya (Towards Aralimaradapalya),12.9297,77.36468,,nan
Aralimaradapalya Cross,nan,AMPC3,29561,Aralimaradapalya Cross (Towards Huluvenahalli),12.92666,77.36,,nan
Aralimaradapalya Cross,nan,AMPC3,35442,Aralimaradapalya Cross (Towards Madapatna),12.92659,77.35999,,nan
Aralumallige,nan,ARLMLG1,29562,Aralumallige (Towards Doddaballapura),13.2737,77.50925,,nan
Aralumallige,nan,ARLMLG1,35441,Aralumallige (Towards Madhure),13.27365,77.50931,,nan
Aralumallige Cross,nan,ARLC,29563,Aralumallige Cross (Towards Aralumallige),13.26702,77.51161,,nan
Arasanahalli,nan,ASH,23160,Arasanahalli (Towards I Basapura),13.20152,77.79732,,nan
Arasanahalli,nan,ASH,23161,Arasanahalli (Towards Sulibele),13.20148,77.79737,,nan
Arasanahalli,nan,HSH,23159,Arasanahalli (Towards Pura),12.96478,77.88863,,nan
Arathipalya,nan,ARTPL1,29565,Arathipalya (Towards Ravuttanahalli),13.03724,77.42604,,nan
Arathipalya,nan,ARTPL1,35438,Arathipalya (Towards Tumkur Road),13.03724,77.42597,,nan
Aravinda Limited,nan,ARVDLMT,23166,Aravinda Limited (Towards Jigani),12.81475,77.67016,,nan
Aravinda Limited,nan,ARVDLMT,23889,Aravinda Limited (Towards Bommanahalli),12.81485,77.67002,,nan
Arch Railway Gollahalli,nan,RGHA,29567,Arch Railway Gollahalli (Towards Nelamangala),13.1482,77.41192,,nan
Arch Railway Gollahalli,nan,RGHA,35436,Arch Railway Gollahalli (Towards Byranayakanahalli),13.14818,77.41187,,nan
Archakara Badavane,nan,ARKB,29568,Archakara Badavane (Towards Sri Shiradi Sai Temple),12.91878,77.45255,,nan
Archakara Badavane,nan,ARKB,35435,Archakara Badavane (Towards New Byrohalli),12.91876,77.45237,,nan
Are Bannimangala,nan,ARBG,29569,Are Bannimangala (Towards Hunasuru),13.15396,77.71761,,nan
Are Bannimangala,nan,ARBG,35434,Are Bannimangala (Towards Bagaluru),13.154,77.71759,,nan
Are bannimangala Cross,nan,ARBC,39099,Are bannimangala Cross (Towards Bettakote),13.15681,77.71965,,nan
Arebic College,nan,ABCLLG,21656,Arebic College (Towards Govindapura Cross),13.03021,77.62093,,nan
Arebic College,nan,ABCLLG,21657,Arebic College (Towards Kadugondanahalli Railway Gate),13.03049,77.62121,,nan
Arebommanahalli T Begur,nan,ABMHL,23171,Arebommanahalli T Begur (Towards Kuluvanahalli),13.14258,77.28487,,nan
Arehalli,nan,AREHL,23173,Arehalli (Towards Attibele),12.76319,77.7669,,nan
Arehalli,nan,AREHL,23175,Arehalli (Towards Bhakthipura Cross),12.76317,77.76695,,nan
Arehalli,nan,ARHL,23176,Arehalli (Towards Marasandra Circle),13.26528,77.56541,,nan
Arehalli,nan,ARHL4,21659,Arehalli (Towards Kengeri),12.90834,77.53797,,nan
Arehalli,nan,ARHL4,21661,Arehalli (Towards Uttarahalli),12.90865,77.53885,,nan
Arehalli,nan,ARIHL5,21658,Arehalli (Towards Arehalli Cross),12.93717,77.8298,,nan
Arehalli,nan,ARIHL5,21660,Arehalli (Towards Tattanuru),12.93715,77.82987,,nan
Arehalli Cross,nan,ARH CRSS,21662,Arehalli Cross (Towards Chikka Thirupathi),12.94227,77.83669,,nan
Arehalli Cross,nan,ARH CRSS,21663,Arehalli Cross (Towards Dunnasandra Cross),12.94222,77.83665,,nan
Arenur,nan,ARER,29570,Arenur (Towards Bidaraguppe),12.80984,77.77503,,nan
Arenur,nan,ARER,35433,Arenur (Towards Handenahalli),12.80975,77.7749,,nan
Arishinakunte,nan,ARSK1,29571,Arishinakunte (Towards Nelamangala),13.07971,77.42421,,nan
Arishinakunte,nan,ARSKT,21664,Arishinakunte (Towards Jalahalli Cross),13.08026,77.42417,,nan
Arishinakunte,nan,HRNK,35680,Arishinakunte (Towards Balepura),13.2008,77.77368,,nan
Arishinakunte,nan,HSKT-1,35679,Arishinakunte (Towards Devanahalli),13.20051,77.77355,,nan
Arishinakunte  Toll,nan,ARSK1,38573,Arishinakunte  Toll (Towards Jalahalli Cross),13.0799,77.42487,,nan
Arivesandra,nan,ARVS1,29572,Arivesandra (Towards T Begur),13.18506,77.32518,,nan
Arivesandra,nan,ARVS1,35677,Arivesandra (Towards Thyamagondlu),13.18504,77.32512,,nan
Arjun bettahalli,nan,ABTH,39661,Arjun bettahalli (Towards Last Stop),13.15969,77.41892,,nan
Army Public School Kamaraja Road,nan,APSK,36501,Army Public School Kamaraja Road (Towards Last stop),12.97871,77.60941,,nan
Arogya Dhama,nan,ARGD,35675,Arogya Dhama (Towards Kunigal Main Road),13.07838,77.35297,,nan
Art Of Living Ravishankar Ashram,nan,ARTOL,29576,Art Of Living Ravishankar Ashram (Towards saludoddi),12.8286,77.51257,,nan
Art Of Living Ravishankar Ashram,nan,ARTOL,35673,Art Of Living Ravishankar Ashram (Towards Kaggalipura),12.82858,77.51277,,nan
Art of Living (Kanakapura Road),nan,ARTOL,29575,Art of Living (Kanakapura Road) (Towards Udipalya),12.82279,77.51417,,nan
Art of Living (Kanakapura Road),nan,ARTOL,35674,Art of Living (Kanakapura Road) (Towards Shanimahathma Temple ),12.82267,77.51403,,nan
Art of Living Sri Ravishankar Ashram,nan,ALRSA,39585,Art of Living Sri Ravishankar Ashram (Towards Last Stop),12.82857,77.51236,,nan
Asha Nandagokula Badavane,nan,NGKLB,39626,Asha Nandagokula Badavane (Towards Yediyuru),13.13139,77.70151,,nan
Asha Nandagokula Badavane,nan,NGKLB,39627,Asha Nandagokula Badavane (Towards Maralakunte),13.13145,77.70147,,nan
Ashoka Pillar,nan,ASPLR,21457,Ashoka Pillar (Towards Wilson Garden),12.9426,77.58508,,nan
Ashoka Pillar,nan,ASPLR,21458,Ashoka Pillar (Towards Jayanagara TTMC),12.94322,77.58529,,nan
Ashoka Pillar,nan,ASPLR,23759,Ashoka Pillar (Towards Kempegowda Bus Station),12.94367,77.58496,,nan
Ashoka Polytechnic,nan,ASKPLT,38758,Ashoka Polytechnic (Towards Abbigere),13.06547,77.53305,,nan
Ashoka Polytechnic,nan,ASKPLT,38759,Ashoka Polytechnic (Towards Gangamma Circle),13.06554,77.53305,,nan
Ashokanagara,nan,ASHKNGR,29578,Ashokanagara (Towards Vidyapeeta Circle),12.93703,77.5625,,nan
Ashraya Badavane,nan,ASB,23193,Ashraya Badavane (Towards Gollarahatti),12.97871,77.47403,,nan
Ashwath Nagara,nan,ASWNGR,21666,Ashwath Nagara (Towards Saraipalya),13.05289,77.63144,,nan
Ashwath Nagara,nan,ASWNGR,21667,Ashwath Nagara (Towards Thanisandra),13.05274,77.63125,,nan
Ashwath Nagara Cross,nan,ASWTH,21668,Ashwath Nagara Cross (Towards Thanisandra),13.05078,77.63054,,nan
Ashwath Nagara Cross,nan,ASWTH,21669,Ashwath Nagara Cross (Towards Nagavara),13.05075,77.63067,,nan
Ashwathkatte Kodihalli,nan,KAKT,29580,Ashwathkatte Kodihalli (Towards Hoskote),13.0186,77.81054,,nan
Ashwathkatte Kodihalli,nan,KAKT,35670,Ashwathkatte Kodihalli (Towards Bisanahalli),13.01858,77.81063,,nan
Ashwathkatte Manorayanapalya,nan,AKMRP,23196,Ashwathkatte Manorayanapalya (Towards Sultanpalya),13.02801,77.60443,,nan
Ashwathkatte Manorayanapalya,nan,AKMRP,23347,Ashwathkatte Manorayanapalya (Towards Manorayanapalya),13.028,77.60436,,nan
Ashwathnagara,nan,AWTNR,20610,Ashwathnagara (Towards Gangenahalli),13.02679,77.57984,,nan
Ashwathnagara,nan,AWTNR,23198,Ashwathnagara (Towards Ramaiah Hospital),13.02691,77.57973,,nan
Asian Paints Dabaspet,nan,ASP,36066,Asian Paints Dabaspet (Towards Dabaspet),13.23008,77.27239,,nan
Aspire bee School,nan,nan,36556,Aspire bee School (Towards Last Stop),12.87915,77.72373,,nan
Athimagere Gate,nan,ATMG1,23201,Athimagere Gate (Towards Annekarahalli),12.87458,77.28357,,nan
Attibele,nan,ATBS,29585,Attibele (Towards Guddatti Gate),12.77799,77.76976,,nan
Attibele Bus Stand,nan,ATB0,21670,Attibele Bus Stand (Towards Arrival),12.77805,77.77034,,nan
Attibele Bus Stand,nan,ATBCR1,21672,Attibele Bus Stand (Towards Sarjapura),12.77954,77.77046,,nan
Attibele Bus Stand,nan,ATBL,21673,Attibele Bus Stand (Towards Departure),12.77844,77.77129,,nan
Attibele Bus Stand,nan,ATBS,21671,Attibele Bus Stand (Towards Hosur Road),12.77958,77.77061,,nan
Attibele Bus Stand,nan,ATBS,31853,Attibele Bus Stand (Towards Anekal),12.77796,77.76989,,nan
Attibele Sulibele,nan,ATBLE,29586,Attibele Sulibele (Towards Hoskote),13.16987,77.79388,,nan
Attibele Sulibele,nan,ATBLE,35665,Attibele Sulibele (Towards Vijayapura),13.1698,77.79387,,nan
Attiguppe,nan,AGP,21674,Attiguppe (Towards R P C Layout),12.95786,77.53431,,nan
Attiguppe,nan,ATGP,20613,Attiguppe (Towards Vijayanagara),12.95789,77.53385,,nan
Attiguppe,nan,ATGP,23208,Attiguppe (Towards West of Chord Road),12.95785,77.53437,,nan
Attiguppe,nan,ATGP,35427,Attiguppe (Towards Deepanjali Nagara),12.95809,77.53395,,nan
Attiguppe Cross,nan,ATGP3,39950,Attiguppe Cross (Towards Harohalli),12.67351,77.52172,,nan
Attiguppe Cross,nan,ATGP3,39951,Attiguppe Cross (Towards Thattekere),12.67355,77.52177,,nan
Attiguppe Metro Station,nan,AGPMS,39679,Attiguppe Metro Station (Towards Vijayanagara),12.96245,77.53377,,nan
Attivatta,nan,ATVT1,29587,Attivatta (Towards Kolara Road),13.08812,77.85348,,nan
Attivatta Gate,nan,ATHG-1,31854,Attivatta Gate (Towards Kolara),13.09743,77.85521,,nan
Attivatta Gate,nan,ATHG-1,35663,Attivatta Gate (Towards Hoskote),13.09724,77.85527,,nan
Atturu,nan,ATR,23211,Atturu (Towards Attur Layout),13.10653,77.56578,,nan
Atturu,nan,ATR,23214,Atturu (Towards Last Stop),13.10649,77.56577,,nan
Atturu,nan,ATR3,23212,Atturu (Towards Hoskote),13.09855,77.85864,,nan
Atturu,nan,ATR3,23213,Atturu (Towards Kolara),13.09877,77.85841,,nan
Atturu Layout,nan,ATL1,21675,Atturu Layout (Towards MS Palya),13.09774,77.56766,,nan
Atturu Layout,nan,ATL1,21676,Atturu Layout (Towards Yalahanka),13.09792,77.56753,,nan
Atturu Layout,nan,ATL1,38903,Atturu Layout (Towards Atturu),13.09789,77.56703,,nan
Atturu Layout,nan,ATL1,38904,Atturu Layout (Towards Jally Machine),13.09791,77.56706,,nan
Atturu Layout Vegetable Market,nan,Atur,29590,Atturu Layout Vegetable Market (Towards Atturu),13.10078,77.56685,,nan
Atturu Layout Vegetable Market,nan,Atur,35662,Atturu Layout Vegetable Market (Towards Attur Layout),13.10081,77.56689,,nan
Austin Town,nan,ASTWN,21677,Austin Town (Towards Vivekanagara),12.96157,77.61345,,nan
Austin Town,nan,ASTWN,23672,Austin Town (Towards Mayohall ),12.96152,77.61459,,nan
Austin Town,nan,ASTWN2,29591,Austin Town (Towards Neelasandra Rose Garden),12.9616,77.61254,,nan
Auto Gas/Royal School,nan,RYLSC,28061,Auto Gas/Royal School (Towards JPN 15th Cross),12.90133,77.58585,,nan
Avadadenahalli Gate,nan,AVDNLIG,23216,Avadadenahalli Gate (Towards Byagadadenahalli),12.74649,77.7078,,nan
Avadadenahalli Gate,nan,AVDNLIG,23840,Avadadenahalli Gate (Towards Karpura Gate),12.74668,77.70779,,nan
Avalahalli,nan,AVB1,21679,Avalahalli (Towards Anjanapura),12.87283,77.56661,,nan
Avalahalli,nan,AVB1,21682,Avalahalli (Towards Konanakunte),12.8728,77.56655,,nan
Avalahalli,nan,AVLHL,23217,Avalahalli (Towards Doddaballapura),13.1353,77.5691,,nan
Avalahalli,nan,AVLHL,23220,Avalahalli (Towards Yalahanka NES Office),13.1352,77.56928,,nan
Avalahalli BDA Layout,nan,AVLBDA,21684,Avalahalli BDA Layout (Towards Konanakunte),12.87222,77.56118,,nan
Avalahalli BDA Layout,nan,AVLBDAl,29592,Avalahalli BDA Layout (Towards Avalahalli),12.87386,77.56153,,nan
Avalahalli BDA Layout,nan,AVLBDAl,35661,Avalahalli BDA Layout (Towards Raghunahalli),12.87383,77.56154,,nan
Avalahalli BDA Park Girinagara,nan,AVLH-2,21685,Avalahalli BDA Park Girinagara (Towards Avalahalli BDA Layout),12.94328,77.54311,,nan
Avalahalli BDA Park Girinagara,nan,AVLH-2,21686,Avalahalli BDA Park Girinagara (Towards Giri Nagara),12.94332,77.54271,,nan
Avalahalli Electronic City,nan,AVLHIHSK,35660,Avalahalli Electronic City (Towards Dommasandra),12.86957,77.71163,,nan
Avalahalli Hosakote,nan,AVHLY,21680,Avalahalli Hosakote (Towards Bhattarahalli),13.0355,77.73575,,nan
Avalahalli Hosakote,nan,AVHLY,23219,Avalahalli Hosakote (Towards Hosakote),13.03605,77.7358,,nan
Avalahalli Hosakote,nan,AVLHOKOT,23221,Avalahalli Hosakote (Towards Ramapur),13.03591,77.73531,,nan
Avalahalli New BDA Layout,nan,ANBL,29594,Avalahalli New BDA Layout (Towards Giri Nagara),12.9434,77.53675,,nan
Avalahalli New BDA Layout,nan,ANBL,35659,Avalahalli New BDA Layout (Towards Veerabhadra Nagara),12.94341,77.53685,,nan
Avalakuppe,nan,AVLKP1,39401,Avalakuppe (Towards Mummenahalli),13.00108,77.33102,,nan
Avalakuppe,nan,AVLKP1,39402,Avalakuppe (Towards Chowdasandra),13.00115,77.33101,,nan
Avalakuppe Cross,nan,avlkup,29596,Avalakuppe Cross (Towards Dharma Nayakana Tandya),13.02376,77.34841,,nan
Avalakuppe Cross,nan,avlkup,35657,Avalakuppe Cross (Towards Leelavathi Estate),13.02384,77.34843,,nan
Avaragere,nan,AVRGRC,29598,Avaragere (Towards Bidadi),12.81999,77.38085,,nan
Avaragere,nan,AVRGRC,35655,Avaragere (Towards Jn of Vajarahalli),12.82,77.3808,,nan
Avaragere Cross,nan,AVRGRC,29599,Avaragere Cross (Towards Avaregere),12.80957,77.37782,,nan
Avaragere Cross,nan,AVRGRC,35654,Avaragere Cross (Towards Bidadi),12.80962,77.37784,,nan
Avarehalli,nan,AVRH1,35653,Avarehalli (Towards Avarehalli),12.89926,77.33696,,nan
Avasarala Factory Kanakapura Road,nan,AVSFY2,29601,Avasarala Factory Kanakapura Road (Towards Somanahalli Gate),12.78211,77.49263,,nan
Avasarala Factory Kanakapura Road,nan,AVSFY2,35652,Avasarala Factory Kanakapura Road (Towards K Chudahalli),12.78204,77.49265,,nan
Avathi,nan,AVT,29602,Avathi (Towards Chikkaballapura),13.29633,77.72548,,nan
Avathi,nan,AVT,35651,Avathi (Towards Devanahalli),13.29627,77.7256,,nan
Avathi,nan,AVT,37671,Avathi (Towards Rani Circle),13.29642,77.72582,,nan
Avathi,nan,AVT,37672,Avathi (Towards Bullahalli),13.29638,77.72579,,nan
Averahalli,nan,AVRHL1,29603,Averahalli (Towards Ravuttanahalli),13.03508,77.41617,,nan
Averahalli,nan,AVRHL1,35650,Averahalli (Towards Averahalli),13.03503,77.41612,,nan
Averahalli Cross,nan,AVC1,29606,Averahalli Cross (Towards Shivanapura Cross),13.04392,77.41493,,nan
Averahalli Cross,nan,AVRHLC,31856,Averahalli Cross (Towards Mallapura),13.04391,77.4149,,nan
Averahalli Cross,nan,AVRHLC1,31855,Averahalli Cross (Towards Averahalli),13.03343,77.42184,,nan
Averahalli Cross,nan,AVRHLC1,35649,Averahalli Cross (Towards Ravuttanahalli),13.03337,77.42186,,nan
Avinash Petrol Bunk,nan,HGRPS,23235,Avinash Petrol Bunk (Towards Vasantha Nagara),12.99045,77.58862,,nan
Ayyappa Nagara  Sadaramangala,nan,AYPNGS,23238,Ayyappa Nagara  Sadaramangala (Towards Kempegowda Bus Station),13.00426,77.70997,,nan
Ayyappa Nagara Muneshwara Temple Sadaramangala,nan,AYMTL,35070,Ayyappa Nagara Muneshwara Temple Sadaramangala (Towards KR Puram),13.00441,77.71254,,nan
Ayyappa Nagara Muneshwara Temple Sadaramangala,nan,AYMTL,35307,Ayyappa Nagara Muneshwara Temple Sadaramangala (Towards Sadaramangala),13.0045,77.71251,,nan
Ayyappa Nagara Sadaramangala,nan,AYPNGS,24258,Ayyappa Nagara Sadaramangala (Towards Sadaramangala),13.00431,77.71002,,nan
Ayyappa School Kereguddadahalli,nan,RMGFY,23240,Ayyappa School Kereguddadahalli (Towards Ayyappa School Keregudadahalli),13.07468,77.517,,nan
Ayyappa Temple (Subbayyanapalya),nan,BSWF1,29659,Ayyappa Temple (Subbayyanapalya) (Towards Banasawadi),13.00747,77.64063,,nan
Ayyappa Temple (Subbayyanapalya),nan,BSWF1,36254,Ayyappa Temple (Subbayyanapalya) (Towards Shivajinagara),13.00755,77.64093,,nan
Ayyappa Temple Jalahalli Cross,nan,AYPT,21688,Ayyappa Temple Jalahalli Cross (Towards Jalahalli Cross),13.04623,77.52243,,nan
Ayyappa Temple Jalahalli Cross,nan,AYPT,21689,Ayyappa Temple Jalahalli Cross (Towards Kammagondanahalli),13.0461,77.52231,,nan
Ayyappaswamy Temple Madivala,nan,MDWS,35646,Ayyappaswamy Temple Madivala (Towards Dairy Circle),12.92478,77.61791,,nan
Aziz Palya,nan,AZZPL,29612,Aziz Palya (Towards Sondekoppa),13.02711,77.36691,,nan
Aziz Palya,nan,AZZPL,35645,Aziz Palya (Towards Manchenahalli),13.02706,77.36695,,nan
B Channasandra,nan,BCS,23246,B Channasandra (Towards Kasturi Nagara),13.01,77.6576,,nan
B Channasandra,nan,BCS,23248,B Channasandra (Towards Ramamurthy Nagara),13.0102,77.6576,,nan
B Channasandra,nan,BCSD,23247,B Channasandra (Towards OMBR Layout),13.01006,77.6575,,nan
B Channasandra Bridge(Ramamurthy Nagara Ring Road),nan,B CSD,21459,B Channasandra Bridge(Ramamurthy Nagara Ring Road) (Towards Babusabpalya),13.01354,77.66209,,nan
B Channasandra Bridge(Ramamurthy Nagara Ring Road),nan,RMNB,20614,B Channasandra Bridge(Ramamurthy Nagara Ring Road) (Towards Tin Factory),13.01128,77.66242,,nan
B Channasandra Bridge(Ramamurthy Nagara Ring Road),nan,RMNB,21692,B Channasandra Bridge(Ramamurthy Nagara Ring Road) (Towards Banasawadi),13.01329,77.66193,,nan
B Channasandra Bridge(Ramamurthy Nagara Ring Road),nan,RMNB,21694,B Channasandra Bridge(Ramamurthy Nagara Ring Road) (Towards NGEF),13.01311,77.66257,,nan
B Channasandra Bridge(Ramamurthy Nagara Ring Road),nan,RMNB,21695,B Channasandra Bridge(Ramamurthy Nagara Ring Road) (Towards Ramamurthy Nagara Police Station),13.01318,77.66272,,nan
B Channasandra Bridge(Ramamurthy Nagara Ring Road),nan,RMNB,22651,B Channasandra Bridge(Ramamurthy Nagara Ring Road) (Towards Hebbala),13.01124,77.66226,,nan
B Channasandra Bridge(Ramamurthy Nagara Ring Road),nan,RMNB,37623,B Channasandra Bridge(Ramamurthy Nagara Ring Road) (Towards OMBR Layout),13.01229,77.66199,,nan
B Hosur Circle,nan,BHRCR2,29613,B Hosur Circle (Towards Allalasandra),12.7425,77.44816,,nan
B Hosur Circle,nan,BHRCR2,35644,B Hosur Circle (Towards Byramangala),12.74247,77.4482,,nan
B Hosur Water Tank,nan,BHWTK,29614,B Hosur Water Tank (Towards Allalasandra),12.74258,77.45109,,nan
B K Nagara Cross,nan,BKNC,39628,B K Nagara Cross (Towards Sondekoppa),12.99063,77.40285,,nan
B K Nagara Cross,nan,BKNC,39629,B K Nagara Cross (Towards Tavarekere),12.99067,77.4029,,nan
B Marenahalli,nan,BMH,29615,B Marenahalli (Towards Budigere),13.16635,77.73759,,nan
B Marenahalli,nan,BMH,35642,B Marenahalli (Towards Devanahalli),13.16626,77.73752,,nan
B Marenahalli,nan,BMRH1,37948,B Marenahalli (Towards Devanahalli 1),13.17023,77.73952,,nan
B Marenahalli,nan,BMRH1,39206,B Marenahalli (Towards Bagaluru),13.17016,77.73924,,nan
B Nagasandra,nan,BNGSD,29616,B Nagasandra (Towards Bellanduru),12.94436,77.65279,,nan
B Nagasandra,nan,BNGSD,35641,B Nagasandra (Towards H A L),12.94429,77.65284,,nan
B Narayanapura,nan,BNYP,21696,B Narayanapura (Towards Hope Farm),13.00042,77.68444,,nan
B Narayanapura,nan,BNYP,21697,B Narayanapura (Towards Kempegowda Bus Station),13.0002,77.68443,,nan
B Narayanapura Ring Road,nan,BNPRD,20615,B Narayanapura Ring Road (Towards Marathihalli Bridge),12.99583,77.68417,,nan
B Narayanapura Ring Road,nan,BNPRD,20616,B Narayanapura Ring Road (Towards Hebbala),12.99589,77.68387,,nan
B Palya Razakapalya,nan,BPLY,29617,B Palya Razakapalya (Towards Bagaluru),13.1444,77.65941,,nan
B Palya Razakapalya,nan,BPLY,35640,B Palya Razakapalya (Towards Razakpalya),13.14436,77.6594,,nan
BCC Layout,nan,BCCL,31927,BCC Layout (Towards BCC Layout),12.95128,77.52978,,nan
BCC Layout Cross,nan,BCCLC,29805,BCC Layout Cross (Towards BCC Layout),12.95473,77.53486,,nan
BCC Layout Cross,nan,DPJN1,40440,BCC Layout Cross (Towards Attiguppe),12.95425,77.53557,,nan
BCMC Layout Raghuvanahalli,nan,BCMC2,29807,BCMC Layout Raghuvanahalli (Towards Raghuvanahalli),12.87838,77.54934,,nan
BCMC Layout Raghuvanahalli,nan,BCMC2,31928,BCMC Layout Raghuvanahalli (Towards Raghuvanahalli Gate),12.87833,77.54947,,nan
BDA Complex Banashankari 2nd Stage,nan,BBDA,23373,BDA Complex Banashankari 2nd Stage (Towards Monotype Corporation),12.9247,77.56428,,nan
BDA Complex Banashankari 2nd Stage,nan,BBDA,24341,BDA Complex Banashankari 2nd Stage (Towards Devegowda Petrol Bunk),12.92448,77.56464,,nan
BDA Complex Cross Nagarabhavi,nan,NBC1,29809,BDA Complex Cross Nagarabhavi (Towards Nayandahalli Junction),12.97211,77.51293,,nan
BDA Complex Cross Nagarabhavi,nan,NBC1,31929,BDA Complex Cross Nagarabhavi (Towards Summanahalli),12.97199,77.51278,,nan
BDA Complex HBR Layout,nan,HBR4,29811,BDA Complex HBR Layout (Towards Hennur Junction),13.02589,77.62809,,nan
BDA Complex HBR Layout,nan,HBR4,31930,BDA Complex HBR Layout (Towards Kadugondanahalli Railway Gate),13.02577,77.62812,,nan
BDA Complex HSR Layout,nan,HSRBDAC,23716,BDA Complex HSR Layout (Towards HSR Layout 14th Main Ring Road),12.91294,77.63807,,nan
BDA Complex HSR Layout,nan,HSRBDAC,23925,BDA Complex HSR Layout (Towards HSR Layout Club),12.91293,77.63814,,nan
BDA Complex Koramangala,nan,KRMBDAC1,21730,BDA Complex Koramangala (Towards Koramangala Water Tank),12.93074,77.62237,,nan
BDA Complex Koramangala,nan,KRMBDAC1,21731,BDA Complex Koramangala (Towards Canara Bank),12.93076,77.62212,,nan
BDA Complex Nagarabhavi,nan,BDAC,29813,BDA Complex Nagarabhavi (Towards Annapoorneshwarinagara),12.97983,77.51054,,nan
BDA Complex Nagarabhavi,nan,NBVB0,35397,BDA Complex Nagarabhavi (Towards Kottigepalya),12.97958,77.51064,,nan
BDA Complex Nagarabhavi,nan,NBVB0,35404,BDA Complex Nagarabhavi (Towards Kengeri),12.97938,77.51073,,nan
BDA Park Bande Maramma Temple,nan,BMBDAP,31932,BDA Park Bande Maramma Temple (Towards Bande Maramma Bus Station),12.96948,77.5148,,nan
BDS Nagara,nan,BDSN,31934,BDS Nagara (Towards Kothanuru),13.06583,77.64305,,nan
BDS Nagara,nan,BDSNR,29820,BDS Nagara (Towards K Narayanapura),13.0657,77.64308,,nan
BEL Circle,nan,BE LC,29841,BEL Circle (Towards Gokula),13.04339,77.55713,,nan
BEL Circle,nan,BELC,20636,BEL Circle (Towards Gangamma Circle),13.04639,77.55583,,nan
BEL Circle,nan,BELC,21734,BEL Circle (Towards Baliga Circle),13.04588,77.55654,,nan
BEL Circle,nan,BELCR1,21463,BEL Circle (Towards Hebbala),13.04376,77.55806,,nan
BEL Circle,nan,BELCR1,21464,BEL Circle (Towards Goraguntepalya),13.04402,77.55489,,nan
BEL Circle,nan,BELCRL,20637,BEL Circle (Towards Mathikere),13.0452,77.55669,,nan
BEL Factory,nan,mELC21,21735,BEL Factory (Towards BEL Circle),13.04887,77.55861,,nan
BEL Hospital,nan,belc1,21736,BEL Hospital (Towards B E L Circle),13.05016,77.55749,,nan
BEL Hospital,nan,belc1,21737,BEL Hospital (Towards Vidyaranyapura),13.05019,77.55747,,nan
BEL Layout Dasanapura,nan,MKUTJBHNM,29843,BEL Layout Dasanapura (Towards Dasanapura),13.08929,77.42317,,nan
BEL Layout Dasanapura,nan,MKUTJBHNM,31946,BEL Layout Dasanapura (Towards Last Bus Stop),13.08927,77.4232,,nan
BEL Market,nan,BELCOMP,31947,BEL Market (Towards Gangamma Circle),13.0518,77.55189,,nan
BEL Market 1,nan,BELCOMP,35683,BEL Market 1 (Towards BEL Circle),13.05192,77.5519,,nan
BEML Complex,nan,BEMLCX,29870,BEML Complex (Towards BEML Layout 5th Stage),12.91978,77.52033,,nan
BEML Complex,nan,BEMLCX,31960,BEML Complex (Towards RR Gate),12.91969,77.52034,,nan
BEML Factory,nan,BEMLF,36497,BEML Factory (Towards Tippasandra),12.97146,77.65908,,nan
BEML Gate,nan,BEMLF,24153,BEML Gate (Towards HAL Main Gate),12.9713,77.6588,,nan
BEML Gate,nan,BEMLGT,21743,BEML Gate (Towards CV Raman Nagara),12.97146,77.65859,,nan
BEML Layout 5th Stage,nan,BEML 5,35925,BEML Layout 5th Stage (Towards Channasandra),12.90691,77.52111,,nan
BEML Layout 5th Stage,nan,BEML5,39073,BEML Layout 5th Stage (Towards Kuvempu Circle),12.90681,77.52104,,nan
BEML Layout 5th stage,nan,BEML5,29871,BEML Layout 5th stage (Towards BEML Layout 5th Stage Last Stop),12.90685,77.52137,,nan
BEML Layout Gate,nan,BEMLG-1,20640,BEML Layout Gate (Towards ITPL),12.96083,77.71641,,nan
BEML Layout Gate,nan,BEMLG-1,20641,BEML Layout Gate (Towards Kundalahalli Gate),12.96054,77.7165,,nan
BEML Layout Kamalanagara,nan,KLNGRBL,24062,BEML Layout Kamalanagara (Towards BEML Layout Kamalanagara),12.99284,77.52994,,nan
BEML Layout Mylasandra 7th Stage,nan,BEML7,38830,BEML Layout Mylasandra 7th Stage (Towards BGS Hospital),12.91274,77.50063,,nan
BEML Layout Mylasandra 7th Stage,nan,BEML7,38831,BEML Layout Mylasandra 7th Stage (Towards Global Village),12.91265,77.50051,,nan
BGS College Chikkaballapura( SJC Institute),nan,BGSCKB1,38000,BGS College Chikkaballapura( SJC Institute) (Towards Chikkaballapura),13.39551,77.72662,,nan
BGS College Chikkaballapura( SJC Institute),nan,BGSCKB1,38001,BGS College Chikkaballapura( SJC Institute) (Towards Venkatagiri Kote),13.39584,77.72679,,nan
BGS College Gate Devagere,nan,DVCR,32007,BGS College Gate Devagere (Towards Gangasandra),12.84762,77.46871,,nan
BGS College Gate Devagere,nan,DVGRC2,29953,BGS College Gate Devagere (Towards Devagere),12.84759,77.46868,,nan
BGS Health City,nan,BGSM,29956,BGS Health City (Towards BGS Health City),12.90313,77.49819,,nan
BGS Health City Gate Abhiman Studio,nan,BGSHM,21753,BGS Health City Gate Abhiman Studio (Towards Indo Americon Hybrid Farm),12.90719,77.4991,,nan
BGS Health City Gate Abhiman Studio,nan,BGSHM,21754,BGS Health City Gate Abhiman Studio (Towards Kengeri),12.9071,77.49916,,nan
BGS International Residential School,nan,BGSSCHOLL,32009,BGS International Residential School (Towards Gangasandra),12.84672,77.46354,,nan
BGS PU College Thotagere,nan,BGSCLG,29959,BGS PU College Thotagere (Towards Kukkanahalli),13.14425,77.45143,,nan
BGS PU College Thotagere,nan,BGSCLG3,20658,BGS PU College Thotagere (Towards Thotagere Basavanna Devastana),13.14428,77.45146,,nan
BGS School Banandur,nan,BGSSB,29961,BGS School Banandur (Towards Bidadi),12.77941,77.39728,,nan
BGS School Banandur,nan,BGSSB,32010,BGS School Banandur (Towards Bananduru),12.77952,77.39727,,nan
BHEL,nan,BEL3,20662,BHEL (Towards Electronic City Wipro Gate),12.84492,77.66026,,nan
BHEL,nan,BEL3,20663,BHEL (Towards Electronic City),12.8452,77.66026,,nan
BHEL,nan,BHEL1,20661,BHEL (Towards Bapujinagara),12.94874,77.53559,,nan
BHEL,nan,BHEL1,20664,BHEL (Towards Nayandahalli),12.94872,77.53583,,nan
BHEL,nan,BHEL3,23997,BHEL (Towards Velankani),12.84506,77.65993,,nan
BHEL Layout,nan,BHELOUT,32037,BHEL Layout (Towards Krishna Garden BHEL Layout),12.91624,77.50835,,nan
BHEL Layout Cross,nan,DRBEML,30018,BHEL Layout Cross (Towards BHEL Layout),12.91577,77.51103,,nan
BHEL Layout Cross,nan,DRBEML,32038,BHEL Layout Cross (Towards LG Godwon (RR Nagara)),12.91617,77.51305,,nan
BHEL Layout Cross,nan,DRBEML,32039,BHEL Layout Cross (Towards Halage Vaderahalli),12.91583,77.51098,,nan
BHEL Layout Maramma Temple,nan,BEHLMT,32040,BHEL Layout Maramma Temple (Towards BHEL Layout Maramma Temple),12.92192,77.5088,,nan
BHEL Layout Water Tank,nan,BEHLLO1,30022,BHEL Layout Water Tank (Towards BHEL Layout Maramma Temple),12.91895,77.50906,,nan
BHEL Layout Water Tank,nan,BEHLLO1,32041,BHEL Layout Water Tank (Towards Halage Vaderahalli),12.91904,77.50901,,nan
BHOGA NANDISWARA TEMPLE,nan,BNDRT,38881,BHOGA NANDISWARA TEMPLE (Towards KANIVE BASAVANNA TEMPLE),13.38634,77.69787,,nan
BIES Kuduregere,nan,BIES1,32073,BIES Kuduregere (Towards Madanayakanahalli),13.06247,77.46964,,nan
BK Circle,nan,BKCL,30131,BK Circle (Towards Kothanuru Dinne Water Tank),12.87067,77.58316,,nan
BK Circle,nan,BKCL,32100,BK Circle (Towards Depot-34),12.87062,77.58325,,nan
BK Circle,nan,BKCL,35060,BK Circle (Towards Jambu Savari Dinne),12.87056,77.58309,,nan
BME-1 NICE Road,nan,NBME1,30136,BME-1 NICE Road (Towards Veerabhadra Nagara Toll),12.91943,77.53179,,nan
BME-1 NICE Road,nan,NBME1,32101,BME-1 NICE Road (Towards NICE Road BME-2),12.91947,77.53196,,nan
BME-2 NICE Road,nan,NBME-2,30138,BME-2 NICE Road (Towards NICE Road 10th Stone),12.89331,77.51354,,nan
BME-2 NICE Road,nan,NBME-2,32102,BME-2 NICE Road (Towards Veerabhadra Nagara Toll),12.89344,77.51345,,nan
BMTC Training Centre,nan,BMTCTC,30147,BMTC Training Centre (Towards Madanayakanahalli),13.01991,77.44837,,nan
BMTC Training Centre,nan,BMTCTC,32105,BMTC Training Centre (Towards Vaddarahalli Cross),13.01994,77.44841,,nan
BN Bachegowda Badavane,nan,BNB,30148,BN Bachegowda Badavane (Towards BN Bachegowda Badavane),12.9627,77.84542,,nan
BN Bachegowda Badavane Colony,nan,HNDC,30150,BN Bachegowda Badavane Colony (Towards D Hosahalli),12.96279,77.84504,,nan
BN Bachegowda Badavane Colony,nan,HNDC,32106,BN Bachegowda Badavane Colony (Towards Narayanakere),12.96278,77.84512,,nan
BOB Colony,nan,BOBC,38508,BOB Colony (Towards JPN 15th Cross),12.89299,77.5864,,nan
BP Indian School Nelamangala,nan,BPIS,30189,BP Indian School Nelamangala (Towards Jn of Tumkur Road),13.0877,77.37529,,nan
BP Indian School Nelamangala,nan,BPIS,32126,BP Indian School Nelamangala (Towards Mallarabanavadi Cross),13.08764,77.37555,,nan
BPL,nan,BPL-1,20680,BPL (Towards Hope Farm),12.98525,77.74828,,nan
BPL,nan,BPL-1,20681,BPL (Towards ITPL),12.98531,77.74768,,nan
BPL,nan,BPLIT,37197,BPL (Towards Dinnur),12.98545,77.74784,,nan
BPL,nan,BPLS,35109,BPL (Towards Hulimavu),12.88702,77.59697,,nan
BPL,nan,BPLS,35232,BPL (Towards Arakere),12.88691,77.59676,,nan
BRV Talkies Cubbon Road,nan,BRVG,21785,BRV Talkies Cubbon Road (Towards Shivaji Nagara),12.97911,77.60273,,nan
BRV Talkies Cubbon Road,nan,MPG-2,30209,BRV Talkies Cubbon Road (Towards MG Road),12.97941,77.60223,,nan
BSF Yelahanka,nan,BSFYL,30211,BSF Yelahanka (Towards Venkatala),13.12915,77.60494,,nan
BSF Yelahanka,nan,BSFYL,32135,BSF Yelahanka (Towards BSF Yalahanka),13.12912,77.60492,,nan
BTL College,nan,BTLCLG,21786,BTL College (Towards Chandapura),12.81185,77.69485,,nan
BTL College,nan,BTLCLG,21787,BTL College (Towards Bommasandra),12.8117,77.69472,,nan
BTM 4th Stage Circle,nan,BTM4SC,39774,BTM 4th Stage Circle (Towards Devarachikkanahalli),12.8868,77.61507,,nan
BTM 4th Stage Circle,nan,BTM4SC,39775,BTM 4th Stage Circle (Towards BTM Layout 4 Phase (ELC RTO Office)),12.88669,77.61506,,nan
BTM Layout 12th Main 7th Cross,nan,BTM12M,22869,BTM Layout 12th Main 7th Cross (Towards Mahadeshwara Nagara),12.91393,77.61007,,nan
BTM Layout 12th Main 7th Cross,nan,BTM12M,22873,BTM Layout 12th Main 7th Cross (Towards Udupi Garden),12.914,77.61002,,nan
BTM Layout 16th Main,nan,BTM16,20571,BTM Layout 16th Main (Towards Banashankari Bus Station),12.91644,77.60928,,nan
BTM Layout 16th Main,nan,BTM16,20572,BTM Layout 16th Main (Towards  Central Silk Board),12.91669,77.60912,,nan
BTM Layout 16th Main,nan,UPGDRPBK,31345,BTM Layout 16th Main (Towards Mahadeshwaranagara),12.91627,77.61014,,nan
BTM Layout 16th Main Hopcoms,nan,BTM16HNP,22881,BTM Layout 16th Main Hopcoms (Towards BTM Water Tank),12.91971,77.61036,,nan
BTM Layout 16th Main Hopcoms,nan,BTM16HNP,22884,BTM Layout 16th Main Hopcoms (Towards Tavarakere),12.91953,77.61028,,nan
BTM Layout 4th Phase (ELC RTO Office),nan,BTM4 ELCRTO,39479,BTM Layout 4th Phase (ELC RTO Office) (Towards Vijaya Bank Layout),12.88683,77.61115,,nan
BTM Layout 4th Phase (ELC RTO Office),nan,BTM4 ELCRTO,39766,BTM Layout 4th Phase (ELC RTO Office) (Towards Vijayabank Layout),12.88678,77.6104,,nan
BTM Layout 4th Phase (ELC RTO Office),nan,BTM4 ELCRTO,39767,BTM Layout 4th Phase (ELC RTO Office) (Towards Hulimavu Gate),12.88672,77.61055,,nan
BTM Layout 4th Stage Stadium,nan,BTM4STDM,39701,BTM Layout 4th Stage Stadium (Towards Last Stop),12.88337,77.61516,,nan
BTM Layout Water Tank,nan,WATANK,20688,BTM Layout Water Tank (Towards Banashankari Bus Station),12.91654,77.60711,,nan
BTM Layout Water Tank,nan,WATANK,20689,BTM Layout Water Tank (Towards Central Silk Board),12.91673,77.60713,,nan
BTR Garden,nan,BTRGDN,23327,BTR Garden (Towards Kudlu),12.89033,77.64645,,nan
BTR Garden,nan,BTRGDN,23329,BTR Garden (Towards Kudlu Gate),12.89028,77.64662,,nan
BTS Layout Basaveshwaranagara,nan,BTSL,23989,BTS Layout Basaveshwaranagara (Towards HHullalu Satellite Town),12.97707,77.48056,,nan
BTS Layout Basaveshwaranagara,nan,BTSL,24291,BTS Layout Basaveshwaranagara (Towards Magadi Road),12.97704,77.4804,,nan
BUC ADM Block,nan,BUAMB,35428,BUC ADM Block (Towards BUC Quarters),12.95007,77.50069,,nan
BUC ADM Block,nan,BUAMB1,20646,BUC ADM Block (Towards Mysore Road),12.95005,77.50086,,nan
BUC Ladies Hostel,nan,BULH1,20650,BUC Ladies Hostel (Towards BUC ADM Block),12.94184,77.50601,,nan
BUC Ladies Hostel,nan,BULH1,20651,BUC Ladies Hostel (Towards Mysore Road),12.94195,77.50599,,nan
BUC Library,nan,BULBR1,20652,BUC Library (Towards Mysore Road),12.94439,77.50435,,nan
BUC Library,nan,BULBR1,24363,BUC Library (Towards BUC ADM Block),12.9443,77.50421,,nan
BUC Quarters,nan,BUQ5,20655,BUC Quarters (Towards Ullalu),12.95203,77.49917,,nan
BWSSB Quarters Nayandahalli,nan,NBWSSB,20690,BWSSB Quarters Nayandahalli (Towards Kengeri),12.94013,77.52412,,nan
BWSSB Quarters Nayandahalli,nan,NBWSSB,20691,BWSSB Quarters Nayandahalli (Towards Nayandahalli),12.93987,77.5236,,nan
BWSSB Quaters Harohalli,nan,BWSSBQ2,39366,BWSSB Quaters Harohalli (Towards Harohalli),12.66841,77.45685,,nan
BWSSB Quaters Harohalli,nan,BWSSBQ2,39367,BWSSB Quaters Harohalli (Towards Kanakapura),12.66836,77.457,,nan
BWSSB Tavarekere,nan,BWSSBT1,30241,BWSSB Tavarekere (Towards Sondekoppa),12.96999,77.39935,,nan
BWSSB Tavarekere,nan,BWSSBT1,32150,BWSSB Tavarekere (Towards Tavarakere),12.97007,77.39937,,nan
Babasabarapalya Railway Bridge,nan,RBBSP,27826,Babasabarapalya Railway Bridge (Towards Basavanagara Kengeri),12.90277,77.46235,,nan
Babasabarapalya Railway Bridge,nan,RBBSP,31403,Babasabarapalya Railway Bridge (Towards BDA Apartment),12.90275,77.46229,,nan
Babasahebarapalya,nan,BBSP1,29619,Babasahebarapalya (Towards BDA Apartment Kommaghatta),12.90132,77.46264,,nan
Babusabpalya,nan,BBSP2,37934,Babusabpalya (Towards Last Stop),13.02285,77.64747,,nan
Babusabpalya,nan,BSP,20617,Babusabpalya (Towards Hebbala),13.0226,77.64702,,nan
Babusabpalya,nan,BSP,20618,Babusabpalya (Towards Tin Factory),13.02274,77.64721,,nan
Bachahalli Gate,nan,BCHG,29620,Bachahalli Gate (Towards Devanahalli),13.21219,77.6732,,nan
Bachahalli Gate,nan,BCHG,35638,Bachahalli Gate (Towards Venkatala),13.21205,77.67332,,nan
Bachahalli Government School,nan,BCHGS,38757,Bachahalli Government School (Towards Sunnaghatta),13.25289,77.59419,,nan
Bachenahatti,nan,BCNHT,29622,Bachenahatti (Towards Thippagondanahalli),12.95495,77.30407,,nan
Bachenahatti,nan,BCNHT,35636,Bachenahatti (Towards Magadi),12.95476,77.30405,,nan
Badekatte,nan,BDK3,29623,Badekatte (Towards Kaggalipura),12.8181,77.48975,,nan
Badekatte,nan,BDK3,35635,Badekatte (Towards Thattahalli),12.81806,77.48975,,nan
Badesab Doddi RV PU College,nan,BSD,39699,Badesab Doddi RV PU College (Towards Last Stop),12.70789,77.45403,,nan
Badrapura,nan,BDP2,23263,Badrapura (Towards Kanminake),12.87177,77.42746,,nan
Bagalagunte,nan,BGLG,20619,Bagalagunte (Towards 8th Mile),13.05665,77.50735,,nan
Bagalagunte,nan,BGLG,20620,Bagalagunte (Towards Chikkabanavara),13.05657,77.50728,,nan
Bagalur,nan,BGLRS1,21698,Bagalur (Towards Yadiyuru),13.13456,77.66816,,nan
Bagalur,nan,BGLRS1,21699,Bagalur (Towards Yalahanka),13.13452,77.66809,,nan
Bagalur,nan,BGLRS1,23267,Bagalur (Towards Hoovinayakanahalli/Yadiyuru),13.13461,77.66794,,nan
Bagalur Colony,nan,BGLC.,35634,Bagalur Colony (Towards Bagaluru),13.14146,77.6713,,nan
Bagalur Colony,nan,BGLRS1,29624,Bagalur Colony (Towards Hoovinayakanahalli),13.14146,77.67118,,nan
Bagalur Cross,nan,BLGC,29626,Bagalur Cross (Towards Devanahalli),13.12198,77.61061,,nan
Bagalur Cross,nan,BLGC,31858,Bagalur Cross (Towards Bagaluru),13.12182,77.61128,,nan
Bagalur Cross,nan,BLGC,35633,Bagalur Cross (Towards Hebbala),13.12211,77.61116,,nan
Bagalur Cross,nan,BLGC,38375,Bagalur Cross (Towards Yelahanka),13.12174,77.61129,,nan
Bagalur Sante/ CMR University Cross,nan,BLRS,39919,Bagalur Sante/ CMR University Cross (Towards Satanuru),13.13187,77.66215,,nan
Bagalur Sante/ CMR University Cross,nan,BLRS,39920,Bagalur Sante/ CMR University Cross (Towards Bagalur),13.13211,77.66222,,nan
Bagalur Santhe Circle,nan,BGLRS1,31859,Bagalur Santhe Circle (Towards Bagaluru),13.13351,77.66675,,nan
Bagalur Santhe‌ Circle,nan,BGLRS1,21700,Bagalur Santhe‌ Circle (Towards Yalahanka),13.1334,77.66686,,nan
Bagluru Old police Station,nan,BOPS,38653,Bagluru Old police Station (Towards Hennur Cross),13.12977,77.6667,,nan
Bagluru Old police Station,nan,BOPS,38654,Bagluru Old police Station (Towards Bagalur),13.12952,77.66661,,nan
Bagmane Tech Park,nan,BAGMTECH,21701,Bagmane Tech Park (Towards CV Raman Nagara),12.98076,77.65642,,nan
Bagmane Tech Park,nan,BAGMTECH,21702,Bagmane Tech Park (Towards Geethanjali Theatre),12.98065,77.65654,,nan
Baguru,nan,BGR4,23272,Baguru (Towards Mugaluru),12.89645,77.84275,,nan
Baguru,nan,BGR4,23403,Baguru (Towards Chikka Thirupathi),12.89677,77.84224,,nan
Baguru Colony,nan,BGR4,23273,Baguru Colony (Towards Thiruvaranga),12.89515,77.84536,,nan
Baguru Colony,nan,BGR4,23404,Baguru Colony (Towards Gangaluru Circle),12.89528,77.84535,,nan
Bakery 1st Main Road,nan,B1st M Rd,39441,Bakery 1st Main Road (Towards Central ),12.99435,77.57801,,nan
Bakery 1st Main Road,nan,B1stM Rd,39442,Bakery 1st Main Road (Towards  Guttahalli),12.99436,77.57794,,nan
Baladimmanahalli,nan,BAHLLY,29631,Baladimmanahalli (Towards Devanahalli),13.18959,77.74336,,nan
Baladimmanahalli,nan,BAHLLY,35631,Baladimmanahalli (Towards Budigere),13.1898,77.74341,,nan
Balageranahalli Cross,nan,BNHC1,35629,Balageranahalli Cross (Towards Bandapura),12.78744,77.73468,,nan
Balagere,nan,BLGR6,29634,Balagere (Towards Varthuru),12.9396,77.72902,,nan
Balagere,nan,BLGR6,35628,Balagere (Towards Panatturu),12.93963,77.72901,,nan
Balaji Apartment HSR Layout,nan,BLJA,29635,Balaji Apartment HSR Layout (Towards HSR Layout KEB),12.90497,77.64899,,nan
Balaji Apartment HSR Layout,nan,BLJA,35627,Balaji Apartment HSR Layout (Towards Parangipalya),12.90496,77.64895,,nan
Balaji Badavane Sulikere,nan,BLJB,38389,Balaji Badavane Sulikere (Towards Maragondanahalli Cross),12.93564,77.44327,,nan
Balaji Badavane Sulikere,nan,BLJB,38390,Balaji Badavane Sulikere (Towards Sulikere Cross),12.93568,77.44324,,nan
Balaji Layout,nan,BLJLT,29636,Balaji Layout (Towards Mattahalli Cross),12.96007,77.4893,,nan
Balaji Layout,nan,BLJLT,35626,Balaji Layout (Towards Upkar Residency Layout),12.96005,77.48925,,nan
Balaji Layout 100ft Road,nan,RGVNH,35625,Balaji Layout 100ft Road (Towards Raghuvanahalli),12.87772,77.53984,,nan
Balaji Nagara Cross,nan,BNC1,40403,Balaji Nagara Cross (Towards Thigularapalya),13.01405,77.49106,,nan
Balaji Nagara Cross,nan,BNC1,40404,Balaji Nagara Cross (Towards Peenya 2nd Stage),13.01418,77.49109,,nan
Balaji Theatre Magadi,nan,BLJT1,29638,Balaji Theatre Magadi (Towards Belagumba),12.96057,77.23686,,nan
Balaji Theatre Magadi,nan,BLJT1,35624,Balaji Theatre Magadi (Towards Hospete Gate),12.96052,77.23689,,nan
Balavikas International School,nan,BMS,23283,Balavikas International School (Towards Bande Maramma Bus Stand),12.96696,77.51453,,nan
Balavikas School Gidadakonenahalli,nan,MDNPL2,23284,Balavikas School Gidadakonenahalli (Towards Muddayyanapalya),12.97008,77.4914,,nan
Balekatte,nan,BLKT,29639,Balekatte (Towards Managal),12.9279,77.21035,,nan
Balekatte,nan,BLKT,35623,Balekatte (Towards Magadi),12.92788,77.2103,,nan
Balenahalli,nan,BLH1,23289,Balenahalli (Towards Heligehalli Colony),12.89571,77.19355,,nan
Balenahalli,nan,BLH1,23290,Balenahalli (Towards Magadi),12.89568,77.19349,,nan
Balepura,nan,BLP-5,29641,Balepura (Towards Vijayapura),13.1992,77.77895,,nan
Balepura,nan,BLP-6,35621,Balepura (Towards Sulibele),13.19918,77.77898,,nan
Balepura Gate,nan,BLRG,31860,Balepura Gate (Towards Arishinakunte),13.19764,77.77686,,nan
Balepura Gate,nan,BLRG2,21703,Balepura Gate (Towards Balepura),13.19791,77.77734,,nan
Balepura Gate,nan,BLRG2,29643,Balepura Gate (Towards Sulibele),13.19786,77.77725,,nan
Balepura Gate,nan,BLRG2,38992,Balepura Gate (Towards Hosakote),13.19787,77.77729,,nan
Baleveeranahalli,nan,BVNH,29644,Baleveeranahalli (Towards Baleveeranahalli),13.0186,77.39394,,nan
Baleveeranahalli,nan,BVNH,35620,Baleveeranahalli (Towards Sondekoppa),13.01854,77.39391,,nan
Balluru,nan,BLR2,35619,Balluru (Towards Dasanapura),12.75424,77.78728,,nan
Balluru Cross,nan,BLC1,29646,Balluru Cross (Towards Balluru),12.74978,77.77932,,nan
Balluru Cross,nan,BLC1,35618,Balluru Cross (Towards Jn of Anekal),12.74971,77.77934,,nan
Baluvanahalli Cross,nan,BLVHC,39386,Baluvanahalli Cross (Towards Channarayapattan),13.26239,77.80826,,nan
Baluvanahalli Cross,nan,BVNC2,29648,Baluvanahalli Cross (Towards Darmapura Cross),13.2624,77.8082,,nan
Bamboo Bazar,nan,BMBZ,21704,Bamboo Bazar (Towards Coles Park),12.99191,77.60342,,nan
Bamboo Bazar,nan,BMBZ,21706,Bamboo Bazar (Towards CSI Hospital),12.99204,77.60397,,nan
Banahalli,nan,BNHL1,29651,Banahalli (Towards H Cross),13.21376,77.91228,,nan
Banahalli,nan,BNHL1,35612,Banahalli (Towards Hosakote),13.21369,77.9123,,nan
Banandur Circle,nan,BGSSB,29656,Banandur Circle (Towards Banduru),12.77536,77.39841,,nan
Banandur Circle,nan,BGSSB,31861,Banandur Circle (Towards Bananduru),12.77538,77.39844,,nan
Bananduru,nan,BGSSB,29654,Bananduru (Towards Bidadi),12.77677,77.3979,,nan
Bananduru,nan,BGSSB,35609,Bananduru (Towards Ittamadu),12.77677,77.39795,,nan
Banarahalli,nan,BNRHI,29657,Banarahalli (Towards Banarahalli),12.95716,77.86284,,nan
Banasawadi,nan,BNSDI1,22673,Banasawadi (Towards B  Channasandra),13.01452,77.65234,,nan
Banasawadi,nan,BNSWD,36255,Banasawadi (Towards SBS),13.01441,77.65102,,nan
Banasawadi 100 Feet Road,nan,BSW100FR1,37807,Banasawadi 100 Feet Road (Towards Horamavu),13.01513,77.64963,,nan
Banasawadi 100 Feet Road,nan,BSW100FR1,37808,Banasawadi 100 Feet Road (Towards Shivaji Nagara),13.01508,77.64969,,nan
Banasawadi 80ft Road,nan,BSWD80ft1,29419,Banasawadi 80ft Road (Towards Ayyappa Temple),13.01538,77.6429,,nan
Banasawadi 80ft Road,nan,BSWD80ft1,35575,Banasawadi 80ft Road (Towards Babusabpalya),13.01511,77.64267,,nan
Banashankari,nan,BSK1,21711,Banashankari (Towards Konanakunte Cross),12.91631,77.57373,,nan
Banashankari 1st Stage Muneshwara Block KEB,nan,NGNDB,21709,Banashankari 1st Stage Muneshwara Block KEB (Towards Giri Nagara),12.94211,77.55079,,nan
Banashankari 1st Stage Muneshwara Block KEB,nan,NGNDB,21710,Banashankari 1st Stage Muneshwara Block KEB (Towards Nagendra Block),12.94213,77.55061,,nan
Banashankari 3rd Stage 3rd Phase,nan,B3S3P,31865,Banashankari 3rd Stage 3rd Phase (Towards Ring Road),12.92763,77.5514,,nan
Banashankari 3rd Stage 3rd Phase,nan,BHKH3,31866,Banashankari 3rd Stage 3rd Phase (Towards Vidyapeeta Circle),12.92761,77.55125,,nan
Banashankari 5th Stage,nan,BSK 5thS,29670,Banashankari 5th Stage (Towards Banashankari 5th Stage),12.9022,77.52809,,nan
Banashankari 6th Phase 5th Block,nan,BSK6P5B,39828,Banashankari 6th Phase 5th Block (Towards Chikkegowdanapalya),12.87945,77.5075,,nan
Banashankari 6th Phase 5th Block,nan,BSK6P5B,39829,Banashankari 6th Phase 5th Block (Towards Gattigerepalya),12.8793,77.50748,,nan
Banashankari Bus Station,nan,nan,20623_ST,nan,12.917583,77.57289,1.0,nan
Banashankari Bus Station,nan,BNS0,20624,Banashankari Bus Station (Towards Arrival),12.91736,77.5727,,nan
Banashankari Bus Station,nan,BSK5,20623,Banashankari Bus Station (Towards Departure),12.91779,77.57272,,nan
Banashankari Bus Station - Platform 1,20623_ST,BSK5,20623_PF1,nan,12.91736,77.57304,,1
Banashankari Bus Station - Platform 2,20623_ST,BSK5,20623_PF2,nan,12.917364,77.5729,,2
Banashankari Bus Station - Platform 5,20623_ST,BSK5,20623_PF5,nan,12.917663,77.57291,,5
Banashankari Bus Station - Platform 6,20623_ST,BSK5,20623_PF6,nan,12.9175005,77.57291,,6
Banashankari Bus Station - Platform 7,20623_ST,BSK5,20623_PF7,nan,12.917407,77.57278,,7
Banashankari Bus Station - Platform 9,20623_ST,BSK5,20623_PF9,nan,12.917802,77.57278,,9
Banashankari Hunasemara,nan,BSK TTMC,21712,Banashankari Hunasemara (Towards Banashankari Bus Station),12.92097,77.57407,,nan
Banashankari Hunasemara,nan,BSK TTMC,21713,Banashankari Hunasemara (Towards Monotype Corporation),12.92084,77.57414,,nan
Banashankari Hunasemara,nan,HUSM,22062,Banashankari Hunasemara (Towards South End Circle),12.91966,77.57413,,nan
Banashankari Layout,nan,BSKL1,39904,Banashankari Layout (Towards Agro Research Foundation),12.96272,77.44299,,nan
Banashankari Layout,nan,BSKL1,39905,Banashankari Layout (Towards Seegehalli Depot-35),12.9628,77.44303,,nan
Banashankari Post Office,nan,BSKPO,29673,Banashankari Post Office (Towards Monotype Corporation),12.92629,77.56991,,nan
Banashankari Post Office,nan,BSKPO,31869,Banashankari Post Office (Towards Devegowda Petrol Bunk),12.92623,77.56995,,nan
Banashankari Temple,nan,BSKT,39586,Banashankari Temple (Towards Kempegowda Bus Stand),12.91564,77.5735,,nan
Banaswadi Fire Station,nan,SRNH,31862,Banaswadi Fire Station (Towards Horamavu),13.01131,77.64604,,nan
Banawadi,nan,BNWDI,29675,Banawadi (Towards Kodibasavanna Temple),13.11759,77.25546,,nan
Banawadi,nan,BNWDI,31870,Banawadi (Towards Shivagange),13.11756,77.25544,,nan
Bandaiahanapalya,nan,BNDPLY3,20625,Bandaiahanapalya (Towards Kodihalli),13.18654,77.44337,,nan
Bandaiahanapalya,nan,BNDPLY3,29676,Bandaiahanapalya (Towards Kanasawadi),13.18652,77.44332,,nan
Bandapura,nan,BDNPURA,29678,Bandapura (Towards Bandapura),12.76981,77.72655,,nan
Bandapura,nan,BDNPURA,31871,Bandapura (Towards Marasur Madival),12.76982,77.72653,,nan
Bandapura Gate,nan,BDPG,21714,Bandapura Gate (Towards Kempegowda Bus Station),13.04174,77.74453,,nan
Bandapura Gate,nan,BDPG,21715,Bandapura Gate (Towards Hoskote),13.04228,77.74459,,nan
Bande Bommasandra,nan,BNBD1,29680,Bande Bommasandra (Towards Aanagalipura Gate),13.07664,77.68072,,nan
Bande Bommasandra,nan,BNBD2,31872,Bande Bommasandra (Towards Yarappanahalli Cross),13.07672,77.6809,,nan
Bande Bommasandra Cross,nan,BBSC,29682,Bande Bommasandra Cross (Towards Kada Agarahara Cross),13.08119,77.6824,,nan
Bande Bommasandra Cross,nan,BBSC,31873,Bande Bommasandra Cross (Towards Gollahalli),13.08123,77.68241,,nan
Bande Inorpalya,nan,BIPL1,29684,Bande Inorpalya (Towards Madapatna),12.9366,77.36241,,nan
Bande Inorpalya,nan,BIPL1,31874,Bande Inorpalya (Towards Allammanapalya),12.93666,77.36236,,nan
Bande Kodigehalli,nan,BDKHL5,29686,Bande Kodigehalli (Towards Bagalur),13.17216,77.69082,,nan
Bande Kodigehalli palya,nan,BKPLY1,38638,Bande Kodigehalli palya (Towards Hunasuru),13.1735,77.7063,,nan
Bande Kodigehalli palya,nan,BKPLY1,38639,Bande Kodigehalli palya (Towards Bande Kodigehallipalya Cross),13.17346,77.7061,,nan
Bande Kodigehallipalya Cross,nan,BDKHL5,29690,Bande Kodigehallipalya Cross (Towards Basavana Temple),13.17283,77.69107,,nan
Bande Kodigehallipalya Cross,nan,BDKHL5,31876,Bande Kodigehallipalya Cross (Towards Mylanahalli),13.17275,77.691,,nan
Bande Maramma Bus Station,nan,BMS,29691,Bande Maramma Bus Station (Towards Bande Maramma Bus Station),12.96697,77.51613,,nan
Bande Mutt Badavane Radiant Enclave,nan,KBMT,31877,Bande Mutt Badavane Radiant Enclave (Towards Bande Mutt Badavane Radiant Enclave),12.91277,77.47358,,nan
Bande Mutt Gate Kengeri,nan,KGRBMG,29696,Bande Mutt Gate Kengeri (Towards Kengeri),12.91911,77.47745,,nan
Bande Mutt Gate Kengeri,nan,KGRBMG,31878,Bande Mutt Gate Kengeri (Towards Kommaghatta),12.91899,77.47749,,nan
Bande Mutt Kunchugal,nan,BMTK,37784,Bande Mutt Kunchugal (Towards Chikka Ranganapalya),13.10656,77.25913,,nan
Bande kodigehalli,nan,BDKHL5,29685,Bande kodigehalli (Towards Mylanahalli Hunasuru),13.17202,77.69075,,nan
Bandi Reddy Circle,nan,BRC1,29699,Bandi Reddy Circle (Towards Srirampura),12.99141,77.56389,,nan
Bandi Reddy Circle,nan,BRC2,31879,Bandi Reddy Circle (Towards Bandi Reddy Circle),12.99141,77.56384,,nan
Bangalore MysoreToll Plaza,nan,INRPL,40001,Bangalore MysoreToll Plaza (Towards Kengeri),12.84064,77.41844,,nan
Bangalore MysoreToll Plaza,nan,KNMNKC1,40002,Bangalore MysoreToll Plaza (Towards Ramanagara),12.85974,77.43122,,nan
Bangarappa Nagara,nan,BRN,29703,Bangarappa Nagara (Towards Bangarappa Nagara),12.92477,77.52634,,nan
Banglow Sulikere,nan,SLKB2,29705,Banglow Sulikere (Towards Tavarakere),12.93298,77.45186,,nan
Banglow Sulikere,nan,SLKB2,31881,Banglow Sulikere (Towards Kommaghatta),12.93304,77.45183,,nan
Banjara Layout,nan,BJLO,29707,Banjara Layout (Towards Kalkere),13.03837,77.66527,,nan
Banjara Layout,nan,BJLO,31882,Banjara Layout (Towards Hennur),13.03833,77.66531,,nan
Banjarapalya,nan,BNJRPLU,29709,Banjarapalya (Towards Uttari),12.8304,77.48572,,nan
Banjarapalya,nan,BNJRPLU,31883,Banjarapalya (Towards Banjarapalya),12.83036,77.48568,,nan
Bank Circle Bashettyhalli,nan,BNKC,29713,Bank Circle Bashettyhalli (Towards Doddaballapura),13.258,77.55271,,nan
Bank Circle Bashettyhalli,nan,BNKC,31885,Bank Circle Bashettyhalli (Towards Rajanukunte),13.25811,77.55281,,nan
Bank Colony,nan,BANKC,21716,Bank Colony (Towards Hoskerehalli Cross),12.93864,77.55305,,nan
Bank Colony,nan,BANKC,21717,Bank Colony (Towards Ganesh Bhavana),12.93861,77.55326,,nan
Bannerughatta Circle,nan,BGTC,29716,Bannerughatta Circle (Towards Kaggalipura),12.81382,77.58103,,nan
Bannerughatta Circle,nan,BGTC,35140,Bannerughatta Circle (Towards Kalkere),12.81386,77.58123,,nan
Bannerughatta Circle,nan,BGTC,35145,Bannerughatta Circle (Towards Jigani),12.8135,77.58127,,nan
Bannerughatta Circle,nan,BNRCL,39211,Bannerughatta Circle (Towards Bannerughatta National Park),12.81365,77.58088,,nan
Bannerughatta National Park,nan,BNPK1,22757,Bannerughatta National Park (Towards Bannerughatta Circle),12.80092,77.57748,,nan
Bannerughatta National Park,nan,BNPK1,23785,Bannerughatta National Park (Towards Arrival),12.80079,77.57787,,nan
Bannigiri,nan,BNGR1,29718,Bannigiri (Towards Anchipura),12.75686,77.43642,,nan
Bannigiri,nan,BNGR1,31887,Bannigiri (Towards Bannigiri),12.75687,77.43645,,nan
Bannigiri Cross,nan,BRMCRS,29720,Bannigiri Cross (Towards B Hosur),12.74727,77.43325,,nan
Bannigiri Cross,nan,BRMCRS,31888,Bannigiri Cross (Towards Byramangala),12.74724,77.43327,,nan
Bannikuppe,nan,BNKP1,29722,Bannikuppe (Towards Jadenahalli),12.84702,77.38389,,nan
Bannikuppe,nan,BNKP1,31889,Bannikuppe (Towards Kurubara Karenahalli),12.847,77.38386,,nan
Bannimangala,nan,BNMGL3,31890,Bannimangala (Towards Arehalli),13.26019,77.58847,,nan
Bapuji Layout Saraswathi Nagara,nan,SRVTN,29726,Bapuji Layout Saraswathi Nagara (Towards GKW Layout),12.97203,77.52938,,nan
Bapujinagara,nan,MRSBS,20626,Bapujinagara (Towards Sirsi Circle),12.95321,77.54182,,nan
Baradi,nan,BRD2,29728,Baradi (Towards Mandigere),13.17629,77.36669,,nan
Baraguru,nan,BGR-1,29730,Baraguru (Towards Somalapura),12.95115,77.88386,,nan
Baraguru,nan,BGR-1,31893,Baraguru (Towards Pura),12.95122,77.88394,,nan
Basammanahalli,nan,BSMHL1,29733,Basammanahalli (Towards Basammanahalli),12.87519,77.35305,,nan
Basammanahalli Cross,nan,BSMHL12,29735,Basammanahalli Cross (Towards Basammanahalli),12.87518,77.3544,,nan
Basammanahalli Cross,nan,BSMHL12,31895,Basammanahalli Cross (Towards Chikkanahalli),12.87516,77.35436,,nan
Basappa Circle,nan,BSPC,21718,Basappa Circle (Towards KR Market),12.95624,77.57721,,nan
Basappa Circle,nan,BSPC,29736,Basappa Circle (Towards Sajjanrao Circle),12.95601,77.57728,,nan
Basappa Circle,nan,BSPC,35139,Basappa Circle (Towards Lalbagh Main Gate),12.95636,77.57717,,nan
Basappa Layout Mattahalli,nan,BSPLTM,29738,Basappa Layout Mattahalli (Towards Mattahalli Cross),13.10653,77.45371,,nan
Basappa Layout Mattahalli,nan,BSPLTM,31896,Basappa Layout Mattahalli (Towards Mattahalli),13.10656,77.45369,,nan
Basappanapalya,nan,BPC,29740,Basappanapalya (Towards Basappanapalya Cross),12.83133,77.50046,,nan
Basappanapalya,nan,BPC,31897,Basappanapalya (Towards Banjarapalya),12.83134,77.50052,,nan
Basappanapalya Cross,nan,BPC,29742,Basappanapalya Cross (Towards Agara),12.84253,77.50237,,nan
Basappanapalya Cross,nan,BPC,31898,Basappanapalya Cross (Towards Banashankari Bus Station),12.84255,77.50238,,nan
Basapura Electronic City,nan,BSPURELC,29744,Basapura Electronic City (Towards Hosa Road),12.86413,77.65026,,nan
Basapura Electronic City,nan,BSPURELC,31899,Basapura Electronic City (Towards NICE Road),12.86411,77.65033,,nan
Basava Gangotri Samste,nan,BGS8,29745,Basava Gangotri Samste (Towards Kumbalagodu),12.88359,77.45044,,nan
Basavanagara,nan,BSVNGR,21719,Basavanagara (Towards Malleshpalya),12.96664,77.68279,,nan
Basavanagara,nan,BSVNGR,21720,Basavanagara (Towards HAL),12.96682,77.68276,,nan
Basavanagudi Police Station,nan,BNGDY,21721,Basavanagudi Police Station (Towards South End Circle),12.94168,77.57396,,nan
Basavanagudi Police Station,nan,BSGDY,21722,Basavanagudi Police Station (Towards KR Market),12.9416,77.57376,,nan
Basavanahalli,nan,BSVH1,29748,Basavanahalli (Towards Madhure),13.11028,77.38815,,nan
Basavanahalli,nan,BSVH1,31900,Basavanahalli (Towards Nelamangala),13.1104,77.38823,,nan
Basavanahalli Cross,nan,BSVHC1,31901,Basavanahalli Cross (Towards Madhure),13.10231,77.38869,,nan
Basavanahalli Cross,nan,BSVHC2,29751,Basavanahalli Cross (Towards By Pass),13.10215,77.38867,,nan
Basavanahalli Cross,nan,BSVHC2,31902,Basavanahalli Cross (Towards Nelamangala),13.10223,77.38875,,nan
Basavanapalya,nan,BVP7,29753,Basavanapalya (Towards Tavarakere),12.93215,77.40007,,nan
Basavanapalya,nan,BVP7,31903,Basavanapalya (Towards Dodda Aladamara),12.93214,77.40003,,nan
Basavanapura,nan,BSPR3,39948,Basavanapura (Towards Harohalli),12.67112,77.54512,,nan
Basavanapura,nan,BSPR3,39949,Basavanapura (Towards Thattekere),12.67118,77.54515,,nan
Basavanapura,nan,BSVNP,31904,Basavanapura (Towards Aradeshanahalli),13.22559,77.57657,,nan
Basavanapura,nan,BSVNP,31909,Basavanapura (Towards Jalige),13.22562,77.57649,,nan
Basavanapura,nan,BSVNPR1,29760,Basavanapura (Towards Kurubara Karenahalli),12.84986,77.38333,,nan
Basavanapura,nan,BSVNPR1,31906,Basavanapura (Towards Bannikuppe),12.84977,77.3835,,nan
Basavanapura,nan,BSVPR,39012,Basavanapura (Towards Hommadevanahalli),12.84561,77.59433,,nan
Basavanapura,nan,BSVPR,39013,Basavanapura (Towards Basavanapura Gate),12.84558,77.59433,,nan
Basavanapura Church,nan,BSVNP 2,29762,Basavanapura Church (Towards Basavanapura Church),12.84678,77.5932,,nan
Basavanapura Church,nan,BSVNP 2,31910,Basavanapura Church (Towards Basavanapura Gate),12.84671,77.59313,,nan
Basavanapura Gate,nan,BSPR,22752,Basavanapura Gate (Towards Bannerughatta),12.84634,77.58822,,nan
Basavanapura Gate,nan,BSPR,22760,Basavanapura Gate (Towards Gottigere),12.84634,77.58818,,nan
Basavanna Devasthana CK Palya,nan,BSVNDTN,29763,Basavanna Devasthana CK Palya (Towards Hommadevanahalli),12.84391,77.60611,,nan
Basavanna Devasthana CK Palya,nan,BSVNDTN,35339,Basavanna Devasthana CK Palya (Towards St Merrys School),12.84393,77.60596,,nan
Basavanna Temple Hoovinayakanahalli,nan,BSVN,29766,Basavanna Temple Hoovinayakanahalli (Towards Yalahanka),13.16788,77.6886,,nan
Basavanna Temple Hoovinayakanahalli,nan,BSVN,31911,Basavanna Temple Hoovinayakanahalli (Towards Bande Kodigehalli),13.1679,77.6885,,nan
Basavapatna,nan,BSVPT1,29768,Basavapatna (Towards Sripathyhalli),12.97027,77.17677,,nan
Basavapatna,nan,BSVPT1,31912,Basavapatna (Towards Kalya),12.9702,77.17665,,nan
Basavenahalli,nan,BSVH12,29770,Basavenahalli (Towards Mahadevapura),13.0385,77.31474,,nan
Basavenahalli,nan,BSVH12,31913,Basavenahalli (Towards Motaganahalli),13.03853,77.3148,,nan
Basavenahalli Colony,nan,BSVH12,29773,Basavenahalli Colony (Towards Marikuppe),13.03602,77.31422,,nan
Basavenahalli Colony,nan,BSVH12,31914,Basavenahalli Colony (Towards Motaganahalli),13.03604,77.31436,,nan
Basavenahalli Colony,nan,BSVH12,31915,Basavenahalli Colony (Towards Mahadevapura),13.03605,77.31429,,nan
Basaveshwara College,nan,BSWC,20629,Basaveshwara College (Towards Navarang),12.99448,77.5527,,nan
Basaveshwara College,nan,BSWC,24194,Basaveshwara College (Towards Rajajinagara ESI),12.9941,77.55278,,nan
Basaveshwaranagara 2nd Phase,nan,BSN2P,29776,Basaveshwaranagara 2nd Phase (Towards BDA Apartment kommaghatta),12.90829,77.461,,nan
Basaveshwaranagara 3rd Stage,nan,BSN3S1,29404,Basaveshwaranagara 3rd Stage (Towards Manjunatha Nagara),12.98912,77.54249,,nan
Basaveshwaranagara 3rd Stage,nan,BSN3S1,35589,Basaveshwaranagara 3rd Stage (Towards 3rd Stage Basaveshwaranagara),12.98898,77.54254,,nan
Basaveshwaranagara Banandur,nan,BSVNB,29780,Basaveshwaranagara Banandur (Towards Bananduru),12.75942,77.40367,,nan
Basaveshwaranagara Banandur,nan,BSVNB,31917,Basaveshwaranagara Banandur (Towards Ittamadu),12.75944,77.40372,,nan
Basaveshwaranagara New Bus Stand,nan,BSN0,24059,Basaveshwaranagara New Bus Stand (Towards Last Stop),12.98832,77.5336,,nan
Bashettihalli,nan,BNKC,29783,Bashettihalli (Towards Rajanukunte),13.26176,77.5527,,nan
Bashettihalli,nan,BNKC,31918,Bashettihalli (Towards Doddaballapura),13.26164,77.5526,,nan
Bashyam Circle,nan,BSMC6,39296,Bashyam Circle (Towards Sadashivanagara),13.00659,77.57886,,nan
Bashyam Circle,nan,BSMC6,39297,Bashyam Circle (Towards Malleshwaram 18th Cross),13.00656,77.57892,,nan
Bashyam Circle Rajajinagara,nan,BCRJN,31921,Bashyam Circle Rajajinagara (Towards Rajajinagara ESI),12.98441,77.55398,,nan
Bashyam Circle Rajajinagara,nan,BYSMC,20631,Bashyam Circle Rajajinagara (Towards Rajajinagara 6th Block),12.98391,77.55412,,nan
Bashyam Circle Rajajinagara,nan,BYSMC,20632,Bashyam Circle Rajajinagara (Towards Sujata Talkies),12.98441,77.5544,,nan
Bashyam Circle Rajajinagara,nan,BYSMC,29788,Bashyam Circle Rajajinagara (Towards Rajajinagara Old Police Station),12.98458,77.55414,,nan
Bashyam Circle Sadashivanagara,nan,BSMC6,20633,Bashyam Circle Sadashivanagara (Towards Mekhri Circle),13.00628,77.57915,,nan
Bashyam Circle Sadashivanagara,nan,BSMC6,29789,Bashyam Circle Sadashivanagara (Towards Malleshwaram),13.0062,77.57905,,nan
Bashyam Nagara Okalipuram,nan,GNDS,29791,Bashyam Nagara Okalipuram (Towards Okalipuram),12.98724,77.5677,,nan
Bata Show Room banashankari,nan,BSRM,37682,Bata Show Room banashankari (Towards  Banashankari  BDA Complex),12.92348,77.57008,,nan
Bata Show Room banashankari,nan,BSRM,37683,Bata Show Room banashankari (Towards Monotype Corporation),12.92351,77.57006,,nan
Bayalahalli Gate(Bande kodigehalli),nan,BYHG1,29793,Bayalahalli Gate(Bande kodigehalli) (Towards Bagaluru),13.16998,77.69009,,nan
Bayalahalli Gate(Bande kodigehalli),nan,BYHG1,31922,Bayalahalli Gate(Bande kodigehalli) (Towards Bayalahalli),13.17001,77.68996,,nan
Bayalu Bandikhane,nan,BYLKNE,29795,Bayalu Bandikhane (Towards Avathi),13.2956,77.73597,,nan
Bayalu Bandikhane,nan,BYLKNE,31923,Bayalu Bandikhane (Towards Koramangala Avathi),13.29566,77.73589,,nan
Bayyanapalya,nan,BYNPL,21723,Bayyanapalya (Towards Kaggalipura),12.87558,77.54374,,nan
Bayyanapalya,nan,BYNPL,21724,Bayyanapalya (Towards Banashankari bus station ),12.87554,77.54355,,nan
Bayyandahalli,nan,BYDHL,29797,Bayyandahalli (Towards Kadabagere Cross),13.00718,77.44249,,nan
Bayyandahalli,nan,BYDHL,31924,Bayyandahalli (Towards Bettahalli Colony),13.00715,77.44244,,nan
Bayyandahalli Colony,nan,BNDHC,29799,Bayyandahalli Colony (Towards Kadabagere Cross),13.00342,77.44235,,nan
Bayyandahalli Colony,nan,BNDHC,31925,Bayyandahalli Colony (Towards BMTC Training Centre),13.00343,77.44231,,nan
Bayyappanahalli,nan,BYPHI2,29801,Bayyappanahalli (Towards Avalahalli),13.07156,77.72081,,nan
Bayyappanahalli,nan,BYPHL,31926,Bayyappanahalli (Towards Marasandra),13.07163,77.72083,,nan
Bayyappanahalli Cross,nan,BYPC-1,21725,Bayyappanahalli Cross (Towards Bayyappanahalli),12.98525,77.64246,,nan
Bayyappanahalli Cross,nan,BYPC-1,21726,Bayyappanahalli Cross (Towards Kempegowda Bus Station),12.98559,77.64255,,nan
Bayyappanahalli Gate,nan,BYPGT6,21727,Bayyappanahalli Gate (Towards Sathyanagara),12.99157,77.64327,,nan
Bayyappanahalli Gate,nan,BYPGT6,21728,Bayyappanahalli Gate (Towards Binnamangala),12.9916,77.6433,,nan
Bayyappanahalli Metro Station,nan,BYPMETRO,20634,Bayyappanahalli Metro Station (Towards Hoskote),12.99001,77.65454,,nan
Bayyappanahalli Metro Station,nan,BYPMETRO,20635,Bayyappanahalli Metro Station (Towards Kempegowda Bus Station),12.98967,77.65404,,nan
Bayyappanahalli Metro Station  Back Gate,nan,BYHMS,36295,Bayyappanahalli Metro Station  Back Gate (Towards Last Stop),12.99166,77.65212,,nan
Beedi Karmikara Colony,nan,BKC2,29822,Beedi Karmikara Colony (Towards Kengeri),12.91906,77.471,,nan
Beedi Karmikara Colony,nan,BKC2,31935,Beedi Karmikara Colony (Towards Kengeri Bande Mata Badavane),12.92003,77.47146,,nan
Beedi Karmikara Colony Gate,nan,BKC,29824,Beedi Karmikara Colony Gate (Towards Kengeri),12.92236,77.47481,,nan
Beedi Karmikara Colony Gate,nan,BKC,31936,Beedi Karmikara Colony Gate (Towards Kommaghatta),12.92231,77.47482,,nan
Beerahalli,nan,BRHL9,29826,Beerahalli (Towards Yattakki),13.15748,77.91533,,nan
Beerahalli,nan,BRHL9,31937,Beerahalli (Towards Shivanapura),13.15743,77.91538,,nan
Beerasandra Chapradakallu,nan,BRSC,31938,Beerasandra Chapradakallu (Towards Devanahalli Vishwanathpura),13.28046,77.62049,,nan
Beerasandra Chapradakallu,nan,BRSC,31939,Beerasandra Chapradakallu (Towards Doddaballapura),13.28005,77.62042,,nan
Beerawara,nan,BRWR1,36375,Beerawara (Towards Gudemaranahalli Hand Post),13.0634,77.2746,,nan
Beerawara,nan,BRWR1,36376,Beerawara (Towards Nelamangala),13.06362,77.27445,,nan
Beereshwara Nagara,nan,BRSH,29832,Beereshwara Nagara (Towards Beereshwara Nagara),12.88205,77.56545,,nan
Beereshwara Nagara,nan,BRSH,31941,Beereshwara Nagara (Towards Soudamini Kalyan Mantapa),12.88206,77.56537,,nan
Begihalli,nan,BEGHLI,24080,Begihalli (Towards Jigani),12.79796,77.60381,,nan
Begihalli,nan,BEGHLI,24230,Begihalli (Towards Jangal Palya Gate),12.79788,77.60381,,nan
Beguru,nan,BGHR,37610,Beguru (Towards Kempegowda international Airport),13.18351,77.67959,,nan
Beguru,nan,BGR1,29836,Beguru (Towards Yantaganahalli),13.18348,77.67967,,nan
Beguru,nan,BGR1,31944,Beguru (Towards Mylanahalli),13.18356,77.67974,,nan
Beguru,nan,BGR2,31942,Beguru (Towards Hoskote),13.13883,77.84336,,nan
Beguru,nan,BGR2,39901,Beguru (Towards Doddakogila),13.13886,77.8433,,nan
Beguru,nan,BGUATB,35222,Beguru (Towards Beguru),12.87364,77.62515,,nan
Beguru,nan,BGUATB,36307,Beguru (Towards Bommanahalli),12.87361,77.62535,,nan
Beguru Canara Bank,nan,CNRB,23809,Beguru Canara Bank (Towards Beguru),12.88518,77.62516,,nan
Beguru Canara Bank,nan,CNRB,23815,Beguru Canara Bank (Towards Bommanahalli),12.88501,77.62508,,nan
Beguru Lake,nan,BGRLK,24160,Beguru Lake (Towards Bommanahalli),12.87783,77.62549,,nan
Beguru Lake,nan,BGRLK,24166,Beguru Lake (Towards Beguru),12.87795,77.62532,,nan
Bejjarahalli Katte,nan,BJRKT,38497,Bejjarahalli Katte (Towards Sugganahalli),12.79897,77.29167,,nan
Bekary Chunchaghatta,nan,BKR,29840,Bekary Chunchaghatta (Towards Yalachenahalli),12.88648,77.57068,,nan
Bekary Chunchaghatta,nan,BKR,31945,Bekary Chunchaghatta (Towards Chunchaghatta),12.88652,77.57071,,nan
Belagumba,nan,BLGMB1,29847,Belagumba (Towards Hospete Gate),12.99482,77.24641,,nan
Belagumba,nan,BLGMB1,31948,Belagumba (Towards Byadarahalli),12.9949,77.24643,,nan
Belenus Hospital,nan,BLNSH,37980,Belenus Hospital (Towards Last Stop),12.90247,77.70891,,nan
Belenus Hospital,nan,BLNSH,37981,Belenus Hospital (Towards S J P Road),12.90255,77.709,,nan
Bellahalli,nan,BLHL,29851,Bellahalli (Towards Kogilu),13.09915,77.64212,,nan
Bellahalli,nan,BLHL,31950,Bellahalli (Towards Kannur),13.09923,77.64223,,nan
Bellahalli Cross,nan,BHCR,21739,Bellahalli Cross (Towards Ittige Factory Reva College),13.10124,77.63492,,nan
Bellahalli Cross,nan,BHCR,31951,Bellahalli Cross (Towards KNS College),13.10207,77.63351,,nan
Bellahalli Cross,nan,BHCR,31953,Bellahalli Cross (Towards Kannuru),13.10144,77.63606,,nan
Bellahalli Cross,nan,BLHC,31952,Bellahalli Cross (Towards Ittige Factory),13.10196,77.63362,,nan
Bellahalli Cross THS Main Road,nan,BLHC,21740,Bellahalli Cross THS Main Road (Towards KNS College),13.10113,77.6351,,nan
Bellanduru City Light Appartment,nan,BLDR,20639,Bellanduru City Light Appartment (Towards Central Silk Board),12.92412,77.67278,,nan
Bellanduru City light Apartment,nan,BLDR,20638,Bellanduru City light Apartment (Towards Marathahalli Bridge),12.92493,77.67394,,nan
Bellanduru Gate SJP Road,nan,BSJP1,23896,Bellanduru Gate SJP Road (Towards Sarjapura),12.91858,77.66991,,nan
Bellanduru Gate SJP Road,nan,BSJP1,23918,Bellanduru Gate SJP Road (Towards Lakkasandra),12.91864,77.66931,,nan
Bellanduru Petrol Bunk,nan,BLD2,21091,Bellanduru Petrol Bunk (Towards Central Central Silk Board),12.92309,77.6705,,nan
Bellanduru Petrol Bunk,nan,BLD2,21092,Bellanduru Petrol Bunk (Towards Hebbala),12.92322,77.6702,,nan
Bellathur,nan,BEL,21741,Bellathur (Towards Hosakote),13.00414,77.7569,,nan
Bellathur,nan,BEL,21742,Bellathur (Towards Hope Farm),13.00405,77.75706,,nan
Bellikere,nan,BLKR3,29866,Bellikere (Towards Sarjapura),12.93031,77.7972,,nan
Bellikere,nan,BLKR3,31958,Bellikere (Towards Muthkur),12.93032,77.79716,,nan
Bellikere Cross,nan,BLKRCRI1,29868,Bellikere Cross (Towards Muthkur),12.93664,77.79726,,nan
Bellikere Cross,nan,BLKRCRI1,31959,Bellikere Cross (Towards Bellikere),12.93666,77.7973,,nan
Benachakal Doddi Cross,nan,BNCKD2,39954,Benachakal Doddi Cross (Towards Harohalli),12.67097,77.51477,,nan
Benachakaldoddi Cross,nan,BNCKD2,39955,Benachakaldoddi Cross (Towards Thattekere),12.67103,77.51478,,nan
Bendiganahalli,nan,BNDGH,31963,Bendiganahalli (Towards Guddatti Gate),12.81443,77.74051,,nan
Bendiganahalli,nan,BNDGH,31964,Bendiganahalli (Towards Hale Bommasandra),12.81438,77.74047,,nan
Bendiganahalli,nan,BNDHLI,29880,Bendiganahalli (Towards Vijayapura),13.21749,77.83125,,nan
Bendiganahalli,nan,BNDHLI,31966,Bendiganahalli (Towards Sulibele),13.21751,77.8313,,nan
Bendiganahalli,nan,BNDHLI2,31962,Bendiganahalli (Towards Bommanahalli),13.06717,77.75756,,nan
Bendiganahalli,nan,BNDHLI2,31965,Bendiganahalli (Towards Nimbekaipura),13.06728,77.7576,,nan
Bendiganahalli Cross,nan,BDC1,29883,Bendiganahalli Cross (Towards Jangamakote),13.20626,77.83458,,nan
Bendiganahalli Cross,nan,BDC1,31967,Bendiganahalli Cross (Towards Teneyuru),13.2063,77.83441,,nan
Bendiganahalli Cross,nan,BDC1,31968,Bendiganahalli Cross (Towards Sulibele),13.20652,77.83465,,nan
Bengaluru Central Jail,nan,BCJ1,23389,Bengaluru Central Jail (Towards Jn of Hosa Road),12.87365,77.66643,,nan
Bengaluru Central Jail,nan,BNGCJ,23376,Bengaluru Central Jail (Towards Bengaluru Central Jail),12.87374,77.66629,,nan
Bengaluru Children Hospital,nan,BCHL45,29886,Bengaluru Children Hospital (Towards Srinivasapura Cross),12.90991,77.5135,,nan
Bengaluru Children Hospital,nan,BCHL45,31969,Bengaluru Children Hospital (Towards RR Temple),12.90987,77.51339,,nan
Bengaluru Dairy Circle,nan,BDC,20643,Bengaluru Dairy Circle (Towards Madivala),12.9372,77.60176,,nan
Bengaluru Dairy Circle,nan,DRC,20642,Bengaluru Dairy Circle (Towards Lakkasandra),12.93709,77.60105,,nan
Bengaluru Dairy Circle,nan,DRC,35057,Bengaluru Dairy Circle (Towards Kempegowda Bus Station),12.93528,77.60129,,nan
Bengaluru Dairy Circle,nan,DRC,35108,Bengaluru Dairy Circle (Towards Bannerughatta),12.93535,77.60143,,nan
Bengaluru Dairy Circle,nan,DRC,35266,Bengaluru Dairy Circle (Towards Brigade Road),12.93909,77.6021,,nan
Bengaluru High School,nan,BNGH,20644,Bengaluru High School (Towards Chamarajapet),12.95209,77.56749,,nan
Bengaluru High School,nan,BNGH,21746,Bengaluru High School (Towards Ramakrishna Ashram),12.95325,77.56762,,nan
Bengaluru University Gate (JBMS),nan,BNGUNVSTG,20647,Bengaluru University Gate (JBMS) (Towards Bengaluru University Adminstrative Block),12.93582,77.51282,,nan
Bengaluru University Gate (JBMS),nan,BNGUNVSTG,20648,Bengaluru University Gate (JBMS) (Towards Kengeri),12.93537,77.51269,,nan
Bengaluru University Gate (JBMS),nan,BNGUNVSTG,20649,Bengaluru University Gate (JBMS) (Towards Mysore Road),12.93573,77.51332,,nan
Bengaluru University Quarters,nan,JNBR,21748,Bengaluru University Quarters (Towards Mariyappanapalya),12.95176,77.49972,,nan
Bengaluru University Quarters,nan,JNBR,24302,Bengaluru University Quarters (Towards Mysore Road),12.95195,77.50025,,nan
Bennehalli,nan,BNH12,39147,Bennehalli (Towards Huchammanadoddi),12.71652,77.38354,,nan
Bennehalli,nan,BNH12,39148,Bennehalli (Towards Bidadi),12.71645,77.38353,,nan
Benniganahalli,nan,BGH-1,20656,Benniganahalli (Towards Hoskote),12.99428,77.6633,,nan
Benniganahalli,nan,BGH-1,20657,Benniganahalli (Towards Kempegowda Bus Station),12.99406,77.6632,,nan
Benniganahalli Bridge,nan,BGNB1,29894,Benniganahalli Bridge (Towards Kasturi Nagara),12.99718,77.66274,,nan
Benniganahalli Bridge,nan,BGNB1,31971,Benniganahalli Bridge (Towards NGEF),12.99714,77.66288,,nan
Beratena Agrahara Metro Station,nan,BRTA,39867,Beratena Agrahara Metro Station (Towards Madivala),12.86363,77.65799,,nan
Beratena Agrahara Metro Station,nan,BRTA,39868,Beratena Agrahara Metro Station (Towards Attibele),12.86401,77.65824,,nan
Best County,nan,bstc-1,29896,Best County (Towards Shivakote),13.0893,77.54466,,nan
Best County,nan,bstc-1,31972,Best County (Towards MS Palya),13.08933,77.54466,,nan
Besthamanahalli,nan,BSTH11,29898,Besthamanahalli (Towards Attibele),12.73087,77.72666,,nan
Besthamanahalli,nan,BSTH11,31973,Besthamanahalli (Towards Anekal),12.73084,77.72668,,nan
Bethan Byatha,nan,BTN,29900,Bethan Byatha (Towards Kodipalya),13.20038,77.48634,,nan
Bethan Byatha,nan,BTN,31974,Bethan Byatha (Towards Byatha),13.1901,77.48136,,nan
Bethanagere,nan,BTNGR,39722,Bethanagere (Towards Doddipalya),13.11428,77.41015,,nan
Bethimgere,nan,BTMG1,29904,Bethimgere (Towards Mallathahalli (Dodderi)),12.85694,77.36489,,nan
Bethimgere Cross,nan,BTMGC,31977,Bethimgere Cross (Towards Ganakal),12.86708,77.36815,,nan
Bethimgere Cross,nan,BTMGC,31978,Bethimgere Cross (Towards Hejjala),12.86714,77.36812,,nan
Bethimgere Gate,nan,BTMG3,39182,Bethimgere Gate (Towards Kurubara Karenahalli),12.8547,77.36541,,nan
Bettadasanapura,nan,BTDPR,24289,Bettadasanapura (Towards Electronic City),12.84157,77.63177,,nan
Bettadasanapura,nan,BTDPR,24347,Bettadasanapura (Towards Mylasandra),12.84158,77.63194,,nan
Bettahalasuru Circle,nan,BHLC7,29910,Bettahalasuru Circle (Towards Bettahalasuru Cross),13.16112,77.61103,,nan
Bettahalasuru Circle,nan,BHLC7,31980,Bettahalasuru Circle (Towards Kuduregere Colony),13.16108,77.61102,,nan
Bettahalasuru Cross,nan,BTHC,29914,Bettahalasuru Cross (Towards Yalahanka),13.15656,77.62358,,nan
Bettahalasuru Cross,nan,BTHC,31981,Bettahalasuru Cross (Towards Devanahalli),13.1571,77.62336,,nan
Bettahalasuru Cross,nan,BTHC,31983,Bettahalasuru Cross (Towards SMVIT College),13.15676,77.62261,,nan
Bettahalasuru Cross FLY,nan,BTLSUR,39282,Bettahalasuru Cross FLY (Towards Kempegowda International Airport),13.15666,77.6232,,nan
Bettahalasuru Cross FLY,nan,BTLSUR,39283,Bettahalasuru Cross FLY (Towards Hebbala),13.15679,77.62352,,nan
Bettahalasuru Hospital,nan,BTHLS,29917,Bettahalasuru Hospital (Towards Yalahanka),13.15922,77.61154,,nan
Bettahalasuru Hospital,nan,BTHLS,31984,Bettahalasuru Hospital (Towards Tharahunase),13.15926,77.61143,,nan
Bettahalasuru Village,nan,BHRV,29919,Bettahalasuru Village (Towards Kuduregere Colony),13.16278,77.60861,,nan
Bettahalasuru Village,nan,BHRV,31986,Bettahalasuru Village (Towards Bettahalasuru),13.16285,77.60857,,nan
Bettahalli,nan,BTH13,31988,Bettahalli (Towards Bettahalli Colony),13.01679,77.4373,,nan
Bettahalli,nan,BTHL,29925,Bettahalli (Towards Railway Gollahalli),13.16378,77.38642,,nan
Bettahalli,nan,BTHL,31991,Bettahalli (Towards Byranayakanahalli),13.16372,77.38641,,nan
Bettahalli Colony,nan,BTHC8,29929,Bettahalli Colony (Towards Vajrakattepalya),13.1621,77.38436,,nan
Bettahalli Colony,nan,BTHC8,31993,Bettahalli Colony (Towards Bolamaranahalli),13.16215,77.38433,,nan
Bettahalli Colony,nan,BTLCS,31992,Bettahalli Colony (Towards Bayyandahalli),13.01528,77.4433,,nan
Bettahalli Colony,nan,BTLCS,31994,Bettahalli Colony (Towards Vaddarahalli Cross),13.0153,77.44325,,nan
Bettahalli Cross,nan,BTHC13,29931,Bettahalli Cross (Towards Bayyandahalli),13.00816,77.43478,,nan
Bettahalli Cross,nan,BTHC13,31995,Bettahalli Cross (Towards Kittanahalli),13.00812,77.43482,,nan
Bettahalli Gate,nan,BTHGT,29935,Bettahalli Gate (Towards Vijayapura),13.19322,77.81314,,nan
Bettahalli Gate,nan,BTHGT,31997,Bettahalli Gate (Towards Sulibele),13.19319,77.81317,,nan
Bettahalli Kaval,nan,BTKVL,29937,Bettahalli Kaval (Towards Kaggalahalli),12.73521,77.50922,,nan
Bettahalli Kaval,nan,BTKVL,31999,Bettahalli Kaval (Towards Mukkodlu),12.73518,77.50918,,nan
Bettahalli Layout,nan,BETHLI,21749,Bettahalli Layout (Towards Chikka Bettahalli),13.0923,77.55954,,nan
Bettahalli Layout,nan,BETHLI,21750,Bettahalli Layout (Towards Attur Layout),13.09242,77.55946,,nan
Bettahallipalya,nan,BTHP,29939,Bettahallipalya (Towards Railway Gollahalli),13.16176,77.39286,,nan
Bettahallipalya,nan,BTHP,32000,Bettahallipalya (Towards Byranayakanahalli),13.16168,77.39285,,nan
Bettakote,nan,BTKOT,29943,Bettakote (Towards Devanahalli),13.20268,77.72924,,nan
Bettakote,nan,BTKOT1,32002,Bettakote (Towards Reddahalli/Manchappanahalli Gate),13.19941,77.73925,,nan
Bettanahalli Site,nan,BTNH,29947,Bettanahalli Site (Towards Aradeshanahalli),13.21008,77.58793,,nan
Bettanahalli Site,nan,BTNH,32004,Bettanahalli Site (Towards Bettanahalli),13.21012,77.58795,,nan
Bettanapalya,nan,BTNPL,29949,Bettanapalya (Towards New Byrohalli),12.91203,77.44326,,nan
Bettanapalya,nan,BTNPL,32005,Bettanapalya (Towards Krishana Temple),12.91199,77.44322,,nan
Bettenahalli,nan,BTNH,29951,Bettenahalli (Towards Bettanahalli),13.20839,77.58908,,nan
Bettenahalli,nan,BTNH1,32006,Bettenahalli (Towards Aradeshanahalli),13.20836,77.58899,,nan
Bevinamara Kannamangala,nan,BVM,21751,Bevinamara Kannamangala (Towards Hosakote),13.02801,77.76027,,nan
Bevinamara Kannamangala,nan,BVM,21752,Bevinamara Kannamangala (Towards Kadugodi Bus Station ),13.02809,77.76037,,nan
Bhadra Block,nan,BDRBK1,39561,Bhadra Block (Towards Mylasandra),12.84564,77.62972,,nan
Bhadra Block,nan,BDRBK1,39562,Bhadra Block (Towards Tuguru Cross),12.84567,77.62978,,nan
Bhadrappa Layout,nan,BDPL2,20659,Bhadrappa Layout (Towards BEL Circle),13.0472,77.57339,,nan
Bhadrappa Layout,nan,BDPL2,20660,Bhadrappa Layout (Towards Hebbala),13.04759,77.57596,,nan
Bhagwan Mahaveer Jain Hospital,nan,BMJH,38454,Bhagwan Mahaveer Jain Hospital (Towards Vasantanagara),12.99059,77.59596,,nan
Bhagya Nagara,nan,BGYNG,29970,Bhagya Nagara (Towards Jambusavari Dinne),12.86083,77.58545,,nan
Bhagya Nagara,nan,BGYNG,35342,Bhagya Nagara (Towards Gottigere),12.86089,77.58544,,nan
Bhaktharahalli,nan,BKTRHI,32017,Bhaktharahalli (Towards Bhaktharahalli Road),13.02193,77.79627,,nan
Bhaktharahalli,nan,BKTRHI,32018,Bhaktharahalli (Towards Kodihalli),13.02196,77.79627,,nan
Bhaktharahalli,nan,BKTRHI,32019,Bhaktharahalli (Towards Mallasandra),13.02044,77.79462,,nan
Bhaktharahalli Cross,nan,BKTH,29978,Bhaktharahalli Cross (Towards Mallasandra),13.01851,77.78448,,nan
Bhaktharahalli Cross,nan,BKTH,32020,Bhaktharahalli Cross (Towards Hoskote),13.01852,77.78438,,nan
Bhakthi Yoga Ashrama,nan,BKTY,29980,Bhakthi Yoga Ashrama (Towards B Channasandra),13.02256,77.68928,,nan
Bhakthi Yoga Ashrama,nan,BKTY,32021,Bhakthi Yoga Ashrama (Towards Anandapura Circle),13.02262,77.6893,,nan
Bhakthipura Cross,nan,BKTRC,29983,Bhakthipura Cross (Towards Harohalli),12.75734,77.76184,,nan
Bhakthipura Cross,nan,BKTRC,32022,Bhakthipura Cross (Towards Arehalli),12.75736,77.7618,,nan
Bhantaraguppe,nan,TCH,29985,Bhantaraguppe (Towards Belagumba),12.98787,77.27363,,nan
Bhantaraguppe,nan,TCH,32023,Bhantaraguppe (Towards Thagachakuppe),12.98786,77.27372,,nan
Bharath Nagara 1st Phase,nan,BTS1,29990,Bharath Nagara 1st Phase (Towards Anjananagara),12.98118,77.48508,,nan
Bharath Nagara 1st Phase,nan,BTS1,35251,Bharath Nagara 1st Phase (Towards Bharath Nagara 2nd Phase),12.98117,77.48513,,nan
Bharath Nagara 2nd Stage,nan,BRT2,23988,Bharath Nagara 2nd Stage (Towards Bharath Nagara 2nd Stage),12.97866,77.47789,,nan
Bharath Nagara 2nd Stage,nan,BRT2,24292,Bharath Nagara 2nd Stage (Towards Manjunatha Nagara),12.97868,77.47781,,nan
Bharath Petrol Bunk Thyamagondlu,nan,BRTPB,36068,Bharath Petrol Bunk Thyamagondlu (Towards Dabaspet),13.21928,77.29097,,nan
Bharathi Nagara,nan,BHTNL,29992,Bharathi Nagara (Towards Devanahalli),13.1374,77.61746,,nan
Bharathi Nagara,nan,BHTNL,32026,Bharathi Nagara (Towards Yalahanka),13.13752,77.61764,,nan
Bharathi Nursing Home Jayanagara,nan,CSBHRTNGHOME,29994,Bharathi Nursing Home Jayanagara (Towards Nagasandra Circle),12.93682,77.57395,,nan
Bharathi Nursing Home Jayanagara,nan,CSBHRTNGHOME,32027,Bharathi Nursing Home Jayanagara (Towards Jayanagara 4th Block),12.93691,77.57402,,nan
Bharathnagara Sunkadakatte,nan,BHRSUNKATEEE,29996,Bharathnagara Sunkadakatte (Towards Muneshwara Temple),12.97958,77.50203,,nan
Bharathnagara Sunkadakatte,nan,BHRSUNKATEEE,32028,Bharathnagara Sunkadakatte (Towards Srigandha Kaval),12.97957,77.50205,,nan
Bhattarahalli,nan,BTH,21755,Bhattarahalli (Towards Kempegowda Bus Station),13.01951,77.70898,,nan
Bhattarahalli,nan,BTH,21756,Bhattarahalli (Towards Hoskote),13.02046,77.70985,,nan
Bhattarahalli,nan,BTH-1,38686,Bhattarahalli (Towards Seegehalli Circle),13.01892,77.70878,,nan
Bhattarahalli Bank Of India,nan,BTH-1,26700,Bhattarahalli Bank Of India (Towards Last stop),13.01521,77.70947,,nan
Bhattarahalli Cross,nan,BHTCS,29998,Bhattarahalli Cross (Towards Bhattarahalli),13.01618,77.70932,,nan
Bhattarahalli Cross,nan,BHTCS,32029,Bhattarahalli Cross (Towards Seegehalli),13.01616,77.70931,,nan
Bhavani Nagara 2nd Stage,nan,BHNS1,30000,Bhavani Nagara 2nd Stage (Towards Bhavani Nagara 2nd Stage),12.96316,77.48186,,nan
Bhavani Nagara 2nd Stage,nan,BHNS1,32030,Bhavani Nagara 2nd Stage (Towards Upkar Residency Layout),12.96323,77.48182,,nan
Bhavani Nagara 2nd Stage Cross,nan,BHNS1,30002,Bhavani Nagara 2nd Stage Cross (Towards Univarsity Quatres),12.96072,77.48821,,nan
Bhavani Nagara 2nd Stage Cross,nan,BHNS1,32031,Bhavani Nagara 2nd Stage Cross (Towards Upkar Residency Layout),12.96075,77.48813,,nan
Bhavapura,nan,BHPR,30004,Bhavapura (Towards Bavapura),13.18427,77.8704,,nan
Bheemajyothi Nagara Shankara Mutt,nan,BJN,30006,Bheemajyothi Nagara Shankara Mutt (Towards Kurubarahalli),13.00219,77.54073,,nan
Bheemajyothi Nagara Shankara Mutt,nan,BJN,32033,Bheemajyothi Nagara Shankara Mutt (Towards Rajajinagara 1st Block),13.00257,77.54096,,nan
Bheemanakuppe,nan,BMNKP,30008,Bheemanakuppe (Towards Gerupalya),12.90401,77.43857,,nan
Bheemanakuppe,nan,BMNKP,32034,Bheemanakuppe (Towards Bettanapalya),12.904,77.43843,,nan
Bheemanakuppe Cross,nan,BMNKPC1,30010,Bheemanakuppe Cross (Towards Bheemanakuppe),12.89482,77.43661,,nan
Bheemanakuppe Cross,nan,BMNKPC1,32035,Bheemanakuppe Cross (Towards Gerupalya),12.8949,77.43669,,nan
Bheemanakuppe Sri Krishna Mandira,nan,nan,39691,Bheemanakuppe Sri Krishna Mandira (Towards Ramohalli),12.91203,77.43711,,nan
Bhimakanahalli Gate,nan,BMKH,30027,Bhimakanahalli Gate (Towards Hoskote),13.13531,77.85597,,nan
Bhimakanahalli Gate,nan,BMKH,32043,Bhimakanahalli Gate (Towards H Cross),13.13529,77.85584,,nan
Bhodhana Hosahalli,nan,BOH,21759,Bhodhana Hosahalli (Towards Chikka Thirupathi),12.97886,77.80248,,nan
Bhodhana Hosahalli,nan,BOH,21760,Bhodhana Hosahalli (Towards Hope Farm),12.97884,77.80247,,nan
Bhoganahalli,nan,BGH5,23511,Bhoganahalli (Towards Boganahalli),12.92644,77.70108,,nan
Bhokipura,nan,BKRP,30029,Bhokipura (Towards Thokathimmana Doddy Cross),12.73601,77.47455,,nan
Bhokipura,nan,BKRP,32044,Bhokipura (Towards Bhokipura),12.73597,77.47426,,nan
Bhoopasandra,nan,BOPSDST,20665,Bhoopasandra (Towards NagaShetty halli),13.04244,77.58086,,nan
Bhoopasandra,nan,BOPSDST,20666,Bhoopasandra (Towards Hebbala),13.04247,77.5808,,nan
Bhoopasandra Ayyappa Bakery,nan,AYPB1,20667,Bhoopasandra Ayyappa Bakery (Towards Ashwath Nagara),13.04265,77.57712,,nan
Bhoopasandra Ayyappa Bakery,nan,AYPB1,20668,Bhoopasandra Ayyappa Bakery (Towards Bhoopasandra),13.04271,77.57711,,nan
Bhovipalya,nan,BHP1,30034,Bhovipalya (Towards Navarathna Agrahara),13.20209,77.62376,,nan
Bhovipalya,nan,BPL2,32046,Bhovipalya (Towards Sadahalli Gate),13.20166,77.64511,,nan
Bhovipalya,nan,BVP1,32047,Bhovipalya (Towards Nagamangala),13.20163,77.64509,,nan
Bhovipalya,nan,BVPPY2,35148,Bhovipalya (Towards Kothaganahalli),12.8935,77.79742,,nan
Bhovipalya,nan,BVPPY2,35257,Bhovipalya (Towards Kamanahalli),12.89336,77.79745,,nan
Bhuvanahalli,nan,BVH4,30039,Bhuvanahalli (Towards Yalahanka),13.21787,77.68187,,nan
Bhuvanahalli,nan,BVH4,32048,Bhuvanahalli (Towards Doddasanne),13.21793,77.68191,,nan
Bhuvanahalli,nan,BVP,32049,Bhuvanahalli (Towards Hosadimbahalli),13.18519,77.86161,,nan
Bhuvanahalli,nan,BVP,32050,Bhuvanahalli (Towards T Agrahara),13.18513,77.86161,,nan
Bhuvanahalli Gate,nan,BVHGD,30042,Bhuvanahalli Gate (Towards Yalahanka),13.21859,77.6798,,nan
Bhuvanahalli Gate,nan,BVHGD,32051,Bhuvanahalli Gate (Towards Devanahalli),13.2187,77.67964,,nan
Bhuvaneshwari Nagara,nan,BNSG11,32055,Bhuvaneshwari Nagara (Towards Katriguppe),12.92295,77.54897,,nan
Bhuvaneshwari Nagara,nan,BNSG11,32056,Bhuvaneshwari Nagara (Towards Bhuvaneshwari Nagara Mahalakshmi Temple),12.92298,77.54904,,nan
Bhuvaneshwari Nagara,nan,BNSVNR2,30048,Bhuvaneshwari Nagara (Towards Thippenahalli),13.03713,77.49131,,nan
Bhuvaneshwari Nagara,nan,BNSVNR2,32053,Bhuvaneshwari Nagara (Towards Doddabidarakallu),13.03719,77.4913,,nan
Bhuvaneshwari Nagara,nan,BVN,32057,Bhuvaneshwari Nagara (Towards Manjushree Hospital),13.0322,77.60479,,nan
Bhuvaneshwari Nagara,nan,BVNR,32054,Bhuvaneshwari Nagara (Towards Kanakanagara),13.03219,77.60473,,nan
Bhuvaneshwari Nagara 1st Stage,nan,BVN1st,30050,Bhuvaneshwari Nagara 1st Stage (Towards Kenchanapura Cross),12.9423,77.4903,,nan
Bhuvaneshwari Nagara 1st Stage,nan,BVN1st,32058,Bhuvaneshwari Nagara 1st Stage (Towards Dodda Basti),12.94225,77.49036,,nan
Bhuvaneshwari Nagara 2nd Stage,nan,BVN2nds,30052,Bhuvaneshwari Nagara 2nd Stage (Towards Kenchanapura Cross),12.94259,77.48713,,nan
Bhuvaneshwari Nagara 2nd Stage,nan,BVN2nds,32059,Bhuvaneshwari Nagara 2nd Stage (Towards Dodda Basti),12.94262,77.48728,,nan
Bhuvaneshwari Nagara Mahalakshmi Temple,nan,BNSG11,30053,Bhuvaneshwari Nagara Mahalakshmi Temple (Towards Last Stop),12.92191,77.55084,,nan
Bhuvaneshwari Nagara Mahalakshmi Temple,nan,BNSG11,39619,Bhuvaneshwari Nagara Mahalakshmi Temple (Towards Bhuvaneshwari Nagara),12.92197,77.55084,,nan
Bhuvaneshwari Petrol Bunk,nan,BVPB,30055,Bhuvaneshwari Petrol Bunk (Towards Nelamangala),13.1392,77.35126,,nan
Bhuvaneshwari Petrol Bunk,nan,BVPB,32060,Bhuvaneshwari Petrol Bunk (Towards T Begur),13.13876,77.35144,,nan
Bible College Byrathi,nan,BIBC,21761,Bible College Byrathi (Towards Bagaluru),13.07137,77.6514,,nan
Bible College Byrathi,nan,BIBC,21762,Bible College Byrathi (Towards Hennur Junction),13.07145,77.65159,,nan
Bidadi,nan,BDD,21465,Bidadi (Towards Departure),12.79678,77.38496,,nan
Bidadi,nan,BDD,35913,Bidadi (Towards Arrival),12.7969,77.38458,,nan
Bidadi Railway Station,nan,BDDRS1,21466,Bidadi Railway Station (Towards Bidadi),12.79973,77.39107,,nan
Bidadi Railway Station,nan,BDDRS1,21467,Bidadi Railway Station (Towards Kengeri),12.79976,77.39082,,nan
Bidalapura,nan,BDPR,30059,Bidalapura (Towards Sulibele),13.18779,77.7708,,nan
Bidalapura,nan,BDPR,32062,Bidalapura (Towards Budigere),13.1877,77.7706,,nan
Bidalapura Cross,nan,BDPC-2,32064,Bidalapura Cross (Towards Devanahalli),13.19664,77.77773,,nan
Bidalapura Cross,nan,BDPCS11,32063,Bidalapura Cross (Towards Budigere),13.18948,77.76207,,nan
Bidalapura Cross,nan,BDPCS11,32065,Bidalapura Cross (Towards Doddanalluru),13.18947,77.76203,,nan
Bidaragere,nan,BRDGR,30064,Bidaragere (Towards Samanduru),12.71566,77.72302,,nan
Bidaraguppe,nan,BDGP1,32066,Bidaraguppe (Towards Arenur),12.80605,77.7833,,nan
Bidaraguppe,nan,BDGP2,21764,Bidaraguppe (Towards Sarjapura),12.8059,77.78355,,nan
Bidaraguppe,nan,BDGP2,21765,Bidaraguppe (Towards Attibele),12.80593,77.7836,,nan
Bidarahalli,nan,DDMRI1,25040,Bidarahalli (Towards Avalahalli),13.06538,77.71704,,nan
Bidarahalli,nan,DDMRI1,32512,Bidarahalli (Towards Marasandra),13.06538,77.717,,nan
Bidarahalli Cross,nan,BDRCS,30069,Bidarahalli Cross (Towards Bidarahalli),13.05703,77.71504,,nan
Bidarahalli Cross,nan,BDRCS,32069,Bidarahalli Cross (Towards Avalahalli Hosakote),13.05694,77.71522,,nan
Bidarahalli Cross,nan,BDRCS,32070,Bidarahalli Cross (Towards Rampura),13.05684,77.715,,nan
Bidarahalli Dargah,nan,BDHD,38746,Bidarahalli Dargah (Towards Last Stop),13.06834,77.70807,,nan
Bidarahalli School,nan,BDHI,32067,Bidarahalli School (Towards Gunduru),13.06012,77.71622,,nan
Bidarahalli School,nan,BDHI,32068,Bidarahalli School (Towards Avalahalli),13.06013,77.71626,,nan
Bidiganahalli Cross,nan,BDGHC,21767,Bidiganahalli Cross (Towards Channarayapatna),13.25654,77.80487,,nan
Bidiganahalli Cross,nan,BDGHC,30077,Bidiganahalli Cross (Towards Vijayapura),13.25652,77.80481,,nan
Big Bazzar ITPL,nan,BBZ,20670,Big Bazzar ITPL (Towards Hope Farm),12.98823,77.73197,,nan
Big Bazzar ITPL,nan,BBZ,21768,Big Bazzar ITPL (Towards Kempegowda Bus Station),12.98827,77.73061,,nan
Big Bazzar ITPL,nan,KJURYHVNGK,20669,Big Bazzar ITPL (Towards Sri Sathya Sai Hospital),12.98795,77.7318,,nan
Bikashipura,nan,BKPR,24352,Bikashipura (Towards ISRO Layout ),12.89807,77.55757,,nan
Bikashipura,nan,BKPR,35405,Bikashipura (Towards Vasanthapura ),12.89818,77.55768,,nan
Bikkana Hosahalli,nan,BKHS,30085,Bikkana Hosahalli (Towards Chikka Thimmasandra),12.84756,77.76375,,nan
Bikkana Hosahalli,nan,BKHS,32076,Bikkana Hosahalli (Towards Sompura Gate),12.84759,77.7637,,nan
Bikkanahalli,nan,BKHLLI,30087,Bikkanahalli (Towards Sollepura),12.83672,77.76003,,nan
Bikkanahalli,nan,BKHLLI,32077,Bikkanahalli (Towards Kuthaganahalli),12.83667,77.75999,,nan
Bikkanahalli Junction,nan,Jn OF BKHL,22110,Bikkanahalli Junction (Towards Attibele),12.85356,77.78255,,nan
Bikkanahalli Junction,nan,Jn OF BKHL,22111,Bikkanahalli Junction (Towards Sarjapura),12.85363,77.7824,,nan
Bilanganakuppe Cross,nan,BGKP2,39944,Bilanganakuppe Cross (Towards Harohalli),12.67586,77.55526,,nan
Bilanganakuppe Cross,nan,BGKP2,39945,Bilanganakuppe Cross (Towards Thattekere),12.6759,77.5553,,nan
Bilavaradahalli,nan,BLVRDHLI,23740,Bilavaradahalli (Towards Shanubhoganahalli),12.83617,77.57681,,nan
Bilavaradahalli,nan,BLVRDHLI,23858,Bilavaradahalli (Towards Koli Farm Gate),12.83621,77.57675,,nan
Bilavaradahalli Cross,nan,BLWGT,30092,Bilavaradahalli Cross (Towards Kaggalipura),12.8224,77.57236,,nan
Bilavaradahalli Cross,nan,BLWGT,32079,Bilavaradahalli Cross (Towards Bannerughatta),12.82245,77.57234,,nan
Bilekahalli,nan,BLKLLI,23577,Bilekahalli (Towards IIBM Stop),12.90079,77.60112,,nan
Bilekahalli,nan,BLKLLI,23871,Bilekahalli (Towards JP Nagara 3rd Phase),12.90051,77.6009,,nan
Bileshivale,nan,BLSV,32082,Bileshivale (Towards Rampura),13.05454,77.67093,,nan
Bileshivale,nan,BLSV,32083,Bileshivale (Towards Byrathi Cross),13.05448,77.67085,,nan
Bileshivale,nan,BSL,30099,Bileshivale (Towards Dodda Gubbi),13.05459,77.67085,,nan
Bilijaji,nan,BLJJ1,30101,Bilijaji (Towards Govindapura),13.12638,77.47337,,nan
Bilijaji Cross,nan,BLJAJ,30103,Bilijaji Cross (Towards Hesaraghatta),13.12583,77.47565,,nan
Bilikallu,nan,BLKL12,23990,Bilikallu (Towards Hullalu Satellite Town),12.97515,77.47996,,nan
Bilikallu,nan,BLKL12,24290,Bilikallu (Towards Byadarahalli),12.97511,77.47988,,nan
Billa Kempanahalli,nan,BKH2,30104,Billa Kempanahalli (Towards Billa Kempanahalli),12.81039,77.40634,,nan
Billa Kempanahalli Gate,nan,BKH,21468,Billa Kempanahalli Gate (Towards Bidadi),12.81212,77.40408,,nan
Billa Kempanahalli Gate,nan,BKH,21469,Billa Kempanahalli Gate (Towards Kengeri),12.81204,77.40384,,nan
Billamaranahalli,nan,BLMNH,30106,Billamaranahalli (Towards Bagaluru Cross),13.15061,77.63804,,nan
Billamaranahalli,nan,BLMNH,32086,Billamaranahalli (Towards Vasantavihar Colony Billamaranahalli),13.15063,77.63794,,nan
Billapura,nan,BLPR1,21770,Billapura (Towards Attibele),12.83768,77.78504,,nan
Billapura,nan,BLPR1,21771,Billapura (Towards Sarjapura),12.83742,77.785,,nan
Billinakote,nan,BLKTE,30090,Billinakote (Towards T Begur),13.19801,77.27191,,nan
Billinakote,nan,BLKTE,32078,Billinakote (Towards Dabaspete),13.19776,77.27177,,nan
Bingipura,nan,BNGP,30107,Bingipura (Towards Podu Cross),12.8257,77.63222,,nan
Bingipura,nan,BNGP,35217,Bingipura (Towards Bingipura Cross),12.82575,77.6324,,nan
Bingipura Cross,nan,HLLC,24147,Bingipura Cross (Towards Koppa),12.82587,77.62304,,nan
Bingipura Cross,nan,HULM1,24337,Bingipura Cross (Towards Jally Machine),12.82578,77.62297,,nan
Binnamangala,nan,BNM,20671,Binnamangala (Towards Kempegowda Bus Station),12.98384,77.64002,,nan
Binnamangala,nan,BNM,20672,Binnamangala (Towards Tin Factory),12.98331,77.63834,,nan
Binnamangala,nan,BNMG,21774,Binnamangala (Towards Jalahalli Cross),13.08745,77.41256,,nan
Binnamangala,nan,BNMG,30108,Binnamangala (Towards Nelamangala),13.08744,77.41242,,nan
Binnamangala,nan,BNML5,21772,Binnamangala (Towards Indira Nagara),12.9835,77.64067,,nan
Binnamangala,nan,BNML5,35957,Binnamangala (Towards Sir MV Railway  Station),12.98368,77.64049,,nan
Binnamangala Gokare,nan,KNGGK,36673,Binnamangala Gokare (Towards Channarayapatna),13.25365,77.74268,,nan
Binnamangala Gokare,nan,KNGGK,36674,Binnamangala Gokare (Towards Devanahalli),13.25355,77.74266,,nan
Binny MIll,nan,BNYM,20673,Binny MIll (Towards Kempegowda Bus Station),12.9653,77.56817,,nan
Binny Mill,nan,BNYML,21470,Binny Mill (Towards Sirsi Circle),12.97036,77.56621,,nan
Binny Mill,nan,BNYML,21471,Binny Mill (Towards Magadi Road),12.9706,77.5662,,nan
Binnypet,nan,BNIPT,21472,Binnypet (Towards Sirsi Circle),12.96448,77.56171,,nan
Binnypet,nan,BNIPT,21473,Binnypet (Towards Magadi Road),12.96468,77.56176,,nan
Biocon Hebbagodi Metro Station,nan,BIOCMS,39869,Biocon Hebbagodi Metro Station (Towards Madivala),12.82899,77.68148,,nan
Biocon Jigani Road,nan,DRNG,23878,Biocon Jigani Road (Towards APC Circle),12.80525,77.66309,,nan
Biocon Jigani Road,nan,DRNG,23887,Biocon Jigani Road (Towards Bommasandra),12.80552,77.66296,,nan
Birla Circle Haralur Road,nan,BRLA,30110,Birla Circle Haralur Road (Towards Ring Road),12.8942,77.6571,,nan
Birla Circle Haralur Road,nan,BRLA,40491,Birla Circle Haralur Road (Towards Hosa Road),12.89416,77.65715,,nan
Bisanahalli,nan,BSH1,30114,Bisanahalli (Towards Mallayappanahalli),13.15092,77.88987,,nan
Bisanahalli,nan,BSH1,32088,Bisanahalli (Towards Ganjalahalli),13.15104,77.88996,,nan
Bisanahalli,nan,BSHI12,32089,Bisanahalli (Towards Makanahalli),13.00891,77.81306,,nan
Bisanahalli,nan,BSHI12,32090,Bisanahalli (Towards Mallasandra),13.00884,77.81304,,nan
Bisanahalli Cross,nan,BSHCS1,30116,Bisanahalli Cross (Towards Makanahalli),13.00916,77.81418,,nan
Bisanahalli Cross,nan,BSHCS1,32091,Bisanahalli Cross (Towards Bisanahalli),13.00916,77.81419,,nan
Biscuits Factory,nan,BCF,32093,Biscuits Factory (Towards Makali),13.08217,77.44976,,nan
Biscuits Factory,nan,BCF,32094,Biscuits Factory (Towards Mattahalli),13.08213,77.44975,,nan
Biscuits Factory,nan,BSCTF,30120,Biscuits Factory (Towards Thirumashettahalli),12.989,77.8132,,nan
Biscuits Factory,nan,BSCTF,32092,Biscuits Factory (Towards Devalapura Circle),12.98905,77.81322,,nan
Bishop Coton Girls High School,nan,STPC,36208,Bishop Coton Girls High School (Towards Halasuru),12.96889,77.6014,,nan
Biskur,nan,BSKR,32095,Biskur (Towards Biskur),13.08712,77.14181,,nan
Bittasandra,nan,BTSD1,32097,Bittasandra (Towards Kuppemala),13.10752,77.28669,,nan
Bittasandra,nan,BTSD1,32098,Bittasandra (Towards Narasapura),13.10747,77.2867,,nan
Bittasandra Colony,nan,BTSC,30129,Bittasandra Colony (Towards Kuppemala),13.10588,77.29434,,nan
Bittasandra Colony,nan,BTSC,32099,Bittasandra Colony (Towards Bittasandra),13.10583,77.29431,,nan
Bloom Field Garden,nan,BFG1,36486,Bloom Field Garden (Towards Vidyaranyapura),13.06557,77.55318,,nan
Bloom Field Garden,nan,BFG1,36487,Bloom Field Garden (Towards Ramachandrapura),13.06573,77.55331,,nan
Bodhanahosahalli Ayurvedic Hospital,nan,AYH,23236,Bodhanahosahalli Ayurvedic Hospital (Towards Tattanuru),12.96969,77.8004,,nan
Bodhanahosahalli Ayurvedic Hospital,nan,AYH,23569,Bodhanahosahalli Ayurvedic Hospital (Towards Bodana Hosahalli),12.96962,77.80022,,nan
Bolamaranahalli,nan,BMHL,30152,Bolamaranahalli (Towards Railway Gollahalli),13.15942,77.39788,,nan
Bolamaranahalli,nan,BMHL,32107,Bolamaranahalli (Towards Byranayakanahalli),13.15935,77.39782,,nan
Bolare,nan,BLRE,23552,Bolare (Towards Harohalli),12.75429,77.48468,,nan
Bolare,nan,BLRE,23625,Bolare (Towards Kaggalipura),12.75414,77.48453,,nan
Bombay Dyeing Yashwanthapura,nan,BMBD6,23335,Bombay Dyeing Yashwanthapura (Towards Mathikere),13.02492,77.55746,,nan
Bombay Dyeing Yashwanthapura,nan,BMBD6,24272,Bombay Dyeing Yashwanthapura (Towards Yashwanthapura TTMC),13.02493,77.55751,,nan
Bombay Estate Guruvanahalli,nan,BDYNG,30154,Bombay Estate Guruvanahalli (Towards Guruvanahalli Cross),13.05288,77.35565,,nan
Bombay Estate Guruvanahalli,nan,BDYNG,32108,Bombay Estate Guruvanahalli (Towards Gorinabele Cross),13.05285,77.35568,,nan
Bommachannahalli,nan,BMCH5,32109,Bommachannahalli (Towards Sugganahalli),12.80418,77.31468,,nan
Bommachannahalli,nan,BMCH5,38487,Bommachannahalli (Towards Katammana Doddy),12.80413,77.31467,,nan
Bommanabande,nan,BMBD1,30159,Bommanabande (Towards Makanahalli),13.01218,77.87175,,nan
Bommanabande,nan,BMBD1,32110,Bommanabande (Towards Kattigenahalli),13.01208,77.87171,,nan
Bommanahalli,nan,BMH2,20674,Bommanahalli (Towards Electronic City),12.90559,77.63003,,nan
Bommanahalli,nan,BMH2,20675,Bommanahalli (Towards Central Silk Board),12.90477,77.62999,,nan
Bommanahalli,nan,BMH2,35164,Bommanahalli (Towards Madivala),12.90696,77.6285,,nan
Bommanahalli,nan,BMH2,35221,Bommanahalli (Towards Beguru),12.90678,77.62847,,nan
Bommanahalli,nan,BMHN,30164,Bommanahalli (Towards T Begur),13.1213,77.36814,,nan
Bommanahalli,nan,BMHN,32113,Bommanahalli (Towards Nelamangala),13.12141,77.3683,,nan
Bommanahalli Fly Over,nan,BMH2,35780,Bommanahalli Fly Over (Towards Electronic City),12.90557,77.62985,,nan
Bommanahalli Fly Over,nan,BMH2,35782,Bommanahalli Fly Over (Towards Central Silk Board),12.90488,77.63017,,nan
Bommandahalli,nan,BOMDH,30167,Bommandahalli (Towards Aduru),12.75406,77.64278,,nan
Bommandahalli,nan,BOMDH,32115,Bommandahalli (Towards Konasandra Cross),12.75404,77.64274,,nan
Bommasandra,nan,BMS2,37910,Bommasandra (Towards BTL College),12.81893,77.68939,,nan
Bommasandra,nan,BMSA,21775,Bommasandra (Towards Chandapura),12.81869,77.68947,,nan
Bommasandra,nan,BMSA,21776,Bommasandra (Towards Electronic City),12.81932,77.68858,,nan
Bommasandra,nan,BMSA,23891,Bommasandra (Towards Jigani),12.81857,77.68864,,nan
Bommasandra,nan,BMSNDR,23875,Bommasandra (Towards Hebbagodi),12.82097,77.68687,,nan
Bommasandra Canara Bank,nan,BMSNDR,36711,Bommasandra Canara Bank (Towards Last Stop),12.82135,77.68772,,nan
Bommasandra Metro Station,nan,BMSA,39752,Bommasandra Metro Station (Towards Electronic city),12.81946,77.68835,,nan
Bommasandra Village,nan,BMSV,38655,Bommasandra Village (Towards Last Stop),12.8169,77.69891,,nan
Bommashettyhalli,nan,BSH5,32116,Bommashettyhalli (Towards BommaShettyhalli),13.1308,77.41895,,nan
Bommashettyhalli Cross,nan,BMSHC,30171,Bommashettyhalli Cross (Towards Mylanahalli),13.1258,77.41669,,nan
Bommashettyhalli Cross,nan,BMSHC,32117,Bommashettyhalli Cross (Towards Mattahalli),13.12583,77.41671,,nan
Bommawara,nan,BOMVR,30173,Bommawara (Towards Devanahalli),13.25405,77.67177,,nan
Bommawara,nan,BOMVR,32118,Bommawara (Towards Kundana),13.25397,77.67169,,nan
Bommawara Gate,nan,BMWRG,32119,Bommawara Gate (Towards Beerasandra),13.26488,77.68053,,nan
Bommawara Gate,nan,BMWRGT,30175,Bommawara Gate (Towards Devanahalli),13.26496,77.68047,,nan
Bommenahalli,nan,Bmh-3,30177,Bommenahalli (Towards Grandwell),13.07442,77.74688,,nan
Bommenahalli,nan,Bmh-3,32120,Bommenahalli (Towards Huskur),13.07449,77.7468,,nan
Bommenahalli Colony,nan,BMHC-1,30179,Bommenahalli Colony (Towards Grandwell),13.07128,77.74521,,nan
Bommenahalli Colony,nan,BMHC-1,32121,Bommenahalli Colony (Towards Bommanahalli),13.07103,77.74504,,nan
Bone Mill,nan,BNML1,20676,Bone Mill (Towards 8th Mile),13.06385,77.50508,,nan
Bone Mill,nan,BNML1,20677,Bone Mill (Towards Bagalagunte),13.06383,77.50494,,nan
Bone Mill,nan,BNML1,20678,Bone Mill (Towards Chikkabanavara),13.06385,77.50503,,nan
Book Factory Thanisandra,nan,BKFT,21777,Book Factory Thanisandra (Towards K Narayanapura Cross),13.06161,77.63322,,nan
Book Factory Thanisandra,nan,BKFT,21778,Book Factory Thanisandra (Towards Thanisandra),13.06161,77.63334,,nan
Boorugunte,nan,BORGT2,21779,Boorugunte (Towards Attibele),12.84214,77.78383,,nan
Boorugunte,nan,BORGT2,21780,Boorugunte (Towards Sarjapura),12.84205,77.78377,,nan
Boothanahalli,nan,BTNHLI,30239,Boothanahalli (Towards Bannerughatta),12.80447,77.5603,,nan
Boothanahalli,nan,BTNHLI,32149,Boothanahalli (Towards Kaggalipura),12.80452,77.56044,,nan
Boppanahalli Chikkapura,nan,BPHCKH1,38184,Boppanahalli Chikkapura (Towards Huralagere),12.99584,77.90308,,nan
Boppanahalli Chikkapura,nan,BPHCKH1,38185,Boppanahalli Chikkapura (Towards Lingadeera Mallsandra),12.99583,77.90307,,nan
Bordugallu,nan,BRDGL,30181,Bordugallu (Towards Belagumba),12.96819,77.28955,,nan
Bordugallu,nan,BRDGL,32122,Bordugallu (Towards Thagachakuppe),12.96825,77.28958,,nan
Borehalli,nan,BRHL10,30185,Borehalli (Towards Kaka Ramanahalli),12.84351,77.3581,,nan
Borehalli,nan,BRHL10,32124,Borehalli (Towards Ganakal),12.8435,77.35804,,nan
Born Babies,nan,BRNBB,38139,Born Babies (Towards Parangipalya),12.90929,77.63804,,nan
Born Babies,nan,BRNBBS,38138,Born Babies (Towards Mangammanapalya),12.90929,77.63806,,nan
Bosch Main Gate Bidadi,nan,BOSCH8,32125,Bosch Main Gate Bidadi (Towards Abbanakuppe),12.80023,77.42076,,nan
Bosch Main Gate Bidadi,nan,BOSCH9,30187,Bosch Main Gate Bidadi (Towards Kadumane Hotel),12.8002,77.42063,,nan
Brahma Devara Gudda,nan,BDRBT,30192,Brahma Devara Gudda (Towards Brahma Devara Gudda),12.96334,77.47212,,nan
Brigade Meadows Kanakapura Road,nan,BMDWK,36502,Brigade Meadows Kanakapura Road (Towards Last Stop),12.81429,77.50677,,nan
Brigade Meadows Kanakapura Road,nan,UP,36503,Brigade Meadows Kanakapura Road (Towards Uadayapalya),12.81437,77.5068,,nan
Brigade Omega Apartment,nan,BOA,30200,Brigade Omega Apartment (Towards Kengeri),12.89286,77.52894,,nan
Brigade Omega Apartment,nan,BOA,32130,Brigade Omega Apartment (Towards Gubbalala Gate),12.89301,77.52884,,nan
Brigade Palm Springs,nan,BPS5,38509,Brigade Palm Springs (Towards JPN 15th Cross),12.89514,77.58613,,nan
Brigade Palm Springs,nan,BPS5,38512,Brigade Palm Springs (Towards Brigade Millenium),12.89508,77.58628,,nan
Brigade Road,nan,OPRBT,23657,Brigade Road (Towards Adugodi),12.97145,77.60675,,nan
Bristol Quarters,nan,BRSQ,23431,Bristol Quarters (Towards Nagavarapalya),12.98855,77.66239,,nan
Broad Casting Compound Kadanur,nan,BCC,30202,Broad Casting Compound Kadanur (Towards Aralumallige),13.25794,77.489,,nan
Broad Casting Compound Kadanur,nan,BCC,32131,Broad Casting Compound Kadanur (Towards Kadanuru),13.25791,77.48905,,nan
Brooke Bond,nan,BRKBND,21783,Brooke Bond (Towards Varthuru),12.96454,77.74869,,nan
Brooke Bond,nan,BRKBND,21784,Brooke Bond (Towards Hope Farm),12.96392,77.74833,,nan
Brundavana Badavane,nan,BDNB,39082,Brundavana Badavane (Towards Attibele),12.72147,77.71776,,nan
Brundavana Badavane,nan,BDNB,39083,Brundavana Badavane (Towards Anekal),12.72147,77.71783,,nan
Brundavana Nagara,nan,BRNDN,20682,Brundavana Nagara (Towards TR Mill),12.95049,77.55553,,nan
Brundavana Nagara,nan,BRNDN,20683,Brundavana Nagara (Towards Kempegowda Nagara),12.95042,77.5555,,nan
Brundavana Peenya,nan,BNDVN,20684,Brundavana Peenya (Towards Jalahalli Cross),13.02031,77.50805,,nan
Brundavana Peenya,nan,BNDVN,20685,Brundavana Peenya (Towards Peenya 2nd Stage),13.0204,77.50822,,nan
Brundavana School Maralawadi,nan,BSMRWD,30206,Brundavana School Maralawadi (Towards Harohalli),12.61755,77.52121,,nan
Brundavana School Maralawadi,nan,BSMRWD,32133,Brundavana School Maralawadi (Towards Maralawadi),12.61763,77.52116,,nan
Brundavana Vaddarahalli,nan,vdrng,30208,Brundavana Vaddarahalli (Towards Kamadhenu Kshetra),13.024,77.44946,,nan
Budigere,nan,BUDIG,21788,Budigere (Towards Budigere Cross),13.13511,77.74756,,nan
Budigere,nan,BUDIG,30214,Budigere (Towards Devanahalli),13.13512,77.74753,,nan
Budigere Cross,nan,BDC-1,21790,Budigere Cross (Towards Kempegowda Bus Station),13.04603,77.75054,,nan
Budigere Cross,nan,BDC-1,21791,Budigere Cross (Towards Hoskote),13.04651,77.75054,,nan
Budigere Cross,nan,BDC-1,36723,Budigere Cross (Towards Budigere),13.04651,77.75021,,nan
Budihal,nan,BDHLV,32138,Budihal (Towards Budihal Gate),13.13495,77.3622,,nan
Budihal Gate,nan,BDHL,30224,Budihal Gate (Towards T Begur),13.13108,77.35881,,nan
Budihal Gate,nan,BDHL,32143,Budihal Gate (Towards Nelamangala),13.13119,77.35895,,nan
Budihal Gate,nan,BOODGT,32141,Budihal Gate (Towards Air Lines Dabha Gate),13.22448,77.73872,,nan
Budihal Gate,nan,BOODGT,32142,Budihal Gate (Towards Devanahalli),13.22417,77.73861,,nan
Budumanahalli,nan,BDMHL,30226,Budumanahalli (Towards Budumanahalli),13.19088,77.52794,,nan
Budumanahalli,nan,BDMHL,32144,Budumanahalli (Towards Rajanukunte),13.19091,77.52791,,nan
Budumanahalli Cross,nan,BDMHC1,30228,Budumanahalli Cross (Towards Budumanahalli),13.18592,77.54021,,nan
Budumanahalli Cross,nan,BDMHC1,32145,Budumanahalli Cross (Towards Rajanukunte),13.186,77.54023,,nan
Bukkasagara,nan,BKSBBS,30230,Bukkasagara (Towards Harappanahalli),12.77898,77.61961,,nan
Bukkasagara,nan,BKSBBS,32146,Bukkasagara (Towards Mahanthalingapura),12.77881,77.61964,,nan
Bull Temple,nan,BLTMPL,30231,Bull Temple (Towards Hanumantha Nagara),12.94269,77.56778,,nan
Bullahalli,nan,BULHL,30233,Bullahalli (Towards Avathi),13.30722,77.73069,,nan
Bullahalli,nan,BULHL,38666,Bullahalli (Towards Harohalli),13.30723,77.73054,,nan
Bullahalli Gate,nan,BLHG2,40413,Bullahalli Gate (Towards Chikkaballapura),13.30865,77.72538,,nan
Bullahalli Gate,nan,BLHG2,40414,Bullahalli Gate (Towards Devanahalli),13.30865,77.72554,,nan
Buragamarada Palya,nan,BGMP,30235,Buragamarada Palya (Towards Seetharam Bhattara Palya),13.06408,77.32832,,nan
Buragamarada Palya,nan,BGMP,32148,Buragamarada Palya (Towards Mahadevapura),13.06377,77.32852,,nan
Burumarana Doddy,nan,BMRDD,30236,Burumarana Doddy (Towards Sugganahalli),12.78692,77.31067,,nan
Burumarana Doddy,nan,BMRDD,38480,Burumarana Doddy (Towards Thimmegowdana Doddy),12.78694,77.31071,,nan
Byadarahalli,nan,BDH2,21474,Byadarahalli (Towards Sunkadakatte),12.98517,77.48219,,nan
Byadarahalli,nan,BDH2,21475,Byadarahalli (Towards Gollarahatti),12.98506,77.4821,,nan
Byadarahalli,nan,BDH8,32151,Byadarahalli (Towards Belagumba),12.98697,77.25673,,nan
Byadarahalli,nan,BYDH2,39253,Byadarahalli (Towards Mayasandra),13.28446,77.65528,,nan
Byadarahalli,nan,BYDH2,39254,Byadarahalli (Towards Devanahalli),13.2844,77.65525,,nan
Byadarahalli College Cross,nan,CC,21492,Byadarahalli College Cross (Towards Sunkadakatte),12.98569,77.47952,,nan
Byadarahalli College Cross,nan,CC,21493,Byadarahalli College Cross (Towards Gollarahatti),12.98553,77.47951,,nan
Byadarahalli Gate,nan,BDRHL1,30248,Byadarahalli Gate (Towards Belagumba),12.99366,77.25514,,nan
Byadarahalli Gate,nan,BDRHL1,32154,Byadarahalli Gate (Towards Thagachakuppe),12.99377,77.25509,,nan
Byagadadenahalli,nan,BYAGDNLLI,30252,Byagadadenahalli (Towards Dodda Hagade),12.75238,77.70258,,nan
Byagadadenahalli,nan,BYAGDNLLI,32156,Byagadadenahalli (Towards Byagadadenahalli Gate),12.75244,77.7026,,nan
Byagadadenahalli Gate,nan,BYGDNLI,23839,Byagadadenahalli Gate (Towards Anekal),12.75224,77.70671,,nan
Byagadadenahalli Gate,nan,BYGDNLI,23979,Byagadadenahalli Gate (Towards Chandapura),12.75215,77.70667,,nan
Byalahalli,nan,BYL6,30256,Byalahalli (Towards Tattanuru),12.93975,77.81529,,nan
Byalahalli,nan,BYL6,32158,Byalahalli (Towards Muthkur),12.93969,77.81528,,nan
Byalahalli,nan,BYLH,32157,Byalahalli (Towards Meesaganahalli),13.16975,77.6813,,nan
Byalahalli,nan,BYLH,32159,Byalahalli (Towards Bagaluru),13.16978,77.68134,,nan
Byalahalli Garment,nan,GMTS,30258,Byalahalli Garment (Towards Tattanuru),12.94547,77.81545,,nan
Byalahalli Garment,nan,GMTS,32160,Byalahalli Garment (Towards Muthkur),12.9454,77.81542,,nan
Byalalu,nan,BYLL,30260,Byalalu (Towards Chunchanakuppe),12.89194,77.37637,,nan
Byalalu,nan,BYLL,32161,Byalalu (Towards Chandrappa Circle),12.89185,77.3763,,nan
Byatarayana Doddy,nan,BTND,23853,Byatarayana Doddy (Towards Shanubhoganahalli),12.81634,77.55078,,nan
Byatarayana Doddy,nan,BTND,24151,Byatarayana Doddy (Towards Kulumepalya),12.81629,77.55077,,nan
Byatarayana Doddy Cross,nan,BTR,32164,Byatarayana Doddy Cross (Towards Bannerughatta),12.80373,77.54365,,nan
Byatarayana Doddy Cross,nan,BTR,32165,Byatarayana Doddy Cross (Towards Gulukamale),12.80368,77.54362,,nan
Byatarayana Doddy Cross 1,nan,BTRC ?,34804,Byatarayana Doddy Cross 1 (Towards Byatarayana Doddy),12.80374,77.5436,,nan
Byatarayanapura,nan,BRP,35107,Byatarayanapura (Towards Yalahanka),13.06646,77.59299,,nan
Byatarayanapura,nan,BRP,35273,Byatarayanapura (Towards Hebbala),13.06693,77.59337,,nan
Byatarayanapura,nan,BRP1,30270,Byatarayanapura (Towards Amruthahalli),13.06723,77.59354,,nan
Byatarayanapura,nan,BTRCMC,32166,Byatarayanapura (Towards Allalasandra),13.06715,77.5938,,nan
Byatarayanapura FLY,nan,BTRPF,39269,Byatarayanapura FLY (Towards Venkatala),13.06723,77.59298,,nan
Byatarayanapura FLY,nan,BTRPF,39270,Byatarayanapura FLY (Towards Hebbala),13.06734,77.59318,,nan
Byatha,nan,BYTH1,30272,Byatha (Towards Hesaraghatta),13.19307,77.48456,,nan
Byatha,nan,BYTH1,32167,Byatha (Towards Kakolu),13.19312,77.48453,,nan
Byatha Cross,nan,BYTHC1,30274,Byatha Cross (Towards Kamakshipura),13.19307,77.48624,,nan
Byatha Cross,nan,BYTHC1,32168,Byatha Cross (Towards Byatha),13.1931,77.48628,,nan
Bychakuppe,nan,BCGPV,30276,Bychakuppe (Towards Lakshmipura),12.97049,77.38862,,nan
Bychakuppe,nan,BCGPV,32169,Bychakuppe (Towards Magadi Road),12.97051,77.38868,,nan
Bychapura,nan,BCPR,32171,Bychapura (Towards Devanahalli),13.22432,77.71283,,nan
Bychapura,nan,BYCP,30279,Bychapura (Towards Rayasandra),13.22435,77.71285,,nan
Bychapura,nan,BYCP,32170,Bychapura (Towards Anneshwara),13.22421,77.71283,,nan
Bychapura Appartment,nan,BYCP1,30281,Bychapura Appartment (Towards Rayasandra),13.22219,77.71777,,nan
Bychapura Appartment,nan,BYCP1,32172,Bychapura Appartment (Towards Bychapura),13.22216,77.71777,,nan
Bychohalli,nan,BCHLI,30283,Bychohalli (Towards Shyanumangala),12.80653,77.43822,,nan
Bychohalli,nan,BCHLI,32173,Bychohalli (Towards Thippuru),12.8063,77.43817,,nan
Bylakonenahalli,nan,BYKH,30284,Bylakonenahalli (Towards Machohalli),13.01087,77.45988,,nan
Bylakonenahalli  Cross (Madakari Circle),nan,BKNHC,39886,Bylakonenahalli  Cross (Madakari Circle) (Towards Shivakumara swamy Badavane),13.01064,77.46893,,nan
Bylakonenahalli  Cross (Madakari Circle),nan,BKNHC,39887,Bylakonenahalli  Cross (Madakari Circle) (Towards Kachohalli),13.0107,77.46895,,nan
Bylakonenahalli farm house,nan,BKHFH1,39888,Bylakonenahalli farm house (Towards Shivakumara Swamiji Layout),13.01412,77.46842,,nan
Bylakonenahalli farm house,nan,BKHFH1,39889,Bylakonenahalli farm house (Towards Bylakonenahalli Cross (Madakari Circle)),13.01418,77.46847,,nan
Bylanarasapura,nan,BYLNSP,32174,Bylanarasapura (Towards Hedakanahalli),13.17714,77.93486,,nan
Bylanarasapura,nan,BYLNSP1,30288,Bylanarasapura (Towards Nandagudi),13.17704,77.93468,,nan
Bylanjaneya Swamy Temple Gollahalli,nan,BAST2,30290,Bylanjaneya Swamy Temple Gollahalli (Towards Railway Gollahalli),13.15018,77.40961,,nan
Bylanjaneya Swamy Temple Gollahalli,nan,BAST2,32177,Bylanjaneya Swamy Temple Gollahalli (Towards Byranayakanahalli),13.15014,77.40961,,nan
Byra Doddy Circle,nan,BRDDC,30294,Byra Doddy Circle (Towards Mysore Road),12.79486,77.38918,,nan
Byra Doddy Circle,nan,BRDDC,32179,Byra Doddy Circle (Towards Bananduru),12.79493,77.38921,,nan
Byramangala,nan,BRM,30296,Byramangala (Towards Bidadi),12.74876,77.42431,,nan
Byramangala,nan,BRM,32180,Byramangala (Towards Kempa Shetty Doddy),12.74879,77.42433,,nan
Byramangala Circle,nan,BRMLOLD,30298,Byramangala Circle (Towards Thimmegowdana Doddy),12.7498,77.42214,,nan
Byramangala Circle,nan,BRMLOLD,32181,Byramangala Circle (Towards Byramangala),12.74986,77.42207,,nan
Byramangala Cross,nan,BMNGC,21477,Byramangala Cross (Towards Kengeri),12.80246,77.39725,,nan
Byramangala Cross,nan,BMNGC,30299,Byramangala Cross (Towards Byramangala),12.80181,77.39781,,nan
Byramangala Cross,nan,BMNGC,35399,Byramangala Cross (Towards Bidadi),12.80222,77.39714,,nan
Byramangala Lake,nan,BRMNGL,32182,Byramangala Lake (Towards KEB),12.77614,77.42026,,nan
Byranahalli Cross,nan,BRHC1,30303,Byranahalli Cross (Towards T Begur),13.15387,77.33824,,nan
Byranahalli Cross,nan,BRHC1,32183,Byranahalli Cross (Towards Thyamagondlu),13.15384,77.33819,,nan
Byranayakanahalli,nan,BNH1,30305,Byranayakanahalli (Towards Railway Gollahalli),13.19938,77.37682,,nan
Byranayakanahalli,nan,BNH1,32184,Byranayakanahalli (Towards Hasiruvalli),13.19911,77.37649,,nan
Byranayakanahalli Railway Bridge,nan,PBNH1,27828,Byranayakanahalli Railway Bridge (Towards Railway Gollahalli),13.19663,77.38058,,nan
Byranayakanahalli Railway Bridge,nan,PBNH1,34318,Byranayakanahalli Railway Bridge (Towards Byranayakanahalli),13.19662,77.38051,,nan
Byranayakanahalli Railway Station,nan,BNHRS,27841,Byranayakanahalli Railway Station (Towards Railway Gollahalli),13.19406,77.38192,,nan
Byranayakanahalli Railway Station,nan,BNHRS,34323,Byranayakanahalli Railway Station (Towards Byranayakanahalli),13.19402,77.38186,,nan
Byrappa layout Kannuru,nan,BYK,39593,Byrappa layout Kannuru (Towards Last stop),13.08882,77.65719,,nan
Byrapura Village,nan,BRPV,30310,Byrapura Village (Towards Kakolu),13.20181,77.52289,,nan
Byrapura Village,nan,BRPV,32186,Byrapura Village (Towards Byrapura),13.20178,77.52289,,nan
Byrasandra,nan,BYSD6,32187,Byrasandra (Towards Agara),12.83492,77.48543,,nan
Byrasandra,nan,BYSD6,32188,Byrasandra (Towards Banjarapalya),12.83495,77.48547,,nan
Byrasandra Aralumallige,nan,BRSA,32189,Byrasandra Aralumallige (Towards Aralumallige),13.24803,77.52086,,nan
Byrasandra Cross,nan,BYRCR,21793,Byrasandra Cross (Towards Halasuru),12.97544,77.66807,,nan
Byrasandra Cross,nan,BYRCR,23541,Byrasandra Cross (Towards Malleshpalya),12.97552,77.66802,,nan
Byrasandra Dinne,nan,BRD,32190,Byrasandra Dinne (Towards Sulibele),13.23975,77.84771,,nan
Byrasandra Dinne,nan,BRD1,30318,Byrasandra Dinne (Towards Vijayapura),13.23969,77.84764,,nan
Byrasandra New Bus Stand,nan,BRNBJ,30319,Byrasandra New Bus Stand (Towards Madhavan Park),12.93549,77.59001,,nan
Byrasandrapalya Gate,nan,BRSP,32191,Byrasandrapalya Gate (Towards Aralumallige),13.24243,77.52225,,nan
Byrashettyhalli,nan,BSH4,30323,Byrashettyhalli (Towards Railway Gollahalli),13.15657,77.40339,,nan
Byrashettyhalli,nan,BSH4,32192,Byrashettyhalli (Towards Byranayakanahalli),13.15655,77.40334,,nan
Byrathi,nan,BRTI,30325,Byrathi (Towards Bileshivale),13.05614,77.652,,nan
Byrathi,nan,BRTI,32193,Byrathi (Towards Byrathi Cross),13.05609,77.65198,,nan
Byrathi Bande,nan,BRTHBD,21794,Byrathi Bande (Towards Bagaluru),13.07803,77.6534,,nan
Byrathi Bande,nan,BYB,21795,Byrathi Bande (Towards Hennur Junction),13.07788,77.65345,,nan
Byrathi Bande,nan,BYTBD,30326,Byrathi Bande (Towards Dodda Gubbi),13.07794,77.65355,,nan
Byrathi Cross,nan,BYC,21796,Byrathi Cross (Towards Bagaluru),13.05702,77.64822,,nan
Byrathi Cross,nan,BYC,21797,Byrathi Cross (Towards Hennur Junction),13.05702,77.64834,,nan
Byrathi Cross,nan,BYC,30327,Byrathi Cross (Towards Bileshivale),13.05708,77.64845,,nan
Byraveshwara Layout,nan,BRVRLO,20693,Byraveshwara Layout (Towards Sidedahalli),13.06417,77.49494,,nan
Byraveshwara Layout,nan,BVSLO,20692,Byraveshwara Layout (Towards Thotada Guddadahalli),13.06413,77.49493,,nan
Byraveshwaranagara,nan,BRVN,21478,Byraveshwaranagara (Towards Vijayanagara),12.96501,77.52338,,nan
Byraveshwaranagara,nan,BRVN,21798,Byraveshwaranagara (Towards Nagarabhavi Circle),12.96519,77.52334,,nan
Byregowdanahalli,nan,BGHL,26047,Byregowdanahalli (Towards Sondekoppa),13.05926,77.39389,,nan
Byregowdanahalli,nan,BGHL,32996,Byregowdanahalli (Towards Nelamangala),13.05913,77.39389,,nan
Byregowdanahalli Colony,nan,BGHL12,30331,Byregowdanahalli Colony (Towards Sondekoppa),13.06449,77.39379,,nan
Byregowdanahalli Colony,nan,BGHL12,32195,Byregowdanahalli Colony (Towards Nelamangala),13.06434,77.39376,,nan
Byregowdanapalya Cross,nan,BGHLC,32196,Byregowdanapalya Cross (Towards Adakamaranahalli),12.91897,77.32371,,nan
Byrohalli,nan,BRH,32197,Byrohalli (Towards Hosahalli),12.92357,77.44915,,nan
Byrohalli Gate,nan,BRHG1,30337,Byrohalli Gate (Towards Tavarakere),12.93433,77.44829,,nan
Byrohalli Gate,nan,BRHG1,32198,Byrohalli Gate (Towards Kommaghatta),12.93438,77.44817,,nan
C Q A L,nan,CQL,24172,C Q A L (Towards Shivajinagara),13.01175,77.59331,,nan
C R P F Kaggalipura Main Road,nan,CTRPS2,24738,C R P F Kaggalipura Main Road (Towards Bannerughatta),12.79567,77.53926,,nan
C R P F Kaggalipura Main Road,nan,CTRPS2,32385,C R P F Kaggalipura Main Road (Towards Kaggalipura),12.79562,77.53931,,nan
C R P F Yelahanka,nan,CRPF,24736,C R P F Yelahanka (Towards Yalahanka NES Office),13.12298,77.57554,,nan
C R P F Yelahanka,nan,CRPF,32384,C R P F Yelahanka (Towards Doddaballapura),13.12278,77.57552,,nan
CBI,nan,CBI,20698,CBI (Towards Hebbala),13.02613,77.58514,,nan
CBI,nan,CBI,20699,CBI (Towards Mekhri Circle),13.02653,77.58565,,nan
CBI,nan,CBI,20700,CBI (Towards R T Nagara),13.02699,77.58584,,nan
CBI,nan,CBI,20701,CBI (Towards Vetarnary College),13.02695,77.58587,,nan
CD Hosakote Cross,nan,INDLWDC,40465,CD Hosakote Cross (Towards CD Hosakote),12.73119,77.67259,,nan
CFSP Farm,nan,CSPFD,32215,CFSP Farm (Towards Indo Dyanishform),13.1786,77.48949,,nan
CFSP Farm,nan,CSPFD,32216,CFSP Farm (Towards Seeresandra),13.17858,77.48946,,nan
CK Palya,nan,CKPL1,23592,CK Palya (Towards Chennaihnapalya),12.8334,77.60871,,nan
CK Palya,nan,CKPL1,23952,CK Palya (Towards Hommadevanahalli Cross),12.83337,77.60874,,nan
CK Palya Cross,nan,CKPLC,24701,CK Palya Cross (Towards Koli Farm Gate),12.84049,77.59373,,nan
CK Palya Cross,nan,CKPLC,35341,CK Palya Cross (Towards Bettadasanapura),12.84055,77.59357,,nan
CK Palya Dinne,nan,DNE,23591,CK Palya Dinne (Towards CK Palya),12.83831,77.60501,,nan
CK Palya Dinne,nan,DNE,23953,CK Palya Dinne (Towards Koli Form Gate),12.83828,77.60498,,nan
CK Thandya,nan,CKTN,24703,CK Thandya (Towards Sheshagiripura),12.87023,77.39753,,nan
CK Thandya,nan,CKTN,32370,CK Thandya (Towards Dodderi College),12.8703,77.39759,,nan
CK Thandya Cross,nan,CKTC1,24705,CK Thandya Cross (Towards Hejjala),12.86548,77.3922,,nan
CK Thandya Cross,nan,CKTC1,32371,CK Thandya Cross (Towards Dodderi),12.86545,77.39216,,nan
CK Thandya Junction,nan,JCKT1,30367,CK Thandya Junction (Towards CK Thandya),12.87609,77.40103,,nan
CMH Hospital,nan,CMH3,21855,CMH Hospital (Towards CV Raman Nagara),12.97861,77.64648,,nan
CMH Hospital,nan,CMH3,24707,CMH Hospital (Towards 80ft Road Indiranagara),12.97849,77.64655,,nan
CMH Hospital,nan,CMHTL,35942,CMH Hospital (Towards Jeevanabheema nagar),12.97838,77.64668,,nan
CMP Centre and School,nan,CMPC,38872,CMP Centre and School (Towards Philominos),12.95908,77.6122,,nan
CMR College,nan,CMR CL,39215,CMR College (Towards Thaniasandra),13.11772,77.65499,,nan
CMR College,nan,CMR CL,39216,CMR College (Towards Bagalur),13.11768,77.65495,,nan
CMR College Cross,nan,CMRSC1,39230,CMR College Cross (Towards CMR College),13.11238,77.65261,,nan
CMR College Cross,nan,CMRSC1,39231,CMR College Cross (Towards Hosur Bande),13.11236,77.65266,,nan
CMRIT College,nan,CMRIT ?,20721,CMRIT College (Towards Kundalahalli Gate),12.96763,77.71447,,nan
CMRIT College,nan,CMRIT ?,20722,CMRIT College (Towards ITPL),12.96764,77.71389,,nan
CMTI,nan,CMT,20723,CMTI (Towards Jalahalli Cross),13.03074,77.53647,,nan
CMTI,nan,CMT,20724,CMTI (Towards Yashwanthapura ),13.03143,77.53561,,nan
CPRI,nan,CPRI2,24726,CPRI (Towards Mekhri Circle),13.01484,77.57489,,nan
CPRI,nan,CPRI2,32382,CPRI (Towards Yashwanthapura TTMC),13.01473,77.57499,,nan
CPRI Quarters,nan,CPRIQ1,20730,CPRI Quarters (Towards Sadashiva Nagara Police Station),13.02217,77.57224,,nan
CPRI Quarters,nan,CPRIQ1,20731,CPRI Quarters (Towards Ramaiah Hospital),13.02241,77.5722,,nan
CPWD Quarters HSR Layout,nan,HSRCPWDQ,35127,CPWD Quarters HSR Layout (Towards Parangipalya),12.91413,77.65182,,nan
CPWD Quarters HSR Layout,nan,HSRCPWDQ,35317,CPWD Quarters HSR Layout (Towards Agara),12.914,77.65181,,nan
CS- Bengaluru Club,nan,RICHMD,36572,nan,12.96638,77.59838,,nan
CS-5th Block HBR Layout,nan,HBRL5,36413,nan,13.03545,77.6319,,nan
CS-8th Mile,nan,8thML9,36589,nan,13.04508,77.5075,,nan
CS-ADMC Quarters Office,nan,ADMCQ,38856,nan,13.00534,77.64118,,nan
CS-ARMY PUBLIC SCHOOL (Parachute Regiment),nan,ARMYPSP,38961,nan,13.01671,77.58643,,nan
CS-Air force Gate Ashwathnagara,nan,ಆಘ,39705,nan,13.02686,77.57956,,nan
CS-Airtel office Koramangala,nan,ATO1,39834,nan,12.93591,77.61557,,nan
CS-Aliaskar Embassy,nan,AAE,39598,nan,12.99389,77.58906,,nan
CS-Ambedkar Nagara,nan,BLNSH,39639,nan,12.90058,77.71013,,nan
CS-Anchepalya,nan,ANCPL,36433,nan,12.89273,77.45782,,nan
CS-Anjanamurty,nan,AJM,38755,nan,13.04518,77.57415,,nan
CS-Anna Kuteera Kathriguppe,nan,ANKT,39527,nan,12.92622,77.55029,,nan
CS-Annapoorneshwarinagara,nan,ANPNC1,36476,nan,12.98075,77.507,,nan
CS-Arakere Gate,nan,ARKRG,36554,nan,12.89051,77.59802,,nan
CS-Arehalli Taja Cake,nan,AGSLOC1,38229,nan,12.91252,77.54017,,nan
CS-Army Public School Kamaraja Road,nan,APSK,36456,nan,12.97867,77.60941,,nan
CS-Ashoka Pillar,nan,ASPLR,35738,nan,12.94312,77.58529,,nan
CS-Aspire bee School,nan,nan,36557,nan,12.87932,77.72381,,nan
CS-Attibele Bus Stand,nan,ATBCR1,39456,nan,12.779,77.77051,,nan
CS-Avasarala Factory Kanakapura Road,nan,AVSFY2,36637,nan,12.782,77.49287,,nan
CS-Ayyappa Temple Banasawadi,nan,BSWF1,38910,nan,13.00756,77.64077,,nan
CS-B Channasandra Bridge,nan,RMNB,36676,nan,13.0132,77.66241,,nan
CS-BEL Factory,nan,mELC21,35759,nan,13.04887,77.55902,,nan
CS-BEML Factory,nan,BEMLF,35746,nan,12.97154,77.65928,,nan
CS-BEML Layout 5th Stage,nan,BEML5,36615,nan,12.9064,77.52115,,nan
CS-BEML Layout Kamalanagara,nan,KLNGRBL,36401,nan,12.99287,77.52977,,nan
CS-BK Circle,nan,BKCL,39612,nan,12.87058,77.58316,,nan
CS-BPL Arekere,nan,BPLS,36532,nan,12.88755,77.59714,,nan
CS-BUC Quarters,nan,BUQ5,36616,nan,12.95241,77.49998,,nan
CS-Bagalagunte Cross,nan,BGLG,36608,nan,13.05665,77.50727,,nan
CS-Bagalur Cross,nan,PALH,39745,nan,13.11948,77.60932,,nan
CS-Bagalur Santhe Circle,nan,BGLRS1,39876,nan,13.13344,77.6667,,nan
CS-Bagmane Tech Park,nan,nan,29629,nan,12.97947,77.6641,,nan
CS-Banashankari,nan,BSK5,36579,nan,12.91761,77.57381,,nan
CS-Banashankari 3rd Stage 2nd Phase,nan,SHVDH,36689,nan,12.93416,77.5398,,nan
CS-Bande Mutt Gate Kengeri,nan,KGRBMG,36767,nan,12.91903,77.4775,,nan
CS-Bannerughatta Circle,nan,BGTC,36691,nan,12.81379,77.58123,,nan
CS-Basava Gangotri Samste,nan,BGS8,36434,nan,12.88364,77.45005,,nan
CS-Basavanagara,nan,BSVNGR,39686,nan,12.96677,77.68276,,nan
CS-Basavanagara Kengeri,nan,BSVN1,37052,nan,12.90118,77.46752,,nan
CS-Bayyappanahalli Metro Station,nan,BYPMETRO,36703,nan,12.99026,77.65496,,nan
CS-Beereshwara Nagara,nan,BRSH,36384,nan,12.88205,77.5654,,nan
CS-Beguru,nan,BGUATB,36505,nan,12.87351,77.6251,,nan
CS-Belenus Hospital,nan,BLNSH,37979,nan,12.9022,77.7085,,nan
CS-Bhattarahalli,nan,BTH-1,39685,nan,13.01929,77.70863,,nan
CS-Bhattarahalli Bank Of India,nan,BTH-1,36414,nan,13.01497,77.70945,,nan
CS-Bhodhana Hosahalli,nan,BOH,36369,nan,12.97932,77.80271,,nan
CS-Bidarahalli,nan,BDHI,38227,nan,13.062,77.71588,,nan
CS-Bishop Coton Girls High School,nan,STPC,36206,nan,12.96916,77.60157,,nan
CS-Bishop Coton Girls High School 1,nan,STJC,39408,nan,12.96967,77.60252,,nan
CS-Bommanahalli Bosch,nan,HGSMS,36788,nan,12.90196,77.63248,,nan
CS-Bommasandra Canara Bank,nan,BMSNDR,36710,nan,12.82162,77.68772,,nan
CS-Bone Mill,nan,BNML1,36359,nan,13.06366,77.5051,,nan
CS-Bristol Quarters,nan,BRSQ,36646,nan,12.98855,77.66256,,nan
CS-Byrappa layout Kannuru,nan,BYK,39594,nan,13.08881,77.65718,,nan
CS-Byrathi Bande,nan,BYTBD,36619,nan,13.07796,77.6535,,nan
CS-CBI,nan,CBI,36598,nan,13.02624,77.58563,,nan
CS-CMP Centre and School,nan,CMPC,38874,nan,12.95906,77.61229,,nan
CS-CPWD Quarters HSR Layout,nan,HSRCPWDQ,35737,nan,12.91417,77.65226,,nan
CS-CPWD Quarters Koramangala,nan,KMHC,36772,nan,12.92585,77.62524,,nan
CS-CV Raman Nagara Railway Gate,nan,CVRNRG1,36729,nan,12.98364,77.67975,,nan
CS-CWS-3,nan,CWSBMTC3,36308,nan,12.90384,77.44982,,nan
CS-Cafe Coffee Day (Vijaya Bank Layout),nan,CCDVBL,39579,nan,12.89157,77.60818,,nan
CS-Cathedral School,nan,CTHS,39588,nan,12.96639,77.60779,,nan
CS-Centre for Learning School Varadenahalli,nan,CFLS,36518,nan,12.95907,77.3089,,nan
CS-Chandra Layout,nan,CPS,36465,nan,12.95887,77.52662,,nan
CS-Chandrappa Circle,nan,CDC1,36457,nan,12.9105,77.36986,,nan
CS-Channasandra,nan,CNS,36370,nan,12.9833,77.76801,,nan
CS-Channasandra Uttarahalli,nan,CNSND1,39457,nan,12.9029,77.52128,,nan
CS-Chikka Bellanduru,nan,CKBL,36567,nan,12.91221,77.71445,,nan
CS-Chikka Dasarahalli,nan,CHKD,39874,nan,12.89153,77.78451,,nan
CS-Chikkabanavara,nan,CKB,36648,nan,13.08046,77.50266,,nan
CS-Chinmaya Vidyalaya Koramangala,nan,CNVS1,36654,nan,12.93488,77.62816,,nan
CS-Chowdary Line,nan,CWL,38859,nan,13.00521,77.63881,,nan
CS-Chowdeshwarinagara ORR,nan,CDNLGR,36745,nan,13.00053,77.52498,,nan
CS-Christal House Learning School,nan,CHLS,36489,nan,13.09443,77.65145,,nan
CS-Cox Town,nan,CXTN,40406,nan,12.99644,77.62146,,nan
CS-Cunnigham Road(infinity),nan,CUNHMRD,39599,nan,12.98711,77.59485,,nan
CS-DECATHLON Gubbi Cross,nan,GBIC,39684,nan,13.0655,77.65193,,nan
CS-DLF Home Town,nan,DLFHT,38478,nan,12.87568,77.6178,,nan
CS-DSC HAL GM Palya,nan,DSC HAL,38106,nan,12.97664,77.66825,,nan
CS-Dayanand Sagar College Kanakapura Road,nan,DSVS,36527,nan,12.82509,77.51368,,nan
CS-Dayananda Sagar College Banashankari,nan,DYNDSC,36526,nan,12.90949,77.56573,,nan
CS-Deepanjalinagara,nan,DPJN1,35752,nan,12.95239,77.5368,,nan
CS-Depot-06 Gate,nan,DEPOT06-HSK,36418,nan,12.98255,77.63448,,nan
CS-Depot-10 Gate,nan,CPR1,36248,nan,13.02548,77.63098,,nan
CS-Depot-12 Gate,nan,D12GTE,38900,nan,12.90465,77.47084,,nan
CS-Depot-14 Gate,nan,D14G,36617,nan,13.02857,77.59349,,nan
CS-Depot-24 Gate,nan,D24DITIALA,37960,nan,13.00328,77.68252,,nan
CS-Depot-31,nan,SMH4,36309,nan,12.99279,77.52135,,nan
CS-Depot-34,nan,D34GT,36207,nan,12.87149,77.5855,,nan
CS-Depot-48,nan,D48G1,37959,nan,13.07744,77.65507,,nan
CS-Devarachikkanahalli,nan,DVCK,37917,nan,12.88885,77.61571,,nan
CS-Dodda Gubbi Cross (Udupi Hotel),nan,DBC,39590,nan,13.06226,77.652,,nan
CS-Doddakannalli,nan,DKKSJP1,36577,nan,12.90727,77.69523,,nan
CS-Domlur Marriad Accomadation,nan,DMLR3,38868,nan,12.96205,77.63381,,nan
CS-East End Jayanagara,nan,JEE0,36197,nan,12.91703,77.59681,,nan
CS-Ejipura,nan,EJIPRA,38873,nan,12.94678,77.62871,,nan
CS-Electronic City,nan,ELCWG,36713,nan,12.84829,77.67081,,nan
CS-Exide Gate Billapura,nan,EXGT1,40418,nan,12.83506,77.78536,,nan
CS-Featherlite Factory Hejjala,nan,HJLC,35757,nan,12.85352,77.4265,,nan
CS-Fetherlite Factory Guddadahalli,nan,TCL2,35758,nan,12.95018,77.54642,,nan
CS-GBJ Colony Gate Doddanekkundi,nan,GBJCOLY,36667,nan,12.95746,77.69136,,nan
CS-GM Palya,nan,GMPLY,36635,nan,12.97512,77.66587,,nan
CS-Ganapathi Enclave,nan,MTBG,38866,nan,12.94738,77.64094,,nan
CS-Genius Global School Kodathi,nan,GGSK,36680,nan,12.87829,77.71695,,nan
CS-Girinagara Extension,nan,GRIEXT36,35760,nan,12.94103,77.53887,,nan
CS-Good Earth Malhar,nan,STBCRCH,38998,nan,12.88562,77.46454,,nan
CS-Good land Hostel,nan,BEHLMT,40476,nan,12.92082,77.50738,,nan
CS-Goraguntepalya (Towards Yashwanthapura TTMC),nan,GGPL,36719,nan,13.02855,77.54071,,nan
CS-Gottigere,nan,GTR2,36516,nan,12.85618,77.58881,,nan
CS-Gowdanapalya,nan,GWDP,35963,nan,12.91167,77.55644,,nan
CS-Gubbi Cross,nan,GBIC,36423,nan,13.06491,77.65192,,nan
CS-Gunjuru,nan,GNGR5,36278,nan,12.92104,77.73657,,nan
CS-HAL ARDC,nan,HARDC,36747,nan,12.96186,77.68526,,nan
CS-HAL Gnanajyothi School,nan,HALGS1,36685,nan,12.96033,77.69336,,nan
CS-HAL Hospital,nan,ANSPC1,36668,nan,12.96247,77.66609,,nan
CS-HAL Main Gate,nan,HALMGT,36298,nan,12.95852,77.66605,,nan
CS-HAL Market/SBI Bank,nan,HALMG-1,38111,nan,12.96036,77.66622,,nan
CS-HAL Museum,nan,HALMS,38006,nan,12.95461,77.6807,,nan
CS-HAL New Public School,nan,HALS1,36645,nan,12.95649,77.68224,,nan
CS-HP Petrol Bunk Coles Road,nan,COLSRD,36566,nan,12.99667,77.6118,,nan
CS-Hadosiddapura,nan,HDS,36744,nan,12.89456,77.70111,,nan
CS-Hanuman Temple Beguru,nan,HNMNT,36651,nan,12.87296,77.62468,,nan
CS-Hasanath College Hennur Bande,nan,HSNCOLS,36493,nan,12.97925,77.61488,,nan
CS-Head Start School Kommasandra,nan,HSSKMS,36231,nan,12.86047,77.73498,,nan
CS-Hennur Junction,nan,HNSC3,38377,nan,13.02753,77.63262,,nan
CS-Heritage Estate,nan,HSTYT,35817,nan,13.11811,77.57793,,nan
CS-Hope farm,nan,HOF,39755,nan,12.98361,77.7525,,nan
CS-Hosa Road Metro Station,nan,HSRD4,36768,nan,12.8702,77.65336,,nan
CS-Hosakerehalli Junction,nan,HSKC2,36190,nan,12.93032,77.54355,,nan
CS-Hosakote KEB Circle,nan,KKEB,36431,nan,13.07202,77.78704,,nan
CS-Hosuru Bande,nan,HSRBND2,39592,nan,13.10616,77.66079,,nan
CS-Hulimavu,nan,HULIMGTHULIM,37916,nan,12.87707,77.60231,,nan
CS-IIHS Bettanapalya,nan,IIHSB,39017,nan,12.91843,77.43842,,nan
CS-IIHS Sadashivanagara,nan,BSMC7,36606,nan,13.00514,77.58126,,nan
CS-ISRO Karthik Nagara,nan,ISROK,36614,nan,12.96605,77.69507,,nan
CS-ISRO Murugeshpalya,nan,ISROM1,36394,nan,12.95959,77.65423,,nan
CS-ISRO Quarters Jalahalli,nan,ISROQ,36393,nan,13.04416,77.53506,,nan
CS-ITPL,nan,BPL-1,35777,nan,12.98597,77.74669,,nan
CS-Immadihalli,nan,IMDLI3,36752,nan,12.96592,77.76338,,nan
CS-Indian Oil,nan,INDOL,40407,nan,13.00485,77.637,,nan
CS-Indira Canteen Gubbalala,nan,SMTVN1,39524,nan,12.89301,77.5431,,nan
CS-Indiranagara 12th Main,nan,INDR12,36545,nan,12.9702,77.64128,,nan
CS-Infosys Parking Lot,nan,INFPLT,37328,nan,12.84976,77.66304,,nan
CS-Ittamadu Reliance Smart Point,nan,ITMDU,36632,nan,12.91966,77.54229,,nan
CS-JP Nagara 15th Cross,nan,JPN 15th CR,36546,nan,12.90625,77.58737,,nan
CS-JP Nagara 6th Phase,nan,JPN6ph-SRK,36540,nan,12.90633,77.57809,,nan
CS-JP Nagara Metro Station,nan,JPNMS,35885,nan,12.90743,77.57305,,nan
CS-Jai Bharath Nagar,nan,JBHNG,36488,nan,13.00135,77.62958,,nan
CS-Jalahalli Cross,nan,JHC3,36600,nan,13.03983,77.5183,,nan
CS-Jambu Savari Dinne,nan,JDS,36215,nan,12.86581,77.58105,,nan
CS-Janatha Bazar Banashankari,nan,JBZ1,36379,nan,12.92832,77.54603,,nan
CS-Jayanagara TTMC,nan,JBS4thB,36252,nan,12.92845,77.58466,,nan
CS-Jnanakshi Vidyaniketan School,nan,JNSVS1,36739,nan,12.9123,77.5138,,nan
CS-Jnanakshi Vidyaniketan School,nan,JNSVS1,36740,nan,12.91204,77.51353,,nan
CS-Juggath Pharma,nan,JGF,36541,nan,12.89093,77.45496,,nan
CS-K Narayanapura Cross,nan,KNYPC,36692,nan,13.05283,77.64607,,nan
CS-KPTCL Office,nan,JDSO,39550,nan,12.98301,77.57658,,nan
CS-KR Puram Railway Station,nan,KRPMS1,36368,nan,13.00021,77.6771,,nan
CS-Kacharakanahalli,nan,KARCH1,36490,nan,13.02108,77.62899,,nan
CS-Kalkere,nan,KLKR12,38994,nan,13.03366,77.67471,,nan
CS-Kalyananagara 80 feet Road,nan,KLNGR1,38009,nan,13.02554,77.64084,,nan
CS-Kalyananagara Bus Stand,nan,KLNBS,36797,nan,13.02629,77.63902,,nan
CS-Kannamangala Railway Gollahalli,nan,KNM5,36450,nan,13.19626,77.41037,,nan
CS-Karnataka High Court Staff Quarters,nan,KHCSQ,38857,nan,12.99497,77.65405,,nan
CS-Kastruriba Road,nan,MESEUM,38901,nan,12.97323,77.59504,,nan
CS-Kaval Byrasandra,nan,KBR,36586,nan,13.0198,77.60739,,nan
CS-Kempegowda Bus Station,nan,KSRRS,35743,nan,12.97816,77.57068,,nan
CS-Kendriya Vidyalaya ASC Center,nan,KVASC,35739,nan,12.96701,77.61232,,nan
CS-Kendriya Vidyalaya DRDO Quarters,nan,KVDQ,36686,nan,12.98693,77.66389,,nan
CS-Kendriya Vidyalaya Halasuru (MEGC),nan,KVUL,38909,nan,12.98826,77.6149,,nan
CS-Kendriya Vidyalaya Malleshwara,nan,MLM18C1,31013,nan,13.0093,77.569,,nan
CS-Kengeri Bus Stand,nan,KGR1,38960,nan,12.91372,77.48663,,nan
CS-Kengeri Railway Station,nan,KGRRS,36409,nan,12.9169,77.4824,,nan
CS-Kengeri Work Shop,nan,RWBG1,35727,nan,12.90396,77.47575,,nan
CS-Kirloskar Business Park,nan,KBP3,39698,nan,13.05115,77.59542,,nan
CS-Kittanahalli,nan,KTH1,36406,nan,13.00908,77.42024,,nan
CS-Kodathi Gate,nan,KDHGT,38932,nan,12.8965,77.72033,,nan
CS-Kodathi Village,nan,D42G1,38633,nan,12.89509,77.7055,,nan
CS-Kodathi Village,nan,KDTVLG,39929,nan,12.88836,77.71625,,nan
CS-Kogilu Cross,nan,KGLUCR1,39743,nan,13.10383,77.60027,,nan
CS-Kogilu Cross,nan,KGLUCR1,39744,nan,13.10389,77.60081,,nan
CS-Koli Farm Gate,nan,KLFGT,36517,nan,12.84146,77.58858,,nan
CS-Kommasandra,nan,HSDR,40417,nan,12.86139,77.74419,,nan
CS-Koramangala TTMC,nan,KRMDTTMC,36670,nan,12.94053,77.62488,,nan
CS-Kothnoor Dinne JP Nagara 8th Phase,nan,WTK1,36528,nan,12.87514,77.58413,,nan
CS-Kumbalagodu,nan,KBG0,39098,nan,12.87822,77.44549,,nan
CS-LAKE VIEW appartment near beedi colony,nan,LVP BKC,38984,nan,12.92185,77.47579,,nan
CS-MEG Center,nan,MEGC1,38865,nan,12.98759,77.62236,,nan
CS-MS Palya,nan,MSPY,36549,nan,13.08161,77.54819,,nan
CS-Madhavan Park,nan,MDVNP,36519,nan,12.93672,77.58392,,nan
CS-Mahathma Vidhyalaya Muttanalluru,nan,MUTNL,36701,nan,12.83189,77.73495,,nan
CS-Makali,nan,MKL1,36377,nan,13.06604,77.45335,,nan
CS-Maligondanahalli,nan,MLGNDH,36430,nan,12.91587,77.41527,,nan
CS-Malleshwara Sai Hot Chips,nan,MLM18C1,36339,nan,13.00873,77.56932,,nan
CS-Malya Adithi School,nan,MASCHL,36279,nan,13.1022,77.58288,,nan
CS-Mandur,nan,MDR-1,39455,nan,13.08225,77.7386,,nan
CS-Marappa Garden,nan,MRPG,36583,nan,13.00467,77.59987,,nan
CS-Mariyannapalya,nan,MRNP,38177,nan,13.04943,77.61183,,nan
CS-Maruthi Mandira,nan,SAPM,36426,nan,12.98404,77.51854,,nan
CS-Medahalli,nan,MDHL1,38011,nan,13.02608,77.72051,,nan
CS-Miranda School,nan,MRDS1,36641,nan,12.96813,77.6515,,nan
CS-Mother Dairy Cross Yelahanka,nan,MDYK,39736,nan,13.09928,77.57717,,nan
CS-Mount Carmel College,nan,MTCC,36746,nan,12.99299,77.58886,,nan
CS-Muneshwara Devasthana,nan,MHW,36780,nan,12.93646,77.60663,,nan
CS-Muneshwara Layout,nan,MNSLO12345,37047,nan,12.87433,77.47104,,nan
CS-Munnekolalu,nan,MNKLU1,36378,nan,12.94857,77.70804,,nan
CS-Munnekolalu Cross,nan,mnkc,36644,nan,12.95637,77.70854,,nan
CS-Muttanallur Cross,nan,CPCSJP,36699,nan,12.88734,77.73826,,nan
CS-Mylasandra BDA Apartment,nan,MYLSNDRA,37597,nan,12.91927,77.48927,,nan
CS-Mysore Road Metro Station,nan,MRMS,39587,nan,12.9463,77.52968,,nan
CS-NES Office,nan,NES,39747,nan,13.09699,77.59236,,nan
CS-NGV Koramangala,nan,KNGV,36770,nan,12.94477,77.62338,,nan
CS-NITTE Meenakshi College,nan,NMKCG,36471,nan,13.13122,77.58986,,nan
CS-Nagarabhavi Circle,nan,NGRCL,36468,nan,12.95849,77.51892,,nan
CS-Nagavara Junction,nan,jnon,36494,nan,13.0402,77.62433,,nan
CS-Nagavarapalya,nan,NGVPUR,38862,nan,12.98949,77.66389,,nan
CS-Narendra Tent Nagawara,nan,NRT,36561,nan,13.02693,77.62032,,nan
CS-National Games Village Gate,nan,NGVG1,37721,nan,12.94905,77.62029,,nan
CS-National Law College University,nan,NLC13,39646,nan,12.95348,77.51681,,nan
CS-Nelamangala Taluk Office,nan,NMTO,39530,nan,13.09836,77.39295,,nan
CS-Nethravathi Block,nan,NTRVB,38870,nan,12.94593,77.62266,,nan
CS-Niviksha Arcade Yelahanka 5th phase,nan,YST5thPH,39710,nan,13.10426,77.57004,,nan
CS-Oasis School,nan,OASIS1,36417,nan,13.08918,77.66602,,nan
CS-Okalipuram,nan,OKPRA,35861,nan,12.98258,77.56812,,nan
CS-Old Baiyappanahalli,nan,OBH1,36495,nan,12.99465,77.64401,,nan
CS-Olive Hostel jayanna circle,nan,PTGRJC,39853,nan,12.9249,77.51437,,nan
CS-PAPAS Trading Company Hommadevanahalli,nan,HMDHL,39568,nan,12.84082,77.59722,,nan
CS-PAPAS Trading PVT LTD,nan,PPAT,36529,nan,12.89131,77.59408,,nan
CS-Parachute,nan,PRTC,38861,nan,13.01184,77.59594,,nan
CS-Peenya 2nd Stage,nan,PSS,36609,nan,13.01064,77.50676,,nan
CS-People Tree Hospital Nagendra Block,nan,NGNDRBL,36253,nan,12.94194,77.55366,,nan
CS-Phoenix One Bengaluru West Apartment,nan,POWA,39601,nan,13.00973,77.55286,,nan
CS-Poorva Fountain Apartment,nan,MNKLCR,36636,nan,12.95681,77.70595,,nan
CS-Puttenahalli,nan,PTNHL1,35818,nan,13.11078,77.57995,,nan
CS-R T Nagara Police Station,nan,RTNPS1,36587,nan,13.02495,77.59297,,nan
CS-RK Hegde Nagara,nan,RKHGD,36618,nan,13.07169,77.63375,,nan
CS-RR Gold Yelahanka,nan,YHK,39742,nan,13.10007,77.59795,,nan
CS-RR Gold Yelahanka,nan,YHK,39746,nan,13.10005,77.598,,nan
CS-RR Medical College,nan,RRMC,36454,nan,12.89659,77.46092,,nan
CS-RV College,nan,RVCL,36408,nan,12.92619,77.50096,,nan
CS-Raghavendra Swamy Mutt Hosakerehalli,nan,KSKC2,39382,nan,12.93083,77.5399,,nan
CS-Rajajinagara 6th Block,nan,RJN6B,37050,nan,12.9798,77.55367,,nan
CS-Rajanukunte,nan,RJNKT1,36427,nan,13.17329,77.5643,,nan
CS-Ramasandra,nan,RMS0,36425,nan,12.94537,77.46782,,nan
CS-Ramaswamipalya,nan,RMSP,36565,nan,13.00979,77.63534,,nan
CS-Ravi Tent,nan,RVT,36779,nan,12.95186,77.62108,,nan
CS-Renaissance prosperio apartment,nan,RPA1,36786,nan,13.0645,77.59381,,nan
CS-SB College Yelahanka,nan,YST5thPH,39737,nan,13.10485,77.57301,,nan
CS-SDM Hospital Anchepalya,nan,ANCPL1,37146,nan,12.8939,77.45717,,nan
CS-SJS CBSE Gate-2,nan,SJHS1,38010,nan,12.97086,77.5942,,nan
CS-Sapthagiri Vidya Mandir,nan,CMRS1,36568,nan,12.90739,77.70544,,nan
CS-Senior Officers Quaters,nan,SAQ,38216,nan,12.96814,77.65479,,nan
CS-Shakthi Hills Resort,nan,SHNMK,36627,nan,12.91154,77.52778,,nan
CS-Shaneshwara Swamy Temple Doddakannahalli,nan,DKKSJP1,40420,nan,12.90659,77.69755,,nan
CS-Shanthinagara Bus Station,nan,SNTTMC,35794,nan,12.95558,77.59223,,nan
CS-Shanthinikethana Layout,nan,SHNK1,36537,nan,12.88296,77.60325,,nan
CS-Sharavathi Hotel,nan,SVHTL,39739,nan,13.09802,77.58443,,nan
CS-Sheshadripuram College Yelahanka,nan,asfasdfas,39741,nan,13.09959,77.58839,,nan
CS-Shilp Bekary,nan,SHPB,36455,nan,13.03779,77.65016,,nan
CS-Shirke KHB Quarters,nan,KGT3q,36289,nan,12.93192,77.48811,,nan
CS-Shivamandir,nan,YLKSC,39738,nan,13.10739,77.57486,,nan
CS-Sinclair High School,nan,SINC1,38915,nan,13.03175,77.64362,,nan
CS-Sompura Gate,nan,SOPG1,36578,nan,12.86216,77.77194,,nan
CS-Sophiya School,nan,SPHS2,36341,nan,12.98601,77.58863,,nan
CS-Sophiya School,nan,SPHS2,36480,nan,12.98587,77.58941,,nan
CS-Sri Dharmaraya Circle,nan,BRM2,36214,nan,12.8924,77.58191,,nan
CS-Sri Sai Packaging Company,nan,SSPC3,36599,nan,12.99789,77.46336,,nan
CS-St Benidict School,nan,STBS1,36451,nan,12.88699,77.45886,,nan
CS-St Clare School,nan,SCS1,36410,nan,12.91469,77.44763,,nan
CS-St Johns High School Thomas Cafe,nan,STJHS2,36275,nan,12.99477,77.60981,,nan
CS-St Johns Hospital,nan,STJH,37150,nan,12.92875,77.61831,,nan
CS-St Johns Wood Apartment Tavarekere,nan,STWAP,38953,nan,12.93016,77.60971,,nan
CS-St Joseph Boys High School Musuem Road,nan,MLYHPT,35928,nan,12.97169,77.60448,,nan
CS-Stanley Boutique Domlur,nan,DPNH,36571,nan,12.96356,77.64157,,nan
CS-Sultanpalya,nan,STP,36595,nan,13.0266,77.60407,,nan
CS-Suncity Apartment ORR Road,nan,SCAORR,36761,nan,12.92402,77.66531,,nan
CS-Sunkadakatte,nan,SKK,36477,nan,12.99028,77.50394,,nan
CS-Swamy Vivekanada Metro Station,nan,SVMS2,36643,nan,12.9859,77.64532,,nan
CS-TC Palya,nan,SAC,36272,nan,13.02143,77.70038,,nan
CS-Tamara Residencial Layout Kachmaranhalli,nan,TRLKM1,40416,nan,12.91121,77.73255,,nan
CS-Tarapura Officer Colony,nan,SVTGD2,38869,nan,12.99015,77.61575,,nan
CS-Thanisandra,nan,TLBSD,36428,nan,13.05642,77.63297,,nan
CS-The Embassy Cunningham Road,nan,CUNHMRD,36562,nan,12.98789,77.59428,,nan
CS-The Light House International Academy,nan,LHIA,37990,nan,13.13359,77.72208,,nan
CS-Therelek Eng Pvt Limited Avverahalli,nan,TEPLA,36396,nan,13.20065,77.25775,,nan
CS-Therelek Engineers PVT LTD Peenya,nan,TEPLP,36398,nan,13.02376,77.51852,,nan
CS-Thindlu,nan,TNDUL1,36551,nan,13.07376,77.56683,,nan
CS-Tin Factory,nan,TNFBS2,36569,nan,12.99692,77.66919,,nan
CS-Udbhava School Gulaganjanahalli,nan,UDBV,36633,nan,12.92669,77.41745,,nan
CS-Uttamasagar Hotel Banasawadi,nan,MRTSC1,36500,nan,13.00931,77.64337,,nan
CS-V CARE HOSPITAL,nan,VCH3,38978,nan,13.01589,77.5976,,nan
CS-Valley School Kanakapura Road,nan,VLSL,36283,nan,12.85463,77.50983,,nan
CS-Vasanth Enclave,nan,CQL1,38864,nan,13.01167,77.59351,,nan
CS-Vidyaranyapura Bus Station,nan,VDPRA,36470,nan,13.08377,77.56096,,nan
CS-Vidyaranyapura Bus Station,nan,VPRA,36467,nan,13.08396,77.56027,,nan
CS-Vishnu Park,nan,SVHTL,39740,nan,13.09907,77.58494,,nan
CS-Wilson Garden 10th Cross,nan,WG10C,37184,nan,12.948,77.597,,nan
CS-Wilson Garden 10th Cross,nan,WG12C,37181,nan,12.94671,77.59613,,nan
CS-YGR Mall,nan,BCHL45,39655,nan,12.90925,77.51306,,nan
CS-Yashwanthapura TTMC,nan,YTTMC,36429,nan,13.01789,77.55704,,nan
CS-Yelahanka 4th Phase Vivekanad Park,nan,YLHNKA4,36573,nan,13.10409,77.57167,,nan
CS-Yelahanka 5th Phase,nan,YLK4th,35836,nan,13.10413,77.57254,,nan
CS-Yelahanka Satellite Town,nan,YST,36498,nan,13.09595,77.57902,,nan
CS-Yeshwanthapura Circle,nan,YPR,39712,nan,13.01836,77.55866,,nan
CS-ZRTN,nan,RHMT,40468,nan,13.01662,77.59191,,nan
CSI Hospital,nan,CSIH1,21868,CSI Hospital (Towards Indian Express),12.98983,77.59938,,nan
CV Raman Nagara,nan,CVRMG1,24744,CV Raman Nagara (Towards Kaggadasapura),12.98564,77.66401,,nan
CV Raman Nagara,nan,CVRMG1,35262,CV Raman Nagara (Towards DRDO Quarters),12.98555,77.66382,,nan
CV Raman Nagara Railway Gate,nan,CVRNRG1,36730,CV Raman Nagara Railway Gate (Towards Mallesh Palya),12.98353,77.67997,,nan
CWS-3 BMTC,nan,CWSBMTC3,24745,CWS-3 BMTC (Towards Last Bus Stop),12.90378,77.44984,,nan
Cable Factory Ittagallapura,nan,CBLF,30339,Cable Factory Ittagallapura (Towards Rajanukunte),13.17405,77.54045,,nan
Cable Factory Ittagallapura,nan,CBLF,32199,Cable Factory Ittagallapura (Towards Byatha),13.174,77.54049,,nan
Cadabams,nan,CDMS3,32200,Cadabams (Towards Bannerughatta),12.79785,77.52866,,nan
Cafe Coffee Day (Vijaya Bank Layout),nan,CCDVBL,39577,Cafe Coffee Day (Vijaya Bank Layout) (Towards Vijaya Bank Layout),12.89156,77.60817,,nan
Cambridge Hospital,nan,CBHP2,39472,Cambridge Hospital (Towards Halasuru Police Station),12.97191,77.62726,,nan
Cambridge Hospital,nan,CBHP2,39473,Cambridge Hospital (Towards E S I Hospital Indiranagar),12.97187,77.6273,,nan
Cambridge North Campus,nan,CBNCP,38163,Cambridge North Campus (Towards Kundana),13.24594,77.61288,,nan
Cambridge North Campus,nan,CBNCP,38164,Cambridge North Campus (Towards MVIT Collage),13.24591,77.6129,,nan
Cambridge Public School Yelahanka,nan,CBSCY,30346,Cambridge Public School Yelahanka (Towards Sheshadripuram College),13.09431,77.58933,,nan
Canara Bank Koramangala,nan,KRMCB1,21799,Canara Bank Koramangala (Towards Koramangala Water Tank),12.93411,77.62375,,nan
Canara Bank Koramangala,nan,KRMCB1,21800,Canara Bank Koramangala (Towards Sony World Signal),12.93487,77.62399,,nan
Canara Bank Millers Road,nan,CNRBMLR,30350,Canara Bank Millers Road (Towards Indian Express),12.99549,77.60169,,nan
Canara Bank Millers Road,nan,CNRBMLR,32204,Canara Bank Millers Road (Towards Nandi Durga Road),12.99556,77.60172,,nan
Canara Bank Rajajinagara 1st Block,nan,CBR1st,24187,Canara Bank Rajajinagara 1st Block (Towards Navarang),13.00089,77.55044,,nan
Canara Bank Subramanyanagara,nan,CNRB2,30352,Canara Bank Subramanyanagara (Towards Subramanyapura),13.0047,77.55996,,nan
Canara Bank Subramanyanagara,nan,CNRB2,32205,Canara Bank Subramanyanagara (Towards Vivekananda College),13.00466,77.55993,,nan
Canara Bank Tannery Road,nan,CNBTYR,21801,Canara Bank Tannery Road (Towards Periyar Nagara Circle),13.00619,77.61239,,nan
Canara Bank Tannery Road,nan,CNBTYR,21802,Canara Bank Tannery Road (Towards Doddy Coles Park),13.00622,77.61242,,nan
Canara Bank Vidyaranyapura,nan,CNB,21803,Canara Bank Vidyaranyapura (Towards BEL Circle),13.07176,77.55618,,nan
Canara Bank Vidyaranyapura,nan,CNB,21804,Canara Bank Vidyaranyapura (Towards Vidyaranyapura),13.07171,77.55609,,nan
Cantonment Railway Station,nan,CRLST,21805,Cantonment Railway Station (Towards Shivaji Nagara),12.9937,77.59689,,nan
Cantonment Railway Station,nan,CRLST,32206,Cantonment Railway Station (Towards Nandidurga Road),12.99475,77.59711,,nan
Cargo Village,nan,CRKIA,37968,Cargo Village (Towards Kempegowda International Airport),13.19967,77.68231,,nan
Cargo Village,nan,CRKIA,38068,Cargo Village (Towards Air Port Trumpet),13.19956,77.68225,,nan
Carmel Convent Jayanagara,nan,CMLJ,35199,Carmel Convent Jayanagara (Towards Jayanagara East End Circle),12.92643,77.59724,,nan
Carmel Convent Jayanagara,nan,CORNL,35147,Carmel Convent Jayanagara (Towards Jayanagara 4th Block),12.9268,77.59713,,nan
Carmel Convent Jayanagara,nan,CRMCJ,24373,Carmel Convent Jayanagara (Towards Sanjay Gandhi Hospital),12.92711,77.59722,,nan
Carmel Convent Jayanagara,nan,CRMCJ,35111,Carmel Convent Jayanagara (Towards Sagar Hospital),12.92708,77.59711,,nan
Carmel School,nan,CRMSCL,39814,Carmel School (Towards Hennagara Gate),12.79057,77.67631,,nan
Carmel School,nan,CRMSCL,39815,Carmel School (Towards Hennagara),12.79044,77.67633,,nan
Carmelaram Railway Station,nan,CMRS1,34324,Carmelaram Railway Station (Towards Chikkabellandur),12.9072,77.70537,,nan
Carmelram,nan,CRMLRM,40023,Carmelram (Towards Last Stop),12.90364,77.70408,,nan
Carmelram,nan,CRMLRM,40024,Carmelram (Towards Doddakannahalli),12.90367,77.70417,,nan
Carmelram Gate,nan,CMLR,23914,Carmelram Gate (Towards Dodda Kannalli),12.90343,77.70399,,nan
Carmelram Gate,nan,CRML1,23900,Carmelram Gate (Towards Kodathi Gate),12.90352,77.70401,,nan
Carmelram School Railway Gate,nan,CRMRG,24377,Carmelram School Railway Gate (Towards Chikka Bellanduru),12.9095,77.7059,,nan
Carmelram School Railway Gate,nan,CRMRG,32208,Carmelram School Railway Gate (Towards Carmelaram Gate),12.90975,77.70602,,nan
Cathedral School,nan,CTHS,39589,Cathedral School (Towards Shoole Circle),12.96632,77.60781,,nan
Cauvery Bhavana,nan,CCC,20696,Cauvery Bhavana (Towards Maharani College),12.97438,77.58183,,nan
Cauvery Bhavana,nan,CCC,20697,Cauvery Bhavana (Towards Kempegowda Bus Station),12.97372,77.58157,,nan
Cauvery Nagara,nan,KVRINGR,24379,Cauvery Nagara (Towards Kurubarahalli),12.99965,77.53048,,nan
Cauvery Nagara,nan,KVRNGR,32209,Cauvery Nagara (Towards Cauvery Nagara Last Stop),12.99965,77.53073,,nan
Center for Learning School Campus Magadi Road,nan,CFLSC,24383,Center for Learning School Campus Magadi Road (Towards Jogerahalli Cros),12.98016,77.37505,,nan
Center for Learning School Campus Magadi Road,nan,CFLSC,32211,Center for Learning School Campus Magadi Road (Towards Jogerahalli),12.9795,77.37505,,nan
Central,nan,CNTRL,20703,Central (Towards Kempegowda Bus Station),12.9898,77.57204,,nan
Central,nan,CNTRL,23426,Central (Towards Yashwanthapura TTMC),12.98984,77.57181,,nan
Central,nan,CNTRL4,20702,Central (Towards Malleshwara),12.99006,77.57199,,nan
Central Silk Board,nan,nan,20707_ST,nan,12.918153,77.62326,1.0,nan
Central Silk Board,nan,CSB1,35943,Central Silk Board (Towards Arrival),12.91819,77.62237,,nan
Central Silk Board,nan,CSB21,20707,Central Silk Board (Towards Marathahalli),12.91803,77.62355,,nan
Central Silk Board,nan,CSB21,35944,Central Silk Board (Towards Depature),12.91802,77.62208,,nan
Central Silk Board,nan,CSB5,35768,Central Silk Board (Towards Electronic City),12.91591,77.62384,,nan
Central Silk Board,nan,CSB5,37850,Central Silk Board (Towards SI Apartment),12.91756,77.62379,,nan
Central Silk Board - Platform 2A,20707_ST,CSB21,20707_PF2A,nan,12.917932,77.6235,,2A
Central Silk Board Metro Station,nan,CNLSK,20704,Central Silk Board Metro Station (Towards Banashankari Bus Station),12.91674,77.62143,,nan
Central Silk Board Metro Station,nan,CSB,21479,Central Silk Board Metro Station (Towards Madivala),12.91691,77.62136,,nan
Centre For Learning School,nan,CFLS,21480,Centre For Learning School (Towards Last stop),12.95914,77.30874,,nan
Chaithanya Samarpan Apartment,nan,CSA-1,21808,Chaithanya Samarpan Apartment (Towards Hoskote),13.0207,77.76206,,nan
Chaithanya Samarpan Apartment,nan,CSA-1,21809,Chaithanya Samarpan Apartment (Towards Kadugodi Bus Station ),13.02191,77.76208,,nan
Chakkalatti,nan,CKLT,21810,Chakkalatti (Towards Bagaluru),13.12255,77.66823,,nan
Chakkalatti,nan,CKLT,21811,Chakkalatti (Towards Sonappanahalli Marenahalli),13.12256,77.66836,,nan
Challaghatta,nan,CLGT4,32217,Challaghatta (Towards B Nagasandra),12.94603,77.64913,,nan
Challaghatta,nan,CLGT4,32218,Challaghatta (Towards Golf Club),12.94606,77.64913,,nan
Challahalli,nan,CHALLH,24398,Challahalli (Towards Haniyuru),13.21742,77.50635,,nan
Challahalli,nan,CHALLH,32220,Challahalli (Towards Challahalli Colony),13.21739,77.50643,,nan
Challahalli Colony,nan,CHLPA,24399,Challahalli Colony (Towards Sonnenahalli),13.21663,77.50507,,nan
Challahalli Colony,nan,CHLPA,31359,Challahalli Colony (Towards Challahalli),13.21664,77.50502,,nan
Challeghatta,nan,CLGT,24396,Challeghatta (Towards Bettanapalya),12.89663,77.45333,,nan
Challeghatta,nan,CLGT,32219,Challeghatta (Towards Anchepalya),12.89669,77.45344,,nan
Chamarajapet,nan,CMRJPT,20709,Chamarajapet (Towards KR Market),12.95714,77.56801,,nan
Chamarajapet,nan,CMRJPT,20710,Chamarajapet (Towards TR Mill),12.95707,77.56705,,nan
Chamarajapet,nan,CMRJPT,21812,Chamarajapet (Towards Ramakrishna Ashrama),12.95627,77.56744,,nan
Chamarajapet,nan,CMRJPT,22770,Chamarajapet (Towards Kempegowda Bus Station),12.95764,77.56736,,nan
Chamarajapet,nan,CMWT,23479,Chamarajapet (Towards Mysore Road),12.96033,77.56255,,nan
Chamarajapet Rama Mandira,nan,CMRM,21117,Chamarajapet Rama Mandira (Towards TR Mill),12.957,77.56302,,nan
Chamarajapet Rama Mandira,nan,CPRM,21116,Chamarajapet Rama Mandira (Towards Uma Theatre),12.95703,77.56381,,nan
Chambenahalli,nan,CHMB2,21813,Chambenahalli (Towards Sarjapura),12.87934,77.76163,,nan
Chambenahalli,nan,CHMB2,21814,Chambenahalli (Towards Dommasandra),12.87932,77.76156,,nan
Champion International School,nan,CISL,39630,Champion International School (Towards Mugaluru),12.88973,77.81796,,nan
Champion International School,nan,CISL,39631,Champion International School (Towards Sarjapur),12.8898,77.81803,,nan
Chamundeshwari Layout,nan,CMDSLY,21815,Chamundeshwari Layout (Towards BEL Circle),13.06492,77.55971,,nan
Chamundeshwari Layout,nan,CMDSLY,21816,Chamundeshwari Layout (Towards Nanjappa CIrcle),13.06478,77.55947,,nan
Chamundi Nagara,nan,CMDN,32222,Chamundi Nagara (Towards Kittanahalli),13.01475,77.42046,,nan
Chamundi Nagara,nan,CMDN,32223,Chamundi Nagara (Towards Ravuttanahalli),13.01471,77.42038,,nan
Chandanahosahalli,nan,CHSHL,39906,Chandanahosahalli (Towards Dabaspete),13.22533,77.2433,,nan
Chandanahosahalli,nan,CHSHL,39907,Chandanahosahalli (Towards Somapura),13.22579,77.24333,,nan
Chandapura,nan,CPR,21817,Chandapura (Towards Attibele),12.80258,77.70457,,nan
Chandapura,nan,CPR,35123,Chandapura (Towards Last Bus Stop),12.80285,77.70476,,nan
Chandapura,nan,CPR,35916,Chandapura (Towards Aanekal),12.80181,77.70512,,nan
Chandapura,nan,CPR0,21818,Chandapura (Towards Electronic City),12.80229,77.70441,,nan
Chandapura,nan,CPR2,36706,Chandapura (Towards Muttanalluru Cross),12.80275,77.7046,,nan
Chandapura KEB,nan,CHNDKEB,23834,Chandapura KEB (Towards Iggaluru),12.79874,77.70603,,nan
Chandapura KEB,nan,CHNDKEB,23985,Chandapura KEB (Towards Chandapura),12.79863,77.70593,,nan
Chandra Layout,nan,CPS,22776,Chandra Layout (Towards Last Bus Stop),12.95925,77.52671,,nan
Chandra Layout 1st Stage,nan,CHOUDU,20711,Chandra Layout 1st Stage (Towards Chandra Layout),12.95448,77.52244,,nan
Chandra Layout Circle,nan,CLO1,20712,Chandra Layout Circle (Towards Nagarabhavi Circle),12.95815,77.5265,,nan
Chandra Layout Circle,nan,CPS,20713,Chandra Layout Circle (Towards Income Tax Layout),12.95817,77.52669,,nan
Chandra Nagara,nan,CNDR,24406,Chandra Nagara (Towards Chandra Nagara),12.89945,77.56486,,nan
Chandra Nagara Cross,nan,CHRC,24408,Chandra Nagara Cross (Towards ISRO Layout),12.89935,77.56117,,nan
Chandra Nagara Cross,nan,CHRC,32224,Chandra Nagara Cross (Towards Chandra Nagara),12.89938,77.56118,,nan
Chandra Public School,nan,CPS,20714,Chandra Public School (Towards Chandra Layout),12.96046,77.52963,,nan
Chandra Public School,nan,CPS,20715,Chandra Public School (Towards Vijayanagara),12.96029,77.52954,,nan
Chandrappa Circle,nan,CDC1,24411,Chandrappa Circle (Towards Kudusiddanapalya),12.91049,77.36962,,nan
Chandrappa Circle,nan,CDC1,32225,Chandrappa Circle (Towards Dodda Aladamara),12.91059,77.36979,,nan
Chandrappanagara,nan,CPNR,38775,Chandrappanagara (Towards Anepalya),12.9412,77.60247,,nan
Chandrappanagara,nan,CPNR,38776,Chandrappanagara (Towards Bengaluru Dairy Circle),12.9413,77.60255,,nan
Chandurayanahalli,nan,CRYNHL,24414,Chandurayanahalli (Towards Magadi),12.97293,77.19662,,nan
Chandurayanahalli,nan,CRYNHL,32227,Chandurayanahalli (Towards Biskur),12.97286,77.19667,,nan
Channa Marayyanapalya,nan,MRP6,24415,Channa Marayyanapalya (Towards Devamachohalli),12.98134,77.36478,,nan
Channa Nayakanapalya,nan,CNP11,24416,Channa Nayakanapalya (Towards Channa Nayakanapalya),13.04428,77.48518,,nan
Channadasipalya,nan,CDP,21481,Channadasipalya (Towards Honaganahatti),12.97091,77.4147,,nan
Channadasipalya,nan,CDP,21482,Channadasipalya (Towards Tavarakere),12.97085,77.41485,,nan
Channadevi Agrahara,nan,CDVA,24420,Channadevi Agrahara (Towards Mallohalli),13.21884,77.455,,nan
Channadevi Agrahara,nan,CDVA,32230,Channadevi Agrahara (Towards Madhure),13.2189,77.45504,,nan
Channadevi Agrahara Cross,nan,CDA7,24422,Channadevi Agrahara Cross (Towards Madhure),13.2157,77.45561,,nan
Channadevi Agrahara Cross,nan,CDA7,32231,Channadevi Agrahara Cross (Towards Mallohalli),13.2157,77.45553,,nan
Channahalli,nan,CNNH,39573,Channahalli (Towards Devanahalli),13.2123,77.74829,,nan
Channahalli,nan,CNNH,39574,Channahalli (Towards Reddihalli),13.21232,77.74833,,nan
Channahalli Gate,nan,CHAGT,32232,Channahalli Gate (Towards Devanahalli),13.21278,77.75462,,nan
Channahalli Gate,nan,CHAGT,32233,Channahalli Gate (Towards Chikka Hosahalli Gate),13.21287,77.75494,,nan
Channakeshavanagara,nan,CHNN,24427,Channakeshavanagara (Towards Hosa Road),12.87791,77.65491,,nan
Channakeshavanagara,nan,CHNN,32234,Channakeshavanagara (Towards Parappana Aghahara),12.8781,77.65481,,nan
Channammanakere Achukattu,nan,CKA,22727,Channammanakere Achukattu (Towards Channammanakere Achukattu),12.9283,77.5565,,nan
Channammanapalya,nan,CNMPL1,24430,Channammanapalya (Towards Kaggalipura),12.7628,77.46399,,nan
Channammanapalya,nan,CNMPL1,32235,Channammanapalya (Towards Karenahalli),12.76282,77.46397,,nan
Channapatna Bus Stand,nan,nan,40377,Channapatna Bus Stand (Towards Last Stop),12.65328,77.20409,,nan
Channappa Badavane,nan,nan,40372,Channappa Badavane (Towards Marasandra),13.0928,77.71465,,nan
Channappa Badavane,nan,nan,40373,Channappa Badavane (Towards Gunduru),13.0929,77.71472,,nan
Channappa Circle,nan,CNDRPC,24432,Channappa Circle (Towards Tavarakere),12.91021,77.37336,,nan
Channapura Gate,nan,CNPG1,24434,Channapura Gate (Towards Kolara),13.10328,77.86663,,nan
Channapura Gate,nan,CNPG1,32237,Channapura Gate (Towards Hoskote),13.10304,77.86669,,nan
Channarayapatna,nan,CNRP,21819,Channarayapatna (Towards Channarayapatna School),13.24713,77.79652,,nan
Channarayapatna,nan,CNRP,24435,Channarayapatna (Towards Yadalam Nagara),13.24711,77.79649,,nan
Channarayapatna School,nan,cnrs,24437,Channarayapatna School (Towards Vijayapura),13.24409,77.79689,,nan
Channarayapatna School,nan,cnrs,32238,Channarayapatna School (Towards Balepura),13.24408,77.79694,,nan
Channasandra,nan,CNS,21821,Channasandra (Towards Chikka Thirupathi),12.98345,77.76814,,nan
Channasandra,nan,CNS,21822,Channasandra (Towards Hope Farm),12.98328,77.76704,,nan
Channasandra,nan,CNS,38634,Channasandra (Towards Kadugodi Bapuji Circle),12.98347,77.76803,,nan
Channasandra,nan,CNSND,24439,Channasandra (Towards Kakolu),13.2006,77.50817,,nan
Channasandra,nan,CNSND1,21820,Channasandra (Towards Uttarahalli),12.90284,77.52121,,nan
Channasandra,nan,CNSND1,21823,Channasandra (Towards Kengeri),12.90283,77.52132,,nan
Channasandra,nan,CNSND1,35923,Channasandra (Towards Banashankari/Kengeri),12.90289,77.52133,,nan
Channasandra,nan,CNSNDR,32239,Channasandra (Towards Challahalli),13.20062,77.50809,,nan
Channasandra Colony,nan,CNSC,21824,Channasandra Colony (Towards Uttarahalli),12.90335,77.51628,,nan
Channasandra Colony,nan,CNSC,21825,Channasandra Colony (Towards Kengeri),12.90331,77.5164,,nan
Channegowdana Doddy,nan,CGDND,24441,Channegowdana Doddy (Towards Gollarapalya),12.80722,77.42929,,nan
Channegowdana Doddy,nan,CGDND,32240,Channegowdana Doddy (Towards Talaguppe),12.8072,77.42925,,nan
Channenahalli,nan,CNNHL,21483,Channenahalli (Towards Gollarahatti),12.97791,77.43037,,nan
Channenahalli,nan,CNNHL,21484,Channenahalli (Towards Tavarakere),12.97786,77.43052,,nan
Channenahalli Arch,nan,CNHA,21485,Channenahalli Arch (Towards Sunkadakatte),12.97987,77.43545,,nan
Channenahalli Arch,nan,CNHA,21486,Channenahalli Arch (Towards Tavarakere),12.97977,77.43546,,nan
Chapparadakallu,nan,CPRKL,24445,Chapparadakallu (Towards Devanahalli),13.27935,77.62543,,nan
Chapparadakallu,nan,CPRKL,31940,Chapparadakallu (Towards Doddballapura),13.27904,77.62536,,nan
Chapparadkallu (DC Office),nan,CPKL1,40460,Chapparadkallu (DC Office) (Towards Devanahalli),13.28001,77.62259,,nan
Chapparadkallu (DC Office),nan,CPKL1,40461,Chapparadkallu (DC Office) (Towards Doddaballapura),13.27965,77.62233,,nan
Chapradakallu,nan,BRSNRA,29830,Chapradakallu (Towards Devanahalli),13.27924,77.62536,,nan
Charls School Toll Gate,nan,CRLS,21826,Charls School Toll Gate (Towards Hennur Cross),13.00616,77.62084,,nan
Charls School Toll Gate,nan,CRLS,21827,Charls School Toll Gate (Towards Coles Park),13.00618,77.62096,,nan
Chatra (Yeliyuru Gate),nan,CTRYC1,38396,Chatra (Yeliyuru Gate) (Towards Vijayapura),13.27744,77.75845,,nan
Chatra (Yeliyuru Gate),nan,CTRYC1,38397,Chatra (Yeliyuru Gate) (Towards Devanahalli),13.27743,77.75846,,nan
Cheemachanahalli,nan,CHMHLI,21829,Cheemachanahalli (Towards Sulibele),13.21815,77.78611,,nan
Cheemachanahalli,nan,CHMHLI1,21828,Cheemachanahalli (Towards I Basapura),13.21814,77.78604,,nan
Cheemandahalli,nan,CMDHLI,24449,Cheemandahalli (Towards Hoskote),13.05051,77.81179,,nan
Cheemandahalli,nan,CMDHLI,32244,Cheemandahalli (Towards Vagata),13.05063,77.81171,,nan
Cheemandahalli Cross,nan,CMDHCR1,24451,Cheemandahalli Cross (Towards Hoskote),13.0449,77.81346,,nan
Cheemandahalli Cross,nan,CMDHCR1,32245,Cheemandahalli Cross (Towards Vagata),13.0449,77.81356,,nan
Cheemasandra,nan,CMS-1,32246,Cheemasandra (Towards Cheemasandra),13.04772,77.73938,,nan
Cheemasandra,nan,CMS1,24454,Cheemasandra (Towards Anupanahalli),13.21347,77.86867,,nan
Cheemasandra,nan,CMS1,32247,Cheemasandra (Towards Ramagovindapuram),13.21365,77.86867,,nan
Cheemasandra Gate,nan,CMHG-1,21830,Cheemasandra Gate (Towards Kempegowda Bus Station),13.03878,77.74042,,nan
Cheemasandra Gate,nan,CMHG-1,24455,Cheemasandra Gate (Towards Cheemasandra),13.03903,77.74008,,nan
Chelekere Circle,nan,CLKREN,24459,Chelekere Circle (Towards Chelekere),13.03074,77.64375,,nan
Chelekere Circle,nan,CLKREN,32249,Chelekere Circle (Towards Hennur Junction),13.0307,77.64396,,nan
Cheluvayyanapalya,nan,CLVNPL1,24462,Cheluvayyanapalya (Towards Belagumba),12.99213,77.26465,,nan
Cheluvayyanapalya,nan,CLVNPL1,32250,Cheluvayyanapalya (Towards Thagachakuppe),12.99222,77.26465,,nan
Chennathimmana Gollahalli,nan,CTGH,24464,Chennathimmana Gollahalli (Towards Kembaliganahalli),13.13953,77.88582,,nan
Chennathimmana Gollahalli,nan,CTGH,32251,Chennathimmana Gollahalli (Towards Chenna Thimmana Gollahalli Gate),13.13956,77.88586,,nan
Chennathimmana Gollahalli Gate,nan,KMPLgt,24466,Chennathimmana Gollahalli Gate (Towards Shivanapura),13.14109,77.89828,,nan
Chennathimmana Gollahalli Gate,nan,KMPLgt,32252,Chennathimmana Gollahalli Gate (Towards Hoskote),13.14104,77.89838,,nan
Chenuvalli,nan,CNVL,24468,Chenuvalli (Towards Byranayakanahalli),13.19909,77.34717,,nan
Chenuvalli,nan,CNVL,32253,Chenuvalli (Towards Isuvanahalli),13.19911,77.34711,,nan
Chikka Adugodi,nan,CKADG,23958,Chikka Adugodi (Towards Jai Bhima Nagara),12.92899,77.60943,,nan
Chikka Adugodi,nan,CKADG,23963,Chikka Adugodi (Towards Dairy Circle),12.92894,77.60939,,nan
Chikka Arasanahalli,nan,CAHL,24470,Chikka Arasanahalli (Towards Manchegowdanapalya),12.7335,77.38128,,nan
Chikka Arasanahalli,nan,CAHL,32254,Chikka Arasanahalli (Towards Heggadagere),12.73344,77.38125,,nan
Chikka Banavara,nan,CKB,20717,Chikka Banavara (Towards 8th Mile),13.08043,77.5026,,nan
Chikka Banavara,nan,CKB1,20718,Chikka Banavara (Towards Hesaraghatta),13.08046,77.50248,,nan
Chikka Banavara,nan,CKB1,38531,Chikka Banavara (Towards Guni Agrahara / Keregudadahalli),13.08068,77.50275,,nan
Chikka Basti,nan,CKBST1,24480,Chikka Basti (Towards Kenchanapura Cross),12.94466,77.47504,,nan
Chikka Basti,nan,CKBST1,32260,Chikka Basti (Towards Dodda Basti),12.94455,77.47503,,nan
Chikka Basti Masjid,nan,CBSTM,24481,Chikka Basti Masjid (Towards Sonnenahalli),12.94178,77.47403,,nan
Chikka Basti Masjid,nan,CBSTM,28880,Chikka Basti Masjid (Towards Dodda Basti),12.94191,77.47411,,nan
Chikka Beguru,nan,CKHBGR,32261,Chikka Beguru (Towards Chikka Beguru),12.87873,77.63767,,nan
Chikka Beguru,nan,CKHBGR,32262,Chikka Beguru (Towards Singsandra),12.87874,77.63776,,nan
Chikka Belavagala Gate,nan,CBLGT,24486,Chikka Belavagala Gate (Towards Kanasawadi),13.19838,77.42677,,nan
Chikka Belavagala Gate,nan,CBLGT,32263,Chikka Belavagala Gate (Towards Nelamangala),13.19828,77.42688,,nan
Chikka Bellanduru,nan,CKBL,24488,Chikka Bellanduru (Towards Carmelaram School Railway Gate),12.91219,77.71442,,nan
Chikka Bellanduru,nan,CKBL,32264,Chikka Bellanduru (Towards Chikka Bellanduru),12.91227,77.71435,,nan
Chikka Bettahalli,nan,CHKHLY,21832,Chikka Bettahalli (Towards MS Palya),13.08945,77.55629,,nan
Chikka Bettahalli,nan,CHKHLY,21833,Chikka Bettahalli (Towards Attur Layout),13.0895,77.55623,,nan
Chikka Bommasandra Cross,nan,CHKBC,21835,Chikka Bommasandra Cross (Towards Yalahanka NES Office),13.09354,77.58248,,nan
Chikka Bommasandra Cross,nan,CHKBC1,21834,Chikka Bommasandra Cross (Towards Yalahanka Satellite Town),13.09353,77.58251,,nan
Chikka Byalakere,nan,CHKBY,24491,Chikka Byalakere (Towards MS Palya),13.11964,77.52157,,nan
Chikka Byalakere,nan,CHKBY,32265,Chikka Byalakere (Towards Shivakote),13.11962,77.52155,,nan
Chikka Dasarahalli,nan,CHKD,24493,Chikka Dasarahalli (Towards Valagere Kallahalli),12.89159,77.78471,,nan
Chikka Dasarahalli,nan,CHKD,32266,Chikka Dasarahalli (Towards Kuthaganahalli),12.89201,77.78445,,nan
Chikka Dasarahalli Cross,nan,CKHCRS,24495,Chikka Dasarahalli Cross (Towards Sarjapura),12.88203,77.78777,,nan
Chikka Dasarahalli Cross,nan,CKHCRS,32267,Chikka Dasarahalli Cross (Towards Kuthaganahalli),12.88203,77.78773,,nan
Chikka Devasandra KR Puram,nan,CHKDV,24257,Chikka Devasandra KR Puram (Towards Sadaramangala),13.00442,77.70583,,nan
Chikka Devasandra KR Puram,nan,CHKDV,24260,Chikka Devasandra KR Puram (Towards Kempegowda Bus Station),13.00423,77.70605,,nan
Chikka Gollahalli,nan,CKGH2,39255,Chikka Gollahalli (Towards Mayasandra),13.29838,77.65492,,nan
Chikka Gollahalli,nan,CKGH2,39256,Chikka Gollahalli (Towards Devanahalli),13.2989,77.65523,,nan
Chikka Gollarahatti,nan,CKGLH1,21487,Chikka Gollarahatti (Towards Gollarahatti),12.99147,77.46559,,nan
Chikka Gollarahatti,nan,CKGLH1,21488,Chikka Gollarahatti (Towards Tavarakere),12.99142,77.4656,,nan
Chikka Gubbi,nan,CKBI,24499,Chikka Gubbi (Towards Byrathi Bande),13.08049,77.66638,,nan
Chikka Gubbi,nan,CKBI,32269,Chikka Gubbi (Towards N Gollahalli Yarappanahalli),13.08052,77.66634,,nan
Chikka Gubbi Cross,nan,CHKU,21836,Chikka Gubbi Cross (Towards Kannur),13.08427,77.65414,,nan
Chikka Gubbi Cross,nan,CHKU,21837,Chikka Gubbi Cross (Towards Hennur),13.08439,77.65434,,nan
Chikka Hagade,nan,CHIHGT,24501,Chikka Hagade (Towards Chikka Hagade Gate),12.7337,77.69927,,nan
Chikka Hagade,nan,CHIHGT,32270,Chikka Hagade (Towards Chikka Hagade),12.73354,77.69923,,nan
Chikka Hagade Gate,nan,CHGATE,23842,Chikka Hagade Gate (Towards Anekal),12.73138,77.70642,,nan
Chikka Hagade Gate,nan,CHGATE,23977,Chikka Hagade Gate (Towards Chandapura),12.73136,77.70636,,nan
Chikka Haralagere,nan,CKHGR,24503,Chikka Haralagere (Towards Sulibele),13.20047,77.82506,,nan
Chikka Haralagere,nan,CKHGR,32271,Chikka Haralagere (Towards Vijayapura),13.20048,77.82501,,nan
Chikka Hosahalli,nan,CHKHOS,24507,Chikka Hosahalli (Towards Nagayyana Doddy),12.70575,77.64522,,nan
Chikka Indluwadi,nan,CHIND,24509,Chikka Indluwadi (Towards Nagayyana Doddy),12.71624,77.64074,,nan
Chikka Indluwadi,nan,CHIND,32274,Chikka Indluwadi (Towards Indluwadi),12.71622,77.64071,,nan
Chikka Kammanahalli,nan,CHKMH,24511,Chikka Kammanahalli (Towards Dodda Kammanahalli),12.84966,77.59993,,nan
Chikka Kammanahalli,nan,CHKMH,32275,Chikka Kammanahalli (Towards Hommadevanahalli),12.84969,77.59996,,nan
Chikka Kodigehalli,nan,CKDH,24513,Chikka Kodigehalli (Towards Yale Kodigehalli),12.97202,77.46492,,nan
Chikka Kodigehalli,nan,CKDH,32276,Chikka Kodigehalli (Towards NICE Road),12.97206,77.46486,,nan
Chikka Kukkanahalli,nan,CKMDC,20719,Chikka Kukkanahalli (Towards  Doddy),13.15745,77.44891,,nan
Chikka Kukkanahalli,nan,CKMDC,24518,Chikka Kukkanahalli (Towards Thotagere Basavanna Devastana),13.15753,77.44899,,nan
Chikka Kuntanahalli,nan,CKNTNHC,24520,Chikka Kuntanahalli (Towards Parasanapalya),12.79354,77.43838,,nan
Chikka Kuntanahalli,nan,CKNTNHC,32279,Chikka Kuntanahalli (Towards Shyanumangala),12.79357,77.43843,,nan
Chikka Kuntanahalli Cross,nan,CKHC1,24522,Chikka Kuntanahalli Cross (Towards Kodiyala),12.79221,77.43864,,nan
Chikka Kuntanahalli Cross,nan,CKHC3,32280,Chikka Kuntanahalli Cross (Towards Shyanumangala),12.79216,77.43871,,nan
Chikka Madhure,nan,CKMDR1,20720,Chikka Madhure (Towards Railway Gollahalli),13.20652,77.43998,,nan
Chikka Madhure,nan,CKMDR1,24523,Chikka Madhure (Towards Channadevi Agrahara),13.20659,77.43992,,nan
Chikka Mariyappanapalya,nan,CMP1,24525,Chikka Mariyappanapalya (Towards Tavarakere),12.93985,77.40043,,nan
Chikka Mariyappanapalya,nan,CMP1,32281,Chikka Mariyappanapalya (Towards Sulivara),12.9399,77.40046,,nan
Chikka Maskal,nan,CKMSKL,24526,Chikka Maskal (Towards Chikka maskal),12.91971,77.33055,,nan
Chikka Nagamangala,nan,CHIKNGL,24528,Chikka Nagamangala (Towards Dodda Nagamangala),12.86001,77.69499,,nan
Chikka Nagamangala,nan,CHIKNGL,32282,Chikka Nagamangala (Towards Huskur),12.86005,77.69493,,nan
Chikka Nagamangala Gate,nan,CNGMG,24530,Chikka Nagamangala Gate (Towards Chikkanagamangala),12.85923,77.70364,,nan
Chikka Nagamangala Gate,nan,CNGMG,32283,Chikka Nagamangala Gate (Towards Huskur Gate),12.85919,77.70368,,nan
Chikka Nallala,nan,CKH1,32284,Chikka Nallala (Towards Mylapura),13.09694,77.89533,,nan
Chikka Nekkundi,nan,CKND,24533,Chikka Nekkundi (Towards Varthuru),12.92985,77.76583,,nan
Chikka Nekkundi,nan,CKND,35329,Chikka Nekkundi (Towards Madappanahalli Cross),12.92992,77.76569,,nan
Chikka Puttaiahnapalya,nan,CPTP1,24535,Chikka Puttaiahnapalya (Towards Nelamangala),13.09284,77.31818,,nan
Chikka Puttaiahnapalya,nan,CPTP1,32285,Chikka Puttaiahnapalya (Towards Kuppemala),13.09289,77.31825,,nan
Chikka Puttaiahnapalya Cross,nan,CPPC,39384,Chikka Puttaiahnapalya Cross (Towards Udakunte),13.09715,77.31905,,nan
Chikka Puttaiahnapalya Cross,nan,CPPC,39385,Chikka Puttaiahnapalya Cross (Towards Nelamangala),13.09717,77.31906,,nan
Chikka Sanne Gate,nan,CSN,24537,Chikka Sanne Gate (Towards Yalahanka),13.23031,77.69109,,nan
Chikka Sanne Gate,nan,CSN,32286,Chikka Sanne Gate (Towards Devanahalli),13.23038,77.69093,,nan
Chikka Tanda Manchenahalli Cross,nan,CKTND2,24539,Chikka Tanda Manchenahalli Cross (Towards Nelamangala),13.03776,77.35001,,nan
Chikka Tanda Manchenahalli Cross,nan,CKTND2,32287,Chikka Tanda Manchenahalli Cross (Towards Goravanahalli),13.03781,77.35004,,nan
Chikka Thataguni,nan,CTTGNI,24543,Chikka Thataguni (Towards Banashankari ),12.84542,77.51416,,nan
Chikka Thataguni,nan,CTTGNI,32289,Chikka Thataguni (Towards Gangasandra),12.84537,77.51418,,nan
Chikka Thimmasandra,nan,CKTMS,24545,Chikka Thimmasandra (Towards Bikkana Hosahalli),12.84561,77.74452,,nan
Chikka Thimmasandra,nan,CKTMS,32290,Chikka Thimmasandra (Towards Gopasandra Cross),12.84557,77.74455,,nan
Chikka Thimmasandra Colony,nan,CKTPS,24547,Chikka Thimmasandra Colony (Towards Gopasandra),12.84861,77.7418,,nan
Chikka Thimmasandra Colony,nan,CKTPS,32291,Chikka Thimmasandra Colony (Towards Chikkathimmasandra),12.84866,77.7418,,nan
Chikka Thirupathi,nan,CKTP,24549,Chikka Thirupathi (Towards Dunnasandra Cross),12.89536,77.86697,,nan
Chikka Thirupathi,nan,CKTP,32292,Chikka Thirupathi (Towards Malur),12.89538,77.86704,,nan
Chikka Thirupathi,nan,CKTP,35366,Chikka Thirupathi (Towards Mugaluru),12.89532,77.867,,nan
Chikka Thogurupalya,nan,CKTGRP,32294,Chikka Thogurupalya (Towards Magadi),12.95628,77.28314,,nan
Chikka Thogurupalya,nan,CKTGRP1,24553,Chikka Thogurupalya (Towards Thippagondanahalli),12.9562,77.28287,,nan
Chikka Tumkur,nan,CKTMKR,24555,Chikka Tumkur (Towards Jinke Bachahalli),13.26368,77.53253,,nan
Chikka Tumkur,nan,CKTMKR,32295,Chikka Tumkur (Towards Doddaballapura),13.26359,77.53248,,nan
Chikka Tumkur Cross,nan,CKTMRC,24557,Chikka Tumkur Cross (Towards Rajanukunte),13.25273,77.53883,,nan
Chikka Tumkur Cross,nan,CKTMRC,32296,Chikka Tumkur Cross (Towards Chikka Tumkur),13.25266,77.53886,,nan
Chikka Tumkur Lake,nan,CKTMRL,24559,Chikka Tumkur Lake (Towards Aralumallige),13.27738,77.51904,,nan
Chikka Tumkur Lake,nan,CKTMRL,32297,Chikka Tumkur Lake (Towards Hosahalli),13.27745,77.51901,,nan
Chikka Veeraiahanapalya Cross,nan,CVPC,24561,Chikka Veeraiahanapalya Cross (Towards Makali),13.11427,77.43148,,nan
Chikka Veeraiahanapalya Cross,nan,CVPC,32298,Chikka Veeraiahanapalya Cross (Towards Huskur),13.11416,77.4316,,nan
Chikka Veeraiahnapalya,nan,CVP5,24563,Chikka Veeraiahnapalya (Towards Dodda Aladamara),12.94543,77.40051,,nan
Chikka Veeraiahnapalya,nan,CVP5,32299,Chikka Veeraiahnapalya (Towards Tavarakere),12.94541,77.40046,,nan
Chikkaballapura Bus Stand,nan,CBP,37648,Chikkaballapura Bus Stand (Towards Chikkaballapura),13.43768,77.73199,,nan
Chikkaballapura R T O Office,nan,RTOC1,37998,Chikkaballapura R T O Office (Towards Chikkaballapura),13.38317,77.72626,,nan
Chikkaballapura R T O Office,nan,RTOC1,37999,Chikkaballapura R T O Office (Towards Venkatagiri Kote),13.38321,77.7263,,nan
Chikkabanavara Railway Station,nan,CKBRS1,21108,Chikkabanavara Railway Station (Towards Hesaraghatta),13.07543,77.50464,,nan
Chikkabanavara Railway Station,nan,CKBRS1,21109,Chikkabanavara Railway Station (Towards Bagalagunte),13.07547,77.50469,,nan
Chikkabidarakallu,nan,CKB9,21838,Chikkabidarakallu (Towards Jalahalli Cross),13.05235,77.48774,,nan
Chikkabidarakallu,nan,CKBD,24566,Chikkabidarakallu (Towards Nelamangala),13.05196,77.48778,,nan
Chikkabidarakallu Metrto Station,nan,CKB9,39373,Chikkabidarakallu Metrto Station (Towards  Departure),13.05239,77.48757,,nan
Chikkabidarakallu Metrto Station,nan,CKB9,39374,Chikkabidarakallu Metrto Station (Towards Arival),13.05244,77.48744,,nan
Chikkabillakempanahalli (Padmashree Hospital),nan,CBKH,39910,Chikkabillakempanahalli (Padmashree Hospital) (Towards Kadumane Hotel),12.80755,77.40062,,nan
Chikkabillakempanahalli (Padmashree Hospital),nan,CBKH,39911,Chikkabillakempanahalli (Padmashree Hospital) (Towards Bidadi),12.80747,77.40077,,nan
Chikkagattiganabbe,nan,CKBHB,24568,Chikkagattiganabbe (Towards Hoskote),13.04166,77.79549,,nan
Chikkagattiganabbe,nan,CKBHB,32301,Chikkagattiganabbe (Towards Kodihalli),13.0416,77.79554,,nan
Chikkahosahalli Gate,nan,CHKGTE,24570,Chikkahosahalli Gate (Towards Nalluru Gate),13.20739,77.7631,,nan
Chikkahosahalli Gate,nan,CHKGTE,32302,Chikkahosahalli Gate (Towards Devanahalli),13.20711,77.76307,,nan
Chikkahullur,nan,CKH2,24572,Chikkahullur (Towards H Cross),13.1051,77.82485,,nan
Chikkahullur,nan,CKH2,32303,Chikkahullur (Towards Hosakote),13.10508,77.82493,,nan
Chikkajala,nan,CKHJ,24574,Chikkajala (Towards Devanahalli),13.17277,77.63318,,nan
Chikkajala,nan,CKHJ,32304,Chikkajala (Towards Yalahanka),13.17273,77.63369,,nan
Chikkajala  FLY,nan,CKJLAF,39284,Chikkajala  FLY (Towards Hebbala),13.17299,77.6336,,nan
Chikkajala  FLY,nan,CKJLAF,39285,Chikkajala  FLY (Towards Kempegowda International Airport),13.17288,77.63336,,nan
Chikkallasandra,nan,CKBS,24575,Chikkallasandra (Towards Chikkalasandra Last Stop),12.91507,77.55198,,nan
Chikkallasandra Aralimara,nan,CKLSC,21840,Chikkallasandra Aralimara (Towards Gowdanapalya),12.91168,77.55226,,nan
Chikkallasandra Aralimara,nan,CKLSC,21841,Chikkallasandra Aralimara (Towards Uttarahalli),12.91157,77.55238,,nan
Chikkallasandra Aralimara,nan,CKS,24576,Chikkallasandra Aralimara (Towards Mahesh Medicals),12.91184,77.55215,,nan
Chikkallasandra Bank Colony,nan,CKLBC,21842,Chikkallasandra Bank Colony (Towards Chikkalasandra),12.90906,77.5491,,nan
Chikkallasandra Bank Colony,nan,CKLBC,21843,Chikkallasandra Bank Colony (Towards Uttarahalli),12.90914,77.54927,,nan
Chikkamaranahalli,nan,CKMH1,24580,Chikkamaranahalli (Towards Yaliyur),13.25705,77.7637,,nan
Chikkamaranahalli,nan,CMH5,32306,Chikkamaranahalli (Towards Mahadevapura),13.0905,77.32312,,nan
Chikkamaranahalli,nan,CMH5,32307,Chikkamaranahalli (Towards Nelamangala),13.0904,77.32309,,nan
Chikkamaranahalli Colony,nan,CMHC1,24582,Chikkamaranahalli Colony (Towards Nelamangala),13.0967,77.32268,,nan
Chikkamaranahalli Colony,nan,CMHC1,32308,Chikkamaranahalli Colony (Towards Kuppemala),13.09665,77.32266,,nan
Chikkammanapalya,nan,CKMPL,32309,Chikkammanapalya (Towards Gulaganjanahalli),12.95049,77.42292,,nan
Chikkammanapalya,nan,CKMPL1,24584,Chikkammanapalya (Towards Tavarakere),12.95033,77.423,,nan
Chikkana Hosahalli,nan,CHNHSOS,24586,Chikkana Hosahalli (Towards Bettenahalli),13.21479,77.58064,,nan
Chikkana Hosahalli,nan,CHNHSOS,32310,Chikkana Hosahalli (Towards Aradeshanahalli),13.21474,77.58065,,nan
Chikkanadoddi Cross,nan,CKDDC2,39956,Chikkanadoddi Cross (Towards Harohalli),12.66985,77.51247,,nan
Chikkanadoddi Cross,nan,CKDDC2,39957,Chikkanadoddi Cross (Towards Thattekere),12.6699,77.51248,,nan
Chikkanahalli,nan,CHKN,32313,Chikkanahalli (Towards Chikka Indluvadi),12.71756,77.64678,,nan
Chikkanahalli,nan,CHKN,32314,Chikkanahalli (Towards Chikka Indluwadi Cross),12.71755,77.64682,,nan
Chikkanahalli,nan,CHKNH5,32311,Chikkanahalli (Towards Beguru),13.18385,77.6882,,nan
Chikkanahalli,nan,CHKNH5,32320,Chikkanahalli (Towards Mylanahalli),13.18394,77.68817,,nan
Chikkanahalli,nan,CKH3,32315,Chikkanahalli (Towards Dodda Basti),12.93444,77.47249,,nan
Chikkanahalli,nan,CKH3,32318,Chikkanahalli (Towards Kengeri Club),12.93457,77.47251,,nan
Chikkanahalli,nan,CKNH1,24599,Chikkanahalli (Towards Shivanapura),13.1318,77.90317,,nan
Chikkanahalli,nan,CKNH1,32317,Chikkanahalli (Towards Hoskote),13.13185,77.90319,,nan
Chikkanahalli,nan,CKNHL22,32316,Chikkanahalli (Towards Donnenahalli),12.8816,77.35521,,nan
Chikkanahalli,nan,CKNHL22,32319,Chikkanahalli (Towards Manchanabele),12.88186,77.35537,,nan
Chikkanahalli (Railway Gollahalli),nan,CKH9,24588,Chikkanahalli (Railway Gollahalli) (Towards Railway Gollahalli),13.18371,77.38434,,nan
Chikkanahalli (Railway Gollahalli),nan,CKH9,32312,Chikkanahalli (Railway Gollahalli) (Towards Byranayakanahalli),13.18367,77.38426,,nan
Chikkanahalli Bande,nan,CKNHB1,24601,Chikkanahalli Bande (Towards Railway Gollahalli),13.17933,77.39042,,nan
Chikkanahalli Bande,nan,CKNHB1,32321,Chikkanahalli Bande (Towards Byranayakanahalli),13.17931,77.39034,,nan
Chikkanahalli Gate,nan,CKNHG,24605,Chikkanahalli Gate (Towards Kolara),13.12584,77.90411,,nan
Chikkanahalli Gate,nan,CKNHG,32323,Chikkanahalli Gate (Towards Hoskote),13.12559,77.90421,,nan
Chikkanahalli School,nan,SCKH,28191,Chikkanahalli School (Towards Railway Gollahalli),13.18267,77.3866,,nan
Chikkanahalli School,nan,SCKH,34485,Chikkanahalli School (Towards Byranayakanahalli),13.18269,77.3865,,nan
Chikkanayakanahalli,nan,CKNYH,24607,Chikkanayakanahalli (Towards Chikkanayakanahalli DInne),12.89228,77.69454,,nan
Chikkanayakanahalli,nan,CKNYH,32324,Chikkanayakanahalli (Towards Dodda Kannalli (Sarjapura Road)),12.89232,77.69445,,nan
Chikkanayakanahalli Dinne,nan,CKHD,24609,Chikkanayakanahalli Dinne (Towards Chikkanayakanahalli),12.88384,77.69704,,nan
Chikkanayakanahalli Dinne,nan,CKHD,32325,Chikkanayakanahalli Dinne (Towards Doddamma Temple),12.88386,77.69713,,nan
Chikkegowdanapalya,nan,CGPL2,24613,Chikkegowdanapalya (Towards Kengeri),12.8787,77.51471,,nan
Chikkegowdanapalya,nan,CGPL2,32327,Chikkegowdanapalya (Towards Raghuvanahalli Cross),12.87882,77.51474,,nan
Chikkegowdanapalya Junction,nan,CKPJ,39110,Chikkegowdanapalya Junction (Towards Ganakal),12.87816,77.51649,,nan
Chikkegowdanapalya Junction,nan,CKPJ,39111,Chikkegowdanapalya Junction (Towards Raghuvanahalli Cross),12.8782,77.51661,,nan
Chikkellur Cross,nan,CKLRCR,24615,Chikkellur Cross (Towards Mysore Road ),12.89191,77.42158,,nan
Chikkellur Cross,nan,CKLRCR,32328,Chikkellur Cross (Towards Koluru ),12.89183,77.42171,,nan
Chinmaya Vidyalaya Koramangala,nan,CNVS1,24618,Chinmaya Vidyalaya Koramangala (Towards Chinmaya Vidyalaya Koramangala),12.93491,77.62811,,nan
Chinnaiahnapalya,nan,CNP2,24621,Chinnaiahnapalya (Towards Chinnaiahnapalya),12.72257,77.65589,,nan
Chinnakurchi,nan,CNKRC,24623,Chinnakurchi (Towards Thittahalli),12.82745,77.45962,,nan
Chinnakurchi,nan,CNKRC,32331,Chinnakurchi (Towards Gonipura),12.82741,77.45962,,nan
Chinnappa Garden,nan,CNPGR,32332,Chinnappa Garden (Towards Nandidurga Road),13.00302,77.60354,,nan
Chinnappa Garden,nan,CNPGR,32333,Chinnappa Garden (Towards Marappa Garden),13.0031,77.60353,,nan
Chinnappa Layout,nan,CHNPLT,24630,Chinnappa Layout (Towards LR Bande),13.02823,77.60961,,nan
Chinnappa Layout,nan,CHNPLT,32335,Chinnappa Layout (Towards Manjushree Hospital),13.02825,77.60964,,nan
Chinnaswamy Stadium,nan,CWSMGR,22694,Chinnaswamy Stadium (Towards Shivaji Nagara),12.97742,77.59885,,nan
Chinnayyanapalya Silk Farm,nan,CHNSLKFM,21844,Chinnayyanapalya Silk Farm (Towards Kaggalipura),12.85356,77.52343,,nan
Chinnayyanapalya Silk Farm,nan,CHNSLKFM,21845,Chinnayyanapalya Silk Farm (Towards Banashankari ),12.85368,77.52331,,nan
Chinnayyanapalya Silk Farm,nan,CNFSLKF,37208,Chinnayyanapalya Silk Farm (Towards Vally School),12.85366,77.5232,,nan
Chinthala Madivala,nan,CHM1,24637,Chinthala Madivala (Towards Huskur),12.85269,77.71173,,nan
Chinthala Madivala,nan,CHM1,32338,Chinthala Madivala (Towards Chinthala Madivala),12.85266,77.71179,,nan
Chinthala Madivala Cross,nan,CHNMDL,24639,Chinthala Madivala Cross (Towards Kaggalipura),12.85453,77.71226,,nan
Chinthala Madivala Cross,nan,CHNMDLC,32339,Chinthala Madivala Cross (Towards Huskur),12.85452,77.71222,,nan
Chirayu Pali Clinic,nan,CPLCINC,39154,Chirayu Pali Clinic (Towards Thippenahalli),13.04424,77.49068,,nan
Chirayu Pali Clinic,nan,CPLCINC,39155,Chirayu Pali Clinic (Towards Marison Factory),13.04452,77.49071,,nan
Chitrapura Mutt,nan,CHM,24642,Chitrapura Mutt (Towards Malleshwaram),13.00564,77.56528,,nan
Chokkahalli Gate,nan,CKHG,24646,Chokkahalli Gate (Towards Hoskote),13.11222,77.83227,,nan
Chokkahalli Gate,nan,CKHG,32341,Chokkahalli Gate (Towards H Cross),13.11222,77.83213,,nan
Chokkanahali Government School,nan,CKGS2,28791,Chokkanahali Government School (Towards Chokkanahalli),13.11131,77.69131,,nan
Chokkanahali Government School,nan,CKGS2,33826,Chokkanahali Government School (Towards Marasandra),13.11135,77.69133,,nan
Chokkanahalli,nan,CHKH1,32342,Chokkanahalli (Towards Budamaranahalli Cross),13.18312,77.53915,,nan
Chokkanahalli,nan,CHKH1,32346,Chokkanahalli (Towards Shanubhoganahalli),13.18306,77.53932,,nan
Chokkanahalli,nan,CHKKN,32343,Chokkanahalli (Towards Maralakunte),13.11355,77.68756,,nan
Chokkanahalli,nan,CHKKN,32344,Chokkanahalli (Towards Marenahalli),13.11351,77.68758,,nan
Chokkanahalli,nan,CKHLI,24652,Chokkanahalli (Towards RK Hegade Nagara),13.08235,77.62499,,nan
Chokkanahalli,nan,CKHLI,32345,Chokkanahalli (Towards Kogilu Cross),13.08233,77.62497,,nan
Chokkanahalli Gate,nan,CKHL1,21846,Chokkanahalli Gate (Towards Noor Nagara),13.08466,77.63487,,nan
Chokkanahalli Gate,nan,CKHL1,21847,Chokkanahalli Gate (Towards Thirumenahalli Cross),13.08471,77.63473,,nan
Chokkasandra,nan,CKLSRN,32347,Chokkasandra (Towards Avalahalli),12.87059,77.7211,,nan
Chokkasandra,nan,CKLSRN,32348,Chokkasandra (Towards Harohalli),12.87066,77.7212,,nan
Chokkasandra Cross,nan,CKSDCR2,24658,Chokkasandra Cross (Towards Chokkasandra),12.87348,77.73397,,nan
Chokkasandra Cross,nan,CKSDCR2,32349,Chokkasandra Cross (Towards Dommasandra),12.87355,77.73402,,nan
Chokkasandra Cross,nan,CKSDCR2,32350,Chokkasandra Cross (Towards Gopasandra),12.87348,77.73409,,nan
Chokkasandra Gate,nan,CKSGT,24660,Chokkasandra Gate (Towards Hosakote),13.1832,77.88681,,nan
Chokkasandra Gate,nan,CKSGT,32351,Chokkasandra Gate (Towards H Cross),13.18333,77.8867,,nan
Cholanayakanahalli,nan,CHNH,21489,Cholanayakanahalli (Towards Tavarakere),12.96024,77.35952,,nan
Cholanayakanahalli,nan,CHNH,21490,Cholanayakanahalli (Towards Magadi),12.9605,77.35961,,nan
Cholappanahalli Gate,nan,CPHG,24664,Cholappanahalli Gate (Towards Hoskote),13.11897,77.83919,,nan
Cholappanahalli Gate,nan,CPHG,32353,Cholappanahalli Gate (Towards H Cross),13.1191,77.83923,,nan
Choodasandra Circle,nan,CHUD,24667,Choodasandra Circle (Towards Central Jail),12.88853,77.67299,,nan
Choodasandra Circle,nan,CHUD,35370,Choodasandra Circle (Towards Kasavanahalli),12.88855,77.67294,,nan
Choudappa Layout,nan,CHPL-1,24669,Choudappa Layout (Towards MS Palya),13.10983,77.5281,,nan
Choudappa Layout,nan,CHPL-1,32355,Choudappa Layout (Towards Shivakote),13.10978,77.52807,,nan
Chowdanahalli,nan,CHWU,24671,Chowdanahalli (Towards Sadahalli Gate),13.21449,77.62801,,nan
Chowdanahalli,nan,CHWU,32356,Chowdanahalli (Towards Nagamangala),13.21444,77.628,,nan
Chowdappanahalli,nan,CWPHL,21848,Chowdappanahalli (Towards Bidlapura),13.14841,77.7537,,nan
Chowdappanahalli,nan,CWPHL,21849,Chowdappanahalli (Towards Budigere),13.14852,77.75373,,nan
Chowdareddy Circle,nan,ANKL,23971,Chowdareddy Circle (Towards Anekal),12.71119,77.69949,,nan
Chowdareddy Circle,nan,ANKL,23973,Chowdareddy Circle (Towards Anekal Circle),12.71125,77.69931,,nan
Chowdary Line,nan,CWL,38858,Chowdary Line (Towards Start Point),13.00521,77.63878,,nan
Chowdasandra Cross,nan,CHCRS,24673,Chowdasandra Cross (Towards Avalakuppe),13.01049,77.33506,,nan
Chowdasandra Cross,nan,CHCRS,32357,Chowdasandra Cross (Towards Yntaganahalli Nelamangala),13.01056,77.33502,,nan
Chowdeshwari Temple,nan,CHDSTC,32358,Chowdeshwari Temple (Towards Lingapura Corss),12.75911,77.69019,,nan
Chowdeshwari Temple,nan,CHDSTC,32359,Chowdeshwari Temple (Towards Marasur Gate),12.75914,77.69013,,nan
Chowdeshwari Temple,nan,CHOWDT,24678,Chowdeshwari Temple (Towards Okalipuram),12.99483,77.56638,,nan
Chowdeshwari Temple B Channasandra,nan,BCH,24679,Chowdeshwari Temple B Channasandra (Towards B Channasandra),13.01094,77.65918,,nan
Chowdeshwarinagara,nan,CDNLGR,36390,Chowdeshwarinagara (Towards Goraguntepalya),13.00047,77.52479,,nan
Chowdeshwarinagara,nan,CDNLGR,36391,Chowdeshwarinagara (Towards Summanahalli),13.0006,77.525,,nan
Chowdeshwarinagara,nan,CDSNGR,24682,Chowdeshwarinagara (Towards Tavarakere),12.99759,77.39939,,nan
Chowdeshwarinagara,nan,CDSNGR,32362,Chowdeshwarinagara (Towards Sondekoppa),12.9975,77.39944,,nan
Chowdeshwarinagara Bus Stand,nan,CDNBS,39199,Chowdeshwarinagara Bus Stand (Towards Last Stop),13.00135,77.52087,,nan
Chowdeshwarinagara JP Park,nan,CDNJP,24270,Chowdeshwarinagara JP Park (Towards Mathikere),13.03272,77.55408,,nan
Chowdeshwarinagara JP Park,nan,CDNJP,24683,Chowdeshwarinagara JP Park (Towards Mohankumar Nagara),13.03281,77.55446,,nan
Chowdeshwarinagara JP Park,nan,CDNJP,37606,Chowdeshwarinagara JP Park (Towards Mathikere/BEL),13.03284,77.55432,,nan
Chowdeshwarinagara Tataguni,nan,CDRN TTGNI,24684,Chowdeshwarinagara Tataguni (Towards Tataguni),12.84988,77.51885,,nan
Chowdeshwarinagara Thataguni,nan,CDNTTGNI,24674,Chowdeshwarinagara Thataguni (Towards Banashankari),12.84995,77.51892,,nan
Christ International School Cross,nan,CISC1,24686,Christ International School Cross (Towards Alambadi),12.88589,77.89044,,nan
Christ International School Cross,nan,CISC1,32363,Christ International School Cross (Towards Sampangere),12.88587,77.89049,,nan
Christ School,nan,CRTCL,24688,Christ School (Towards Kaggalipura),12.79913,77.51193,,nan
Christ School,nan,CRTCL,32364,Christ School (Towards Gulakamale),12.79918,77.5119,,nan
Christal House Learning School,nan,CHLS,24690,Christal House Learning School (Towards Yalahanka),13.0943,77.65168,,nan
Christal House Learning School,nan,CHLS,32365,Christal House Learning School (Towards Kothanuru),13.09439,77.65173,,nan
Chudahalli,nan,CDHL,24692,Chudahalli (Towards Somanahalli Gate),12.78228,77.48943,,nan
Chudahalli,nan,CDHL,32366,Chudahalli (Towards Gudipalya),12.78225,77.48943,,nan
Chunchaghatta,nan,CHGHT,24694,Chunchaghatta (Towards Kothanuru),12.88558,77.57487,,nan
Chunchaghatta,nan,CHGHT,32367,Chunchaghatta (Towards Ganapathipura),12.88553,77.57489,,nan
Chunchanakuppe,nan,CNCNKP,24696,Chunchanakuppe (Towards Dodda Aladamara),12.91038,77.38631,,nan
Chunchanakuppe,nan,CNCNKP,32368,Chunchanakuppe (Towards Ajjanahalli),12.91034,77.38632,,nan
Cipla Avalahalli,nan,CLP-1,38192,Cipla Avalahalli (Towards Veeranahalli),13.03229,77.73139,,nan
Cipla Avalahalli,nan,CPL,21850,Cipla Avalahalli (Towards Kempegowda Bus Station),13.03243,77.73148,,nan
Cipla Avalahalli,nan,CPL,21851,Cipla Avalahalli (Towards Hoskote),13.03263,77.73114,,nan
City Civil Court,nan,CCC1,21491,City Civil Court (Towards Mysore Bank),12.97334,77.58243,,nan
City Civil Court,nan,MYBNK,24128,City Civil Court (Towards KR Circle),12.97343,77.58243,,nan
City Civil Court (CHAKRA),nan,KRC-MYSbnk,37720,City Civil Court (CHAKRA) (Towards KR Circle),12.97339,77.58237,,nan
Clarence School,nan,CLRNS,35922,Clarence School (Towards Bamboo Bazaar),13.00309,77.61666,,nan
Cloride Metal,nan,CLRMTL,36224,Cloride Metal (Towards MALUR),12.93964,77.91132,,nan
Cloride Metal,nan,CLRMTL,36225,Cloride Metal (Towards KODIHALLI),12.93954,77.91152,,nan
Coca Cola Byramangala,nan,CCCL1,24711,Coca Cola Byramangala (Towards Mysore Road),12.78086,77.40412,,nan
Coca Cola Byramangala,nan,CCCL1,32374,Coca Cola Byramangala (Towards Byramangala),12.78103,77.40411,,nan
Coffee Board Layout,nan,CFBL1,24715,Coffee Board Layout (Towards Military Dairyform),13.04843,77.60914,,nan
Coffee Board Layout,nan,CFBL1,32377,Coffee Board Layout (Towards Mariyannapalya),13.04853,77.60919,,nan
Coffee Day Hope Farm,nan,CFFDY,38049,Coffee Day Hope Farm (Towards Hope Form),12.97998,77.75162,,nan
Coffee Day Hope Farm,nan,CFFDY,38050,Coffee Day Hope Farm (Towards Varthur),12.97987,77.75168,,nan
Cohera,nan,CHR6,38695,Cohera (Towards Last Stop),13.17322,77.74122,,nan
Coles Park,nan,CLSPRK,24717,Coles Park (Towards Thomas Cafe),12.99308,77.60928,,nan
Coles Park,nan,COLESP,32378,Coles Park (Towards Bamboobazar),12.99301,77.60927,,nan
Coles Park,nan,COLPK,21857,Coles Park (Towards Bomboo Bazar),12.99534,77.60829,,nan
Coles Park,nan,COLPK,21859,Coles Park (Towards  Doddy),12.99573,77.60668,,nan
Coles Road,nan,COLSRD,21862,Coles Road (Towards Banasawadi),12.99661,77.61204,,nan
Coles Road,nan,COLSRD,21863,Coles Road (Towards Coles park),12.99632,77.61247,,nan
Commando Hospital,nan,CMDH,21865,Commando Hospital (Towards Kempegowda Bus Station ),12.96268,77.62756,,nan
Commando Hospital,nan,CMH,21864,Commando Hospital (Towards HAL ),12.96364,77.62641,,nan
Commercial Street,nan,CMS,35086,Commercial Street (Towards MG Road),12.97994,77.60981,,nan
Commercial Street,nan,COMS,24721,Commercial Street (Towards Shivaji Nagara),12.98283,77.60623,,nan
Commercial Street,nan,COMSTR,35212,Commercial Street (Towards Kamaraja Road Lavanya Talkies),12.98163,77.60822,,nan
Concord Apartment Electronic City,nan,CNCAP,24722,Concord Apartment Electronic City (Towards Neeladri Nagara),12.84056,77.65185,,nan
Concord Apartment Electronic City,nan,CNCAP,35337,Concord Apartment Electronic City (Towards Electronic City),12.84061,77.65172,,nan
Concorde Napa Valley,nan,CCNV,37972,Concorde Napa Valley (Towards Kaggalipura),12.78852,77.5121,,nan
Corporation,nan,CRP,20726,Corporation (Towards HAL MG Road),12.9682,77.58936,,nan
Corporation,nan,CRP,20727,Corporation (Towards KR Market ),12.96701,77.58822,,nan
Corporation,nan,CRPN,20725,Corporation (Towards Cauvery Bhavan / Mysore Bank),12.96839,77.58675,,nan
Corporation,nan,Corpo,20728,Corporation (Towards Subbiah Circle),12.9648,77.58778,,nan
Country Club Bagaluru,nan,CUNTY,24724,Country Club Bagaluru (Towards Yalahanka),13.12348,77.63937,,nan
Country Club Bagaluru,nan,CUNTY,32381,Country Club Bagaluru (Towards Bagaluru),13.12358,77.63932,,nan
Cox Town,nan,CXTN,23660,Cox Town (Towards Jeevanahalli),12.99648,77.62157,,nan
Cox Town,nan,CXTN,24047,Cox Town (Towards Shivaji Nagara),12.99629,77.62153,,nan
Crown Plaza,nan,CRNPZ,24733,Crown Plaza (Towards Konappana Agarahara),12.85092,77.66,,nan
Crown Plaza,nan,CRNPZ3,20732,Crown Plaza (Towards Electronic City),12.85082,77.66023,,nan
Crystal Apartment Sarjapura Road,nan,KSTLA,21866,Crystal Apartment Sarjapura Road (Towards Sarjapura),12.86771,77.76724,,nan
Crystal Apartment Sarjapura Road,nan,KSTLA,21867,Crystal Apartment Sarjapura Road (Towards Dommasandra),12.86758,77.76714,,nan
Cubbon Park Metro Station,nan,CBPRK,37694,Cubbon Park Metro Station (Towards Cubbon Road),12.98068,77.59835,,nan
Cubbon Park Metro Station,nan,CPMN,24741,Cubbon Park Metro Station (Towards GPO),12.98083,77.59722,,nan
Cubbon Park Metro Station,nan,CPMS,38459,Cubbon Park Metro Station (Towards Last Point),12.98068,77.59831,,nan
Cunningham Road,nan,CUNHMRD,21869,Cunningham Road (Towards Vasantha Nagara),12.98788,77.59423,,nan
Cura Hospital,nan,CRAH,39688,Cura Hospital (Towards Jaraganahalli),12.88802,77.56148,,nan
Cura Hospital,nan,CRAH,39689,Cura Hospital (Towards Kaggalipura),12.88787,77.56161,,nan
C‌ Q A L,nan,CQL,23341,C‌ Q A L (Towards R T Nagara),13.0118,77.59321,,nan
D Cross Doddaballapura,nan,DCRS,24749,D Cross Doddaballapura (Towards Devanahalli),13.30659,77.54594,,nan
D Cross Doddaballapura,nan,DCRS3,32387,D Cross Doddaballapura (Towards Doddaballapura Bus Stand),13.30654,77.54584,,nan
D Cross Doddaballapura,nan,DCRS3,32389,D Cross Doddaballapura (Towards Gathi Subramanya),13.3066,77.54574,,nan
D Group Employees Layout,nan,DGEMP1,24751,D Group Employees Layout (Towards Kogilu),13.09134,77.69091,,nan
D Group Employees Layout,nan,DGEMP1,32390,D Group Employees Layout (Towards Yarappanahalli),13.09127,77.69089,,nan
D Group Employees Layout Srigandhada Kaval,nan,SKDL,26638,D Group Employees Layout Srigandhada Kaval (Towards Nagarabhavi Circle),12.97808,77.49874,,nan
D Group Employees Layout Srigandhada Kaval,nan,SKDL,34680,D Group Employees Layout Srigandhada Kaval (Towards Annapoorneshwari Nagar),12.97813,77.49874,,nan
D Hosahalli,nan,DHSH,24753,D Hosahalli (Towards Medahalli),12.96839,77.83253,,nan
D Hosahalli,nan,DHSH,32391,D Hosahalli (Towards D Hosahalli Cross),12.96831,77.83242,,nan
D Shettihalli Gate,nan,DSHG1,24755,D Shettihalli Gate (Towards H Cross),13.15057,77.86844,,nan
D Shettihalli Gate,nan,DSHG1,32392,D Shettihalli Gate (Towards Hoskote),13.15057,77.8685,,nan
D Souza Circle,nan,DSC,21872,D Souza Circle (Towards Kempegowda Bus Station),12.96755,77.61106,,nan
D Souza Nagara,nan,DSZN1,24758,D Souza Nagara (Towards Hoskerehalli Cross),12.93179,77.53331,,nan
D Souza Nagara,nan,DSZN1,32393,D Souza Nagara (Towards Muneshwara Nagara Kerekodi),12.93199,77.53289,,nan
DEPOT-19 Gate,nan,D19G,38109,DEPOT-19 Gate (Towards DEPOT-19 ),12.84691,77.67192,,nan
DHFL,nan,DHFL,37969,DHFL (Towards Kempegowda International Airport),13.19963,77.69561,,nan
DHFL,nan,DHFL,38070,DHFL (Towards Airport Trumpet),13.19945,77.69561,,nan
DLF Home Town,nan,DLFHT,25000,DLF Home Town (Towards Hulimavu),12.87565,77.61775,,nan
DLF Home Town,nan,DLFHT,32493,DLF Home Town (Towards Beguru),12.8758,77.61776,,nan
DRDO Quarters,nan,DRDOQ,21925,DRDO Quarters (Towards CV Raman Nagara),12.98546,77.66133,,nan
DRDO Quarters,nan,DRDOQTRS,21926,DRDO Quarters (Towards LRDE),12.98551,77.66147,,nan
DSC HAL GM Palya,nan,DSC HAL,38105,DSC HAL GM Palya (Towards Last Stop),12.97659,77.66824,,nan
DTDC Wear House (Godown),nan,DTDCW,39323,DTDC Wear House (Godown) (Towards Kattigenahalli Cross),13.10745,77.61864,,nan
DUO Heights Layout,nan,DUO,25164,DUO Heights Layout (Towards Vijaya Bank Layout),12.89486,77.61468,,nan
DUO Heights Layout,nan,DUO,32572,DUO Heights Layout (Towards Kodichikkanahalli),12.89486,77.61463,,nan
Dabaspete,nan,DBSPT,24761,Dabaspete (Towards T Begur),13.22787,77.24187,,nan
Dabaspete,nan,DBSPT,32394,Dabaspete (Towards Tumakur),13.2277,77.24144,,nan
Dabbaguli,nan,DBLG,24763,Dabbaguli (Towards Dabbaguli Gate),12.89092,77.32275,,nan
Dabbaguli Gate,nan,DBLG,24765,Dabbaguli Gate (Towards Mata Gate),12.87,77.32808,,nan
Dabbaguli Gate,nan,DBLG,32396,Dabbaguli Gate (Towards Manchanabele),12.87007,77.32804,,nan
Dabbaguli Gate-2,nan,DBLG,24768,Dabbaguli Gate-2 (Towards Annekarahalli),12.87945,77.31628,,nan
Dabbaguli Gate-2,nan,DBLG,32398,Dabbaguli Gate-2 (Towards Manchanabele),12.8796,77.31615,,nan
Dalai Lama College,nan,DLC,20733,Dalai Lama College (Towards Bidadi),12.85049,77.42456,,nan
Dalai Lama College,nan,DLC,20734,Dalai Lama College (Towards Kengeri),12.85056,77.42409,,nan
Dalmia Circle,nan,DLMCR,24769,Dalmia Circle (Towards Vinayaka Nagara),12.90639,77.59505,,nan
Dalmia Circle,nan,DLMCR,35201,Dalmia Circle (Towards Jayanagara East End Circle),12.90618,77.59504,,nan
Dalmia Circle,nan,DLMCR,39259,Dalmia Circle (Towards JP Nagara 15th Cross),12.90611,77.59493,,nan
Dalmia Circle,nan,DLMCR3,35959,Dalmia Circle (Towards Jayanagara East End ),12.90697,77.595,,nan
Damodhar Nagara,nan,DMRN,24771,Damodhar Nagara (Towards Muthkur),12.9536,77.79708,,nan
Dandiganahalli,nan,DNDG,24773,Dandiganahalli (Towards Byrapura),13.30949,77.76763,,nan
Dandiganahalli,nan,DNDG,32400,Dandiganahalli (Towards Kerekodi),13.30955,77.76757,,nan
Dandupalya,nan,DDP,24775,Dandupalya (Towards Dandupalya Cross),13.07455,77.81156,,nan
Dandupalya,nan,DDP,32401,Dandupalya (Towards Dandupalya),13.07461,77.81115,,nan
Dandupalya Cross,nan,DDPYGT,24777,Dandupalya Cross (Towards Hosakote),13.07636,77.81145,,nan
Dandupalya Cross,nan,DDPYGT,32402,Dandupalya Cross (Towards Solur),13.07638,77.81149,,nan
Dandupalya Gate,nan,DDPYGT,32403,Dandupalya Gate (Towards Kolara),13.07728,77.80786,,nan
Dandupalya Gate,nan,DDPYGT,32404,Dandupalya Gate (Towards Hoskote),13.07689,77.80804,,nan
Danojipalya,nan,DNJPLY,24782,Danojipalya (Towards Binnamangala),13.08869,77.40498,,nan
Danojipalya,nan,DNJPLY,32405,Danojipalya (Towards Nelamangala),13.08827,77.40508,,nan
Dargha,nan,DRJ3,24784,Dargha (Towards Devanahalli),13.28735,77.7744,,nan
Dargha,nan,DRJ3,32406,Dargha (Towards Vijayapura),13.28744,77.77438,,nan
Darshan Farm,nan,DNF,24785,Darshan Farm (Towards BEML Layout),12.9313,77.52682,,nan
Dasanapura,nan,DSN,24788,Dasanapura (Towards Nelamangala),13.07523,77.43599,,nan
Dasanapura,nan,DSNP,21873,Dasanapura (Towards Jalahalli Cross),13.07542,77.43636,,nan
Dasanapura,nan,DSNPR,32407,Dasanapura (Towards Attibele),12.74761,77.77447,,nan
Dasanayakanahalli,nan,DSNHLI,24050,Dasanayakanahalli (Towards Dasanayakanahalli),13.11829,77.6884,,nan
Dasanayakanahalli,nan,DSNHLI,24303,Dasanayakanahalli (Towards Marenahalli),13.11823,77.68833,,nan
Dasappanapalya,nan,DBSY1,24792,Dasappanapalya (Towards Chikka Banavara),13.07934,77.50593,,nan
Dasappanapalya,nan,DSPY,32409,Dasappanapalya (Towards Kere Guddadahalli),13.0794,77.50591,,nan
Dasarahalli,nan,DSH-2,24796,Dasarahalli (Towards Hoskote),13.09995,77.83616,,nan
Dasarahalli,nan,DSH-2,32412,Dasarahalli (Towards Gottipura),13.09998,77.83611,,nan
Dasarahalli Hebbala,nan,DSH H,32414,Dasarahalli Hebbala (Towards Jakkur),13.05627,77.61157,,nan
Dasarahalli Hebbala,nan,DSH H1,32413,Dasarahalli Hebbala (Towards Hebbala),13.05631,77.61148,,nan
Dasarahalli Kere,nan,DSRHKR,21496,Dasarahalli Kere (Towards Havanur Circle),12.98595,77.54179,,nan
Dasarahalli Kere,nan,DSRHKR,24067,Dasarahalli Kere (Towards Rajajinagara),12.98517,77.54417,,nan
Dasarahalli Road Junction,nan,JNODSR,30369,Dasarahalli Road Junction (Towards Military Dairy Farm),13.05573,77.59451,,nan
Dasarahalli Road Junction,nan,JNOFSSR,33143,Dasarahalli Road Junction (Towards Amruthahalli),13.05583,77.5941,,nan
Dasegowdarapalya,nan,DSGPLY,24805,Dasegowdarapalya (Towards Sondekoppa),13.02341,77.39444,,nan
Dasegowdarapalya,nan,DSGPLY,32417,Dasegowdarapalya (Towards Hunnigere),13.02347,77.39426,,nan
Dasenahalli Cross,nan,DHC1,20735,Dasenahalli Cross (Towards Gopalapura),13.14084,77.46523,,nan
Dasenahalli Cross,nan,DHC1,24808,Dasenahalli Cross (Towards Hesaraghatta),13.14088,77.4652,,nan
Dattatreya Peeta Doddagubbi,nan,DTPT,24812,Dattatreya Peeta Doddagubbi (Towards Gubbi Cross),13.06732,77.66465,,nan
Dattatreya Peeta Doddagubbi,nan,DTPT,32420,Dattatreya Peeta Doddagubbi (Towards Anagalipura),13.06739,77.66465,,nan
Dayananda Sagar College,nan,DYNDSC,21874,Dayananda Sagar College (Towards Kumarswamy Layout ),12.90948,77.56553,,nan
Dayananda Sagar College,nan,DYNDSC,21875,Dayananda Sagar College (Towards Banashankari Bus Station),12.90949,77.5654,,nan
Dayananda Sagar Vidya Samste,nan,DSVS,23601,Dayananda Sagar Vidya Samste (Towards Kaggalipura),12.82494,77.51374,,nan
Dayananda Sagar Vidya Samste,nan,DSVS,23637,Dayananda Sagar Vidya Samste (Towards Banashankari Bus Station),12.82488,77.51369,,nan
Dayananda Sagara MDC,nan,HRHD1,39368,Dayananda Sagara MDC (Towards Kanakapura),12.66282,77.4501,,nan
Dayananda Sagara MDC,nan,HRHD1,39369,Dayananda Sagara MDC (Towards Harohalli),12.66269,77.44972,,nan
Deccan,nan,DKN3,24161,Deccan (Towards Bommanahalli),12.90247,77.62741,,nan
Deccan,nan,DKN3,24165,Deccan (Towards Beguru),12.90255,77.62745,,nan
Deepa Complex,nan,DPC,24817,Deepa Complex (Towards ITI Layout),12.96659,77.50483,,nan
Deepa Complex,nan,DPC2,35400,Deepa Complex (Towards Kottigepalya),12.96667,77.50506,,nan
Deepa Complex,nan,DPC2,35406,Deepa Complex (Towards Kengeri),12.96636,77.50508,,nan
Deepak Factory,nan,DF,21877,Deepak Factory (Towards Jalahalli Cross),13.04749,77.50135,,nan
Deepak Factory,nan,DF,24818,Deepak Factory (Towards Nelamangala),13.04704,77.50159,,nan
Deepak Nursing Home,nan,DPKNH,21878,Deepak Nursing Home (Towards Banashankari Bus Station),12.92598,77.57711,,nan
Deepak Nursing Home,nan,DPKNH,21879,Deepak Nursing Home (Towards South End Circle),12.92518,77.57699,,nan
Deepanjalinagara,nan,DPJN1,20738,Deepanjalinagara (Towards Bapujinagara),12.95375,77.53624,,nan
Deepanjalinagara,nan,DPJN1,20739,Deepanjalinagara (Towards Vijayanagara),12.9514,77.53724,,nan
Deepanjalinagara Nice Link Road,nan,DPJN1,40463,Deepanjalinagara Nice Link Road (Towards Nice Road),12.95031,77.53793,,nan
Deganahalli,nan,dgnh12,32423,Deganahalli (Towards Papabhovipalya),13.13446,77.3735,,nan
Dell,nan,EGLSP1,24821,Dell (Towards Domlur),12.95275,77.64044,,nan
Dell Domluru,nan,EGLSP1,21881,Dell Domluru (Towards Madivala),12.95291,77.64065,,nan
Depot-02 Shanthinagara,nan,SNTTMC,24824,nan,12.95442,77.59488,,nan
Depot-03 Shanthinagara,nan,SNTTMC,23652,nan,12.95532,77.596,,nan
Depot-04 Jayanagara,nan,D4,24827,nan,12.92489,77.59346,,nan
Depot-06 Gate,nan,DEPOT06-HSK,20741,Depot-06 Gate (Towards Hoskote),12.98255,77.63434,,nan
Depot-06 Gate,nan,DEPOT06-HSK,20742,Depot-06 Gate (Towards Kempegowda Bus Station),12.9824,77.6344,,nan
Depot-06 Indiranagara,nan,DEPOT06-HSK,20743,nan,12.98189,77.63446,,nan
Depot-07 Subhashnagara,nan,D7,22774,nan,12.97901,77.57186,,nan
Depot-08 Yeshawanthapura,nan,D8,32424,nan,13.01778,77.55559,,nan
Depot-09 Gate,nan,D9G,39142,Depot-09 Gate (Towards NTTF),13.02071,77.5006,,nan
Depot-09 Peenya,nan,D9,35710,nan,13.02021,77.50013,,nan
Depot-10 Gate,nan,CPR1,35919,Depot-10 Gate (Towards Lingarajapura),13.02545,77.63057,,nan
Depot-10 Gate,nan,D10G2,35918,Depot-10 Gate (Towards Bagaluru),13.0255,77.63053,,nan
Depot-10 Gate,nan,D10G2,39174,Depot-10 Gate (Towards Kacharakanahalli),13.02577,77.63181,,nan
Depot-10 Gate,nan,D10GH,28843,Depot-10 Gate (Towards Kalyananagara),13.02623,77.63175,,nan
Depot-10 Gate,nan,HNSC3,21498,Depot-10 Gate (Towards Hennur Junction),13.02766,77.63242,,nan
Depot-10 Hennuru,nan,D10G2,21500,nan,13.02568,77.63233,,nan
Depot-11 Puttenahalli,nan,PTNHL1,32425,nan,13.11061,77.57947,,nan
Depot-12 Gate,nan,D12G1,36407,Depot-12 Gate (Towards Kengeri Bus Stand),12.90481,77.47068,,nan
Depot-12 Gate,nan,D12GTE,35721,Depot-12 Gate (Towards Bidadi),12.90471,77.47084,,nan
Depot-12 Kengeri,nan,D12GTE,24833,nan,12.90424,77.4727,,nan
Depot-13 Kathriguppe,nan,KMKD13,20745,nan,12.92493,77.55434,,nan
Depot-14 Gate,nan,D14G,36584,Depot-14 Gate (Towards R T Nagara Police Station/CBI),13.02844,77.5937,,nan
Depot-14 RT Nagara,nan,D14G,35045,nan,13.02868,77.59328,,nan
Depot-15 Koramangala,nan,KRMDTMC,32426,nan,12.9414,77.62487,,nan
Depot-16 Deepanajalinagara,nan,DPJN1,20746,nan,12.95136,77.53703,,nan
Depot-17 Chandra Layout,nan,CPS,22775,nan,12.95897,77.52733,,nan
Depot-18 White Field,nan,D18,24838,nan,12.97686,77.72596,,nan
Depot-19 Electronic City,nan,D19G,24839,nan,12.8474,77.67229,,nan
Depot-20 Banashankari,nan,D20,21503,nan,12.91871,77.57086,,nan
Depot-20 Gate,nan,D20G,39764,Depot-20 Gate (Towards Departure),12.91841,77.57111,,nan
Depot-20 Gate,nan,D20G,39765,Depot-20 Gate (Towards Arrival),12.91839,77.57108,,nan
Depot-21 BEML Layout,nan,D21,24840,nan,12.90673,77.52042,,nan
Depot-22 Gate,nan,D22G,39141,Depot-22 Gate (Towards NTTF),13.02016,77.50191,,nan
Depot-22 Peenya,nan,D22G,20747,nan,13.01948,77.50172,,nan
Depot-23 Kalyana Nagara,nan,KLNBS,24841,nan,13.02655,77.63895,,nan
Depot-24 Gate,nan,D24DITIALA,36727,Depot-24 Gate (Towards KR Puram),13.00331,77.6825,,nan
Depot-24 Gate,nan,D24GA,21886,Depot-24 Gate (Towards Depot24),13.00341,77.6825,,nan
Depot-24 ITI Layout,nan,D24GA,24843,nan,13.00163,77.68359,,nan
Depot-25 Gate,nan,D25BMTC,32427,Depot-25 Gate (Towards Parangipalya),12.91956,77.64495,,nan
Depot-25 Gate,nan,D25G,20749,Depot-25 Gate (Towards Hebbala),12.91936,77.64255,,nan
Depot-25 Gate (Central Silk Board),nan,D25G,20748,Depot-25 Gate (Central Silk Board) (Towards Central Silk Board),12.91952,77.64294,,nan
Depot-25 HSR Layout,nan,D25G,24847,nan,12.91986,77.64457,,nan
Depot-26 Yeshawanthapura,nan,D8,23309,nan,13.0186,77.55537,,nan
Depot-27 Gate,nan,D27G,36342,Depot-27 Gate (Towards Jigani APC CIrcle),12.7801,77.63448,,nan
Depot-27 Gate,nan,D27G1,36343,Depot-27 Gate (Towards OTIS Circle Jigani),12.78003,77.63445,,nan
Depot-27 Jigani,nan,D27,24849,nan,12.78019,77.63446,,nan
Depot-28 Hebbala,nan,D28,20750,nan,13.04355,77.59335,,nan
Depot-29 KR Puram,nan,D29,24851,nan,13.00444,77.69175,,nan
Depot-30 Puttenahalli,nan,PTNHL,24852,nan,13.11009,77.57762,,nan
Depot-31 Gate,nan,SMH3,35917,Depot-31 Gate (Towards Goraguntepalya),12.99311,77.5213,,nan
Depot-31 Gate,nan,SMH4,21887,Depot-31 Gate (Towards Summanahalli),12.99306,77.52146,,nan
Depot-31 Summanahalli,nan,SMH4,24854,nan,12.99285,77.52221,,nan
Depot-32 Suryacity,nan,D32,24855,nan,12.79047,77.70677,,nan
Depot-33 Poornapragna layout,nan,D33,35283,nan,12.90974,77.53606,,nan
Depot-34 Gate,nan,D34GT,32430,Depot-34 Gate (Towards Depot-34),12.87023,77.58567,,nan
Depot-34 Gate,nan,D34GT,35964,Depot-34 Gate (Towards Loyala School/BK CIrcle),12.87021,77.58571,,nan
Depot-34 Kottanur,nan,D34GT,32431,nan,12.87168,77.58616,,nan
Depot-35 Gate,nan,D35G,35809,Depot-35 Gate (Towards Seegehalli Gate),12.9726,77.44268,,nan
Depot-35 Kannalli,nan,D35,24860,nan,12.97253,77.44263,,nan
Depot-36 Bidadi,nan,D36G1,24861,nan,12.76888,77.41428,,nan
Depot-36 Gate,nan,D36G1,24863,Depot-36 Gate (Towards Bidadi),12.7684,77.41397,,nan
Depot-36 Gate Bidadi,nan,D36G,32432,Depot-36 Gate Bidadi (Towards Thimmegowdana Doddy),12.76845,77.41403,,nan
Depot-37 Kengeri,nan,KGR2,35735,nan,12.91344,77.48793,,nan
Depot-38 Chikkanagamangala,nan,D38CHKNML,24864,nan,12.85019,77.69176,,nan
Depot-38 Gate,nan,D38CHKNML,24866,Depot-38 Gate (Towards Huskur),12.84901,77.69247,,nan
Depot-38 Gate,nan,D38G,36785,Depot-38 Gate (Towards Huskur Gate),12.84902,77.69251,,nan
Depot-39 Gate,nan,D39G,36725,Depot-39 Gate (Towards Hosakote),13.06905,77.78178,,nan
Depot-39 Hoskote,nan,D39,32434,nan,13.06832,77.78173,,nan
Depot-40 Dasanapura,nan,D40,32435,nan,13.07402,77.44491,,nan
Depot-40 Gate,nan,AMHB,22973,Depot-40 Gate (Towards Nelamangala),13.06872,77.44766,,nan
Depot-40 Gate,nan,D40G,40470,Depot-40 Gate (Towards Adakamaranahalli),13.07363,77.44521,,nan
Depot-40 Gate,nan,D40G,40471,Depot-40 Gate (Towards Depot-40),13.07354,77.44514,,nan
Depot-41 Gate,nan,D-41,37149,Depot-41 Gate (Towards Departure),12.9213,77.74239,,nan
Depot-41 Gate,nan,D41,37151,Depot-41 Gate (Towards Arrival),12.92131,77.74234,,nan
Depot-41 Gunjuru,nan,D-41,24871,nan,12.92231,77.7433,,nan
Depot-42 Gate  Arrival,nan,D42G1,23510,Depot-42 Gate  Arrival (Towards Depot-42),12.89538,77.70565,,nan
Depot-42 Gate Departure,nan,D42G,23509,Depot-42 Gate Departure (Towards Kodathi Gate),12.89553,77.7057,,nan
Depot-42 Kodathi,nan,D42G,38595,nan,12.89596,77.7041,,nan
Depot-43 Gate,nan,D43G,24875,Depot-43 Gate (Towards Gejjagadahalli),13.06595,77.42564,,nan
Depot-43 Shivanapura,nan,D43G,32437,nan,13.0668,77.42575,,nan
Depot-44 Anjanapura,nan,D44,24877,nan,12.85538,77.56969,,nan
Depot-45 Gate,nan,BMT45 MSP,35044,Depot-45 Gate (Towards Jally Machine),13.08298,77.55066,,nan
Depot-45 Gate,nan,BMT45 MSP,36327,Depot-45 Gate (Towards MS Palya),13.0829,77.55072,,nan
Depot-45 MS Palya,nan,D45,24878,nan,13.08431,77.55046,,nan
Depot-46 Gate,nan,ADGHMRD,32438,Depot-46 Gate (Towards Rajanukunte),13.18748,77.5634,,nan
Depot-46 Sadenahalli,nan,D46,24884,nan,13.18393,77.56681,,nan
Depot-47 Gate,nan,D47G,36726,Depot-47 Gate (Towards Start Bus Stop),13.08467,77.73201,,nan
Depot-47 Manduru,nan,D47,35708,nan,13.08535,77.73146,,nan
Depot-48 Byrathibande,nan,D48G1,24888,nan,13.07668,77.65422,,nan
Depot-48 Gate,nan,D48G1,35041,Depot-48 Gate (Towards Byrathi bande),13.07748,77.65471,,nan
Depot-48 Gate,nan,D48G1,35042,Depot-48 Gate (Towards Last Stop),13.07753,77.65469,,nan
Depot-49 Bidadi,nan,BDDRS1,36313,nan,12.80177,77.39285,,nan
Depot-50 Devanahalli,nan,DVNWSTD,36234,nan,13.24698,77.71744,,nan
Depot-51 Sadaramangala,nan,D51SDM1,37588,nan,12.99672,77.72654,,nan
Depot-51 Sadaramangala Arrival,nan,D51G2,37590,Depot-51 Sadaramangala Arrival (Towards Arrival),12.99596,77.72624,,nan
Depot-51 Sadaramangala Departure,nan,D51SDM1,37589,Depot-51 Sadaramangala Departure (Towards Departure),12.99606,77.72622,,nan
Depot-52 Gate Arrival,nan,F52G,38895,Depot-52 Gate Arrival (Towards Last Stop),13.15738,77.65908,,nan
Depot-52 Gate Departure,nan,F52G,38894,Depot-52 Gate Departure (Towards Huttanahalli/Bagaluru),13.15742,77.65912,,nan
Depot-52 Huttanahalli,nan,F52G,38893,nan,13.15723,77.65873,,nan
Depot-9,nan,D9G,38085,Depot-9 (Towards PSS),13.02066,77.50118,,nan
Deshnarayanaswamy Temple,nan,DHYKT,21888,Deshnarayanaswamy Temple (Towards Devanahalli),13.13719,77.74576,,nan
Deshnarayanaswamy Temple,nan,DHYKT,24892,Deshnarayanaswamy Temple (Towards Budigere),13.13726,77.74569,,nan
Design Global Mavallipura,nan,DGTGBL1,24894,Design Global Mavallipura (Towards Mylappanahalli),13.13124,77.53088,,nan
Design Global Mavallipura,nan,DGTGBL1,32439,Design Global Mavallipura (Towards Mavallipura),13.13121,77.53091,,nan
Deva Machohalli Cross,nan,DVM,21504,Deva Machohalli Cross (Towards Tavarakere),12.96552,77.3811,,nan
Deva Machohalli Cross,nan,DVM,21505,Deva Machohalli Cross (Towards Magadi),12.96536,77.38112,,nan
Devadiga Soudha,nan,dsn1,24896,Devadiga Soudha (Towards Global Academy Bangarappa Nagara),12.92658,77.52002,,nan
Devadiga Soudha,nan,dsn1,32440,Devadiga Soudha (Towards Javaregowda Nagara),12.9265,77.51998,,nan
Devaganahalli,nan,DVGHLI,24898,Devaganahalli (Towards Kundana),13.25331,77.64888,,nan
Devaganahalli,nan,DVGHLI,32441,Devaganahalli (Towards Sadahalli Gate),13.2531,77.64887,,nan
Devagere,nan,DVCR,24900,Devagere (Towards Kumbalagodu),12.85653,77.4657,,nan
Devagere,nan,DVCR,32442,Devagere (Towards Doddypalya),12.85669,77.46556,,nan
Devagere Colony,nan,DVCR,24902,Devagere Colony (Towards Ranga Jangama),12.85346,77.45795,,nan
Devagere Colony,nan,DVCR,32443,Devagere Colony (Towards BGS Hospital),12.85357,77.45801,,nan
Devagere Cross,nan,DVCR,24904,Devagere Cross (Towards Devagere),12.86431,77.45713,,nan
Devagere Cross,nan,DVCR,32444,Devagere Cross (Towards Kumbalagodu),12.86428,77.45713,,nan
Devaiah Park,nan,DVHP,20751,Devaiah Park (Towards Navarang),12.99628,77.56424,,nan
Devaiah Park,nan,DVHP,20752,Devaiah Park (Towards Malleshwaram),12.99642,77.56419,,nan
Devalapura,nan,DVLP1,24906,Devalapura (Towards Devalapura Circle),12.98457,77.82944,,nan
Devalapura,nan,DVLP1,32445,Devalapura (Towards Makanahalli),12.98466,77.82936,,nan
Devalapura Circle,nan,DVPRC,24909,Devalapura Circle (Towards D Hosahalli Cross),12.98272,77.82842,,nan
Devalapura Circle,nan,DVPRC,32446,Devalapura Circle (Towards Devanagundi Railway Station),12.98277,77.82836,,nan
Devalapura Circle,nan,DVPRC,32447,Devalapura Circle (Towards Biscuits Factory),12.98268,77.82829,,nan
Devanagondi,nan,DVHC1,24911,Devanagondi (Towards D Hosahalli),12.97403,77.83877,,nan
Devanagondi,nan,DVHC1,32448,Devanagondi (Towards Medahalli),12.97408,77.83873,,nan
Devanagondi IOC,nan,DVGOC,24913,Devanagondi IOC (Towards Makanahalli),12.98789,77.83736,,nan
Devanagondi IOC,nan,DVGOC,32449,Devanagondi IOC (Towards Tharabanahalli),12.98799,77.83728,,nan
Devanagondi LPG,nan,DVGLPG,24915,Devanagondi LPG (Towards Devanagundi),12.98996,77.83018,,nan
Devanagondi LPG,nan,DVGLPG,32450,Devanagondi LPG (Towards Makanahalli),12.98996,77.83009,,nan
Devanagondi Railway Station,nan,DVHRWST1,24917,Devanagondi Railway Station (Towards Devalapura),12.98547,77.82975,,nan
Devanagondi Railway Station,nan,DVHRWST1,32451,Devanagondi Railway Station (Towards Makanahalli),12.98534,77.82956,,nan
Devanagundi Cross,nan,DVGC1,24919,Devanagundi Cross (Towards Hoskote),13.06038,77.82715,,nan
Devanagundi Cross,nan,DVGC1,32452,Devanagundi Cross (Towards Kattagenahalli Gate),13.06044,77.82737,,nan
Devanahalli Bypass NH-7,nan,DVN2,24922,Devanahalli Bypass NH-7 (Towards Nandi Cross),13.24207,77.70346,,nan
Devanahalli Bypass NH-7,nan,DVN2,32454,Devanahalli Bypass NH-7 (Towards Hiranandani),13.24231,77.70399,,nan
Devanahalli Cross Sulibele,nan,DEVCRS,24925,Devanahalli Cross Sulibele (Towards Hoskote),13.18482,77.79795,,nan
Devanahalli Cross Sulibele,nan,DEVCRS,32455,Devanahalli Cross Sulibele (Towards Vijayapura),13.18487,77.79804,,nan
Devanahalli Cross Sulibele,nan,DEVCRS,32456,Devanahalli Cross Sulibele (Towards Devanahalli),13.18495,77.79797,,nan
Devanahalli Govt Hospital,nan,VJPCR2,24927,Devanahalli Govt Hospital (Towards Devanahalli),13.25748,77.72655,,nan
Devanahalli Govt Hospital,nan,VJPCR2,32457,Devanahalli Govt Hospital (Towards Vijayapura),13.25751,77.72657,,nan
Devanahalli New Bus Station,nan,DVHOBS2,24931,Devanahalli New Bus Station (Towards Yalahanka),13.24528,77.71281,,nan
Devanahalli New Bus Station,nan,DVHOBS2,32458,Devanahalli New Bus Station (Towards Devanahalli Govt Hospital),13.2454,77.71276,,nan
Devanahalli Old Bus Stand,nan,DVHOBS2,32461,Devanahalli Old Bus Stand (Towards Devanahalli Govt Hospital),13.24853,77.71547,,nan
Devanahalli Old Bus Stand,nan,DVNWSTD,32462,Devanahalli Old Bus Stand (Towards Yalahanka),13.24845,77.7156,,nan
Devanahalli Talluk Office,nan,DVHTO,24936,Devanahalli Talluk Office (Towards Devanahalli),13.24363,77.70877,,nan
Devanahalli Talluk Office,nan,DVHTO,32463,Devanahalli Talluk Office (Towards Yalahanka),13.24358,77.70893,,nan
Devanayakanahalli,nan,DVKH-2,24938,Devanayakanahalli (Towards Somathanahalli),13.17539,77.7726,,nan
Devanayakanahalli,nan,DVKH-2,32464,Devanayakanahalli (Towards Bidlapura),13.17536,77.77256,,nan
Devanayakanahalli Cross,nan,DVKH-2,24940,Devanayakanahalli Cross (Towards Devanayakanahalli),13.17634,77.77199,,nan
Devanayakanahalli Cross,nan,DVKH-2,32465,Devanayakanahalli Cross (Towards Bidlapura),13.17632,77.77196,,nan
Devaninjayyanapalya,nan,DJP,24941,Devaninjayyanapalya (Towards Kittanahalli),13.01712,77.41453,,nan
Devannanapalya,nan,DVN,21889,Devannanapalya (Towards Jalahalli Cross),13.07769,77.43139,,nan
Devannanapalya,nan,DVN,24942,Devannanapalya (Towards Nelamangala),13.07734,77.43133,,nan
Devarabisanahalli Ring Road,nan,DVH2,20753,Devarabisanahalli Ring Road (Towards Central Silk Board),12.93145,77.68686,,nan
Devarabisanahalli Ring Road,nan,DVH2,20754,Devarabisanahalli Ring Road (Towards Hebbala),12.93218,77.68729,,nan
Devarabisanahalli Village(Ambedkar Circle),nan,DVB1,24944,Devarabisanahalli Village(Ambedkar Circle) (Towards Dodda Kannalli),12.92447,77.69499,,nan
Devarabisanahalli Village(Ambedkar Circle),nan,DVB1,32466,Devarabisanahalli Village(Ambedkar Circle) (Towards New Horizon College ),12.92434,77.69492,,nan
Devarachikkanahalli,nan,DCH4,35313,Devarachikkanahalli (Towards Nayanappanahalli),12.88899,77.61555,,nan
Devarachikkanahalli,nan,DVCK,24946,Devarachikkanahalli (Towards Billekalli),12.88887,77.61556,,nan
Devarahalli Gate,nan,DHLC,24950,Devarahalli Gate (Towards Neragenahalli),13.24054,77.61099,,nan
Devarahalli Gate,nan,DHLC,32469,Devarahalli Gate (Towards Kundana),13.2405,77.61094,,nan
Devarahatti Magadi,nan,DHT1,39514,Devarahatti Magadi (Towards Last Stop),12.96565,77.16382,,nan
Devasandra,nan,DVSD1,24255,Devasandra (Towards Sadaramangala),13.00624,77.70007,,nan
Devasandra,nan,DVSD1,24262,Devasandra (Towards KR Puram),13.00615,77.70008,,nan
Devasandra Chikkamaranahalli,nan,DVSC,24952,Devasandra Chikkamaranahalli (Towards Kuvempu Circle),13.03636,77.5664,,nan
Devasandra Chikkamaranahalli,nan,DVSC,32470,Devasandra Chikkamaranahalli (Towards Sadashiva Nagara Police Station),13.03638,77.56656,,nan
Devashettyhalli,nan,DRSHL,32471,Devashettyhalli (Towards Jinnagara Cross),13.02419,77.82104,,nan
Devashettyhalli,nan,DRSHL1,24954,Devashettyhalli (Towards Kodihalli),13.02425,77.82109,,nan
Devasthana Bidluru,nan,DVST,24956,Devasthana Bidluru (Towards Savukanahalli),13.27827,77.68983,,nan
Devasthana Bidluru,nan,DVST,32472,Devasthana Bidluru (Towards Maligenahalli),13.27826,77.68979,,nan
Devegowda Hospital,nan,PBNK,24962,Devegowda Hospital (Towards Devegowda Petrol Bunk),12.92041,77.55998,,nan
Devegowda Hospital,nan,PBNK,32475,Devegowda Hospital (Towards Padmanabha Nagara),12.92055,77.56005,,nan
Devegowda Petrol Bunk,nan,DEVBNK,20755,Devegowda Petrol Bunk (Towards Kadirenahalli Cross),12.92189,77.56058,,nan
Devegowda Petrol Bunk,nan,DVGDA,20756,Devegowda Petrol Bunk (Towards Katriguppe),12.92194,77.55914,,nan
Devegowda Petrol Bunk,nan,DVGDA,23679,Devegowda Petrol Bunk (Towards Monotype Corporation),12.9227,77.56033,,nan
Devegowda Petrol Bunk,nan,PBNK,23735,Devegowda Petrol Bunk (Towards Padmanabha Nagara),12.92141,77.56027,,nan
Devinagara Cross,nan,DVNG1,20757,Devinagara Cross (Towards Hebbala),13.047,77.56904,,nan
Devinagara Cross,nan,DVNG1,20758,Devinagara Cross (Towards BEL Circle),13.04689,77.5692,,nan
Devis Road,nan,DVSRD,21890,Devis Road (Towards Hennur Cross),13.00426,77.61968,,nan
Devis Road,nan,DVSRD,21891,Devis Road (Towards Coles Park),13.00327,77.61899,,nan
Dhaba Gate,nan,DBG,24967,Dhaba Gate (Towards Yalahanka),13.22638,77.68726,,nan
Dhaba Gate,nan,DBG,32476,Dhaba Gate (Towards Devanahalli),13.22644,77.68707,,nan
Dhananayakanahalli,nan,DNH6,24969,Dhananayakanahalli (Towards Dhananayakanahalli),12.93885,77.46781,,nan
Dhananayakanahalli,nan,DNH6,32477,Dhananayakanahalli (Towards Dodda Basti),12.93894,77.4677,,nan
Dharma Nayakana Tandya,nan,DRMNT,24971,Dharma Nayakana Tandya (Towards Chikkatandya (Manchenahalli Cross)),13.03025,77.34879,,nan
Dharma Nayakana Tandya,nan,DRMNT,32478,Dharma Nayakana Tandya (Towards Hunase Ghattapalya),13.03018,77.34885,,nan
Dharmapura,nan,DMPR1,24973,Dharmapura (Towards Koppa),12.81279,77.62759,,nan
Dharmapura,nan,DMPR1,35333,Dharmapura (Towards Beguru),12.81294,77.62756,,nan
Dharmapura Cross,nan,DRMC,21892,Dharmapura Cross (Towards Dharmapura),13.26441,77.80908,,nan
Dharmapura Cross,nan,DRMC,21893,Dharmapura Cross (Towards Bendiganahalli Cross),13.26444,77.80912,,nan
Dharmapura Gate,nan,DMPRG,24975,Dharmapura Gate (Towards Venkatapura Cross),13.28389,77.80409,,nan
Dhobi Ghat Rajajinagara,nan,DBGT8,21894,Dhobi Ghat Rajajinagara (Towards Shiva Nagara),12.98565,77.54912,,nan
Dhobi Ghat Rajajinagara,nan,DBGT8,24978,Dhobi Ghat Rajajinagara (Towards Sujatha Talkies),12.98721,77.55089,,nan
Dhobi Ghat Rajajinagara,nan,DBGT8,32481,Dhobi Ghat Rajajinagara (Towards Rajajinagara Ramamandira),12.98761,77.551,,nan
Dhobi Ghat Rajajinagara,nan,RAJDG,21895,Dhobi Ghat Rajajinagara (Towards Vijayanagara),12.98552,77.54929,,nan
Dhobi Ghat Rajajinagara,nan,RJNDG,21506,Dhobi Ghat Rajajinagara (Towards West of Chord Road),12.98701,77.55087,,nan
Dhoopanahalli,nan,BOPBSTP,21896,Dhoopanahalli (Towards Koramangala Water Tank),12.96342,77.64169,,nan
Dhoopanahalli,nan,DPNH,24979,Dhoopanahalli (Towards Dommalur ),12.96336,77.64146,,nan
Dhoopanahalli,nan,DPNH,35940,Dhoopanahalli (Towards Indiranagara Police Station),12.96354,77.64156,,nan
Diacon Hospital,nan,DCH,22893,Diacon Hospital (Towards Rajajinagara 1st Block),13.00379,77.55003,,nan
Diacon Hospital,nan,DCH,24193,Diacon Hospital (Towards Navarang),13.00398,77.55002,,nan
Dibbur,nan,DBRU,24981,Dibbur (Towards Honnenahalli),13.16687,77.52876,,nan
Dibbur,nan,DBRU,32482,Dibbur (Towards Koluvarayanahalli),13.16685,77.5288,,nan
Dickenson Road,nan,DKLST,24986,Dickenson Road (Towards Halasuru),12.98086,77.61073,,nan
Dickenson Road,nan,DKSRD,35354,Dickenson Road (Towards MG Road),12.98081,77.61058,,nan
Dinnepalya,nan,DNPLY,24990,Dinnepalya (Towards Kaggalipura Colony),12.81122,77.49245,,nan
Dinnepalya,nan,DNPLY,32487,Dinnepalya (Towards Uttari),12.81117,77.49245,,nan
Dinnur,nan,DNR2,21898,Dinnur (Towards Channarayapatna),13.25255,77.80198,,nan
Dinnur,nan,DNR2,32488,Dinnur (Towards Bidiganahalli Cross),13.25263,77.80195,,nan
Dinnur,nan,DNR3,32489,Dinnur (Towards ITPL),12.99159,77.7515,,nan
Dinnur,nan,DNR3,32490,Dinnur (Towards Kadugodi Bus Station),12.99165,77.75146,,nan
Dinnur Cross,nan,IBPG,32491,Dinnur Cross (Towards Channarayapatna),13.25085,77.80137,,nan
Dinnur Cross,nan,IBPG2,24996,Dinnur Cross (Towards Dinnur),13.25084,77.80132,,nan
Dinnur Main Road,nan,DNRMD,20759,Dinnur Main Road (Towards Sultanpalya Cross),13.02398,77.59884,,nan
Dinnur Main Road,nan,DNRMD,20760,Dinnur Main Road (Towards R T Nagara Police Station),13.02392,77.59889,,nan
Dinnur Sudhamanagara,nan,DNR21,24998,Dinnur Sudhamanagara (Towards Attibele),12.71452,77.70584,,nan
Dinnur Sudhamanagara,nan,DNR21,32492,Dinnur Sudhamanagara (Towards Anekal),12.71445,77.70591,,nan
Diwanarapalya,nan,DNP,21899,Diwanarapalya (Towards Yeshawanthapura ),13.02677,77.56181,,nan
Diwanarapalya,nan,DNP,21900,Diwanarapalya (Towards Mathikere),13.02673,77.56177,,nan
Doctors Layout Kasturinagara,nan,DCTR,25003,Doctors Layout Kasturinagara (Towards Buvanagiri),13.00609,77.65948,,nan
Doctors Layout Kasturinagara,nan,DCTR,32494,Doctors Layout Kasturinagara (Towards Benniganahalli Bridge),13.00611,77.65951,,nan
Dodda Aladamara,nan,DALMRA,39800,Dodda Aladamara (Towards Chunchanakuppe),12.91,77.39412,,nan
Dodda Aladamara,nan,DALMRA,39801,Dodda Aladamara (Towards Tavarekere),12.90999,77.39406,,nan
Dodda Aladamara,nan,DAMR,25005,Dodda Aladamara (Towards Ramohalli),12.90991,77.39529,,nan
Dodda Aladamara,nan,DAMR,32495,Dodda Aladamara (Towards Ajjanahalli),12.9099,77.39534,,nan
Dodda Aladamara Cross,nan,DAMC,25007,Dodda Aladamara Cross (Towards Tavarakere),12.96386,77.40744,,nan
Dodda Aladamara Cross,nan,DAMC,32496,Dodda Aladamara Cross (Towards Kengeri),12.96391,77.40741,,nan
Dodda Basti,nan,DBT,22731,Dodda Basti (Towards Chikkanahalli),12.93967,77.47298,,nan
Dodda Basti,nan,DBT,25008,Dodda Basti (Towards Chikka Basti),12.93956,77.47289,,nan
Dodda Bettahalli,nan,DBH1,25010,Dodda Bettahalli (Towards Chikkabettahalli),13.0943,77.55426,,nan
Dodda Bettahalli,nan,DBH1,32497,Dodda Bettahalli (Towards Veerasagara),13.09433,77.5542,,nan
Dodda Bommasandra,nan,DODBM,21901,Dodda Bommasandra (Towards Baliga Circle),13.06001,77.559,,nan
Dodda Bommasandra,nan,DODBM,21902,Dodda Bommasandra (Towards Nanjappa Circle),13.06016,77.55878,,nan
Dodda Bommasandra Arch,nan,DODBMA,21903,Dodda Bommasandra Arch (Towards BEL Circle),13.05872,77.55927,,nan
Dodda Bommasandra Arch,nan,DODBMA,21904,Dodda Bommasandra Arch (Towards Nanjappa Circle),13.05877,77.55921,,nan
Dodda Byalakere,nan,DABY,32498,Dodda Byalakere (Towards Shivakote),13.11267,77.52494,,nan
Dodda Byalakere,nan,DABY,32499,Dodda Byalakere (Towards MS Palya),13.11275,77.52495,,nan
Dodda Byalakere,nan,DBYK,25014,Dodda Byalakere (Towards Siluvepura),13.11354,77.52473,,nan
Dodda Byalakere,nan,DBYK,32500,Dodda Byalakere (Towards Mavallipura),13.1135,77.52464,,nan
Dodda Cheemanahalli,nan,DCHL2,25016,Dodda Cheemanahalli (Towards Dyavarahalli),13.24783,77.62204,,nan
Dodda Cheemanahalli,nan,DCHL2,32501,Dodda Cheemanahalli (Towards Nagarenahalli),13.24782,77.622,,nan
Dodda Cheemanahalli Cross,nan,DCMHC1,25018,Dodda Cheemanahalli Cross (Towards Nerigenahalli),13.25053,77.62394,,nan
Dodda Cheemanahalli Cross,nan,DCMHC1,32502,Dodda Cheemanahalli Cross (Towards Dodda Cheemanahalli),13.2505,77.62393,,nan
Dodda Dasarahalli,nan,DDSRHLI,25020,Dodda Dasarahalli (Towards Makanahalli),13.00462,77.8308,,nan
Dodda Dasarahalli,nan,DDSRHLI,32503,Dodda Dasarahalli (Towards Tharabanahalli),13.00454,77.83087,,nan
Dodda Dasarahalli Cross,nan,GHHLY,25022,Dodda Dasarahalli Cross (Towards Tharabanahalli),12.99821,77.84148,,nan
Dodda Dasarahalli Cross,nan,GHHLY,32504,Dodda Dasarahalli Cross (Towards Makanahalli),12.99815,77.84145,,nan
Dodda Dunnasandra,nan,DDNSC2,21905,Dodda Dunnasandra (Towards Chikka Thirupathi),12.97685,77.81653,,nan
Dodda Dunnasandra,nan,DDNSC2,21906,Dodda Dunnasandra (Towards Hope Farm),12.97683,77.81661,,nan
Dodda Dunnasandra Cross,nan,DDNSC1,21907,Dodda Dunnasandra Cross (Towards Devanagundi),12.97599,77.82056,,nan
Dodda Dunnasandra Cross,nan,DDNSC1,21908,Dodda Dunnasandra Cross (Towards Hope Farm),12.97608,77.82017,,nan
Dodda Dunnasandra Cross,nan,DDSCR,25023,Dodda Dunnasandra Cross (Towards Chika Thirupathi),12.97585,77.82046,,nan
Dodda Gubbi,nan,DGB,25026,Dodda Gubbi (Towards Bande Bommasandra),13.07144,77.67359,,nan
Dodda Gubbi,nan,DGB,32505,Dodda Gubbi (Towards Dodda Gubbi),13.07093,77.67401,,nan
Dodda Gubbi,nan,DGB,32506,Dodda Gubbi (Towards Bileshivale),13.07146,77.67375,,nan
Dodda Gubbi Cross(Udupi Hotel),nan,DBC,39591,Dodda Gubbi Cross(Udupi Hotel) (Towards Bagalur Main Road),13.06221,77.65194,,nan
Dodda Haralegere,nan,ddrg,25030,Dodda Haralegere (Towards Bhuvanahalli),13.19412,77.83885,,nan
Dodda Haralegere,nan,ddrg,32508,Dodda Haralegere (Towards Thammarasanahalli),13.19408,77.83885,,nan
Dodda Hullur Gate,nan,DHLG,25032,Dodda Hullur Gate (Towards H Cross),13.10193,77.82162,,nan
Dodda Hullur Gate,nan,DHLG,32509,Dodda Hullur Gate (Towards Hosakote),13.10189,77.82166,,nan
Dodda Hulluru School Gate,nan,DHGS,25034,Dodda Hulluru School Gate (Towards Hoskote),13.09719,77.81684,,nan
Dodda Hulluru School Gate,nan,DHGS,32510,Dodda Hulluru School Gate (Towards H Cross),13.0973,77.81685,,nan
Dodda Kurabarahalli,nan,KBR1,25036,Dodda Kurabarahalli (Towards Sulibele),13.22553,77.8092,,nan
Dodda Kurabarahalli,nan,KBR1,32511,Dodda Kurabarahalli (Towards Vijayapura),13.22559,77.80913,,nan
Dodda Maralawadi,nan,MRWD,25037,Dodda Maralawadi (Towards Last Stop),12.61221,77.52529,,nan
Dodda Maskal,nan,DDMSK,39226,Dodda Maskal (Towards Chikka Maskal),12.92675,77.32963,,nan
Dodda Nagamangala,nan,DONGML,24168,Dodda Nagamangala (Towards New MICO Factory),12.86231,77.67491,,nan
Dodda Nagamangala,nan,DONGML,24176,Dodda Nagamangala (Towards Chikka Nagamangala),12.86238,77.67481,,nan
Dodda Nagamangala Tirumala Bekary,nan,DNMTBS,25042,Dodda Nagamangala Tirumala Bekary (Towards Electronic City),12.86224,77.67794,,nan
Dodda Nagamangala Tirumala Bekary,nan,DNMTBS,32513,Dodda Nagamangala Tirumala Bekary (Towards Huskuru),12.8623,77.67814,,nan
Dodda Nallala,nan,DDNLH,32514,Dodda Nallala (Towards Umalu Gate),13.08426,77.89664,,nan
Dodda Nekkundi,nan,DDKDI1,32515,Dodda Nekkundi (Towards Marathahalli),12.97154,77.69429,,nan
Dodda Nekkundi,nan,DDKDI1,32516,Dodda Nekkundi (Towards Ring Road),12.97146,77.69418,,nan
Dodda Nekkundi Bridge/Rainbow Hospital,nan,DDNKD,20761,Dodda Nekkundi Bridge/Rainbow Hospital (Towards Hebbala),12.97565,77.697,,nan
Dodda Nekkundi Bridge/Rainbow Hospital,nan,DDNKD,20762,Dodda Nekkundi Bridge/Rainbow Hospital (Towards Marathahalli Bridge),12.97499,77.69764,,nan
Dodda Nekkundi Cross,nan,DDKD1STP,25050,Dodda Nekkundi Cross (Towards Kartikanagara),12.96793,77.6933,,nan
Dodda Nekkundi Cross,nan,DDKD1STP2,25047,Dodda Nekkundi Cross (Towards Yamaluru ),12.96796,77.6934,,nan
Dodda Nekkundi Junction,nan,DDKJ,32517,Dodda Nekkundi Junction (Towards Dodda Nekkundi Cross),12.95607,77.69166,,nan
Dodda Nekkundi Junction,nan,DDKJ,32518,Dodda Nekkundi Junction (Towards Yamaluru Cross),12.95617,77.69173,,nan
Dodda Tattamangala,nan,DDTMH,31428,Dodda Tattamangala (Towards Gaddada Nagarehalli),13.26947,77.76217,,nan
Dodda Tattamangala,nan,DDTMH,35012,Dodda Tattamangala (Towards Yeliyur Gate),13.26946,77.76211,,nan
Dodda Thimmasandra,nan,DDTHI,25054,Dodda Thimmasandra (Towards Dodda Thimmasandra Gate),12.88087,77.80619,,nan
Dodda Thimmasandra Gate,nan,DDTHI,23399,Dodda Thimmasandra Gate (Towards Jn of Pandithana Agrahara),12.87887,77.8129,,nan
Dodda Thimmasandra Gate,nan,DDTHI,23415,Dodda Thimmasandra Gate (Towards Mahal Chowdadenahalli),12.879,77.81301,,nan
Dodda Thoguru,nan,DTGR2,25057,Dodda Thoguru (Towards Dodda Thoguru),12.85055,77.65512,,nan
Dodda Thoguru,nan,DTGR2,32521,Dodda Thoguru (Towards Konappana Agarahara),12.85063,77.65506,,nan
Dodda Tumkur,nan,DODTMKR,25064,Dodda Tumkur (Towards Marasandra Cross),13.22619,77.531,,nan
Dodda Tumkur,nan,DODTMKR,32524,Dodda Tumkur (Towards Gowdanahalli),13.22606,77.53099,,nan
Doddabadhegere Gate,nan,DDGG,25066,Doddabadhegere Gate (Towards Harohalli),12.66896,77.48294,,nan
Doddabadhegere Gate,nan,DDGG,32525,Doddabadhegere Gate (Towards Maralawadi),12.669,77.48293,,nan
Doddaballapura Bus Stand,nan,DBP,25068,Doddaballapura Bus Stand (Towards Doddaballapura),13.29346,77.54224,,nan
Doddaballapura Govt Hospital,nan,DBPH,38731,Doddaballapura Govt Hospital (Towards Chikkaballapura Road),13.31184,77.54517,,nan
Doddaballapura KEB Circle,nan,KEBC2,30921,Doddaballapura KEB Circle (Towards Chikkaballapura),13.31166,77.54202,,nan
Doddaballapura KEB Circle,nan,KEBC2,33405,Doddaballapura KEB Circle (Towards Rajanukunte),13.31134,77.54187,,nan
Doddaballapura Railway Station,nan,DBPRS,27845,Doddaballapura Railway Station (Towards Rajanukunte),13.28041,77.55176,,nan
Doddaballapura Railway Station,nan,DBPRS,34325,Doddaballapura Railway Station (Towards Doddaballapura),13.28041,77.55162,,nan
Doddaballapura Tollgate,nan,DDDB,25070,Doddaballapura Tollgate (Towards Doddaballapura Old Bus Stand),13.29568,77.53639,,nan
Doddaballapura Tollgate,nan,DDDB,32526,Doddaballapura Tollgate (Towards R L Jalappa Campus),13.29569,77.53633,,nan
Doddabannahalli,nan,DBH-1,25072,Doddabannahalli (Towards Channenahalli),13.02629,77.74833,,nan
Doddabannahalli,nan,DBH-1,32527,Doddabannahalli (Towards Vindyagiri BDA Nivasa),13.0264,77.74829,,nan
Doddabele,nan,DBL,32529,Doddabele (Towards Doddabele),12.88874,77.47754,,nan
Doddabele Colony,nan,DBLC,38622,Doddabele Colony (Towards Kengeri),12.89155,77.47164,,nan
Doddabidarakallu,nan,DKBL3,25081,Doddabidarakallu (Towards Jalahalli Cross),13.03597,77.49368,,nan
Doddabidarakallu,nan,DKBL3,32531,Doddabidarakallu (Towards Bhuvaneshwari Nagara),13.03594,77.49368,,nan
Doddadenahalli 1,nan,DDHL0,37232,Doddadenahalli 1 (Towards Umalu),13.0683,77.91946,,nan
Doddagattiganabbe,nan,DGBTH,25085,Doddagattiganabbe (Towards Poojena Agrahara),13.03369,77.78788,,nan
Doddagattiganabbe,nan,DGBTH,32534,Doddagattiganabbe (Towards Hosakote),13.03366,77.78798,,nan
Doddagattiganabbe Cross,nan,DGBTH,25088,Doddagattiganabbe Cross (Towards Poojena Agrahara),13.03341,77.78551,,nan
Doddagattiganabbe Cross,nan,DGTBCROS,32535,Doddagattiganabbe Cross (Towards Hosakote),13.03345,77.78547,,nan
Doddahagade,nan,DOHGD,25028,Doddahagade (Towards Kempa Vaderahalli),12.74691,77.6893,,nan
Doddahagade,nan,DOHGD,32507,Doddahagade (Towards Byagadadenahalli),12.74697,77.68932,,nan
Doddahejjaji,nan,DDHJ,38836,Doddahejjaji (Towards Shyakaladevanapura),13.2707,77.41615,,nan
Doddahejjaji,nan,DDHJ,38837,Doddahejjaji (Towards Doddabelavagala),13.27049,77.41604,,nan
Doddahosahalli,nan,DHH,25090,Doddahosahalli (Towards Devanahalli),13.19782,77.75047,,nan
Doddahosahalli,nan,DHH,32537,Doddahosahalli (Towards Reddahalli),13.19786,77.75048,,nan
Doddajala,nan,DJL,25092,Doddajala (Towards Shettygere),13.17735,77.65338,,nan
Doddajala,nan,DJL,32538,Doddajala (Towards Meenakunte),13.1773,77.65328,,nan
Doddakallasandra,nan,DKSR1,21909,Doddakallasandra (Towards Kaggalipura),12.88574,77.5565,,nan
Doddakallasandra,nan,DKSR1,21910,Doddakallasandra (Towards Banashankari ),12.88596,77.55671,,nan
Doddakallasandra Metro Station,nan,DKSMS,38362,Doddakallasandra Metro Station (Towards Kaggalipura),12.88467,77.55312,,nan
Doddakallasandra Metro Station,nan,DKSMS,38363,Doddakallasandra Metro Station (Towards Banashankari),12.88469,77.55255,,nan
Doddakammanahalli,nan,DKMHLI,25096,Doddakammanahalli (Towards AECS Dental College),12.85302,77.59989,,nan
Doddakammanahalli,nan,DKMHLI,32540,Doddakammanahalli (Towards Chikkakammanahalli),12.85316,77.59994,,nan
Doddakannalli,nan,DKKSJP1,25097,Doddakannalli (Towards Huskur),12.90703,77.69558,,nan
Doddakannalli,nan,DKKSJP1,35104,Doddakannalli (Towards Dommasandra),12.90731,77.69556,,nan
Doddakannalli,nan,DKKSJP1,35240,Doddakannalli (Towards KR Market),12.90715,77.69554,,nan
Doddakoliga,nan,DDGLG1,39902,Doddakoliga (Towards Nagarenahalli),13.1591,77.84041,,nan
Doddakoliga,nan,DDGLG1,39903,Doddakoliga (Towards Mallimakanapura),13.15904,77.84056,,nan
Doddakukkanahalli,nan,DDKNLI3,25099,Doddakukkanahalli (Towards Shastripalya),13.17505,77.44123,,nan
Doddakukkanahalli,nan,DDKNLI3,32541,Doddakukkanahalli (Towards Madure),13.1752,77.44119,,nan
Doddakuntanahalli,nan,DDKNTH1,25101,Doddakuntanahalli (Towards Seegehalli),12.81215,77.44973,,nan
Doddakuntanahalli,nan,DDKNTH1,32542,Doddakuntanahalli (Towards Doddakuntanahalli),12.81217,77.44979,,nan
Doddamara,nan,DDMRA1,40021,Doddamara (Towards Chikkanayakanahalli Dinne),12.8818,77.68819,,nan
Doddamara,nan,DDMRA1,40022,Doddamara (Towards Bengaluru Central Jail),12.88169,77.68822,,nan
Doddamaranahalli,nan,DMH0,25103,Doddamaranahalli (Towards Doddamaranahalli),12.93056,77.38286,,nan
Doddamaranahalli,nan,DMH0,32543,Doddamaranahalli (Towards Puradapalya),12.93053,77.38284,,nan
Doddamma Temple,nan,DDMD1,25107,Doddamma Temple (Towards Huskur),12.84741,77.69086,,nan
Doddamma Temple,nan,DDMD1,32544,Doddamma Temple (Towards Huskur Gate),12.8472,77.69068,,nan
Doddanallurahalli,nan,DDNUH,25110,Doddanallurahalli (Towards DoddaNalluruahalli),13.11876,77.86296,,nan
Doddanallurahalli,nan,DDNUH,32547,Doddanallurahalli (Towards Hosakote),13.11878,77.86294,,nan
Doddanalluru,nan,DNL,25112,Doddanalluru (Towards Budigere),13.1913,77.76314,,nan
Doddanalluru,nan,DNL,32548,Doddanalluru (Towards Devanahalli Road),13.19129,77.76309,,nan
Doddasanne,nan,dodd S,25114,Doddasanne (Towards Yarappanahalli),13.21846,77.69407,,nan
Doddasanne,nan,dodd S,32549,Doddasanne (Towards Yalahanka),13.21842,77.69411,,nan
Dodderi College,nan,DDRC1,25118,Dodderi College (Towards Dodderi),12.86752,77.38597,,nan
Dodderi College,nan,DDRC1,32551,Dodderi College (Towards Hejjala),12.86757,77.38586,,nan
Dodderi Grama,nan,DRG0,32552,Dodderi Grama (Towards Hejjala),12.86641,77.37808,,nan
Dodderi Grama,nan,DRG1,25120,Dodderi Grama (Towards Byalalu/Bethimgere Cross),12.86638,77.37811,,nan
Dodderi Tumkur Road,nan,DDRI,25122,Dodderi Tumkur Road (Towards Nelamangala),13.16986,77.30933,,nan
Dodderi Tumkur Road,nan,DDRI,32553,Dodderi Tumkur Road (Towards Dabaspete),13.16968,77.30925,,nan
Doddipalya,nan,DPLY,27957,Doddipalya (Towards Huskur Cross),13.11974,77.41441,,nan
Doddy,nan,DDI1,21911,Doddy (Towards Coles Park),13.00266,77.61215,,nan
Doddy,nan,DDI1,21912,Doddy (Towards Periyar Nagara Circle),13.00264,77.61211,,nan
Doddy,nan,DDS1,20763,Doddy (Towards Chikka Kukkanahalli),13.16972,77.45173,,nan
Doddy,nan,DDS1,25123,Doddy (Towards Madhure),13.16971,77.45169,,nan
Doddy Chikkakuntanahalli,nan,DDICKH1,25125,Doddy Chikkakuntanahalli (Towards Parasanapalya),12.79695,77.44132,,nan
Doddy Chikkakuntanahalli,nan,DDICKH1,32554,Doddy Chikkakuntanahalli (Towards Shyanumangala),12.79696,77.44139,,nan
Doddypalya,nan,DPL,25127,Doddypalya (Towards Doddypalya),12.85787,77.47216,,nan
Dombara Doddy,nan,DMRDD1,25141,Dombara Doddy (Towards Kadasikoppa),12.70278,77.39691,,nan
Dombara Doddy,nan,DMRDD1,32562,Dombara Doddy (Towards Dombara Doddy Cross),12.7028,77.39699,,nan
Dombara Doddy Cross,nan,DMRD,32556,Dombara Doddy Cross (Towards Annahalli),12.70197,77.39316,,nan
Dombarahalli,nan,DMH1,25132,Dombarahalli (Towards Madanayakanahalli),13.0491,77.45981,,nan
Dombarahalli,nan,DMH1,32558,Dombarahalli (Towards Kammasandra),13.04914,77.45984,,nan
Dombarahatti Dongadipura Cross,nan,DDPC1,25134,Dombarahatti Dongadipura Cross (Towards Gollarahatti),12.9722,77.46049,,nan
Dombarahatti Dongadipura Cross,nan,DDPC1,32559,Dombarahatti Dongadipura Cross (Towards Kenchanapura),12.97213,77.46048,,nan
Domlur,nan,DMH,21914,Domlur (Towards HAL ),12.96111,77.63809,,nan
Domlur,nan,DMLUR,21913,Domlur (Towards Commando Hospital ),12.96122,77.63667,,nan
Domlur,nan,DMRLR,32560,Domlur (Towards Bargur),12.96758,77.87192,,nan
Domlur Cross,nan,DMRCROS,25139,Domlur Cross (Towards Somalapura Cross),12.97456,77.8559,,nan
Domlur Cross,nan,DMRCROS,32561,Domlur Cross (Towards Lingadeera Mallasandra Cross),12.97476,77.8556,,nan
Domlur Flyover,nan,DMLFOR,21916,Domlur Flyover (Towards Dhupanahalli ),12.9577,77.64133,,nan
Domlur Flyover,nan,DMLFOR,21918,Domlur Flyover (Towards Koramangala Sony World),12.95799,77.64146,,nan
Domlur Flyover,nan,DMLR,35937,Domlur Flyover (Towards Domlur Bus station/ Dhoopanahalli),12.9606,77.64155,,nan
Domlur Flyover,nan,DMLUR,21915,Domlur Flyover (Towards Commando Hospiital ),12.96045,77.64251,,nan
Domlur Flyover,nan,DMLUR,21917,Domlur Flyover (Towards HAL),12.96048,77.64352,,nan
Domlur Marriad Accomodation,nan,DMLR3,38867,Domlur Marriad Accomodation (Towards Domlur),12.96186,77.63378,,nan
Dommasandra,nan,DOMS,23906,Dommasandra (Towards Sarjapur),12.8796,77.75371,,nan
Dommasandra,nan,DOMS,23909,Dommasandra (Towards Doddakannahalli),12.87953,77.75375,,nan
Dommasandra Circle,nan,DMSCR,35149,Dommasandra Circle (Towards Dommasandra),12.88321,77.75244,,nan
Dommasandra Circle,nan,DMSCR,37920,"Dommasandra Circle (Towards Gunjur,Varthuru)",12.88333,77.75233,,nan
Dommasandra Circle,nan,DMSCR1,35237,Dommasandra Circle (Towards Muttanalluru Cross),12.88321,77.75239,,nan
Donnenahalli,nan,UDNH,25144,Donnenahalli (Towards Mayasandra),12.88426,77.37521,,nan
Donnenahalli,nan,UDNH,32563,Donnenahalli (Towards Byalalu),12.88424,77.37517,,nan
Dorekavalu,nan,DRK1,25146,Dorekavalu (Towards Shettahalli Cross),13.2621,77.68637,,nan
Dorekavalu,nan,DRK1,32564,Dorekavalu (Towards Neeleri),13.26215,77.68632,,nan
Double Road BEML Layout,nan,BHELL,32566,Double Road BEML Layout (Towards RR Temple),12.91559,77.51341,,nan
Double Road BEML Layout,nan,DBLRD,25151,Double Road BEML Layout (Towards RR Gate),12.91477,77.52066,,nan
Double Road BEML Layout,nan,DBLRD,32567,Double Road BEML Layout (Towards BEML Layout 5th Stage),12.91493,77.52072,,nan
Double Road Indiranagara,nan,ING2ST,21921,Double Road Indiranagara (Towards Jeevan Bheema Nagara),12.97843,77.63654,,nan
Double Road Indiranagara,nan,ING2ST,21922,Double Road Indiranagara (Towards Halasuru),12.97821,77.63645,,nan
Dr Ambedkar Nagara,nan,DABDKR,25152,Dr Ambedkar Nagara (Towards Dr Ambedkar Nagara),12.97981,77.75279,,nan
Dr BR Ambedkar Bus Terminal (Domlur),nan,nan,21923_ST,nan,12.96173,77.63862,1.0,nan
Dr BR Ambedkar Bus Terminal (Domlur),nan,DMRB,21923,Dr BR Ambedkar Bus Terminal (Domlur) (Towards Departure),12.96163,77.63881,,nan
Dr BR Ambedkar Bus Terminal (Domlur),nan,DMRB,21924,Dr BR Ambedkar Bus Terminal (Domlur) (Towards Arrival),12.96191,77.63853,,nan
Dr BR Ambedkar Bus Terminal (Domlur) - Platform 1,21923_ST,DMRB,21923_PF1,nan,12.961706,77.63846,,1
Dr BR Ambedkar Bus Terminal (Domlur) - Platform 5,21923_ST,DMRB,21923_PF5,nan,12.961591,77.6386,,5
Dr Shivaramkaranth Residents,nan,DRSV,24101,Dr Shivaramkaranth Residents (Towards Jakkur Railway Gate),13.06893,77.62544,,nan
Dr Shivaramkaranth Residents,nan,DRSV,35071,Dr Shivaramkaranth Residents (Towards K Narayanapura Cross),13.06908,77.62542,,nan
Dr.Shivaramakaranth Nagara,nan,SRKN1,24100,Dr.Shivaramakaranth Nagara (Towards Jakkur Railway Gate),13.06809,77.62938,,nan
Dr.Shivaramakaranth Nagara,nan,SRKN1,35096,Dr.Shivaramakaranth Nagara (Towards Narayanapura Cross),13.06831,77.62917,,nan
Dubasipalya Cross,nan,DBIPLZA,20764,Dubasipalya Cross (Towards Kengeri),12.92273,77.49603,,nan
Dubasipalya Cross,nan,DBIPLZA,20765,Dubasipalya Cross (Towards RV College),12.9229,77.49583,,nan
Dudapanahalli,nan,DDPH,25162,Dudapanahalli (Towards Thippagondanahalli),12.96027,77.29611,,nan
Dudapanahalli,nan,DDPH,32571,Dudapanahalli (Towards Magadi),12.96017,77.29634,,nan
Durga Bakery Mallathahallli,nan,DRGB,25166,Durga Bakery Mallathahallli (Towards Kengunte Circle),12.96098,77.50162,,nan
Durga Parameshwari Temple,nan,DGAPTL,21927,Durga Parameshwari Temple (Towards Nanjappa CIrcle),13.08182,77.55979,,nan
Durga Parameshwari Temple,nan,DRPRY,21928,Durga Parameshwari Temple (Towards Vidyaranyapura),13.08182,77.55975,,nan
Dwaraka Nagara,nan,DKN,21507,Dwaraka Nagara (Towards Chikkabanavara),13.08768,77.49527,,nan
Dwaraka Nagara,nan,DRKN,32575,Dwaraka Nagara (Towards Soladevanahalli Police Station),13.08764,77.49526,,nan
Dwaraka Nagara,nan,DWRNG,25171,Dwaraka Nagara (Towards Yalahanka),13.12129,77.61811,,nan
Dwaraka Nagara,nan,DWRNG,32574,Dwaraka Nagara (Towards Bagaluru),13.12137,77.61807,,nan
Dyavalingaiahnapalya,nan,DLP1,25173,Dyavalingaiahnapalya (Towards Hejjala),12.8502,77.41584,,nan
Dyavalingaiahnapalya,nan,DLP1,32576,Dyavalingaiahnapalya (Towards Dyavalingaiahna Palya),12.85026,77.41591,,nan
Dyavarahalli,nan,DVRH,24948,Dyavarahalli (Towards Thindlu),13.23978,77.59916,,nan
Dyavarahalli,nan,DVRH,32468,Dyavarahalli (Towards Dodda Cheemanahalli Cross),13.23979,77.59911,,nan
Dyavarahalli Cross,nan,DYU,25174,Dyavarahalli Cross (Towards IVC Road),13.2314,77.60754,,nan
Dyavarahalli Cross,nan,DYU,31363,Dyavarahalli Cross (Towards Thindlu Cross),13.23138,77.60738,,nan
Dyavarahalli Cross,nan,DYU,36101,Dyavarahalli Cross (Towards Dodda Cheemanahalli),13.23141,77.60744,,nan
Dyavarahalli Cross,nan,DYUT,32577,Dyavarahalli Cross (Towards E Hosur),13.23135,77.60747,,nan
Dyavasandra,nan,DVS4,25177,Dyavasandra (Towards Dyavasandra),12.75753,77.64803,,nan
Dyavasandra,nan,DVS4,32578,Dyavasandra (Towards Haragadde),12.75752,77.648,,nan
Dyavasandra,nan,DYSD2,39958,Dyavasandra (Towards Harohalli),12.67263,77.50224,,nan
Dyavasandra,nan,DYSD2,39959,Dyavasandra (Towards Thattekere),12.6727,77.5023,,nan
Dyavasandra Cross,nan,DVSNDCRS,25179,Dyavasandra Cross (Towards Konasandra Cross),12.75792,77.64053,,nan
Dyavasandra Cross,nan,DVSNDCRS,32579,Dyavasandra Cross (Towards Bommandahalli),12.75795,77.64057,,nan
E Hosuru,nan,EHUS,25183,E Hosuru (Towards Sadahalli Gate),13.22706,77.60587,,nan
E Hosuru,nan,EHUS,32581,E Hosuru (Towards Indadrasanahalli),13.22706,77.60585,,nan
E Muthasandra Gate,nan,MTSDRA,29105,E Muthasandra Gate (Towards Kambalipura Gate),13.14462,77.82392,,nan
E Muthasandra Gate,nan,MTSDRA,33984,E Muthasandra Gate (Towards Chikka Kogilu Gate),13.14462,77.82373,,nan
E Muthsandra,nan,EMTSD1,25185,E Muthsandra (Towards Hasigala),13.14535,77.81581,,nan
E Muthsandra,nan,EMTSD1,32582,E Muthsandra (Towards E Muthasandra Gate),13.14543,77.81562,,nan
E-CITY - 3M JUNCTION,nan,ECR3M,39854,E-CITY - 3M JUNCTION (Towards Electronic City),12.84332,77.66029,,nan
E-CITY - SBI JUNCTION,nan,ELC3,35336,E-CITY - SBI JUNCTION (Towards Shikaripalya),12.84536,77.66543,,nan
E-CITY - SBI JUNCTION,nan,ELC3,35352,E-CITY - SBI JUNCTION (Towards FLYOVER),12.84549,77.6653,,nan
E-CITY 2 - XIME JUNCTION,nan,XIMC2,25203,E-CITY 2 - XIME JUNCTION (Towards Electronic City),12.8474,77.67492,,nan
E-CITY 2 - XIME JUNCTION,nan,XIMC2,25204,E-CITY 2 - XIME JUNCTION (Towards Electronic City 2nd Phase),12.84757,77.67476,,nan
ELC Toll Point,nan,ELC3,35723,ELC Toll Point (Towards Madiwala),12.84621,77.67184,,nan
ELC Toll Point (Volvo),nan,ELC3,39467,ELC Toll Point (Volvo) (Towards Roopena Agrahara),12.84641,77.67167,,nan
EMC2,nan,EM1,20774,EMC2 (Towards Marathihalli Bridge),12.98256,77.69301,,nan
EMC2,nan,EM1,20775,EMC2 (Towards Hebbala),12.98239,77.69288,,nan
EMVEE Company,nan,nan,40370,EMVEE Company (Towards Sulibele),13.19025,77.7854,,nan
EMVEE Company,nan,nan,40371,EMVEE Company (Towards Balepura Gate),13.19016,77.78547,,nan
ESI Hospital Indiranagara,nan,ESIIND,25230,ESI Hospital Indiranagara (Towards Domaluru),12.97106,77.63603,,nan
ESI Hospital Indiranagara,nan,ESIIND,39474,ESI Hospital Indiranagara (Towards Old Madras Road),12.97094,77.63594,,nan
ESI Hospital Rajajinagara,nan,RJ ESI,21935,ESI Hospital Rajajinagara (Towards Vijayanagara),12.99075,77.55091,,nan
ESI Hospital Rajajinagara,nan,RJ ESI,21936,ESI Hospital Rajajinagara (Towards Yeshawanthapura),12.99101,77.55084,,nan
ESI Hospital Rajajinagara,nan,RJNESI,20776,ESI Hospital Rajajinagara (Towards Navarang),12.99041,77.55256,,nan
ESI Hospital Rajajinagara,nan,RJNESI,20777,ESI Hospital Rajajinagara (Towards Rajajinagara Old Police Station),12.99069,77.55258,,nan
ESI Hospital White Field,nan,BRK1,23689,ESI Hospital White Field (Towards Tin Factory),12.99076,77.70641,,nan
ESI Hospital/Brook Steel,nan,BHRK2,21781,ESI Hospital/Brook Steel (Towards Hope Farm),12.9931,77.70535,,nan
ESI Hospital/Brook Steel,nan,BHRK2,21782,ESI Hospital/Brook Steel (Towards Kempegowda Bus Station),12.99287,77.70549,,nan
Eagleton Resort,nan,EGLTNR,25187,Eagleton Resort (Towards Gollarapalya),12.81067,77.41626,,nan
Eagleton Resort,nan,EGLTNR,32583,Eagleton Resort (Towards Mysore Road),12.81054,77.41626,,nan
East End Jayanagara,nan,END,20768,East End Jayanagara (Towards Banashankari Bus Station),12.91665,77.59855,,nan
East End Jayanagara,nan,END,20769,East End Jayanagara (Towards BTM Layout),12.9169,77.59802,,nan
East End Jayanagara,nan,JEE0,35204,East End Jayanagara (Towards Carmel Convent Jayanagara),12.91709,77.59683,,nan
East End Jayanagara,nan,JEE1,25188,East End Jayanagara (Towards Jayanagara TTMC),12.91721,77.59508,,nan
East Point College,nan,EPC2,25191,East Point College (Towards Bidarahalli),13.05085,77.71401,,nan
East Point College,nan,EPC2,32584,East Point College (Towards Avalahalli Hosakote),13.05012,77.72,,nan
East Point College,nan,EPC2,32585,East Point College (Towards Ramapura),13.05006,77.71999,,nan
East Railway Station,nan,CLSSHL,21929,East Railway Station (Towards  Lingrjapura   Banasawadi),13.00143,77.61865,,nan
East West College Cross,nan,EWCC9,21508,East West College Cross (Towards Gollarahatti),12.98559,77.48632,,nan
East West College Cross,nan,EWCC9,24294,East West College Cross (Towards Sunkadakatte),12.98568,77.48629,,nan
East West Public School,nan,EWPS1,25198,East West Public School (Towards Subramanyapura),13.00556,77.55638,,nan
East West Public School,nan,EWPS1,32588,East West Public School (Towards Vivekananda College),13.00547,77.55647,,nan
Ebenezer International School,nan,SHS2,25200,Ebenezer International School (Towards Singena Agrahara),12.83948,77.70655,,nan
Echalamara Vidyaranyapura,nan,ECHLM,21930,Echalamara Vidyaranyapura (Towards Dodda Bommasandra),13.08005,77.55933,,nan
Echalamara Vidyaranyapura,nan,ECHLM,21931,Echalamara Vidyaranyapura (Towards Vidyaranyapura),13.08008,77.55932,,nan
Eco Space,nan,ECOSP,20770,Eco Space (Towards Central Silk Board),12.92776,77.68049,,nan
Eco Space,nan,ECOSP,20771,Eco Space (Towards Hebbala),12.92838,77.6812,,nan
Ejipura,nan,EJIPRA,25202,Ejipura (Towards Ravi Tent),12.94669,77.62883,,nan
Ejipura,nan,EJIPRA,32590,Ejipura (Towards Sreenivagilu),12.94684,77.62876,,nan
Ejipura School,nan,EJIPRA,28193,Ejipura School (Towards Ejipura),12.94272,77.63081,,nan
Ejipura School,nan,EJIPRA,34486,Ejipura School (Towards Vivekanagara),12.94257,77.63085,,nan
Electric B Station,nan,MGR-1,21932,Electric B Station (Towards Shivaji Nagara),12.97405,77.61394,,nan
Electric B Station MG Road,nan,MGR-1,21020,Electric B Station MG Road (Towards Halasuru),12.97403,77.61279,,nan
Electronic City,nan,ELC,21934,Electronic City (Towards Bommanahalli),12.84756,77.6707,,nan
Electronic City,nan,ELCWG,21933,Electronic City (Towards Attibele),12.84815,77.67083,,nan
Electronic City 378,nan,ELC1,20773,Electronic City 378 (Towards Electronic City),12.84717,77.67049,,nan
Electronic City 378,nan,ELC1,23991,Electronic City 378 (Towards Electronic City Wipro Gate),12.84697,77.6707,,nan
Electronic City East Phase-II,nan,ELCE,23717,Electronic City East Phase-II (Towards Electronic City East Phase-II),12.84498,77.68094,,nan
Electronic City FLY,nan,ELC3,35801,Electronic City FLY (Towards Attibele),12.84817,77.67062,,nan
Electronic City FLY,nan,ELC3,35803,Electronic City FLY (Towards Bommanahalli),12.84598,77.67202,,nan
Electronic City FLY,nan,ELCWG,40387,Electronic City FLY (Towards Huskuru),12.84794,77.6708,,nan
Electronic City KIA,nan,ELCKIA,38203,Electronic City KIA (Towards Infosys Parking Lot),12.85049,77.66201,,nan
Electronic City NICE-10,nan,ELC,39700,Electronic City NICE-10 (Towards Electronic City 378 Stop),12.84585,77.67177,,nan
Electronic City Toll,nan,ELC3,37733,Electronic City Toll (Towards Central Silk Board),12.8458,77.66797,,nan
Electronic City Wipro Main Gate,nan,ELC,20772,Electronic City Wipro Main Gate (Towards Last Point),12.83594,77.65742,,nan
Electronic city NICE Road,nan,ELCNR,25206,Electronic city NICE Road (Towards NICE Road 17th Stone),12.85806,77.65885,,nan
Electronic city NICE Road,nan,ELCNR,32591,Electronic city NICE Road (Towards Konappana Agarahara),12.85824,77.6588,,nan
Elgin Floor Mill,nan,EFMS,23670,Elgin Floor Mill (Towards Shole Circle),12.95873,77.6061,,nan
Elgin Floor Mill,nan,ENGF,23799,Elgin Floor Mill (Towards Adugodi),12.95814,77.60612,,nan
Elmeasure KIADB,nan,KIAD3,25215,Elmeasure KIADB (Towards Last Point),13.15434,77.69361,,nan
Elmeasure KIADB,nan,KIAD3,32594,Elmeasure KIADB (Towards Hoovinayakanahalli Gate),13.1541,77.69359,,nan
Embassy School,nan,EMSYSCH,25217,Embassy School (Towards Tharahunase High School),13.17384,77.59546,,nan
Embassy School,nan,EMSYSCH,32595,Embassy School (Towards Tharahunase Gurukula School),13.1739,77.59546,,nan
Embassy Tech Village,nan,EMSYV,39897,Embassy Tech Village (Towards New Horizon College),12.92913,77.69465,,nan
Embassy Tech Village,nan,EMSYV,39898,Embassy Tech Village (Towards Doddakannahalli),12.92901,77.69475,,nan
Energy Institute,nan,ENGITS,40458,Energy Institute (Towards Devanahalli),13.12773,77.8124,,nan
Energy Institute,nan,ENGITS2,40459,Energy Institute (Towards Hoskote),13.12777,77.8125,,nan
Eradu Kamba,nan,ERDKMB1,25219,Eradu Kamba (Towards Vishweshwaraiah Institute of Technology),12.84898,77.45135,,nan
Eradu Kamba,nan,ERDKMB1,32596,Eradu Kamba (Towards Gonipura),12.849,77.45135,,nan
Escorts,nan,ESRT1,25225,Escorts (Towards Yalahanka NES Office),13.10281,77.58566,,nan
Escorts,nan,ESRT1,32598,Escorts (Towards Puttenahalli),13.10271,77.58558,,nan
Eshwara Layout,nan,ESRL,25227,Eshwara Layout (Towards Puttenahalli),12.89149,77.57564,,nan
Eshwara Layout,nan,ESRL,32599,Eshwara Layout (Towards Avalahalli),12.89145,77.57566,,nan
Eshwara Temple Puttayyanapalya,nan,ESRT7,25229,Eshwara Temple Puttayyanapalya (Towards Tavarakere),12.95339,77.41171,,nan
Eshwara Temple Puttayyanapalya,nan,ESRT7,32600,Eshwara Temple Puttayyanapalya (Towards Gulaganjanahalli),12.95343,77.41176,,nan
Estate Tavarekere,nan,ESTVK,25232,Estate Tavarekere (Towards Dodda Aladamara),12.95447,77.40404,,nan
Estate Tavarekere,nan,ESTVK,32601,Estate Tavarekere (Towards Tavarakere),12.95444,77.40397,,nan
Exide Gate,nan,EXGT1,21937,Exide Gate (Towards Attibele),12.83506,77.78538,,nan
Exide Gate,nan,EXGT1,21938,Exide Gate (Towards Sarjapura),12.83499,77.78529,,nan
Fairland Shop,nan,FLNDS,25238,Fairland Shop (Towards Ejipura),12.95044,77.62531,,nan
Fairland Shop,nan,FLNDS,32604,Fairland Shop (Towards Vivekanagara),12.95041,77.62546,,nan
Fathima Church,nan,FMACHR,21939,Fathima Church (Towards Gangamma Circle),13.05486,77.5414,,nan
Fathima Church,nan,FMACHR,21940,Fathima Church (Towards Jalahalli Cross),13.05472,77.54155,,nan
Federal Bank,nan,MNGH,40385,Federal Bank (Towards AGS Layout),12.95189,77.47212,,nan
Federal Bank,nan,MNGH,40386,Federal Bank (Towards Manganahalli),12.95174,77.47222,,nan
Fire Station Brigade Hulimavu,nan,HFSN,39003,Fire Station Brigade Hulimavu (Towards Hulimavu),12.87204,77.59873,,nan
Fire Station Brigade Hulimavu,nan,HFSN,39004,Fire Station Brigade Hulimavu (Towards Meenakshi Temple),12.87196,77.59875,,nan
Forest Gate,nan,FRSTG1,21509,Forest Gate (Towards Gollarahatti),12.99185,77.45952,,nan
Forest Gate,nan,FRSTG1,21510,Forest Gate (Towards Tavarakere),12.99176,77.45971,,nan
Form House Gorinabele,nan,CGRB,25244,Form House Gorinabele (Towards Mallarabanavadi Cross),13.04568,77.35321,,nan
Forum City Apartment,nan,FCA1,35939,Forum City Apartment (Towards Vasanthanagara),12.99688,77.58754,,nan
Forum Mall,nan,FRM-1,21941,Forum Mall (Towards Varthuru),12.95943,77.7468,,nan
Forum Mall,nan,FRM-1,21942,Forum Mall (Towards Hope Farm),12.95977,77.74683,,nan
Forum Mall,nan,Frm1,23803,Forum Mall (Towards Madivala),12.9346,77.61228,,nan
Frazer Town,nan,DDY2,21943,Frazer Town (Towards Coles Park),13.00115,77.61196,,nan
Frazer Town,nan,DDY2,21944,Frazer Town (Towards Nagawara),13.00082,77.61144,,nan
Frazer Town,nan,FZT,36715,Frazer Town (Towards Hennur),13.00098,77.61257,,nan
G Hosahalli,nan,JGHR,25251,G Hosahalli (Towards G Hosahalli),12.99592,77.47847,,nan
G Hosahalli Road Junction,nan,JGHR,30370,G Hosahalli Road Junction (Towards G Hosahalli),12.98814,77.47534,,nan
GBJ Colony Gate Doddanekkundi,nan,GBJCOLY,25364,GBJ Colony Gate Doddanekkundi (Towards HAL Main Gate),12.95769,77.69141,,nan
GBJ Colony Gate Doddanekkundi,nan,GBJCOLY,32660,GBJ Colony Gate Doddanekkundi (Towards Dodda Nekkundi),12.95753,77.69134,,nan
GG Palya Fly Over Toll,nan,CMT,38118,GG Palya Fly Over Toll (Towards Nelamangala),13.03105,77.53588,,nan
GK Golden City Apartment,nan,GKCA1,40482,GK Golden City Apartment (Towards Kudlu),12.88553,77.65591,,nan
GK Golden City Apartment,nan,GKCA1,40483,GK Golden City Apartment (Towards Hosa Road),12.88567,77.656,,nan
GKVK,nan,GKVK2,25427,GKVK (Towards GKVK),13.07792,77.58007,,nan
GKVK GATE,nan,GKVK,25432,GKVK GATE (Towards Yalahanka),13.07254,77.59245,,nan
GKVK GATE,nan,GKVK,31367,GKVK GATE (Towards Allalasandra Gate),13.0734,77.59328,,nan
GKVK GATE,nan,GKVK,35685,GKVK GATE (Towards Hebbala),13.07276,77.59292,,nan
GKVK GATE,nan,GKVKYUR,32694,GKVK GATE (Towards Jakkur),13.07358,77.59306,,nan
GKW Layout,nan,GKW,25436,GKW Layout (Towards GKW Layout),12.96802,77.52845,,nan
GM Palya,nan,GMPLY,23544,GM Palya (Towards Malleshpalya),12.9751,77.66602,,nan
GM palya,nan,GMPLY,21967,GM palya (Towards BEML Gate),12.97509,77.66605,,nan
GOVT Hospital K Gollahalli,nan,KGLH14,26000,GOVT Hospital K Gollahalli (Towards K Gollahalli),12.83938,77.45162,,nan
GOVT Hospital K Gollahalli,nan,KGLH14,32979,GOVT Hospital K Gollahalli (Towards Gonipura),12.83939,77.45168,,nan
GPO,nan,GPOOFFICE,21525,GPO (Towards Indian Express),12.98136,77.59408,,nan
GPO,nan,KHC,20798,GPO (Towards Raj Bhavan),12.98173,77.5951,,nan
GPO,nan,KHC,20799,GPO (Towards KR Circle),12.98137,77.59436,,nan
GR Tech Park ITPL,nan,GRTP-1,20800,GR Tech Park ITPL (Towards Kempegowda Bus Station),12.98656,77.74344,,nan
GR Tech Park ITPL,nan,GRTP-1,20801,GR Tech Park ITPL (Towards Hope Farm),12.98681,77.74338,,nan
GRG Dairy Thirupalya,nan,GRG 1,25557,GRG Dairy Thirupalya (Towards Thirupalya),12.81863,77.67176,,nan
GTRE Engine Division,nan,GTRE,25560,GTRE Engine Division (Towards HAL Main Gate),12.9836,77.64942,,nan
GTRE Engine Division,nan,GTRE,35363,GTRE Engine Division (Towards HAL Maingate),12.98352,77.64929,,nan
GVT School Kodiyala Karenahalli,nan,GVTSC,39078,GVT School Kodiyala Karenahalli (Towards Channammanahalli),12.78001,77.46581,,nan
GVT School Kodiyala Karenahalli,nan,GVTSC,39079,GVT School Kodiyala Karenahalli (Towards Kodiyala Karenahalli),12.77988,77.46575,,nan
Gadenahalli,nan,GGS1,25254,Gadenahalli (Towards Kuduregere Village),13.18817,77.61756,,nan
Gadenahalli,nan,GGS1,32610,Gadenahalli (Towards Gadenahalli Gate),13.18823,77.61752,,nan
Gadenahalli Cross,nan,GDHC3,38159,Gadenahalli Cross (Towards Kundana),13.20278,77.6032,,nan
Gadenahalli Cross,nan,GGS1,38160,Gadenahalli Cross (Towards MVIT Collage),13.20278,77.60325,,nan
Gadenahalli Gate,nan,GGS1,25256,Gadenahalli Gate (Towards Tharabanahalli Colony),13.19593,77.61956,,nan
Gadenahalli Gate,nan,GGS1,32611,Gadenahalli Gate (Towards Gadenahalli Village),13.19583,77.6195,,nan
Gadigaiahana Doddy,nan,GDGNDD,25258,Gadigaiahana Doddy (Towards Manchanabele),12.85266,77.33857,,nan
Gadipalya,nan,GDPLYAA,21990,Gadipalya (Towards Mukkodlu),12.76631,77.52849,,nan
Gadipalya,nan,GDPLYAA,21991,Gadipalya (Towards Tattaguppe),12.76627,77.52846,,nan
Galaxy Paradise (Tent),nan,GLYPD,23849,Galaxy Paradise (Tent) (Towards Bommanahalli),12.89162,77.62585,,nan
Galaxy Paradise (Tent),nan,GLYPD,24137,Galaxy Paradise (Tent) (Towards St Frances School),12.89167,77.62588,,nan
Ganagalu,nan,GNGC,25260,Ganagalu (Towards Hosakote),13.04925,77.802,,nan
Ganagalu Cross,nan,GNGC1,25262,Ganagalu Cross (Towards Hosakote),13.04597,77.79761,,nan
Ganagalu Cross,nan,GNGC1,32614,Ganagalu Cross (Towards Ganagalu),13.04599,77.79768,,nan
Ganagaluru,nan,GNLR,25264,Ganagaluru (Towards Mugaluru),12.91117,77.85171,,nan
Ganagaluru,nan,GNLR,32615,Ganagaluru (Towards Ganagaluru Cross),12.91117,77.85167,,nan
Ganagaluru Circle,nan,GNGLUR,23405,Ganagaluru Circle (Towards Chikka Thirupathi),12.89343,77.85012,,nan
Ganagaluru Circle,nan,GNGLUR,23411,Ganagaluru Circle (Towards Mugaluru),12.89332,77.85016,,nan
Ganagaluru Cross,nan,GGC,25266,Ganagaluru Cross (Towards Dunnasandra Cross),12.91382,77.86169,,nan
Ganagaluru Cross,nan,GGC,32616,Ganagaluru Cross (Towards Chikka Thirupathi),12.91373,77.86184,,nan
Ganakal,nan,GNKL,25272,Ganakal (Towards Peddanapalya),12.9573,77.38166,,nan
Ganakal,nan,GNKL,32619,Ganakal (Towards Devamachohalli Cross),12.95726,77.38162,,nan
Ganakal,nan,GNKL123,32618,Ganakal (Towards Borehalli),12.85247,77.3573,,nan
Ganakal,nan,GNKL123,32621,Ganakal (Towards Kempadyapanahalli),12.85246,77.35726,,nan
Ganakal,nan,GNKL5,32617,Ganakal (Towards BEML Complex),12.89789,77.51219,,nan
Ganakal,nan,GNKL5,32620,Ganakal (Towards Kariyanapalya),12.89797,77.51227,,nan
Ganapathi Enclave,nan,MTBG,38876,Ganapathi Enclave (Towards Military Bridge),12.94739,77.64092,,nan
Ganapathi Layout (JK Store),nan,GPLJC,36013,Ganapathi Layout (JK Store) (Towards Ganapathi Layout 1st Stage),13.04884,77.45306,,nan
Ganapathi Layout 1st Stage(LDVG),nan,GPLJC,36011,Ganapathi Layout 1st Stage(LDVG) (Towards Madanayakanahalli),13.04795,77.45596,,nan
Ganapathi Layout 1st Stage(LDVG),nan,GPLJC,36012,Ganapathi Layout 1st Stage(LDVG) (Towards Kadirenahalli),13.04789,77.45606,,nan
Ganapathi Layout(JK Store),nan,GPLJC,37851,Ganapathi Layout(JK Store) (Towards Last Stop),13.0488,77.45279,,nan
Ganapathi Nagara Raghavendra Badavane,nan,GPN,25274,Ganapathi Nagara Raghavendra Badavane (Towards Acharya Institute of Technology),13.07897,77.49701,,nan
Ganapathi Nagara Raghavendra Badavane,nan,GPN,32622,Ganapathi Nagara Raghavendra Badavane (Towards Janapriya Appartment),13.07897,77.49707,,nan
Ganapathihalli,nan,GNPTH,25277,Ganapathihalli (Towards Dodda Aladamara),12.91774,77.39529,,nan
Ganapathihalli,nan,GNPTH,32623,Ganapathihalli (Towards Hosahalli),12.91776,77.39524,,nan
Ganapathipura,nan,GNP,25279,Ganapathipura (Towards Yalachenahalli),12.89327,77.57188,,nan
Ganapathipura,nan,GNP,32624,Ganapathipura (Towards Chunchaghatta),12.89338,77.57192,,nan
Gandhi Bazaar,nan,GBZR,35197,Gandhi Bazaar (Towards Ramakrishna Ashrama),12.94622,77.57014,,nan
Gandhi Circle Magadi,nan,MDIGC,25283,Gandhi Circle Magadi (Towards Belagumba),12.95759,77.23518,,nan
Gandhi Circle Magadi,nan,MDIGC,32625,Gandhi Circle Magadi (Towards Hosapete Gate),12.95776,77.23538,,nan
Gandhi Farm Gate,nan,GFG1,25285,Gandhi Farm Gate (Towards Harohalli),12.64478,77.49757,,nan
Gandhi Farm Gate,nan,GFG1,32626,Gandhi Farm Gate (Towards Maralawadi),12.64482,77.49762,,nan
Gandhi Grama,nan,GDGM1,25287,Gandhi Grama (Towards Nelamangala),13.0472,77.33923,,nan
Gandhi Grama,nan,GDGM1,32627,Gandhi Grama (Towards Honnasandra),13.04724,77.3393,,nan
Gandhi Nagara,nan,GDNR,23546,Gandhi Nagara (Towards Kaggalipura),12.79019,77.50452,,nan
Gandhi Nagara,nan,GDNR,23633,Gandhi Nagara (Towards Banashankari Bus Station),12.79003,77.50442,,nan
Gandhi School,nan,GNDS,25289,Gandhi School (Towards Yashwanthapura bus station ),12.98812,77.56791,,nan
Gandhipura,nan,GNDPR2,23557,Gandhipura (Towards Nagondanahalli),12.96969,77.7524,,nan
Gandhipura,nan,GNDPR2,23564,Gandhipura (Towards White Field),12.96964,77.75241,,nan
Ganesh Mantapa,nan,HRBR1,38613,Ganesh Mantapa (Towards Ayyappa Temple),13.01818,77.64734,,nan
Ganesha Bhavan,nan,GNSBHV,20778,Ganesha Bhavan (Towards Ramakrishna Ashrama),12.94411,77.56426,,nan
Ganesha Circle Vaddarahalli,nan,GCV,25294,Ganesha Circle Vaddarahalli (Towards Kammasandra),13.02569,77.45495,,nan
Ganesha Circle Vaddarahalli,nan,GCV,32630,Ganesha Circle Vaddarahalli (Towards Madanayakanahalli),13.0257,77.45491,,nan
Ganesha Gudi Nelamangala,nan,NMGGG,28675,Ganesha Gudi Nelamangala (Towards Nelamangala),13.08374,77.39286,,nan
Ganesha Gudi Nelamangala,nan,NMGGG,33769,Ganesha Gudi Nelamangala (Towards Mallapura),13.08378,77.39288,,nan
Ganesha Temple Bettanahalli,nan,BTNH,25296,Ganesha Temple Bettanahalli (Towards Aradeshanahalli),13.21135,77.58525,,nan
Ganesha Temple Bettanahalli,nan,BTNH,32631,Ganesha Temple Bettanahalli (Towards Bettanahalli),13.21139,77.58526,,nan
Ganesha Temple Chandra Layout,nan,CPS,20779,Ganesha Temple Chandra Layout (Towards Chandra Layout),12.95803,77.52876,,nan
Ganesha Temple Chandra Layout,nan,CPS,20780,Ganesha Temple Chandra Layout (Towards Income Tax Layout),12.95772,77.52863,,nan
Ganesha Temple Mahalakshmi Layout,nan,GTMLO,24190,Ganesha Temple Mahalakshmi Layout (Towards Nandini Layout),13.00862,77.5432,,nan
Ganesha Temple Mahalakshmi Layout,nan,GTMLO,25298,Ganesha Temple Mahalakshmi Layout (Towards Mahalakshmi Layout Entrance),13.00868,77.54313,,nan
Ganesha Temple Sahakara Nagara,nan,SHKRNGRTEM,23524,Ganesha Temple Sahakara Nagara (Towards Kodigehalli Gate),13.06342,77.58561,,nan
Ganesha Temple Sahakara Nagara,nan,SHKRNGRTEM,24112,Ganesha Temple Sahakara Nagara (Towards Sahakara Nagara Police Station),13.06289,77.58517,,nan
Ganesha Temple Sahakara Nagara,nan,SVRNB,24110,Ganesha Temple Sahakara Nagara (Towards Sahakara Nagara),13.05955,77.58992,,nan
Ganesha Temple Sahakara Nagara,nan,SVRNB2,23526,Ganesha Temple Sahakara Nagara (Towards Kodigehalli Gate 1),13.0596,77.59,,nan
Ganesha Temple Tavarekere,nan,TVKGT,21511,Ganesha Temple Tavarekere (Towards Gollarahatti),12.96708,77.40326,,nan
Ganesha Temple Tavarekere,nan,TVKGT,21512,Ganesha Temple Tavarekere (Towards Magadi),12.9671,77.40341,,nan
Ganesha Temple Thippasandra,nan,TPS2,21945,Ganesha Temple Thippasandra (Towards BEML Gate),12.97206,77.65412,,nan
Ganesha Temple Vasanthanagara,nan,VSNTN,25301,Ganesha Temple Vasanthanagara (Towards Guttahalli),12.99515,77.59214,,nan
Ganesha Temple Vasanthanagara,nan,VSNTN,35378,Ganesha Temple Vasanthanagara (Towards Contonment Railway Station),12.99521,77.59203,,nan
Ganga Block,nan,GNGBK,39563,Ganga Block (Towards Mylasandra),12.84592,77.62709,,nan
Ganga Block,nan,GNGBK,39564,Ganga Block (Towards Tugur Crosss),12.84599,77.62701,,nan
Ganga International School,nan,GIS1,25303,Ganga International School (Towards Nelagadaranahalli),13.02828,77.49633,,nan
Ganga International School,nan,GIS1,32632,Ganga International School (Towards Thigalarapalya),13.02824,77.49634,,nan
Gangadaranapalya,nan,GNGP,32634,Gangadaranapalya (Towards Lohitha Nagara),13.12071,77.37612,,nan
Gangadhara Kalyana Mantapa,nan,GGDKMT,25309,Gangadhara Kalyana Mantapa (Towards Chikka Banavara),13.07998,77.51095,,nan
Gangadhara Kalyana Mantapa,nan,GGKMT,32635,Gangadhara Kalyana Mantapa (Towards Kere Guddadahalli),13.08002,77.51088,,nan
Gangadharanapalya,nan,GNGP,25307,Gangadharanapalya (Towards Gangadharanapalya (Nelamangala)),13.12078,77.37601,,nan
Gangamma Circle,nan,GMGC2,21946,Gangamma Circle (Towards Kammagondanahali Bridge),13.05663,77.54672,,nan
Gangamma Circle,nan,GMGC2,21947,Gangamma Circle (Towards MS Palya),13.05769,77.54635,,nan
Gangamma Circle,nan,GMGC2,25311,Gangamma Circle (Towards BEL Circle),13.05776,77.54635,,nan
Gangamma Circle,nan,GMGC2,35214,Gangamma Circle (Towards Gangamma Gudi),13.05663,77.54654,,nan
Gangamma Temple Maralawadi Road,nan,GTMR1,25313,Gangamma Temple Maralawadi Road (Towards Harohalli),12.63621,77.49902,,nan
Gangamma Temple Maralawadi Road,nan,GTMR1,32636,Gangamma Temple Maralawadi Road (Towards Maralawadi),12.6363,77.499,,nan
Gangappanahalli,nan,GGPH,21513,Gangappanahalli (Towards Tavarekere),12.95859,77.35133,,nan
Gangappanahalli,nan,GGPH,21514,Gangappanahalli (Towards Magadi),12.95841,77.35137,,nan
Gangappanahalli,nan,GGPH,25315,Gangappanahalli (Towards Magadi Road),12.95643,77.35382,,nan
Gangapura,nan,GGPR1,38153,Gangapura (Towards S L V Petrol Bunk),13.15294,77.60735,,nan
Gangapura,nan,GGPR1,38154,Gangapura (Towards M V I T Collage),13.153,77.6074,,nan
Gangasandra,nan,GNGS1,25317,Gangasandra (Towards Agara),12.84626,77.47073,,nan
Gangasandra,nan,GNGS1,32638,Gangasandra (Towards Gonipura),12.84622,77.47075,,nan
Gangavara,nan,GNVA,25319,Gangavara (Towards Budigere),13.15282,77.76343,,nan
Gangavara,nan,GNVA,32639,Gangavara (Towards Kammasandra),13.15284,77.76337,,nan
Gangenahalli,nan,GNG,35125,Gangenahalli (Towards Bellary Road),13.02337,77.58405,,nan
Gangenahalli,nan,GNGNHL1,25322,Gangenahalli (Towards Tavarakere),12.98339,77.39297,,nan
Gangenahalli,nan,GNH,32640,Gangenahalli (Towards RM Guttahalli),13.02261,77.58461,,nan
Gangenahalli,nan,GNH,35255,Gangenahalli (Towards Sanjay Nagara),13.02309,77.5841,,nan
Gangenahalli Cross,nan,GNGHC,25324,Gangenahalli Cross (Towards Tavarakere),12.97287,77.39994,,nan
Gangenahalli Cross,nan,GNGHC,32642,Gangenahalli Cross (Towards Sondekoppa),12.97277,77.3999,,nan
Gangenahalli Junction,nan,JOGNGH,30372,Gangenahalli Junction (Towards Karekal Cross),12.98348,77.38713,,nan
Gangenahalli Junction,nan,JOGNGH,33144,Gangenahalli Junction (Towards Gangenahalli),12.9835,77.38718,,nan
Gangondanahalli,nan,GGH8,25326,Gangondanahalli (Towards Magadi Road),13.02162,77.46776,,nan
Gangondanahalli,nan,GGH8,32643,Gangondanahalli (Towards Madanayakanahalli),13.02164,77.46773,,nan
Gangondanahalli  Cross (Vaikunta Bar),nan,VKTB,32644,Gangondanahalli  Cross (Vaikunta Bar) (Towards Kammasandra),13.029,77.46453,,nan
Gangondanahalli Cross 1(Vaikunta Bar),nan,VKTB,25328,Gangondanahalli Cross 1(Vaikunta Bar) (Towards Madanayakanahalli),13.02898,77.46448,,nan
Gangondanahalli Masjid,nan,GAGM,25329,Gangondanahalli Masjid (Towards Gangondanahalli Masjid),12.94965,77.52684,,nan
Gangothri Circle,nan,GNGTC,25330,Gangothri Circle (Towards BTM Layout 16th main),12.91965,77.61299,,nan
Gangothri Circle,nan,GNGTC,35288,Gangothri Circle (Towards Jai Bhima Nagara),12.91967,77.61291,,nan
Ganigarahalli,nan,GNGRH,21948,Ganigarahalli (Towards Chikkabanavara),13.08911,77.51,,nan
Ganigarahalli,nan,GNGRH,21949,Ganigarahalli (Towards Lakshmipura Cross),13.08919,77.5106,,nan
Ganigarapalya,nan,GGPL4,25332,Ganigarapalya (Towards Kengeri),12.87601,77.53311,,nan
Ganigarapalya,nan,GGPL4,32645,Ganigarapalya (Towards Raghuvanahalli Cross),12.87618,77.53297,,nan
Ganigarapalya Cross Yantaganahalli,nan,GNPLYH,25334,Ganigarapalya Cross Yantaganahalli (Towards Nelamangala),13.06567,77.35991,,nan
Ganjalahalli,nan,GJHLI,25336,Ganjalahalli (Towards Hoskote),13.15245,77.9018,,nan
Ganjalahalli,nan,GJHLI,32647,Ganjalahalli (Towards Shivanapura),13.15252,77.90179,,nan
Gantaganahalli,nan,GNTH,25340,Gantaganahalli (Towards NITTE Meenakshi College),13.14336,77.58862,,nan
Gantaganahalli,nan,GNTH1,32649,Gantaganahalli (Towards Nagenahalli),13.1433,77.58856,,nan
Gantakana Doddy Cross,nan,GTKDC,23607,Gantakana Doddy Cross (Towards Edumadu),12.74145,77.48836,,nan
Gantakana Doddy Cross,nan,GTKDC,23624,Gantakana Doddy Cross (Towards Ravagodlu Gate),12.74138,77.48822,,nan
Garden City College TC Palya,nan,GCC-1,25342,Garden City College TC Palya (Towards TC Palya),13.02432,77.70708,,nan
Garden City College TC Palya,nan,GCC-1,32650,Garden City College TC Palya (Towards Kittaganuru),13.02443,77.70712,,nan
Garments Factory Borugunte,nan,GRMFTY,21950,Garments Factory Borugunte (Towards Attibele),12.84531,77.78298,,nan
Garments Factory Borugunte,nan,GRMFTY,21951,Garments Factory Borugunte (Towards Sarjapura),12.84467,77.78306,,nan
Garuda Mall,nan,GM1,22697,Garuda Mall (Towards Hosmat Hospital   ),12.97026,77.61066,,nan
Garuda Mall,nan,GRDML,21952,Garuda Mall (Towards Life Style),12.96969,77.61042,,nan
Garuda Mall,nan,GRDML,25343,Garuda Mall (Towards Mayohall),12.96973,77.61052,,nan
Garudacharpalya,nan,GRDP,21953,Garudacharpalya (Towards Hope Farm),12.99403,77.70158,,nan
Garudacharpalya,nan,GRDP,21954,Garudacharpalya (Towards Kempegowda Bus Station),12.99388,77.70172,,nan
Garudappa Circle Thigalarapalya,nan,GRDPC,25345,Garudappa Circle Thigalarapalya (Towards Thigalarapalya),13.01568,77.48413,,nan
Garudappa Circle Thigalarapalya,nan,GRDPC,32651,Garudappa Circle Thigalarapalya (Towards Andrahalli),13.01572,77.48414,,nan
Garvebhavipalya,nan,GBPLYA,20783,Garvebhavipalya (Towards Kudlu Gate),12.8964,77.63566,,nan
Garvebhavipalya,nan,GBPLYA,20784,Garvebhavipalya (Towards Madivala),12.89609,77.63534,,nan
Gas Factory Kempalinganahalli,nan,GFT1,25347,Gas Factory Kempalinganahalli (Towards Nelamangala),13.09251,77.36398,,nan
Gas Factory Kempalinganahalli,nan,GFT1,32652,Gas Factory Kempalinganahalli (Towards Hanumanthegowdanapalya),13.09248,77.36402,,nan
Gattahalli,nan,GHTL,25349,Gattahalli (Towards Gattahalli),12.86832,77.70359,,nan
Gattigerepalya,nan,GGP3,25351,Gattigerepalya (Towards Kengeri),12.88362,77.50217,,nan
Gattigerepalya,nan,GGP3,32654,Gattigerepalya (Towards Raghuvanahalli Cross),12.88371,77.50224,,nan
Gavi Gangadareshwara Temple,nan,GGVT,23745,Gavi Gangadareshwara Temple (Towards Kempegowda Swimming Pool),12.94898,77.5625,,nan
Gavi Gangadareshwara Temple,nan,GGVT,23763,Gavi Gangadareshwara Temple (Towards Ramakrishna Ashrama),12.94915,77.56258,,nan
Gavinagamangala Gate,nan,GVMGT,32655,Gavinagamangala Gate (Towards Savandurga),12.93611,77.24346,,nan
Gavinagamangala Gate,nan,GVMGT,35841,Gavinagamangala Gate (Towards Magadi),12.93605,77.2435,,nan
Gaviyanapalya,nan,GVP1,25355,Gaviyanapalya (Towards Gangasandra),12.84115,77.46999,,nan
Gaviyanapalya,nan,GVP1,32656,Gaviyanapalya (Towards Gaviyanapalya),12.84097,77.46995,,nan
Gaviyappa Thimayya Layout,nan,GTLO,25357,Gaviyappa Thimayya Layout (Towards AGS Layout Arehalli),12.91383,77.53175,,nan
Gaviyappa Thimayya Layout,nan,GTLO,32657,Gaviyappa Thimayya Layout (Towards Last Bus Stop),12.91385,77.5317,,nan
Gayathri Nagara,nan,GYTN,25360,Gayathri Nagara (Towards Malleshwaram Circle),12.99824,77.55996,,nan
Gayathri Nagara,nan,GYTN,32658,Gayathri Nagara (Towards Subramanyapura),12.99828,77.55991,,nan
Gayathri Nagara Cross,nan,GNGCR12,25362,Gayathri Nagara Cross (Towards Tavarakere),13.01495,77.38348,,nan
Gayathri Nagara Cross,nan,GNGCR12,32659,Gayathri Nagara Cross (Towards Sondekoppa),13.01481,77.38346,,nan
Gear School,nan,GSS1,25366,Gear School (Towards Devara Bisanahalli),12.91834,77.69757,,nan
Gear School,nan,GSS1,32661,Gear School (Towards Dodda Kannalli),12.91838,77.69758,,nan
Geddalahalli,nan,GDH1,20786,Geddalahalli (Towards Nagashetty halli),13.0308,77.5775,,nan
Geddalahalli,nan,GDH1,25367,Geddalahalli (Towards Ashwathnagara),13.03085,77.57753,,nan
Geddalahalli,nan,GDLH,21955,Geddalahalli (Towards Byrathi Bande),13.0484,77.64532,,nan
Geddalahalli,nan,GDLH,21956,Geddalahalli (Towards Hennur Junction),13.04838,77.6454,,nan
Geddalapura,nan,GDPR3,25369,Geddalapura (Towards Devanagundi),12.9956,77.84059,,nan
Geddalapura,nan,GDPR3,32662,Geddalapura (Towards Makanahalli),12.99577,77.84056,,nan
Geetam University,nan,GTHC1,40456,Geetam University (Towards Devanahalli),13.28549,77.59654,,nan
Geetam University,nan,GTHC2,40457,Geetam University (Towards Doddaballapura),13.2851,77.59641,,nan
Geetanjali Layout,nan,GTNGNR,21959,Geetanjali Layout (Towards DRDO 2nd Stage),12.97692,77.65471,,nan
Geetanjali Layout,nan,GTNGNR,21960,Geetanjali Layout (Towards BEML Factory),12.97691,77.65482,,nan
Gejjagadahalli Cross,nan,GEJJHC,25371,Gejjagadahalli Cross (Towards Kadanuru Hand Post),13.2359,77.49757,,nan
Gejjagadahalli Cross,nan,GEJJHC,32663,Gejjagadahalli Cross (Towards Gowdahalli),13.23601,77.49775,,nan
Gejjagalpalya,nan,GJLP1,25373,Gejjagalpalya (Towards Mahadevapura),13.03034,77.31326,,nan
Gejjagalpalya,nan,GJLP1,32664,Gejjagalpalya (Towards Motaganahalli),13.03035,77.31333,,nan
Gejjigadahalli,nan,GJH,25375,Gejjigadahalli (Towards Gejjagadahalli),13.06085,77.42893,,nan
Gejjigadahalli,nan,GJH,32665,Gejjigadahalli (Towards Arishinakunte),13.06073,77.42887,,nan
Gejjigadahalli Colony,nan,GGDHC,25377,Gejjigadahalli Colony (Towards Arishinakunte),13.0653,77.4304,,nan
Gejjigadahalli Colony,nan,GGDHC,32666,Gejjigadahalli Colony (Towards Gejjigadahalli),13.06533,77.43045,,nan
Geleyara Balaga Extension Rajajinagara,nan,GBE,25379,Geleyara Balaga Extension Rajajinagara (Towards Rajajinagara 1st Block),13.00592,77.54107,,nan
Geleyara Balaga Extension Rajajinagara,nan,GBE,32667,Geleyara Balaga Extension Rajajinagara (Towards Geleyara Balaga Extension Rajajinagara),13.00595,77.54112,,nan
Geleyara Balaga Layout,nan,GBLO,25381,Geleyara Balaga Layout (Towards Geleyara Balaga Layout),13.07127,77.50582,,nan
Geleyara Balaga Layout,nan,GBLO,32668,Geleyara Balaga Layout (Towards Bagalagunte),13.0712,77.50585,,nan
Genius Global School Kodathi,nan,GGSK,25382,Genius Global School Kodathi (Towards Dommasandra),12.87841,77.7167,,nan
Gerahalli,nan,GRHL1,25385,Gerahalli (Towards Sondekoppa),13.03727,77.39064,,nan
Gerahalli,nan,GRHL1,32669,Gerahalli (Towards Nelamangala),13.03726,77.3906,,nan
Gerupalya,nan,GERPL,25386,Gerupalya (Towards Subbarayappanapalya Cross ),12.88767,77.4443,,nan
Gerupalya,nan,GRPLY1,39266,Gerupalya (Towards Ramohalli Gate),12.88772,77.44431,,nan
Gerupura,nan,GRP,25388,Gerupura (Towards Hoskote),13.07587,77.92765,,nan
Gerupura,nan,GRP,32670,Gerupura (Towards Umalu),13.07597,77.92763,,nan
Ghati Subramanya,nan,GHTSBRN,25392,Ghati Subramanya (Towards Doddaballapura),13.40793,77.52871,,nan
Ghati Subramanya,nan,GSTPL,32672,Ghati Subramanya (Towards Last Stop),13.40789,77.52866,,nan
Gidadakonenahalli,nan,GKNH,25395,Gidadakonenahalli (Towards Byadarahalli),12.97371,77.48918,,nan
Gidadakonenahalli,nan,GKNH,32673,Gidadakonenahalli (Towards Gidadakonenahalli),12.97373,77.48929,,nan
Gidadakonenahalli Cross,nan,GKH1,25397,Gidadakonenahalli Cross (Towards Byadarahalli),12.97458,77.48783,,nan
Gidadakonenahalli Cross,nan,GKH1,32674,Gidadakonenahalli Cross (Towards ITI Layout),12.97459,77.48788,,nan
Gidadapalya,nan,GDPB1,32675,Gidadapalya (Towards Gidadapalya),12.96024,77.43733,,nan
Gidaveerasagara,nan,GDVRSR,32677,Gidaveerasagara (Towards Last Stop),13.21646,77.2036,,nan
Giddappanahalli,nan,GDPH2,25407,Giddappanahalli (Towards Nagarenahalli),13.1746,77.8166,,nan
Giddappanahalli,nan,GDPH2,32679,Giddappanahalli (Towards Sulibele),13.1746,77.81654,,nan
Giddenahalli,nan,GDHL0,32680,Giddenahalli (Towards Honaganahatti),12.99235,77.42036,,nan
Giddenahalli,nan,GDHL0,32681,Giddenahalli (Towards Kadabagere Cross),12.9924,77.42033,,nan
Giddenahalli,nan,GIDNLI,25411,Giddenahalli (Towards Vivekananda Yoga Gobal),12.75691,77.62458,,nan
Giddenahalli,nan,GIDNLI,32682,Giddenahalli (Towards Kallabala),12.75697,77.62478,,nan
Giddenahalli Prashanti Kuteera,nan,GDNPK,39640,Giddenahalli Prashanti Kuteera (Towards Giddenahalli),12.75738,77.62482,,nan
Girigowdana Doddy,nan,GRGD,23513,Girigowdana Doddy (Towards Shri Rama Temple),12.74596,77.5234,,nan
Girigowdana Doddy,nan,GRGD,23514,Girigowdana Doddy (Towards Mukkodlu),12.74611,77.52336,,nan
Girigowdana Doddy Colony,nan,GTGHL,32683,Girigowdana Doddy Colony (Towards Girigowdana Doddy),12.74742,77.52342,,nan
Girigowdana Doddy Cross,nan,GRDCR,23512,Girigowdana Doddy Cross (Towards Rayara Doddy),12.76879,77.50956,,nan
Girigowdana Doddy Cross,nan,GRDCR,23515,Girigowdana Doddy Cross (Towards Somanahalli),12.76868,77.5092,,nan
Girinagara 2nd Stage,nan,GRNCR,25415,Girinagara 2nd Stage (Towards Nagendra Block),12.94081,77.54524,,nan
Girinagara 2nd Stage,nan,GRNCR,32684,Girinagara 2nd Stage (Towards Girinagara 2nd Stage),12.94091,77.54535,,nan
Girinagara Cross,nan,GNE,21961,Girinagara Cross (Towards Girinagara‌ 2nd Stage),12.94315,77.54515,,nan
Girinagara Cross,nan,GNE,21962,Girinagara Cross (Towards Nagendra Block),12.94322,77.54497,,nan
Girinagara Extension,nan,GRIEXT36,25417,Girinagara Extension (Towards Hosakerahalli),12.94102,77.53951,,nan
Girinagara Extension,nan,GRIEXT36,32685,Girinagara Extension (Towards Nirmala Store),12.94112,77.53938,,nan
Girinagara Extension,nan,GRIEXT36,39841,Girinagara Extension (Towards Last Stop),12.94103,77.53879,,nan
Giriyamma Circle,nan,GCSRD,25420,Giriyamma Circle (Towards Sulibele),13.24454,77.71378,,nan
Giriyamma Circle,nan,GCSRD,32686,Giriyamma Circle (Towards Rayasandra Gate Budigere),13.24459,77.71329,,nan
Giriyamma Circle,nan,GCSRD,32687,Giriyamma Circle (Towards Devanahalli),13.24475,77.71315,,nan
Giriyappanapalya,nan,GRP1,25422,Giriyappanapalya (Towards Giriyappanapalya),12.88091,77.40082,,nan
Giriyappanapalya,nan,GRP1,32688,Giriyappanapalya (Towards Koluru),12.881,77.4009,,nan
Giriyappanapalya Cross,nan,GRPC,25424,Giriyappanapalya Cross (Towards Giriyappanapalya),12.88007,77.40384,,nan
Giriyappanapalya Cross,nan,GRPC,32689,Giriyappanapalya Cross (Towards Koluru),12.88013,77.40381,,nan
Glass Factory,nan,FLSF,21963,Glass Factory (Towards Coles Park),13.03429,77.62277,,nan
Glass Factory,nan,FLSF,21966,Glass Factory (Towards Nagavara),13.03422,77.62263,,nan
Glass Factory,nan,GLF,21964,Glass Factory (Towards Jambusavari Dinne),12.87655,77.56693,,nan
Glass Factory,nan,GLF,21965,Glass Factory (Towards Konanakunte Cross),12.87649,77.56685,,nan
Glass House Halage Vaderahalli,nan,GLHS,25437,Glass House Halage Vaderahalli (Towards Ganakal),12.90704,77.51221,,nan
Glass House Halage Vaderahalli,nan,GLHS,35827,Glass House Halage Vaderahalli (Towards RR Temple),12.90696,77.51211,,nan
Gnana Jyothi school,nan,JNJS,39026,Gnana Jyothi school (Towards Budigere),13.08455,77.73915,,nan
Gnana Jyothi school,nan,JNJS,39027,Gnana Jyothi school (Towards Budigere Cross),13.08458,77.73919,,nan
Goduru Cross,nan,GDR1,25445,Goduru Cross (Towards Thattekere),12.67202,77.53936,,nan
Goduru Cross,nan,GDR1,32700,Goduru Cross (Towards Konasadra),12.67197,77.5393,,nan
Gokare,nan,GKR,25446,Gokare (Towards Thammenahalli),13.24897,77.72681,,nan
Gokula,nan,GKL,21968,Gokula (Towards Mathikere),13.04152,77.55725,,nan
Gokula,nan,GKL1,21969,Gokula (Towards BEL Circle),13.04151,77.55722,,nan
Golf Club HAL,nan,GLFCB3,25450,Golf Club HAL (Towards HAL),12.95262,77.65253,,nan
Golf Club HAL,nan,GLFCB3,32702,Golf Club HAL (Towards Nagasandra),12.95262,77.65257,,nan
Gollahalli,nan,BNGRI,32706,Gollahalli (Towards Apco Factory),12.75354,77.45215,,nan
Gollahalli,nan,BNGRI,32707,Gollahalli (Towards Bannigiri),12.7535,77.45216,,nan
Gollahalli,nan,GHBS,32705,Gollahalli (Towards Aduru),12.74198,77.64604,,nan
Gollahalli,nan,GHBS,32709,Gollahalli (Towards Nosanoor Cross),12.74193,77.64603,,nan
Gollahalli,nan,GLDRT,32703,Gollahalli (Towards Railway Gollahalli),13.1437,77.41228,,nan
Gollahalli,nan,GLDRT,32704,Gollahalli (Towards Nelamangala),13.14371,77.41235,,nan
Gollahalli,nan,GLHLI,25458,Gollahalli (Towards Yarappanahalli),13.08368,77.67538,,nan
Gollahalli,nan,GLHLI,32708,Gollahalli (Towards Chikka Gubbi),13.08363,77.67538,,nan
Gollahalli,nan,GOLH2,38635,Gollahalli (Towards Are Binnamangalla),13.15159,77.72504,,nan
Gollahalli,nan,GOLH2,38636,Gollahalli (Towards Budigere),13.15159,77.72524,,nan
Gollahalli Cross,nan,GLHC,32710,Gollahalli Cross (Towards Budigere),13.15042,77.72844,,nan
Gollahalli Cross,nan,GLHC,32711,Gollahalli Cross (Towards Devanahalli),13.15037,77.72833,,nan
Gollahalli Cross,nan,GLHLC78,25463,Gollahalli Cross (Towards Veerasandra Village),12.82969,77.66876,,nan
Gollahalli Cross,nan,GLHLC78,32712,Gollahalli Cross (Towards New Town),12.83037,77.6641,,nan
Gollahalli Cross,nan,GLHLC78,32713,Gollahalli Cross (Towards Shikaripalya),12.82961,77.66867,,nan
Gollahalli Electronic City,nan,GLHLV1,25465,Gollahalli Electronic City (Towards Gollahalli Cross),12.83142,77.66906,,nan
Gollahalli Electronic City,nan,GLHLV1,32714,Gollahalli Electronic City (Towards Veerasandra),12.83145,77.66902,,nan
Gollarahatti,nan,GLH10,32716,Gollarahatti (Towards Ele Kodigehalli),12.98848,77.47248,,nan
Gollarahatti,nan,GLH10,39071,Gollarahatti (Towards Kachohalli),12.98889,77.47259,,nan
Gollarahatti,nan,GLH7,21515,Gollarahatti (Towards Sunkadakatte),12.98866,77.47275,,nan
Gollarahatti,nan,GLH7,21516,Gollarahatti (Towards Tavarakere),12.98913,77.47157,,nan
Gollarahatti Magadi,nan,GLRHT,25468,Gollarahatti Magadi (Towards Mathikere ),12.88033,77.19202,,nan
Gollarahatti Magadi,nan,GLRHT,32715,Gollarahatti Magadi (Towards Heligehalli Colony),12.88035,77.19187,,nan
Gollarapalya,nan,GLPL1,32718,Gollarapalya (Towards Kadumane Hotel),12.80143,77.42531,,nan
Gollarapalya,nan,GLPL1,32719,Gollarapalya (Towards Shyanumangala),12.80155,77.42521,,nan
Gollarapalya,nan,GOLLA,25472,Gollarapalya (Towards Thagachakuppe),12.97528,77.27937,,nan
Gollarapalya,nan,GOLLA,32717,Gollarapalya (Towards Belagumba),12.97536,77.2793,,nan
Gonighattapura,nan,GNTHGT,25474,Gonighattapura (Towards Gonighattapura),12.91374,77.7888,,nan
Gonighattapura Cross,nan,GNTHGT,25475,Gonighattapura Cross (Towards Bellikere),12.9128,77.79447,,nan
Gonighattapura Cross,nan,GNTHGT,32720,Gonighattapura Cross (Towards Kamanahalli),12.91281,77.79451,,nan
Gonipura,nan,GNPR1,25477,Gonipura (Towards K Gollahalli),12.8324,77.45105,,nan
Gonipura,nan,GNPR1,32721,Gonipura (Towards Thippuru),12.83243,77.45107,,nan
Good Earth Malhar,nan,STBCRCH,38997,Good Earth Malhar (Towards Last Stop),12.88563,77.46453,,nan
Good Earth Villas Cross,nan,GEVC,32722,Good Earth Villas Cross (Towards Provident Sunworth Appartment),12.89044,77.46681,,nan
Good Earth Villas Cross,nan,GEVCRS,25479,Good Earth Villas Cross (Towards Mysore Road),12.89036,77.46685,,nan
Good land Hostel,nan,BEHLMT,40477,Good land Hostel (Towards Maramma Temple),12.92084,77.50736,,nan
Gopal Estate,nan,GPLE,25486,Gopal Estate (Towards Uttari),12.818,77.48312,,nan
Gopal Estate,nan,GPLE,32724,Gopal Estate (Towards Thittahalli),12.81793,77.48314,,nan
Gopalapura,nan,GPL1,32726,Gopalapura (Towards Hesaraghatta),13.14126,77.4263,,nan
Gopalapura,nan,GPL1,32727,Gopalapura (Towards Railway Gollahalli),13.14123,77.42629,,nan
Gopalapura,nan,GPLPB,21971,Gopalapura (Towards Bagaluru),13.13289,77.68848,,nan
Gopalapura,nan,GPLPB,21972,Gopalapura (Towards Budigere),13.13294,77.68847,,nan
Gopalapura,nan,GPLPR1,25490,Gopalapura (Towards Sheshagiripura),12.87684,77.41654,,nan
Gopalapura,nan,GPLPR1,32725,Gopalapura (Towards CK Thandya),12.87689,77.41658,,nan
Gopalapura,nan,GPPRA,20788,Gopalapura (Towards Sujatha Theatre),12.98071,77.55798,,nan
Gopalapura,nan,GPPRA,35429,Gopalapura (Towards Vijayanagara),12.98067,77.55813,,nan
Gopasandra,nan,GOPSR,39540,Gopasandra (Towards Head Start School),12.84939,77.73777,,nan
Gopasandra,nan,GOPSR,39541,Gopasandra (Towards Bikkana Hosahalli),12.84942,77.73772,,nan
Gopasandra Cross,nan,GPRS,25496,Gopasandra Cross (Towards I Basapura),13.22838,77.81014,,nan
Gopasandra Cross,nan,GPRS,32731,Gopasandra Cross (Towards Sulibele),13.22841,77.81029,,nan
Gopasandra Gate,nan,GPSGTE,25499,Gopasandra Gate (Towards Gopasandra),12.85251,77.73,,nan
Gopasandra Gate,nan,GPSGTE,32732,Gopasandra Gate (Towards MuttaNalluru Cross),12.85241,77.72991,,nan
Gopasandra Gate,nan,GPSGTE,32733,Gopasandra Gate (Towards Head Start School),12.85252,77.72986,,nan
Goraguntepalya,nan,GGPL,20789,Goraguntepalya (Towards Yashwanthapura ),13.02835,77.54123,,nan
Goraguntepalya,nan,GGPL,20790,Goraguntepalya (Towards Jalahalli Cross),13.02895,77.5395,,nan
Goraguntepalya,nan,GGPLY,21517,Goraguntepalya (Towards BEL Circle),13.02951,77.54012,,nan
Goravanahalli,nan,GRH,25632,Goravanahalli (Towards Goravanahalli),12.97957,77.34428,,nan
Goravanahalli Cross,nan,GRVCROSS,25501,Goravanahalli Cross (Towards Karekallu Kunigal Cross),13.05624,77.35791,,nan
Goravanahalli Cross,nan,GRVCROSS,32734,Goravanahalli Cross (Towards Bombay Estate),13.05626,77.35794,,nan
Gorinabele,nan,GRB1,25505,Gorinabele (Towards Gorinabele),13.04204,77.36405,,nan
Gorinabele Cross,nan,CGRB,25507,Gorinabele Cross (Towards Bombay Estate),13.04427,77.35263,,nan
Gorinabele colony,nan,CGRB1,24719,Gorinabele colony (Towards Kondappanahalli),13.04269,77.36795,,nan
Goripalya,nan,JJRNAGRA,25508,Goripalya (Towards Jaga Jeevan Ram Nagara),12.96355,77.55783,,nan
Gorivegere Gate,nan,GVGT,21973,Gorivegere Gate (Towards Hoskote),13.04412,77.76033,,nan
Gorivegere Gate,nan,GVGT,21974,Gorivegere Gate (Towards Kadugodi Bus Station ),13.04398,77.76046,,nan
Gottigehalli,nan,GTHS,25512,Gottigehalli (Towards Mukkodlu),12.72084,77.52612,,nan
Gottigehalli,nan,GTHS,32738,Gottigehalli (Towards Innor Doddy),12.72095,77.52621,,nan
Gottigehalli Junction,nan,GTHJ,25515,Gottigehalli Junction (Towards Mukkodlu),12.72554,77.52946,,nan
Gottigehalli Junction,nan,GTHJ,32740,Gottigehalli Junction (Towards Gottigehalli),12.72555,77.52949,,nan
Gottigere,nan,GTR1,23359,Gottigere (Towards Anjanapura),12.85518,77.58868,,nan
Gottigere,nan,GTR2,23588,Gottigere (Towards Bannerughatta),12.85652,77.5889,,nan
Gottigere,nan,GTR2,23863,Gottigere (Towards Bangalore Dairy Circle),12.85619,77.58884,,nan
Gottigere,nan,GTR2,36775,Gottigere (Towards Himagiri),12.85751,77.58883,,nan
Gottigere,nan,GTR2,36776,Gottigere (Towards Depot-34),12.85741,77.58883,,nan
Gottigere Nice Road Junction,nan,GTJN,39093,Gottigere Nice Road Junction (Towards Basavanapura Gate),12.85092,77.58839,,nan
Gottigere Nice Road Junction,nan,GTNJ,38971,Gottigere Nice Road Junction (Towards Last Stop),12.85081,77.58818,,nan
Gottipura,nan,GTPR,25517,Gottipura (Towards Gottipura),13.1081,77.8501,,nan
Gottipura,nan,GTPR,32741,Gottipura (Towards Gottipura Gate),13.10757,77.84917,,nan
Gottipura Gate,nan,GTPR1,32743,Gottipura Gate (Towards Gottipura),13.09488,77.84646,,nan
Gottipura Gate,nan,GTPRGT,25520,Gottipura Gate (Towards Kolara),13.0948,77.84653,,nan
Gottipura Gate,nan,GTPRGT,32742,Gottipura Gate (Towards Hoskote),13.09467,77.8465,,nan
Govardhan Talkies,nan,GVDN2,20792,Govardhan Talkies (Towards Malleshwaram),13.01853,77.55339,,nan
Govardhan Talkies,nan,GVDN2,24360,Govardhan Talkies (Towards Navarang),13.01884,77.55339,,nan
Govardhan Talkies,nan,GVRDN,20791,Govardhan Talkies (Towards Jalahalli Cross),13.02,77.55274,,nan
Govardhan Talkies,nan,YPRSTN,20793,Govardhan Talkies (Towards Yashwanthapur),13.01781,77.55374,,nan
Government ITI College,nan,GVTITI,40408,Government ITI College (Towards Devanahalli),13.25978,77.73032,,nan
Government ITI College,nan,GVTITI,40409,Government ITI College (Towards Vijayapura),13.25981,77.73019,,nan
Govindapura,nan,GSF,25526,Govindapura (Towards Tennery Road),13.03304,77.61892,,nan
Govindapura,nan,GVNPCROSS,32744,Govindapura (Towards Govindapura Cross),13.11758,77.46134,,nan
Govindapura,nan,GVNPCROSS,32748,Govindapura (Towards Narasipura),13.11758,77.46148,,nan
Govindapura,nan,GVPR,32746,Govindapura (Towards Jadiganahalli),13.03128,77.85143,,nan
Govindapura Colony,nan,GPRC,25528,Govindapura Colony (Towards Hoskote),13.03063,77.85812,,nan
Govindapura Colony,nan,GPRC,32749,Govindapura Colony (Towards Kamarasanhalli),13.03063,77.85819,,nan
Govindapura Cross,nan,GVPC,21975,Govindapura Cross (Towards Coles Park),13.03249,77.62209,,nan
Govindapura Cross,nan,GVPC,21976,Govindapura Cross (Towards Nagavara Junction),13.03249,77.62197,,nan
Govindarajanagara,nan,GVDRN,21519,Govindarajanagara (Towards Vijayanagara),12.97561,77.53646,,nan
Govindarajanagara,nan,GVDRN,21977,Govindarajanagara (Towards Mudalapalya),12.97559,77.53666,,nan
Govt Film and Television Institute,nan,GFTI,36621,Govt Film and Television Institute (Towards Last Stop),13.16733,77.46514,,nan
Govt First Grade College Bidadi,nan,GFGCB,25532,Govt First Grade College Bidadi (Towards Bidadi),12.80684,77.38906,,nan
Govt First Grade College Bidadi,nan,GFGCB,32751,Govt First Grade College Bidadi (Towards Kethaganahalli),12.80685,77.38901,,nan
Govt Hospital Arakere,nan,GH2,23580,Govt Hospital Arakere (Towards Shanthiniketan Layout),12.88724,77.60321,,nan
Govt Hospital Arakere,nan,GH2,24237,Govt Hospital Arakere (Towards Arakere Gate),12.88719,77.60317,,nan
Govt Junior College Chikkaballapura,nan,GJC CKB1,38002,Govt Junior College Chikkaballapura (Towards Chikkaballapura ),13.42953,77.73056,,nan
Govt Junior College Chikkaballapura,nan,GJC CKB1,38003,Govt Junior College Chikkaballapura (Towards Venkatagiri kote),13.43,77.73072,,nan
Govt Primary School Bommasandra,nan,BMSA,38657,Govt Primary School Bommasandra (Towards Bommasandra),12.81707,77.69366,,nan
Govt Primary School Chikkabanavara,nan,GVTPSL CKB,39482,Govt Primary School Chikkabanavara (Towards Hesaraghatta),13.08603,77.49714,,nan
Govt Primary School Chikkabanavara,nan,GVTPSL CKB,39483,Govt Primary School Chikkabanavara (Towards Jalahalli Cross),13.08608,77.49713,,nan
Govt School Jakkur,nan,GSJR,25536,Govt School Jakkur (Towards Jakkur),13.07755,77.60617,,nan
Govt School Jakkur,nan,GSJR,32753,Govt School Jakkur (Towards GKVK),13.07758,77.6062,,nan
Govt School Thotada Guddadahalli,nan,GCTLG,20794,Govt School Thotada Guddadahalli (Towards Kuduregere Colony),13.07004,77.48688,,nan
Govt School Thotada Guddadahalli,nan,TGHGS1,20795,Govt School Thotada Guddadahalli (Towards Thammenahalli),13.07009,77.48689,,nan
Govt School Thotada Guddadahalli,nan,TGHGS1,39375,Govt School Thotada Guddadahalli (Towards Totadaguddadahalli),13.07004,77.48696,,nan
Govt School Yelahanka 4th Phase,nan,YLK4th,25538,Govt School Yelahanka 4th Phase (Towards Mother Dairy),13.10391,77.57407,,nan
Govt School Yelahanka 4th Phase,nan,YLK4th,32754,Govt School Yelahanka 4th Phase (Towards Yalahanka 5th Phase),13.10388,77.57422,,nan
Govt Soap Factory,nan,GVTSF1,20796,Govt Soap Factory (Towards Vijayanagara),13.01309,77.55438,,nan
Govt Soap Factory,nan,GVTSF1,20797,Govt Soap Factory (Towards Yashwanthapura ),13.01352,77.55385,,nan
Govt Soap Factory,nan,GVTSF1,23325,Govt Soap Factory (Towards Govardhan Talkies),13.01284,77.55373,,nan
Gowdahalli,nan,GDHL5,39706,Gowdahalli (Towards Dasanapura),13.04649,77.43629,,nan
Gowdahalli,nan,GDHLI,25542,Gowdahalli (Towards Kadanuru Hand Post),13.22729,77.52027,,nan
Gowdahalli,nan,GDHLI,32756,Gowdahalli (Towards Byrasandra Aralumallige),13.22736,77.52028,,nan
Gowdahalli,nan,GDHLI6,39707,Gowdahalli (Towards Kammasandra),13.04661,77.43633,,nan
Gowdahalli Colony,nan,GDHC1,25544,Gowdahalli Colony (Towards Shivanapura),13.05023,77.43302,,nan
Gowdahalli Colony,nan,GDHC1,32757,Gowdahalli Colony (Towards Tumkur Road),13.05021,77.43297,,nan
Gowdaiahanapalya,nan,GWDNPL,25547,Gowdaiahanapalya (Towards Sondekoppa),13.03248,77.35909,,nan
Gowdaiahanapalya,nan,GWDNPL,32758,Gowdaiahanapalya (Towards Manchenahalli),13.03243,77.35907,,nan
Gowdanapalya,nan,GWDP,21978,Gowdanapalya (Towards Kadirenahalli),12.91152,77.55591,,nan
Gowdanapalya,nan,GWDP,21979,Gowdanapalya (Towards Uttarahalli),12.91157,77.55608,,nan
Gowrava Bhovi Palya,nan,GVBPL1,25549,Gowrava Bhovi Palya (Towards Tavarakere),12.97381,77.38891,,nan
Gowrava Bhovi Palya,nan,GVBPL1,32759,Gowrava Bhovi Palya (Towards Laskhmipura),12.97382,77.38886,,nan
Gowrava Nagara,nan,GRN,23454,Gowrava Nagara (Towards Jambu Savari Dinne),12.88476,77.58266,,nan
Gowrava Nagara,nan,GRN,23472,Gowrava Nagara (Towards JP Nagara 15th Cross),12.88469,77.58264,,nan
Gowrenahalli,nan,GORNL,24093,Gowrenahalli (Towards Mutyalamadu Cross),12.72321,77.68125,,nan
Gowrenahalli,nan,GORNL,24216,Gowrenahalli (Towards Indlawadi Cross),12.72307,77.68131,,nan
Grandwell,nan,GND,25553,Grandwell (Towards Budigere Cross),13.06328,77.73988,,nan
Grandwell,nan,GND,32761,Grandwell (Towards Budigere),13.06317,77.73981,,nan
Graphite India,nan,GRPI,20802,Graphite India (Towards ITPL),12.97821,77.71135,,nan
Graphite India,nan,GRPI,20803,Graphite India (Towards Kundalahalli Colony),12.97705,77.71005,,nan
Graphite India,nan,GRPI,32762,Graphite India (Towards Bhoruka Steel ESI),12.97834,77.70947,,nan
Graphite Junction,nan,JNOFHO,39845,Graphite Junction (Towards Hoodi),12.98518,77.70816,,nan
Graphite Junction,nan,JOGPT,33145,Graphite Junction (Towards Garudacharapalya),12.98515,77.70805,,nan
Graphite Junction,nan,JOGPT,37222,Graphite Junction (Towards Maratahalli),12.98502,77.70833,,nan
Green Field,nan,GRNF,25556,Green Field (Towards Vijayapura Toll Gate),13.28208,77.81771,,nan
Green Wood High School,nan,GHHSCH,21980,Green Wood High School (Towards Sarjapura),12.90092,77.7479,,nan
Green Wood High School,nan,GHHSCH,21981,Green Wood High School (Towards Varthuru),12.90114,77.74775,,nan
Gruhalakshmi Layout,nan,GLLO,25559,Gruhalakshmi Layout (Towards Thigalarapalya),13.0299,77.50036,,nan
Gruhalakshmi Layout,nan,GLLO,32763,Gruhalakshmi Layout (Towards 8th Mile),13.02992,77.50026,,nan
Gruhalakshmi Layout Govt Urdu School,nan,GLUS,39649,Gruhalakshmi Layout Govt Urdu School (Towards Last Stop),12.87246,77.46214,,nan
Gubbalala,nan,GBLG3,32764,Gubbalala (Towards Gubbalala Gate),12.88561,77.54168,,nan
Gubbalala,nan,GBLG3,32765,Gubbalala (Towards Kengeri),12.88566,77.54177,,nan
Gubbalala Gate,nan,GULBG,21982,Gubbalala Gate (Towards Kaggalipura),12.88423,77.55153,,nan
Gubbalala Gate,nan,GULBG,21983,Gubbalala Gate (Towards Banashankari Bus Station),12.88431,77.55134,,nan
Gubbi Cross,nan,GBIC,21984,Gubbi Cross (Towards Byrathi Bande),13.06454,77.65167,,nan
Gubbi Cross,nan,GBIC,21985,Gubbi Cross (Towards Hennur),13.06462,77.6519,,nan
Gubbi Cross,nan,GBIC,32768,Gubbi Cross (Towards Bagaluru),13.0642,77.6519,,nan
Guddadahalli,nan,GUHL,20804,Guddadahalli (Towards Gopalapura),13.14132,77.46228,,nan
Guddadahalli,nan,GUHL,25570,Guddadahalli (Towards Hesaraghatta),13.14135,77.46225,,nan
Guddadahalli Dinne,nan,GDHN,25572,Guddadahalli Dinne (Towards Guddadahalli Dinne),12.83337,77.34547,,nan
Guddadahalli Dinne,nan,GDHN,32769,Guddadahalli Dinne (Towards Kaka Ramanahalli),12.83342,77.34538,,nan
Guddahalli,nan,KLMGL,32770,Guddahalli (Towards Savandurga),12.92823,77.25917,,nan
Guddahalli,nan,KLMGL,35843,Guddahalli (Towards Magadi),12.92818,77.25916,,nan
Guddahatti,nan,GDHTGT,25576,Guddahatti (Towards Guddatti Gate),12.80299,77.74261,,nan
Guddahatti,nan,GDHTGT,32771,Guddahatti (Towards Guddahatti),12.80313,77.74263,,nan
Guddahatti Gate,nan,GDHTGT,21986,Guddahatti Gate (Towards Attibele),12.78811,77.73702,,nan
Guddahatti Gate,nan,GDHTGT,21987,Guddahatti Gate (Towards Chandapura),12.78847,77.73576,,nan
Guddaiahnapalya,nan,BGPLC,25579,Guddaiahnapalya (Towards Chikkamaskal),12.92728,77.31849,,nan
Guddaiahnapalya 1,nan,BGPLC,31369,Guddaiahnapalya 1 (Towards Chikkamaskal),12.92732,77.31854,,nan
Gudde Devastana Kamalanagara,nan,KNGM,25581,Gudde Devastana Kamalanagara (Towards Shankar Mutt),12.99533,77.53324,,nan
Gudde Devastana Kamalanagara,nan,KNGM,32773,Gudde Devastana Kamalanagara (Towards Shankarnag Bus Stand),12.99527,77.53327,,nan
Guddegowdana Channohalli,nan,GGCH,25583,Guddegowdana Channohalli (Towards Byranayakanahalli),13.19452,77.35128,,nan
Guddegowdana Channohalli,nan,GGCH,32774,Guddegowdana Channohalli (Towards Isuvanahalli),13.19454,77.3512,,nan
Gudemaranahalli,nan,GDMRNH,39761,Gudemaranahalli (Towards Gudemaranahalli hand post),13.05155,77.26323,,nan
Gudemaranahalli,nan,GDMRNH,39762,Gudemaranahalli (Towards Motaganahalli),13.05132,77.26335,,nan
Gudemaranahalli Hand Post,nan,GDMRH1,25585,Gudemaranahalli Hand Post (Towards Lakkenahalli Cross),13.06399,77.26847,,nan
Gudemaranahalli Hand Post,nan,GDMRH1,32775,Gudemaranahalli Hand Post (Towards Solur),13.0636,77.26838,,nan
Gudipalya,nan,GDPLYUO,32776,Gudipalya (Towards Gudipalya),12.79345,77.48382,,nan
Gudipalya,nan,GDPLYUO,32778,Gudipalya (Towards Naganayakanahalli),12.79339,77.48377,,nan
Gudipalya,nan,GDPY1,25589,Gudipalya (Towards Sunkadakatte),12.97115,77.47899,,nan
Gudipalya,nan,GDPY1,32777,Gudipalya (Towards Hullalu),12.97123,77.47901,,nan
Gudipalya Cross,nan,GDPLYUO,25591,Gudipalya Cross (Towards Chudahalli),12.78846,77.48386,,nan
Gudipalya Cross,nan,GDPLYUO,32779,Gudipalya Cross (Towards Naganayakanahalli),12.78843,77.48383,,nan
Guduvanahalli Gate,nan,CKTMGLA1,24541,Guduvanahalli Gate (Towards Devanahalli),13.28067,77.76369,,nan
Guduvanahalli Gate,nan,CKTMGLA1,32288,Guduvanahalli Gate (Towards Vijayapura),13.28071,77.76365,,nan
Guestline Hotel,nan,GSTL,21992,Guestline Hotel (Towards Attibele),12.78673,77.7419,,nan
Guestline Hotel,nan,GSTL,21993,Guestline Hotel (Towards Chandapura),12.78658,77.74192,,nan
Gulaganjahalli,nan,GGHC,25597,Gulaganjahalli (Towards Tavarakere),12.93732,77.41876,,nan
Gulaganjahalli,nan,GGHC,32782,Gulaganjahalli (Towards Kengeri),12.93729,77.41883,,nan
Gulaganjahalli Cross,nan,GGHC,25599,Gulaganjahalli Cross (Towards Tavarakere),12.94142,77.42528,,nan
Gulaganjahalli Cross,nan,GGHC,32783,Gulaganjahalli Cross (Towards Sulikere),12.94152,77.42525,,nan
Gulakamale,nan,GLKML,21994,Gulakamale (Towards Nallakkana Doddy Cross),12.79765,77.52361,,nan
Gulakamale,nan,GLKML,21995,Gulakamale (Towards Kaggalipura),12.7976,77.52366,,nan
Gullahatti Kaval,nan,GLK1,21988,Gullahatti Kaval (Towards Guddahatti Kaval),12.72972,77.54704,,nan
Gullahatti Kaval,nan,GLK1,21989,Gullahatti Kaval (Towards Muninagara),12.72968,77.547,,nan
Gullakaipura,nan,GLKPR1,25606,Gullakaipura (Towards Muthsandra),12.93866,77.78159,,nan
Gullakaipura,nan,GLKPR1,32786,Gullakaipura (Towards Varthuru),12.9386,77.78171,,nan
Gunasheela Hospital,nan,GSLH,21996,Gunasheela Hospital (Towards South End Circle),12.94057,77.57646,,nan
Gundammanapalya,nan,GDMNC,25610,Gundammanapalya (Towards Mahadevapura),13.03019,77.32706,,nan
Gundammanapalya,nan,GDMNC,32788,Gundammanapalya (Towards Thore Hosapalya),13.03024,77.32709,,nan
Gundammanapalya Colony,nan,GDMNC,25612,Gundammanapalya Colony (Towards Mahadevapura),13.03086,77.32467,,nan
Gundammanapalya Colony,nan,GDMNC,32789,Gundammanapalya Colony (Towards Thore Hosapalya),13.03084,77.32472,,nan
Gundanjaneya Swamy Temple Ravagodlu,nan,GDAJYT,23928,Gundanjaneya Swamy Temple Ravagodlu (Towards Gundanjaneya Swamy Temple Last Stop),12.74957,77.51291,,nan
Gundappa Road,nan,NGSHL,29237,Gundappa Road (Towards Hebbala),13.04255,77.57325,,nan
Gundappa Road,nan,NGSHL,34057,Gundappa Road (Towards Sanjayanagara),13.04256,77.5733,,nan
Gundenahalli,nan,GDNH1,38579,Gundenahalli (Towards Dabaspet),13.19044,77.27926,,nan
Gundenahalli,nan,GDNH1,38580,Gundenahalli (Towards Nelamangala),13.19058,77.27939,,nan
Gundenahalli Cross,nan,GNDH1,25614,Gundenahalli Cross (Towards T Begur),13.20664,77.31593,,nan
Gundenahalli Cross,nan,GNDH1,32790,Gundenahalli Cross (Towards Thyamagondlu),13.2066,77.3159,,nan
Gundur,nan,GDOR,25616,Gundur (Towards Marasandra),13.08672,77.71505,,nan
Gundur,nan,GDOR,32791,Gundur (Towards Avalahalli),13.08676,77.71507,,nan
Gundur,nan,GNDR2,35364,Gundur (Towards Gundur),12.87694,77.83781,,nan
Gundur Colony,nan,GDOR,32792,Gundur Colony (Towards Gundur Colony),13.08506,77.70886,,nan
Gundur Colony,nan,GNDCY,25618,Gundur Colony (Towards Chikka Thirupathi),12.87507,77.84527,,nan
Gundur Colony,nan,GNDCY,35365,Gundur Colony (Towards Shivanapura),12.87506,77.84533,,nan
Gungarahalli,nan,GNGRHL21,25620,Gungarahalli (Towards Gungarahalli),12.82132,77.28782,,nan
Guni Agrahara,nan,GNARLY1,25622,Guni Agrahara (Towards Guni Agrahara),13.09354,77.52789,,nan
Guni Agrahara,nan,GNARLY1,32794,Guni Agrahara (Towards MS Palya),13.09357,77.52788,,nan
Gunjurpalya,nan,GNGPLY,25624,Gunjurpalya (Towards Panaturu),12.92213,77.71782,,nan
Gunjurpalya,nan,GNGPLY,32795,Gunjurpalya (Towards Ganjur),12.92244,77.71772,,nan
Gunjurpalya Gate,nan,GPLG,25626,Gunjurpalya Gate (Towards Chikka Bellanduru),12.91724,77.72546,,nan
Gunjurpalya Gate,nan,GPLG,32796,Gunjurpalya Gate (Towards Gunjuru),12.91726,77.72541,,nan
Gunjuru,nan,GNGR5,21997,Gunjuru (Towards Varthur Kodi),12.92142,77.73638,,nan
Gunjuru,nan,GNGR5,24872,Gunjuru (Towards Heggandahalli),12.92087,77.73643,,nan
Gunjuru,nan,GNGR5,24873,nan,12.92089,77.73638,,nan
Gunjuru,nan,GNGR5,32798,Gunjuru (Towards Dommasandra),12.92119,77.73642,,nan
Gurappanapalya,nan,GRPL,22745,Gurappanapalya (Towards Bannerughatta),12.91988,77.6002,,nan
Gurappanapalya,nan,GRPL,23874,Gurappanapalya (Towards Bengaluru Dairy Circl),12.9191,77.59999,,nan
Guravanahalli,nan,GRH,32800,Guravanahalli (Towards Nelamangala),13.05003,77.36186,,nan
Gurudwara,nan,GRD,25636,Gurudwara (Towards Shivaji Nagara),12.97604,77.62001,,nan
Gurudwara/Lido,nan,GRD,35306,Gurudwara/Lido (Towards Philiphs Millenium Halasuru),12.97506,77.6201,,nan
Gurukula School Tharahunase,nan,TAGR,25638,Gurukula School Tharahunase (Towards Bettahalasuru),13.17184,77.59894,,nan
Gurukula School Tharahunase,nan,TAGR,32802,Gurukula School Tharahunase (Towards Tharahunase),13.17175,77.5989,,nan
Guruvanahalli,nan,GRH,32799,Guruvanahalli (Towards Guravanahalli),13.0501,77.36184,,nan
Guttepalya,nan,GTPY,25644,Guttepalya (Towards Last Stop),12.792,77.52986,,nan
Guttepalya,nan,GTPY,32806,Guttepalya (Towards Tataguppe),12.79199,77.52991,,nan
Guttepalya,nan,Gttplya,32804,Guttepalya (Towards Kannamangala Gate),13.16721,77.41143,,nan
Guttepalya,nan,Gttplya,32805,Guttepalya (Towards Nelamangala),13.16705,77.41162,,nan
H Cross,nan,HC1,25646,H Cross (Towards Hosakote),13.24263,77.93033,,nan
H Cross,nan,HC1,32807,H Cross (Towards Thottibavi),13.24264,77.93031,,nan
H Gollahalli,nan,HGHC8,25648,H Gollahalli (Towards Karabele),12.87589,77.48006,,nan
H Gollahalli,nan,HGHC8,32808,H Gollahalli (Towards Kengeri),12.87591,77.48002,,nan
H Gollahalli Cross,nan,HGHC8,25650,H Gollahalli Cross (Towards Varahasandra),12.87793,77.48162,,nan
H Gollahalli Cross,nan,HGHC8,32809,H Gollahalli Cross (Towards Kengeri),12.87795,77.48156,,nan
H Krishnappa Layout,nan,HKRLY,25652,H Krishnappa Layout (Towards BEML Layout),12.92327,77.52981,,nan
H Krishnappa Layout,nan,KRSHL,32810,H Krishnappa Layout (Towards Hoskerehalli),12.9233,77.52969,,nan
HAL ARDC,nan,HARDC,36748,HAL ARDC (Towards Helicopter Division),12.96185,77.68527,,nan
HAL Admin Gate,nan,HALAMG,39489,HAL Admin Gate (Towards Marathahalli),12.95813,77.66949,,nan
HAL Admin Gate,nan,HALAMG,39490,HAL Admin Gate (Towards Domlur),12.95801,77.6693,,nan
HAL Gnanajyothi School,nan,HALGS1,25670,HAL Gnanajyothi School (Towards Last Bus Stop),12.96063,77.69327,,nan
HAL Kalyana Mantap,nan,HALPS1,22001,HAL Kalyana Mantap (Towards Varthuru),12.9546,77.68215,,nan
HAL Kalyana Mantap,nan,HALPS1,22002,HAL Kalyana Mantap (Towards Kempegowda Bus Station),12.95448,77.68225,,nan
HAL Main Gate,nan,HALMG,22003,HAL Main Gate (Towards Marathahalli Bridge),12.95821,77.66821,,nan
HAL Main Gate,nan,HALMG,22004,HAL Main Gate (Towards Murugeshpalya),12.95854,77.66505,,nan
HAL Main Gate,nan,HALMGT,25675,HAL Main Gate (Towards Old Airport Road),12.95862,77.6664,,nan
HAL Main Gate,nan,HALMGT,35189,HAL Main Gate (Towards NGEF),12.95852,77.66629,,nan
HAL Market/SBI Bank,nan,HALMG-1,38110,HAL Market/SBI Bank (Towards HAL),12.96036,77.66621,,nan
HAL New Public School,nan,HALS1,32819,HAL New Public School (Towards HAL New Public School Last Stop),12.95679,77.68215,,nan
HBR Layout,nan,HBR,20815,HBR Layout (Towards Tin Factory),13.03517,77.62857,,nan
HBR Layout,nan,HBR,20816,HBR Layout (Towards Hebbala),13.035,77.62849,,nan
HBR Layout 1st Stage,nan,HBR12,29395,HBR Layout 1st Stage (Towards Kacharakanahalli),13.02116,77.6263,,nan
HBR Layout 2nd Stage (1st Main),nan,HBRL,29399,HBR Layout 2nd Stage (1st Main) (Towards HBR Layout 2nd Stage),13.02881,77.61556,,nan
HBR Layout 2nd Stage (2nd Cross),nan,HBRL,35594,HBR Layout 2nd Stage (2nd Cross) (Towards HBR Layout BDA Park),13.02881,77.61553,,nan
HBR Layout 2nd Stage (2nd Cross),nan,HBRL2,29400,HBR Layout 2nd Stage (2nd Cross) (Towards BDA Park End),13.03172,77.61208,,nan
HBR Layout 2nd Stage (2nd Cross),nan,HBRL2,35593,HBR Layout 2nd Stage (2nd Cross) (Towards Dr Ambedkar Medical College),13.03165,77.61209,,nan
HBR Layout 4th Block,nan,HBRL4Th,29406,HBR Layout 4th Block (Towards Hennur Cross),13.03437,77.63268,,nan
HBR Layout 4th Block,nan,HBRL4Th,35587,HBR Layout 4th Block (Towards HBR Layout 5th Block),13.03435,77.63264,,nan
HBR Layout 5th Block,nan,HBRL5,35585,HBR Layout 5th Block (Towards HBR Layout 5th Block),13.03582,77.6315,,nan
HG Palya,nan,HGP7,25873,HG Palya (Towards T Begur),13.20808,77.31528,,nan
HG Palya,nan,HGP7,32916,HG Palya (Towards Thyamagondlu),13.20807,77.31523,,nan
HMT Auditorium,nan,HMTATM1,22703,HMT Auditorium (Towards BEL Circle),13.04918,77.54503,,nan
HMT Auditorium,nan,HMTATM1,22708,HMT Auditorium (Towards Jalahalli Cross),13.04921,77.54396,,nan
HMT Auditorium KIAS,nan,HMTATM,25892,HMT Auditorium KIAS (Towards SRS Peenya),13.04948,77.54279,,nan
HMT Auditorium KIAS,nan,HMTATM,32923,HMT Auditorium KIAS (Towards Kammagondanahalli),13.04964,77.54275,,nan
HMT Club House,nan,HMTH,22034,HMT Club House (Towards Gangamma Circle),13.05339,77.55072,,nan
HMT Club House,nan,HMTH,35215,HMT Club House (Towards BEL Circle),13.05344,77.55074,,nan
HMT Layout 8th Mile,nan,HMTLO1,25894,HMT Layout 8th Mile (Towards Nelagadaranahalli),13.03368,77.50415,,nan
HMT Layout 8th Mile,nan,HMTLO1,36387,HMT Layout 8th Mile (Towards 8th Mile Dasarahalli),13.03367,77.50411,,nan
HMT Layout R T Nagara,nan,HMTL,20835,HMT Layout R T Nagara (Towards Sultanpalya),13.0247,77.59473,,nan
HMT Layout R T Nagara,nan,HMTL1,20834,HMT Layout R T Nagara (Towards R T Nagara Police Station),13.02465,77.59481,,nan
HMT Post Office,nan,HMTPO,22702,HMT Post Office (Towards BEL Circle),13.05066,77.54157,,nan
HMT Post Office,nan,HMTPO,22709,HMT Post Office (Towards ISRO Quarters),13.05049,77.54109,,nan
HMT Siddarthanagara,nan,HMTSDHR,25900,HMT Siddarthanagara (Towards Shettyhalli Cross),13.0566,77.52237,,nan
HMT Siddarthanagara,nan,HMTSDHR,32926,HMT Siddarthanagara (Towards HMT SiddarthaNagara),13.05657,77.52234,,nan
HMT Watch Factory,nan,HWF,22700,HMT Watch Factory (Towards Shopping Complex HMT),13.05046,77.53521,,nan
HMT Watch Factory,nan,HWF,37125,HMT Watch Factory (Towards Jalahalli Cross),13.05037,77.53523,,nan
HP Petrol Bunk Haraluru Road,nan,HPPBK1,40485,HP Petrol Bunk Haraluru Road (Towards Haraluru),12.91473,77.66704,,nan
HP Petrol Bunk Haraluru Road,nan,HPPBK1,40486,HP Petrol Bunk Haraluru Road (Towards Sarjapura Road),12.91479,77.66702,,nan
HP Petrol Bunk Kakolu,nan,HPBK,39080,HP Petrol Bunk Kakolu (Towards Rajanukunte),13.17855,77.5211,,nan
HP Petrol Bunk Kakolu,nan,HPBK,39081,HP Petrol Bunk Kakolu (Towards Sonnenahalli),13.17851,77.52096,,nan
HRBR 1st Stage,nan,HRBR12,38615,HRBR 1st Stage (Towards Ganesh Mantapa),13.02217,77.64744,,nan
HRBR Layout 80 feet Road,nan,HRBR80ft1,29420,HRBR Layout 80 feet Road (Towards Ring Road),13.02095,77.64317,,nan
HRBR Layout 80 feet Road,nan,HRBR80ft1,35574,HRBR Layout 80 feet Road (Towards Ayyappa Temple),13.02035,77.64328,,nan
HRBR Layout Cross,nan,HBRC,26013,HRBR Layout Cross (Towards HRBR Layout 80ft Road),13.02382,77.64337,,nan
HRBR Layout Cross,nan,HBRC,32985,HRBR Layout Cross (Towards Kalyana Nagara),13.02386,77.64321,,nan
HSBC,nan,HSBC1,35120,HSBC (Towards Arakere Gate),12.89202,77.59882,,nan
HSBC,nan,HSBC1,35156,HSBC (Towards IIBM),12.89261,77.59876,,nan
HSBC,nan,HSBCBLKNH,26015,HSBC (Towards Bilekahalli),12.89269,77.5992,,nan
HSBC,nan,HSBCBLKNH,35309,HSBC (Towards Vijaya Bank Layout),12.89273,77.59915,,nan
HSR Lay Out Police Station,nan,HSRLPS1,26020,HSR Lay Out Police Station (Towards Agara HSR Layout 27th Main),12.92014,77.65158,,nan
HSR Layout 14th Main,nan,HSR 14,29381,HSR Layout 14th Main (Towards HSR Layout),12.91972,77.63844,,nan
HSR Layout 14th Main,nan,HSR 14,35422,HSR Layout 14th Main (Towards Jakkasandra),12.91966,77.63831,,nan
HSR Layout 14th Main,nan,HSR14,20569,HSR Layout 14th Main (Towards Central Central Silk Board),12.91619,77.63521,,nan
HSR Layout 22nd Cross (Parangipalya Cross),nan,PRAPC,24297,HSR Layout 22nd Cross (Parangipalya Cross) (Towards Agara Junction),12.90857,77.65163,,nan
HSR Layout 2nd Sector,nan,HSR2SCR1,22902,HSR Layout 2nd Sector (Towards Agara Junction),12.91219,77.64443,,nan
HSR Layout 2nd Sector,nan,HSR2SCR1,24051,HSR Layout 2nd Sector (Towards Parangipalya),12.91223,77.64475,,nan
HSR Layout Bescom Office,nan,PRPL,32986,HSR Layout Bescom Office (Towards Agara Junction),12.91194,77.64942,,nan
HSR Layout Bescom Office,nan,PRPL,35170,HSR Layout Bescom Office (Towards HSR Layout BDA Complex),12.9119,77.64952,,nan
HSR Layout KEB,nan,HSRKEB,26024,HSR Layout KEB (Towards SVR Junction),12.90361,77.64961,,nan
HSR Layout KEB,nan,HSRKEB,32987,HSR Layout KEB (Towards Parangipalya),12.90356,77.64963,,nan
HSR Layout Petrol Bunk,nan,HSR7CR,24279,HSR Layout Petrol Bunk (Towards Parangipalya),12.91976,77.65163,,nan
HSR Layout Petrol Bunk,nan,HSR7CR,24301,HSR Layout Petrol Bunk (Towards Kempegowda Bus Station),12.91964,77.65161,,nan
HSR Layout Police Station,nan,HSRLPS1,26025,HSR Layout Police Station (Towards CPWD Quarters HSR Layout),12.92025,77.65161,,nan
Hadohalli,nan,HDNHL1,25655,Hadohalli (Towards Doddaballapura),13.36837,77.54401,,nan
Hadohalli,nan,HDNHL1,32811,Hadohalli (Towards Ghati Subramanya),13.36835,77.54398,,nan
Hadosiddapura,nan,HDS,25653,Hadosiddapura (Towards HadoSiddapura),12.89493,77.70109,,nan
Hadripura,nan,HDP1,25657,Hadripura (Towards Hadripura),13.2592,77.44267,,nan
Hagaduru,nan,HGDR1,23558,Hagaduru (Towards Nagondanahalli),12.96581,77.75681,,nan
Hagalahalli,nan,HGLH1,32812,Hagalahalli (Towards Manchanabele),12.84908,77.33047,,nan
Hagalahalli,nan,HGLH1,35858,Hagalahalli (Towards Rampura),12.84916,77.33052,,nan
Hakki Pikki Colony,nan,HKPKC7,38504,Hakki Pikki Colony (Towards Channenahalli),12.95424,77.43276,,nan
Hakki Pikki Colony,nan,HPC,32813,Hakki Pikki Colony (Towards Hakki Pikki Colony),12.84578,77.40004,,nan
Hakki Pikki Colony Bannerughatta,nan,HKPK,25662,Hakki Pikki Colony Bannerughatta (Towards Hakki Pikki Colony Bannerughatta),12.79826,77.55819,,nan
Hakki Pikki Colony Cross,nan,HKPKCR2,32814,Hakki Pikki Colony Cross (Towards Bannerughatta),12.80245,77.55883,,nan
Hakki Pikki Colony Cross,nan,HKPKCR2,32815,Hakki Pikki Colony Cross (Towards Kaggalipura),12.80242,77.55888,,nan
Hakki Pikki Colony Cross,nan,HPCC,25666,Hakki Pikki Colony Cross (Towards Wonder La),12.83926,77.39814,,nan
Hakki Pikki Colony Cross,nan,HPCC,32816,Hakki Pikki Colony Cross (Towards Thimmappanapalya),12.83922,77.39814,,nan
Hakki Pikki Colony Cross,nan,WNDRLP1,26353,Hakki Pikki Colony Cross (Towards Hakki Pikki colony),12.83825,77.40277,,nan
Hakkinalu,nan,HKNL,39759,Hakkinalu (Towards Motaganahalli),13.03865,77.27617,,nan
Hakkinalu,nan,HKNL,39760,Hakkinalu (Towards Gudemaranahalli),13.03856,77.27621,,nan
Hakkipikki Colony Cross,nan,WNDRLP1,31419,Hakkipikki Colony Cross (Towards Hakki Pikki Colony),12.83823,77.40283,,nan
Halage Vaderahalli,nan,HVH1,25679,Halage Vaderahalli (Towards BHEL Layout),12.92018,77.51404,,nan
Halage Vaderahalli,nan,HVH1,32820,Halage Vaderahalli (Towards Halage Vaderahalli),12.92014,77.51394,,nan
Halanayakanahalli,nan,HYNKH,25683,Halanayakanahalli (Towards Kodandarama Nagara),12.90147,77.6883,,nan
Halanayakanahalli,nan,HYNKH,32822,Halanayakanahalli (Towards Junnasandra Gate),12.90152,77.68829,,nan
Halappanahalli,nan,ALPH,25685,Halappanahalli (Towards Hoskote),13.10207,77.7779,,nan
Halappanahalli,nan,ALPH,32823,Halappanahalli (Towards Lakkondahalli),13.10202,77.77787,,nan
Halasahalli,nan,HLS3,25690,Halasahalli (Towards Varthuru),12.92416,77.76232,,nan
Halasahalli,nan,HLS3,32825,Halasahalli (Towards Gunjuru),12.92418,77.76236,,nan
Halasahalli,nan,HLSH1,32826,Halasahalli (Towards Hoskote),13.09339,77.83557,,nan
Halasahalli,nan,HLSH1,32827,Halasahalli (Towards LB Dasarahalli),13.09344,77.83551,,nan
Halasahalli Cross,nan,HLSHCR,25692,Halasahalli Cross (Towards Kolara),13.09001,77.83611,,nan
Halasahalli Cross,nan,HLSHCR,32828,Halasahalli Cross (Towards Hoskote),13.08981,77.83619,,nan
Halasahalli Cross,nan,HLSI1,35064,Halasahalli Cross (Towards Janthagondanahalli),12.93294,77.75824,,nan
Halasahalli Cross,nan,HLSI1,35332,Halasahalli Cross (Towards Varthuru),12.93289,77.75826,,nan
Halasuru,nan,HLS-1,20806,Halasuru (Towards Kempegowda Bus Station),12.97793,77.6283,,nan
Halasuru,nan,HLS-1,22005,Halasuru (Towards Indira Nagara),12.97859,77.62923,,nan
Halasuru,nan,HLS1,20805,Halasuru (Towards Hoskote),12.97949,77.62949,,nan
Halasuru Police Station,nan,HLSPS,20807,Halasuru Police Station (Towards Kempegowda Bus Station),12.97515,77.62564,,nan
Halasuru Police Station,nan,HLSPS,22006,Halasuru Police Station (Towards Halasuru),12.97516,77.62544,,nan
Halasuru Police Station,nan,HLSPS,39475,Halasuru Police Station (Towards Cambridge Road/ KBS),12.97492,77.62533,,nan
Haldenahalli,nan,HLDHI,25697,Haldenahalli (Towards Anekal),12.72046,77.71366,,nan
Haldenahalli,nan,HLDHI,32831,Haldenahalli (Towards Attibele),12.72049,77.71359,,nan
Hale Chandapura,nan,CHNDPR,22007,Hale Chandapura (Towards Attibele),12.80182,77.71151,,nan
Hale Chandapura,nan,CHNDPR,22008,Hale Chandapura (Towards Chandapura),12.80167,77.71143,,nan
Hale Ooru,nan,HLR,25699,Hale Ooru (Towards Shettyhalli (Anekal Road)),12.76044,77.72307,,nan
Hale Ooru,nan,HLR,32832,Hale Ooru (Towards Marasur),12.76049,77.72209,,nan
Halehalli,nan,HLNH,25701,Halehalli (Towards Mayasandra Gate),12.73816,77.75177,,nan
Halehalli,nan,HLNH,32833,Halehalli (Towards Halehalli Cross),12.73817,77.75207,,nan
Halehalli Cross,nan,HLHLII,25703,Halehalli Cross (Towards Halehalli),12.73092,77.75603,,nan
Halehalli Cross,nan,HLHLII,32834,Halehalli Cross (Towards Muneshwara Temple),12.73095,77.75625,,nan
Halenahalli Purushanahalli,nan,HLHP1,25705,Halenahalli Purushanahalli (Towards Guttepalya),13.22323,77.39621,,nan
Halenahalli Purushanahalli,nan,HLHP1,32835,Halenahalli Purushanahalli (Towards Purushanahalli),13.22327,77.39604,,nan
Haleyur,nan,HLUR2,38712,Haleyur (Towards Nandagudi),13.20408,77.88961,,nan
Haleyur,nan,HLUR2,38713,Haleyur (Towards Cheemasandra),13.20404,77.88953,,nan
Haleyuru,nan,HLYR3,38395,Haleyuru (Towards Last Stop),13.263,77.76564,,nan
Halubhavipalya,nan,HLBPL,25711,Halubhavipalya (Towards Gulaganjhalli),12.94206,77.41613,,nan
Halubhavipalya,nan,HLBPL,35706,Halubhavipalya (Towards Tavarakere),12.94201,77.41604,,nan
Hampapura,nan,HMPCC1,25713,Hampapura (Towards Wonder La Gate),12.8307,77.42882,,nan
Hampapura,nan,HMPCC1,32838,Hampapura (Towards Tataguppe),12.83068,77.42887,,nan
Hampapura Colony Cross,nan,HMPCC1,25716,Hampapura Colony Cross (Towards Hampapura),12.83197,77.42294,,nan
Hampapura Colony Cross,nan,HMPCC1,32839,Hampapura Colony Cross (Towards Hampapura Colony),12.83194,77.42299,,nan
Hampi Nagara 7th Main,nan,HMP7M,22009,Hampi Nagara 7th Main (Towards RPC Layout),12.96211,77.53758,,nan
Hampi Nagara 7th Main,nan,HMP7M,22010,Hampi Nagara 7th Main (Towards Hampi Nagara Post Office),12.96203,77.53751,,nan
Hampi Nagara Post Office,nan,HPSPO,22011,Hampi Nagara Post Office (Towards Vijayanagara Pipeline),12.96522,77.53802,,nan
Hampi Nagara Post Office,nan,HPSPO,22012,Hampi Nagara Post Office (Towards Vijayanagara),12.96514,77.53811,,nan
Hampinagara RPC Layout,nan,HPN,22013,Hampinagara RPC Layout (Towards Hampinagara RPC Layout),12.95872,77.53575,,nan
Hamsa Farm,nan,HMSF1,21521,Hamsa Farm (Towards Sunkadakatte),12.98175,77.43952,,nan
Hamsa Farm,nan,HMSF1,21526,Hamsa Farm (Towards Tavarakere),12.9817,77.4397,,nan
Hancharahalli,nan,HCH-3,25718,Hancharahalli (Towards Hancharahalli),13.09366,77.75053,,nan
Hancharahalli Circle,nan,HCHG-2,32840,Hancharahalli Circle (Towards Hancharahalli Gate),13.091,77.74932,,nan
Hancharahalli Gate,nan,HNCG,25722,Hancharahalli Gate (Towards Budigere Cross),13.09183,77.74168,,nan
Hancharahalli Gate,nan,HNCG,32841,Hancharahalli Gate (Towards Budigere),13.09178,77.74163,,nan
Hanchipura,nan,HCP1,25724,Hanchipura (Towards Hanchipura),13.06731,77.37219,,nan
Handarahalli,nan,HDH-1,25726,Handarahalli (Towards Handarahalli Gate),13.12139,77.75078,,nan
Handarahalli,nan,HDH-1,32843,Handarahalli (Towards Hoskote),13.12143,77.75083,,nan
Handenahalli,nan,HNDH1,25732,Handenahalli (Towards Narayanakere),12.95841,77.84709,,nan
Handenahalli,nan,HNDH1,32846,Handenahalli (Towards D Hosahalli),12.9584,77.84704,,nan
Handenahalli Attibele,nan,HNDL,25734,Handenahalli Attibele (Towards Handenahalli Attibele),12.82534,77.76604,,nan
Handenahalli Attibele,nan,HNDL,32847,Handenahalli Attibele (Towards Sollepura),12.82542,77.76617,,nan
Handigutte,nan,HNDGT,25736,Handigutte (Towards Nelamangala),12.98692,77.34782,,nan
Handigutte,nan,HNDGT,32848,Handigutte (Towards Goravanahalli),12.98698,77.34792,,nan
Hangarahalli,nan,HGRL,25738,Hangarahalli (Towards Heggadagere),12.76388,77.38362,,nan
Haniyuru,nan,HY1,25742,Haniyuru (Towards Gowdahalli),13.21314,77.51484,,nan
Haniyuru,nan,HY1,32851,Haniyuru (Towards Challahalli),13.21319,77.51475,,nan
Hanuman Temple Beguru,nan,HNMNT,23994,Hanuman Temple Beguru (Towards NICE Road),12.87289,77.62476,,nan
Hanuman Temple Beguru,nan,HNMNT,24159,Hanuman Temple Beguru (Towards Beguru),12.87284,77.62465,,nan
Hanumanthanagara Ward Office,nan,HNTMWRD,20808,Hanumanthanagara Ward Office (Towards Srinagara),12.94339,77.56602,,nan
Hanumanthegowdanapalya,nan,HGP1,25747,Hanumanthegowdanapalya (Towards Nelamangala),13.09343,77.34389,,nan
Hanumanthegowdanapalya,nan,HGP1,32854,Hanumanthegowdanapalya (Towards Thore Byrasandra),13.09337,77.34393,,nan
Happy Big Bazar,nan,HPBZ3,40492,Happy Big Bazar (Towards Hosa Road),12.88081,77.65516,,nan
Happy Big Bazar,nan,HPBZ3,40493,Happy Big Bazar (Towards Haraluru),12.88106,77.65517,,nan
Haragadde,nan,HRGD,24089,Haragadde (Towards Kumbarahalli),12.76507,77.65365,,nan
Haragadde,nan,HRGD,24221,Haragadde (Towards Madapatna),12.76503,77.65364,,nan
Haragadde Cross,nan,HRAC,25750,Haragadde Cross (Towards Dyavasandra),12.7643,77.65404,,nan
Haragadde Cross,nan,HRAC,25751,Haragadde Cross (Towards Haragadde),12.76432,77.65403,,nan
Haragadde Govt School,nan,HRG GOVT S,40008,Haragadde Govt School (Towards Nayanahalli Cross),12.76059,77.65538,,nan
Haragadde Govt School,nan,HRG GOVT S,40009,Haragadde Govt School (Towards Anugraha Green Villa),12.76076,77.65547,,nan
Haralur Junction,nan,HRLRj1,25753,Haralur Junction (Towards Somasundarapalya),12.89815,77.65828,,nan
Haralur Junction,nan,HRLRj1,32856,Haralur Junction (Towards Hosa Road),12.89818,77.65834,,nan
Haraluru,nan,HLR2,32858,Haraluru (Towards Haraluru Gate),13.0655,77.83827,,nan
Haraluru,nan,HRLU,25756,Haraluru (Towards Kudlu),12.90146,77.66041,,nan
Haraluru,nan,HRLUS,32857,Haraluru (Towards Ring Road),12.90149,77.66039,,nan
Haraluru Cross,nan,HRLU1,25758,Haraluru Cross (Towards Agara Junction),12.91863,77.66866,,nan
Haraluru Cross,nan,HRLU1,32859,Haraluru Cross (Towards Haraluru Village),12.91861,77.66876,,nan
Haraluru Gate,nan,HLRG,25762,Haraluru Gate (Towards Kattigenahalli Gate),13.05805,77.8365,,nan
Haraluru Gate,nan,HLRG,32862,Haraluru Gate (Towards Hoskote),13.05792,77.83644,,nan
Haraluru Gate,nan,HLTGTE,32860,Haraluru Gate (Towards Channenahalli Gate),13.21912,77.75196,,nan
Haraluru Gate,nan,HLTGTE,32861,Haraluru Gate (Towards Devanahalli),13.2188,77.75166,,nan
Harapanahalli,nan,HARPLIC,35085,Harapanahalli (Towards Jigani),12.79197,77.62352,,nan
Harapanahalli,nan,HARPLIC,35300,Harapanahalli (Towards Bannerughatta Circle),12.79187,77.62342,,nan
Harapanahalli Village,nan,HRPHV,25764,Harapanahalli Village (Towards Bukkasagara),12.79075,77.62223,,nan
Harapanahalli Village,nan,HRPHV,35766,Harapanahalli Village (Towards Harapanahalli),12.79074,77.62218,,nan
Hari Nagara Cross,nan,KNC,22015,Hari Nagara Cross (Towards Glass Factory),12.87907,77.5673,,nan
Hari Nagara Cross,nan,KNC,22016,Hari Nagara Cross (Towards Konanakunte Cross),12.87904,77.5672,,nan
Haridasa Nagara,nan,HDNR2,32865,Haridasa Nagara (Towards BEML Layout RR Nagara),12.91848,77.52736,,nan
Haridasa Nagara,nan,HDNR2,32866,Haridasa Nagara (Towards Hoskerehalli),12.91852,77.52733,,nan
Harisandra,nan,HRSR,25770,Harisandra (Towards Thimmegowdana Doddi),12.78653,77.30484,,nan
Harisandra,nan,HRSR,38482,Harisandra (Towards Sugganahalli),12.78652,77.30485,,nan
Harisandra Cross,nan,HSDRC,38481,Harisandra Cross (Towards Thimmegowdana Doddy),12.78683,77.3059,,nan
Harishchandra Ghat,nan,HRDG,20810,Harishchandra Ghat (Towards Navarang),12.99695,77.56089,,nan
Harishchandra Ghat,nan,HRDG,20811,Harishchandra Ghat (Towards Malleshwara),12.99729,77.56047,,nan
Harohalli,nan,HARLLI,32868,Harohalli (Towards Bhakthipura Cross),12.75411,77.75597,,nan
Harohalli,nan,HARLLI,32874,Harohalli (Towards Mayasandra),12.75407,77.75601,,nan
Harohalli,nan,HRH,25784,Harohalli (Towards Umalu),13.06065,77.87421,,nan
Harohalli,nan,HRH,32873,Harohalli (Towards Hoskote),13.06059,77.87415,,nan
Harohalli,nan,HRH1,32875,Harohalli (Towards Nagadasanahalli),13.13068,77.58025,,nan
Harohalli,nan,HRH1,32876,Harohalli (Towards Puttenahalli),13.13062,77.58026,,nan
Harohalli,nan,HRH5,38667,Harohalli (Towards Dandiganahalli),13.31556,77.74805,,nan
Harohalli,nan,HRH5,38668,Harohalli (Towards Avathi),13.31556,77.7481,,nan
Harohalli,nan,HRLHUSK,32871,Harohalli (Towards Chintala Madivala),12.86247,77.72005,,nan
Harohalli,nan,HRLI,35155,Harohalli (Towards Kanakapura),12.68009,77.46966,,nan
Harohalli,nan,HRLI,35185,Harohalli (Towards Banashankari),12.68021,77.46955,,nan
Harohalli,nan,HROHLI,32878,Harohalli (Towards Thimmandahalli),12.95681,77.78609,,nan
Harohalli Depot,nan,HROLDP,23613,Harohalli Depot (Towards Harohalli),12.69801,77.47846,,nan
Harohalli Depot,nan,HROLDP,23618,Harohalli Depot (Towards APS College),12.69793,77.47822,,nan
Harohalli Gate,nan,HROGT1,25788,Harohalli Gate (Towards Dommasandra),12.86523,77.73251,,nan
Harohalli Gate,nan,HROGT1,32880,Harohalli Gate (Towards Gopasandra),12.8652,77.73261,,nan
Harohalli Palya,nan,HHP7,25791,Harohalli Palya (Towards Hesaraghatta),13.17111,77.51169,,nan
Harohalli Palya,nan,HHP7,31370,Harohalli Palya (Towards Seethakempena halli),13.1712,77.51164,,nan
Harohalli Petrol bunk,nan,PTBU,23614,Harohalli Petrol bunk (Towards Harohalli),12.68712,77.47494,,nan
Harohalli Petrol bunk,nan,PTBU,23617,Harohalli Petrol bunk (Towards Somanahalli Gate),12.68707,77.47475,,nan
Harokyatanahalli,nan,HRKYN,25796,Harokyatanahalli (Towards Makali),13.05427,77.44734,,nan
Harsha Institute,nan,HIMT,39387,Harsha Institute (Towards Last Stop),13.1705,77.34653,,nan
Harsha Institute,nan,HIMT,39390,Harsha Institute (Towards Jakkanahalli),13.17038,77.34653,,nan
Harvest International School,nan,INDBLE,40422,Harvest International School (Towards Attibele),12.7928,77.77795,,nan
Harvest International School,nan,INDBLE,40423,Harvest International School (Towards Sarjapura),12.79284,77.77787,,nan
Hasanath College,nan,HSNCOLS,25797,Hasanath College (Towards M G Road),12.97917,77.61518,,nan
Hasanath College,nan,HSNCOLS,35355,Hasanath College (Towards St Johns Road),12.97962,77.61384,,nan
Hasigaala,nan,HSGL,25799,Hasigaala (Towards Hoskote),13.13523,77.77493,,nan
Hasigaala,nan,HSGL,32884,Hasigaala (Towards Sulibele),13.13525,77.77485,,nan
Hasiruvalli,nan,HSRVL,25801,Hasiruvalli (Towards Byranayakanahalli),13.19186,77.36598,,nan
Hasiruvalli,nan,HSRVL,32885,Hasiruvalli (Towards Isuvanahalli),13.19183,77.36605,,nan
Hasiruvalli Cross,nan,CHSRVL,25803,Hasiruvalli Cross (Towards Byranayakanahalli),13.193,77.35789,,nan
Hasiruvalli Cross,nan,CHSRVL,32886,Hasiruvalli Cross (Towards Isuvanahalli),13.19295,77.35785,,nan
Hasiruvallipalya,nan,HSVLP,25805,Hasiruvallipalya (Towards Byranayakanahalli),13.1925,77.37139,,nan
Hasiruvallipalya,nan,HSVLP,32887,Hasiruvallipalya (Towards Hasiruvalli),13.19243,77.37139,,nan
Havanur Circle,nan,HVNCR,20813,Havanur Circle (Towards Shankar Mutt),12.98898,77.53767,,nan
Havanur Circle,nan,PPDS,20812,Havanur Circle (Towards Sharadha Colony),12.98797,77.53717,,nan
Havanur Circle,nan,PPDS,20814,Havanur Circle (Towards Unani Hospital),12.98769,77.5375,,nan
Havanur Circle,nan,PPDS,35265,Havanur Circle (Towards Rajajinagara Dobhi Ghat),12.98789,77.53807,,nan
Havanur Circle,nan,PVTRAP,25806,Havanur Circle (Towards KHB Colony),12.98886,77.53775,,nan
Hazarath Tippu Nagara,nan,HZART,32888,Hazarath Tippu Nagara (Towards Bande Road),13.10479,77.62972,,nan
Hazarath Tippu Nagara,nan,HZART,32889,Hazarath Tippu Nagara (Towards Bellahalli Cross),13.10478,77.62978,,nan
Hazarath Tippu Nagara,nan,HZRT,32890,Hazarath Tippu Nagara (Towards Hazrath Tippu Nagara),13.10343,77.62421,,nan
Hazarath Tippu Nagara,nan,HZRT,32891,Hazarath Tippu Nagara (Towards Thanisandra Main Road),13.1035,77.62441,,nan
Head Start School Gate,nan,HSSG2,25814,Head Start School Gate (Towards Dommasandra),12.86121,77.73234,,nan
Head Start School Gate,nan,HSSG2,32892,Head Start School Gate (Towards Gopasandra),12.86118,77.73246,,nan
Head Start School Kommasandra,nan,HSSKMS,25815,Head Start School Kommasandra (Towards Last bus stop),12.86055,77.73473,,nan
Hebbagodi,nan,HBGDI1,22017,Hebbagodi (Towards Attibele),12.82752,77.68224,,nan
Hebbagodi,nan,HBGDI1,22018,Hebbagodi (Towards Electronic City),12.8257,77.683,,nan
Hebbagodi,nan,HBGDI1,38658,Hebbagodi (Towards Madiwala),12.82583,77.68271,,nan
Hebbala,nan,HBL,20820,Hebbala (Towards Yalahanka),13.03851,77.58928,,nan
Hebbala,nan,HBL,25816,Hebbala (Towards Mekhri Circle),13.03917,77.58951,,nan
Hebbala,nan,HBL BR,20817,Hebbala (Towards Hebbala Last Stop 279E),13.04127,77.58942,,nan
Hebbala Bridge,nan,HBL,25819,Hebbala Bridge (Towards Yalahanka),13.0432,77.5903,,nan
Hebbala Bridge,nan,HBL,37944,Hebbala Bridge (Towards Kempegowda Bus Station),13.04294,77.59145,,nan
Hebbala Bridge,nan,HBL BR,20822,Hebbala Bridge (Towards Nagavara),13.04218,77.59387,,nan
Hebbala Bridge,nan,HBL BRI,20823,Hebbala Bridge (Towards Tin Factory),13.04259,77.5925,,nan
Hebbala Bridge,nan,HBLB1,21527,Hebbala Bridge (Towards BEL Circle),13.04274,77.58967,,nan
Hebbala Canara Bank,nan,CNRBK1,20694,Hebbala Canara Bank (Towards Mekhri Circle),13.03573,77.58905,,nan
Hebbala Canara Bank,nan,CNRBK1,20695,Hebbala Canara Bank (Towards Hebbala),13.03581,77.58892,,nan
Heelalige,nan,HLG,32896,Heelalige (Towards Ramsagara),12.81786,77.70894,,nan
Heelalige,nan,HLGE,25823,Heelalige (Towards Chandapura),12.81787,77.70903,,nan
Heelalige Cross,nan,HGTE1,25825,Heelalige Cross (Towards Chandapura),12.80872,77.70897,,nan
Heelalige Cross,nan,HGTE1,32897,Heelalige Cross (Towards Ramasagara),12.80877,77.70892,,nan
Heggadadevanapura,nan,HDP,25827,Heggadadevanapura (Towards Makali),13.07599,77.45857,,nan
Heggadadevanapura,nan,HDP,32898,Heggadadevanapura (Towards Aluru),13.07597,77.45854,,nan
Heggadagere,nan,SHGDGR,25829,Heggadagere (Towards Manchegowdanapalya),12.76161,77.37652,,nan
Heggadagere,nan,SHGDGR,32899,Heggadagere (Towards Bidadi),12.76161,77.37647,,nan
Heggadagere Cross,nan,HGDGR7,25833,Heggadagere Cross (Towards Sugganahalli),12.78831,77.37488,,nan
Heggadagere Cross,nan,HGDGR7,32900,Heggadagere Cross (Towards Bidadi),12.78787,77.37426,,nan
Heggadagere Cross,nan,SHGDGR,32901,Heggadagere Cross (Towards Heggadagere),12.75669,77.37537,,nan
Heggadagere Cross,nan,SHGDGR,32902,Heggadagere Cross (Towards Manchegowdanapalya),12.75674,77.37538,,nan
Heggadagere Site,nan,SHGDGR,26498,Heggadagere Site (Towards Nithyananda Ashrama),12.76437,77.37899,,nan
Heggadagere Site,nan,SHGDGR,34619,Heggadagere Site (Towards Heggadagere),12.76429,77.37899,,nan
Hegganahalli,nan,HGH-1,20824,Hegganahalli (Towards Peenya 2nd Stage),13.00367,77.50454,,nan
Hegganahalli,nan,HGH-1,20825,Hegganahalli (Towards Sunkadakatte),13.00366,77.50462,,nan
Hegganahalli,nan,HGHL1,25835,Hegganahalli (Towards Sadahalli),13.21822,77.61046,,nan
Hegganahalli,nan,HGHL1,32903,Hegganahalli (Towards Indarasanahalli),13.2182,77.6104,,nan
Hegganahalli Cross,nan,HGH-1,20826,Hegganahalli Cross (Towards Sunkadakatte),12.99971,77.50403,,nan
Hegganahalli Cross,nan,HGH-1,20827,Hegganahalli Cross (Towards Jalahalli Cross),12.99977,77.50401,,nan
Hegganahalli Gate,nan,HEGHG,25837,Hegganahalli Gate (Towards Thindlu Circle),13.2178,77.60467,,nan
Hegganahalli Gate,nan,HEGHG,32904,Hegganahalli Gate (Towards Sadahalli),13.2178,77.60471,,nan
Heggondanahalli,nan,HGDHLI,22019,Heggondanahalli (Towards Sarjapura),12.906,77.74654,,nan
Heggondanahalli,nan,HGDHLI,22020,Heggondanahalli (Towards Varthuru),12.90598,77.74644,,nan
Hejjala,nan,HJLC1,25839,Hejjala (Towards Hejjala Cross),12.85605,77.41694,,nan
Hejjala,nan,HJLC1,32905,Hejjala (Towards Dyavalingaiahna Palya),12.856,77.41701,,nan
Hejjala Colony,nan,HJLC13,25841,Hejjala Colony (Towards Hejjala),12.85263,77.41547,,nan
Hejjala Colony,nan,HJLC13,32906,Hejjala Colony (Towards Dyavalingaiahna Palya),12.85252,77.41548,,nan
Hejjala Gate,nan,HJLC,40390,Hejjala Gate (Towards Judicial Layout),12.85507,77.42612,,nan
Hejjala Gate,nan,HJLC1,20828,Hejjala Gate (Towards Bidadi),12.85533,77.42714,,nan
Hejjala gate,nan,HJLC1,20829,Hejjala gate (Towards Kengeri),12.85539,77.4264,,nan
Helicopter Division,nan,HELDIV,22021,Helicopter Division (Towards Varthuru),12.95582,77.67735,,nan
Helicopter Division,nan,HELDIV,22022,Helicopter Division (Towards Kempegowda Bus Station),12.95662,77.67535,,nan
Heligehalli,nan,HLGH1,25843,Heligehalli (Towards Magadi),12.8918,77.19264,,nan
Heligehalli,nan,HLGH1,32907,Heligehalli (Towards Heligehalli Colony),12.89182,77.19269,,nan
Heligehalli Colony,nan,HLGHC,25844,Heligehalli Colony (Towards Heligehalli Colony),12.87627,77.20669,,nan
Hemapura,nan,HMP1,25846,Hemapura (Towards Hemapura),13.12342,77.28085,,nan
Hemapura,nan,HMP1,32908,Hemapura (Towards Bittasandra),13.12344,77.28089,,nan
Hemmigepura,nan,HMGPR,25848,Hemmigepura (Towards Karabele),12.88173,77.48484,,nan
Hemmigepura,nan,HMGPR,32909,Hemmigepura (Towards Kengeri),12.88171,77.48479,,nan
Hennagara,nan,HNG3,25851,Hennagara (Towards H Hosahalli),12.78863,77.67344,,nan
Hennagara,nan,HNG3,32910,Hennagara (Towards Last Bus Stop),12.78849,77.67367,,nan
Hennagara,nan,HNG3,32911,Hennagara (Towards Masthenahalli),12.78859,77.67345,,nan
Hennagara Gate,nan,HENG,22023,Hennagara Gate (Towards Chandapura),12.80676,77.69892,,nan
Hennagara Gate,nan,HENG,22024,Hennagara Gate (Towards Hebbagodi),12.80586,77.69939,,nan
Hennagara Gate,nan,HENG,37098,Hennagara Gate (Towards BTL),12.80589,77.69851,,nan
Hennur,nan,HNR1,22026,Hennur (Towards Kalkere),13.03949,77.64171,,nan
Hennur,nan,HNRBD,22025,Hennur (Towards Bagaluru),13.03945,77.6414,,nan
Hennur,nan,HNRBD,35177,Hennur (Towards Hennur Junction),13.03947,77.64154,,nan
Hennur Bande,nan,HNRBD,22027,Hennur Bande (Towards Bagaluru),13.03669,77.64051,,nan
Hennur Bande,nan,HNRBD,22028,Hennur Bande (Towards Hennur Cross),13.03663,77.64072,,nan
Hennur Bande Sai Baba Temple,nan,HNR1,25854,Hennur Bande Sai Baba Temple (Towards Kalkere),13.03907,77.644,,nan
Hennur Bande Sai Baba Temple,nan,HNR1,25855,Hennur Bande Sai Baba Temple (Towards Hennur),13.03896,77.6436,,nan
Hennur Cross,nan,HNRCR,22030,Hennur Cross (Towards Lingarajapura),13.03158,77.636,,nan
Hennur Cross,nan,HNRCR,25856,Hennur Cross (Towards Bagaluru),13.03162,77.63589,,nan
Hennur Junction,nan,HNRJCN,21528,Hennur Junction (Towards Hebbala),13.02948,77.63125,,nan
Hennur Junction,nan,HNRJUNC,21522,Hennur Junction (Towards Kalyana Nagara),13.02964,77.63134,,nan
Hennur Junction,nan,HNSC3,35279,Hennur Junction (Towards Coles Park),13.02751,77.63268,,nan
Hennur Junction,nan,HNSC3,35920,Hennur Junction (Towards Bagalur),13.02819,77.63286,,nan
Hennur Junction,nan,HNSC3,35921,Hennur Junction (Towards Lingarajapura),13.02812,77.63316,,nan
Hennuru Petrol Bunk,nan,HNRCR,25861,Hennuru Petrol Bunk (Towards Bagaluru),13.033,77.6374,,nan
Hennuru Petrol Bunk,nan,HNRCR,25862,Hennuru Petrol Bunk (Towards Hennur Junction),13.03294,77.63755,,nan
Heritage Estate Rajanukunte,nan,HSTYT,25864,Heritage Estate Rajanukunte (Towards Yelahanka),13.11825,77.57764,,nan
Herohalli Cross,nan,HRHC1,21530,Herohalli Cross (Towards Gollarahatti),12.98726,77.4925,,nan
Herohalli Cross,nan,HRHC3,32914,Herohalli Cross (Towards Nagarahole Nagara),12.98796,77.49385,,nan
Herohalli Cross,nan,HRHC5,25866,Herohalli Cross (Towards Sunkadakatte),12.98803,77.49388,,nan
Herohalli Cross,nan,HRHCR,37252,Herohalli Cross (Towards Herohalli),12.98749,77.49262,,nan
Herohalli Cross1,nan,HRHC1,21523,Herohalli Cross1 (Towards Sunkadakatte),12.98736,77.4924,,nan
Herohalli Sunkadakatte,nan,HRHL3,23430,Herohalli Sunkadakatte (Towards Sunkadakatte),12.99053,77.48753,,nan
Herohalli Sunkadakatte,nan,HRHL3,23659,Herohalli Sunkadakatte (Towards Andrahalli),12.99051,77.4876,,nan
Hesaraghatta,nan,HGT1,20833,Hesaraghatta (Towards Railway Gollahalli),13.1378,77.47937,,nan
Hesaraghatta,nan,HGT1,35751,Hesaraghatta (Towards Chikka Banavara),13.13783,77.47935,,nan
Hesaraghatta TB Cross,nan,HGVTB,20832,Hesaraghatta TB Cross (Towards Hesaraghatta),13.13051,77.48438,,nan
Hesaraghatta TB Cross,nan,HGVTB,21531,Hesaraghatta TB Cross (Towards Chikkabanavara),13.13052,77.4844,,nan
Hesaraghatta TB Cross,nan,HGVTB,25869,Hesaraghatta TB Cross (Towards Shivakote),13.13057,77.48441,,nan
Hesaraghatta Work shop,nan,HGTWS1,25870,Hesaraghatta Work shop (Towards Hesarughatta TB Cross),13.1563,77.49848,,nan
Hesaraghatta Workshop,nan,HGTWS1,25871,Hesaraghatta Workshop (Towards KMF),13.15627,77.49844,,nan
High Ground Police Station,nan,HGRPS,23357,High Ground Police Station (Towards Vasantha Nagara),12.98909,77.58873,,nan
High Ground Police Station,nan,HGRPS,24173,High Ground Police Station (Towards Kempegowda Bus Station),12.98885,77.59222,,nan
High School Tharahunase,nan,THASDD,25877,High School Tharahunase (Towards Tharahunase),13.17693,77.59023,,nan
High School Tharahunase,nan,THASDD,32918,High School Tharahunase (Towards Embassy school),13.17699,77.59023,,nan
Hilal Nagara Cross HBR Layout,nan,HLNC2,25879,Hilal Nagara Cross HBR Layout (Towards Kadugondanahalli),13.02151,77.62219,,nan
Himagiri,nan,HIMGR,23587,Himagiri (Towards Gottigere),12.86231,77.59059,,nan
Himagiri,nan,HIMGR,23864,Himagiri (Towards Kalena Agrahara),12.86234,77.59056,,nan
Hindiganala,nan,HNDG1,25881,Hindiganala (Towards Hoskote),13.22143,77.91452,,nan
Hindiganala,nan,HNDG1,32920,Hindiganala (Towards H Cross),13.22143,77.91441,,nan
Hinnakki,nan,HNKVG,25883,Hinnakki (Towards Ramakrishnapura),12.77784,77.68057,,nan
Hinnakki,nan,HNKVG,32921,Hinnakki (Towards Rajapura),12.77773,77.68075,,nan
Hinnakki Village,nan,HINK,39549,Hinnakki Village (Towards Last Stop),12.77689,77.68143,,nan
Hiranandani Villas,nan,HRNI,25886,Hiranandani Villas (Towards Airport Trumpet),13.23888,77.6997,,nan
Hiranandani Villas,nan,HRNI,25887,Hiranandani Villas (Towards Devanahalli),13.23894,77.69951,,nan
Hirandahalli,nan,HRNH1,25863,Hirandahalli (Towards Avalahalli Hosakote),13.04578,77.72276,,nan
Hirandahalli,nan,HRNH1,25885,Hirandahalli (Towards Rampura),13.04573,77.72281,,nan
Hittarahalli,nan,HDHC,25728,Hittarahalli (Towards Handarahalli Gate),13.12333,77.74674,,nan
Hittarahalli,nan,HDHC,32844,Hittarahalli (Towards Handarahalli),13.12338,77.74673,,nan
Hittarahalli Gate,nan,HDHG-4,25730,Hittarahalli Gate (Towards Budigere Cross),13.12337,77.74425,,nan
Hittarahalli Gate,nan,HDHG-4,32845,Hittarahalli Gate (Towards Budigere),13.12333,77.74424,,nan
Holiday Village Apartment,nan,HLDV,25902,Holiday Village Apartment (Towards Mallasandra Poorvankara Apartment),12.86693,77.54376,,nan
Holiday Village Apartment,nan,HLDV,32927,Holiday Village Apartment (Towards Raghuvanahalli Gate),12.86697,77.54371,,nan
Hombalamma Kere,nan,HMLMK,34809,Hombalamma Kere (Towards Magadi),12.95205,77.22752,,nan
Hombalamma Kere,nan,HMLMK,35811,Hombalamma Kere (Towards Balenahalli),12.95216,77.22726,,nan
Hombalammanapete,nan,HMBLP2,25909,Hombalammanapete (Towards Magadi),12.94845,77.22531,,nan
Hombalammanapete,nan,HMBLP2,32930,Hombalammanapete (Towards Balenahalli),12.9484,77.22533,,nan
Hommadevanahalli,nan,HDVH,25910,Hommadevanahalli (Towards CK Palya),12.84446,77.59807,,nan
Hommadevanahalli,nan,HDVH,35340,Hommadevanahalli (Towards Basavanna Devasthana),12.84448,77.59802,,nan
Hommadevanahalli Cross,nan,HMDHL,23493,Hommadevanahalli Cross (Towards Hommadevanahalli),12.84075,77.59725,,nan
Hommadevanahalli Cross,nan,HMDHL,23954,Hommadevanahalli Cross (Towards Koli Farm Gate),12.84072,77.59734,,nan
Hompalaghatta,nan,HMPG,38434,Hompalaghatta (Towards Vanakanahalli),12.69539,77.69933,,nan
Hompalaghatta,nan,HMPG,38435,Hompalaghatta (Towards Anekal),12.69543,77.69926,,nan
Honachenahalli,nan,HNHLY1,25912,Honachenahalli (Towards Vagata),13.01836,77.85491,,nan
Honachenahalli,nan,HNHLY1,32931,Honachenahalli (Towards Karibina Hosahalli),13.01845,77.85492,,nan
Honaganahatti,nan,HNGNH,21524,Honaganahatti (Towards Gollarahatti),12.97421,77.42097,,nan
Honaganahatti,nan,HNGNH,21533,Honaganahatti (Towards Tavarakere),12.9742,77.42116,,nan
Hongasandra,nan,HNSRA,23774,Hongasandra (Towards Bommanahalli),12.89713,77.62618,,nan
Hongasandra,nan,HNSRA,23806,Hongasandra (Towards Deccan),12.89726,77.62623,,nan
Hongasandra MICO Layout,nan,HMLO,25913,Hongasandra MICO Layout (Towards Hongasandra MICO Layout),12.88994,77.63036,,nan
Hongasandra Metro Station,nan,HGSMS,39872,Hongasandra Metro Station (Towards Madivala),12.9016,77.63199,,nan
Hongasandra Metro Station,nan,HGSMS,39873,Hongasandra Metro Station (Towards Chandapura),12.9019,77.63225,,nan
Hongemara Managal,nan,MNGL1,25915,Hongemara Managal (Towards Managal),12.90589,77.20232,,nan
Hongemara Managal,nan,MNGL1,32932,Hongemara Managal (Towards Balenahalli),12.90588,77.20238,,nan
Honnadevanapura,nan,HNPR,25918,Honnadevanapura (Towards Muppadighatta),13.24042,77.42599,,nan
Honnadevanapura,nan,HNPR,32933,Honnadevanapura (Towards Honnavara),13.24045,77.42601,,nan
Honnakalasapura Cross,nan,HKPC,25919,Honnakalasapura Cross (Towards Gowrenahalli),12.72897,77.67656,,nan
Honnakalasapura Cross,nan,HKSPC,37728,Honnakalasapura Cross (Towards Haragadde),12.72875,77.67683,,nan
Honnasandra,nan,HNS,32935,Honnasandra (Towards Honnasandra),13.11719,77.44736,,nan
Honnasandra,nan,HNS,32936,Honnasandra (Towards Makali),13.11712,77.44733,,nan
Honnasandra,nan,HNS7,25925,Honnasandra (Towards Yantaganahalli),13.04099,77.33824,,nan
Honnasandra,nan,HNS7,32937,Honnasandra (Towards Manchenahalli),13.04101,77.33828,,nan
Honnasandra Cross,nan,HNSC1,25927,Honnasandra Cross (Towards Yantaganahalli),13.06082,77.34028,,nan
Honnasandra Gate,nan,HNSRCRS,38924,Honnasandra Gate (Towards Mylanahalli Cross),13.11049,77.44347,,nan
Honnasandra Gate,nan,HNSRCRS,38925,Honnasandra Gate (Towards Nagaroor Cross),13.11056,77.44347,,nan
Honnavara,nan,HNRVR1,38805,Honnavara (Towards Simpadipura),13.22263,77.41925,,nan
Honnavara,nan,HNRVR1,38806,Honnavara (Towards Kanasawadi),13.22267,77.41921,,nan
Honnavara Gate,nan,HNRGT1,25929,Honnavara Gate (Towards Muppadighatta),13.22494,77.4281,,nan
Honnavara Gate,nan,HNRGT1,32939,Honnavara Gate (Towards Simpadipura),13.22492,77.42815,,nan
Honnayyanapalya,nan,HNYP,25931,Honnayyanapalya (Towards Mahadevapura),13.03522,77.32,,nan
Honnayyanapalya,nan,HNYP,32940,Honnayyanapalya (Towards Thore Hosapalya),13.03526,77.31995,,nan
Honnenahalli,nan,HNNHL,25933,Honnenahalli (Towards Doddaballapura),13.15971,77.5666,,nan
Honnenahalli,nan,HNNHL,32941,Honnenahalli (Towards Yalahanka),13.16003,77.56665,,nan
Hoodi,nan,HODC,22036,Hoodi (Towards ITPL),12.99199,77.71498,,nan
Hoodi,nan,HODC2,22035,Hoodi (Towards Hope Farm),12.99223,77.71576,,nan
Hoodi,nan,HODC2,35198,Hoodi (Towards KR Puram),12.99191,77.7158,,nan
Hoodi,nan,HODC2,38420,Hoodi (Towards Hoodi Metro Station),12.99233,77.71626,,nan
Hoodi BBMP Office,nan,HDBBMPO,40029,Hoodi BBMP Office (Towards Hoodi),12.99434,77.71778,,nan
Hoodi Lake,nan,HODLK2,40028,Hoodi Lake (Towards Hoodi),12.99883,77.71744,,nan
Hoodi Metro Station,nan,HDM2,38419,Hoodi Metro Station (Towards Start Point),12.98863,77.7115,,nan
Hoodi Metro Station,nan,HDM2,39844,Hoodi Metro Station (Towards Hoodi),12.98886,77.7113,,nan
Hoodi Railway Station,nan,HODRS1,33520,Hoodi Railway Station (Towards Hoodi),12.99617,77.71942,,nan
Hoodi Railway Station,nan,HODRS1,40031,Hoodi Railway Station (Towards D-51 Gate),12.99623,77.72024,,nan
Hoovinayakanahalli,nan,HYKG,25936,Hoovinayakanahalli (Towards Hoovinayakanahalli Gate),13.14795,77.6898,,nan
Hoovinayakanahalli,nan,HYKG,32942,Hoovinayakanahalli (Towards Mahadev Kodigehalli),13.148,77.68982,,nan
Hoovinayakanahalli Gate,nan,HYKG,36544,Hoovinayakanahalli Gate (Towards Bagalur),13.15577,77.68096,,nan
Hope Farm,nan,HOF,20837,Hope Farm (Towards ITPL),12.98382,77.75189,,nan
Hope Farm,nan,HOF,22037,Hope Farm (Towards Chikka Thirupathi),12.98376,77.75305,,nan
Hope Farm,nan,HOPF1,37509,Hope Farm (Towards Kadugodi),12.9843,77.75148,,nan
Hope Farm,nan,HPOF,20836,Hope Farm (Towards Hosakote),12.98429,77.75261,,nan
Hope Farm,nan,HPOF,22038,Hope Farm (Towards Varthuru),12.98273,77.75223,,nan
Horamavu,nan,HRMU1,25941,Horamavu (Towards Kalkere),13.02646,77.66083,,nan
Horamavu,nan,HRMU1,32943,Horamavu (Towards Horamavu),13.02653,77.66096,,nan
Horamavu Agara,nan,HMVA,32944,Horamavu Agara (Towards Balaji Layout Kalkere Main Road),13.03676,77.65487,,nan
Horamavu Agara,nan,HMVA,32945,Horamavu Agara (Towards Hennur Bagalur Main Road),13.03673,77.65488,,nan
Horamavu Agara,nan,HRMA,25944,Horamavu Agara (Towards Horamavu Agara),13.03728,77.65718,,nan
Horamavu Signal,nan,HRMSG,20838,Horamavu Signal (Towards Tin Factory),13.01966,77.65437,,nan
Horamavu Signal,nan,HRMVS,25949,Horamavu Signal (Towards Shivajinagara),13.01889,77.65551,,nan
Horamavu Signal,nan,HRMVS1,20839,Horamavu Signal (Towards Hebbala),13.01961,77.65385,,nan
Horamavu Signal,nan,HRMVS1,32947,Horamavu Signal (Towards Kalkere),13.0194,77.65576,,nan
Hosa Doddy Gate,nan,HSDG,23550,Hosa Doddy Gate (Towards Hosa Doddy),12.76458,77.48755,,nan
Hosa Doddy Gate,nan,HSDG,23628,Hosa Doddy Gate (Towards Somanahalli Gate),12.76455,77.48741,,nan
Hosa Hudya,nan,HSUDY,25953,Hosa Hudya (Towards Rajanukunte),13.23656,77.55107,,nan
Hosa Hudya,nan,HSUDY,32950,Hosa Hudya (Towards Doddaballapura),13.23658,77.55096,,nan
Hosa Road FLY,nan,HOSRD,35788,Hosa Road FLY (Towards Electronic City),12.87051,77.65297,,nan
Hosa Road FLY,nan,HOSRD,35789,Hosa Road FLY (Towards Bommanahalli),12.86927,77.65376,,nan
Hosa Road Metro Station,nan,HOSRD,20840,Hosa Road Metro Station (Towards Electronic City),12.87069,77.653,,nan
Hosa Road Metro Station,nan,HOSRD,20841,Hosa Road Metro Station (Towards Singsandra),12.87008,77.65287,,nan
Hosa Road Metro Station,nan,HOSRD,32951,Hosa Road Metro Station (Towards Hosur Road),12.87041,77.65403,,nan
Hosa Road Metro Station,nan,HSRD4,38357,Hosa Road Metro Station (Towards Parappana Agrahara),12.87033,77.65368,,nan
Hosa Road Metro Station Arrival (MF-22E),nan,HSRD,40020,Hosa Road Metro Station Arrival (MF-22E) (Towards Bengaluru Central Jail),12.87116,77.6526,,nan
Hosa Road Metro Station Arrival (MF-22EA),nan,HSRD,40014,Hosa Road Metro Station Arrival (MF-22EA) (Towards Kudlu gate),12.86972,77.65327,,nan
Hosahalli,nan,HSHI,22040,Hosahalli (Towards Bagaluru),13.13586,77.71815,,nan
Hosahalli,nan,HSHI,22041,Hosahalli (Towards Budigere),13.13567,77.71774,,nan
Hosahalli,nan,HSHL1,25960,Hosahalli (Towards Kenchanapura),12.96315,77.4539,,nan
Hosahalli,nan,HSHL1,32955,Hosahalli (Towards Kannalli),12.96327,77.45386,,nan
Hosahalli,nan,HSHLI,35260,Hosahalli (Towards Gunjuru),12.92025,77.74168,,nan
Hosahalli,nan,HSHLI1,35146,Hosahalli (Towards Nerige),12.92028,77.74168,,nan
Hosahalli,nan,HSHLIi,32953,Hosahalli (Towards Hennagara),12.79294,77.67845,,nan
Hosahalli,nan,HSHLIi,32954,Hosahalli (Towards Kachanayakanahalli),12.79309,77.6785,,nan
Hosahalli Aralimara,nan,HLMHSK,29559,Hosahalli Aralimara (Towards Hosahalli Kodagalahatti),13.14043,77.64128,,nan
Hosahalli Aralimara,nan,HLMHSK,35444,Hosahalli Aralimara (Towards Kodagalahatti),13.14039,77.64126,,nan
Hosahalli Cross Devanagondi,nan,DVGHSCR,25966,Hosahalli Cross Devanagondi (Towards Hosahalli),12.9747,77.82966,,nan
Hosahalli Cross Devanagondi,nan,DVHC,32957,Hosahalli Cross Devanagondi (Towards Devalapura),12.97485,77.82955,,nan
Hosahalli Cross Devanagondi,nan,DVHC1,32958,Hosahalli Cross Devanagondi (Towards Devanagundi),12.97479,77.82971,,nan
Hosahalli Cross Devanagondi,nan,DVHC1,32959,Hosahalli Cross Devanagondi (Towards Hope Farm),12.9747,77.82951,,nan
Hosahalli Gate (Rathnam Hotel),nan,HSHGT,38577,Hosahalli Gate (Rathnam Hotel) (Towards Dobbaspet),13.20438,77.26522,,nan
Hosahalli Gate (Rathnam Hotel),nan,HSHGT,38578,Hosahalli Gate (Rathnam Hotel) (Towards Nelamangala),13.20446,77.2654,,nan
Hosahalli Kodagalahatti,nan,HSHS12,25968,Hosahalli Kodagalahatti (Towards Kodagalahatti),13.1417,77.64264,,nan
Hosahalli Kodagalahatti,nan,HSHS12,32960,Hosahalli Kodagalahatti (Towards Vidyanagara),13.14173,77.64262,,nan
Hosahalli Road Junction,nan,JGHR,30375,Hosahalli Road Junction (Towards Sunkadakatte),12.98808,77.47537,,nan
Hosahallipalya,nan,HOSPLYA,25972,Hosahallipalya (Towards Agraharapalya Gate),13.12758,77.45414,,nan
Hosahallipalya,nan,HOSPLYA,32962,Hosahallipalya (Towards Hosahallipalya),13.12753,77.4541,,nan
Hosakerehalli  Junction,nan,HSKC2,20842,Hosakerehalli  Junction (Towards Banashankari),12.93043,77.54361,,nan
Hosakerehalli  Junction,nan,HSKC2,35951,Hosakerehalli  Junction (Towards Bank Colony),12.93067,77.54353,,nan
Hosakerehalli  Junction,nan,KSHRE,20843,Hosakerehalli  Junction (Towards PES College),12.93044,77.54342,,nan
Hosakerehalli Kerekodi,nan,mnsk,33976,Hosakerehalli Kerekodi (Towards Veerabhadra Nagara),12.92955,77.53471,,nan
Hosakerehalli Kerekodi,nan,mnsk1,29088,Hosakerehalli Kerekodi (Towards Muneshwara Nagara Kerekodi),12.92961,77.5347,,nan
Hosakerehalli Petrol Bunk,nan,HSKPB2,20845,Hosakerehalli Petrol Bunk (Towards Nayandahalli),12.933,77.54018,,nan
Hosakerehalli Petrol Bunk,nan,HSKPB3,20844,Hosakerehalli Petrol Bunk (Towards Banashankari),12.9337,77.53936,,nan
Hosakote Ayyappa Temple,nan,HAT-1,25990,Hosakote Ayyappa Temple (Towards Hosakote K E B),13.07,77.78695,,nan
Hosakote Ayyappa Temple,nan,HAT-1,32974,Hosakote Ayyappa Temple (Towards Mallasandra),13.07003,77.78701,,nan
Hosakote BEO office,nan,HSKBEO,37604,Hosakote BEO office (Towards Hosakote Bus Stand),13.07339,77.78294,,nan
Hosakote Bus Stand (Old),nan,HSKSTP,22046,Hosakote Bus Stand (Old) (Towards Malur Road),13.0787,77.78774,,nan
Hosakote Bus Stand (Old),nan,HSKSTP,37685,Hosakote Bus Stand (Old) (Towards Vijayapura/Devanahalli),13.07877,77.78704,,nan
Hosakote Bus Station (TTMC),nan,HSKTHSS,36152,Hosakote Bus Station (TTMC) (Towards Kempegowda Bus Station),13.07031,77.78468,,nan
Hosakote Flower Market,nan,HSKBEO,22048,Hosakote Flower Market (Towards Hosakote Bus Stand),13.07531,77.78637,,nan
Hosakote Flower Market,nan,HSKBEO,22049,Hosakote Flower Market (Towards Hosakote K E B Circle),13.07531,77.78639,,nan
Hosakote Govt Hospital,nan,MLURCS1,32975,Hosakote Govt Hospital (Towards Chintamani Road),13.07772,77.80173,,nan
Hosakote Govt Hospital,nan,MLURCS1,32976,Hosakote Govt Hospital (Towards Hosakote),13.07725,77.80168,,nan
Hosakote Govt Hospital,nan,MLURCS1,32977,Hosakote Govt Hospital (Towards Kolara Road),13.07754,77.80208,,nan
Hosakote High School,nan,HSKTHSS,22050,Hosakote High School (Towards Hosakote),13.07048,77.78364,,nan
Hosakote High School,nan,HSKTHSS,22051,Hosakote High School (Towards Kempegowda Bus Station),13.07012,77.78375,,nan
Hosakote K E B Circle,nan,HSKEB,37686,Hosakote K E B Circle (Towards Kempegowda Bus Station),13.07183,77.78673,,nan
Hosakote K E B Circle,nan,KKEB,25997,Hosakote K E B Circle (Towards Nanda Shree),13.072,77.78705,,nan
Hosakote K E B Circle,nan,KKEB,32978,Hosakote K E B Circle (Towards Kolara),13.07232,77.78701,,nan
Hosakote Kodi,nan,HSKKD,22054,Hosakote Kodi (Towards Hosakote),13.0565,77.76741,,nan
Hosakote Kodi,nan,HSKKD,22055,Hosakote Kodi (Towards Kempegowda Bus Station),13.05627,77.76775,,nan
Hosakote Toll,nan,HSKTT,22056,Hosakote Toll (Towards Hoskote),13.05963,77.77057,,nan
Hosakote Toll,nan,HSKTT,22057,Hosakote Toll (Towards KR Puram),13.0594,77.77087,,nan
Hosakote Toll (Volvo),nan,HSKTT,38560,Hosakote Toll (Volvo) (Towards Hosakote),13.05978,77.77072,,nan
Hosakote Toll (Volvo),nan,HSKTT,38561,Hosakote Toll (Volvo) (Towards KBS),13.05943,77.77099,,nan
Hosapalya,nan,HSP6,25980,Hosapalya (Towards Tavarakere),12.92463,77.39699,,nan
Hosapalya,nan,HSP6,32966,Hosapalya (Towards Ganapathihalli),12.92459,77.39703,,nan
Hosapalya,nan,HSP7,32968,Hosapalya (Towards Marikuppe),13.01128,77.30313,,nan
Hosapalya,nan,HSP7,32969,Hosapalya (Towards Motaganahalli),13.0113,77.3032,,nan
Hosapalya,nan,HSP8,32963,Hosapalya (Towards Anchepalya),12.91078,77.4502,,nan
Hosapalya,nan,HSP8,32964,Hosapalya (Towards Bettanapalya),12.91064,77.45016,,nan
Hosapalya,nan,HSPL12,32965,Hosapalya (Towards Cholanayakanahalli),12.95059,77.3574,,nan
Hosapalya,nan,HSPL12,32967,Hosapalya (Towards Madapatna),12.9507,77.35744,,nan
Hosapalya Colony,nan,HSPLY,25982,Hosapalya Colony (Towards Agara Kaggalipura),12.84361,77.47559,,nan
Hosapalya Colony,nan,HSPLY,32970,Hosapalya Colony (Towards Gangasandra),12.84346,77.47564,,nan
Hosapalya Kudlu Gate,nan,HPLKG,23924,Hosapalya Kudlu Gate (Towards Somasundarapalya Lake),12.89735,77.64534,,nan
Hosapalya Kudlu Gate,nan,HPLKG,36134,Hosapalya Kudlu Gate (Towards Kudlu Gate),12.89737,77.64538,,nan
Hosapete,nan,HSPT1,25984,Hosapete (Towards Jangamakote Cross),13.27191,77.84476,,nan
Hosapete,nan,HSPT1,32971,Hosapete (Towards Venkatapura),13.27163,77.84464,,nan
Hosapete Gate,nan,HPG,25987,Hosapete Gate (Towards Savandurga),12.9511,77.23737,,nan
Hosapete Gate,nan,HSG,32972,Hosapete Gate (Towards Magadi),12.95116,77.23723,,nan
Hosapete Gate,nan,HSG,32973,Hosapete Gate (Towards Thippagondanahalli),12.95118,77.23744,,nan
Hoskerehalli,nan,KSKC2,22042,Hoskerehalli (Towards Hoskerehalli Last Stop),12.93085,77.53971,,nan
Hoskerehalli,nan,KSKC2,22043,Hoskerehalli (Towards Hoskerehalli Cross),12.93078,77.53967,,nan
Hoskerehalli Cross,nan,HOSKRE,22044,Hoskerehalli Cross (Towards Outer Ring Road),12.93247,77.54519,,nan
Hoskerehalli Cross,nan,HOSKRE,22045,Hoskerehalli Cross (Towards Bank Colony),12.93293,77.5454,,nan
Hoskerehalli Cross,nan,HSKRHL,39840,Hoskerehalli Cross (Towards Shri Vidyanagara),12.93264,77.54497,,nan
Hosmat Hospital,nan,HMH,22058,Hosmat Hospital (Towards HAL ),12.96879,77.61333,,nan
Hosmat Hospital (DIG Office),nan,HMH,20846,Hosmat Hospital (DIG Office) (Towards Kempegowda Bus Station),12.96893,77.61529,,nan
Hosur Road Junction,nan,JNHR1,20880,Hosur Road Junction (Towards Madivala),12.93215,77.61323,,nan
Hosur Road junction,nan,JHRD,23817,Hosur Road junction (Towards Adugodi),12.93337,77.6128,,nan
Hosur Road junction,nan,JNHR1,20881,Hosur Road junction (Towards Dairy Cirlce),12.93203,77.61318,,nan
Hosur Road junction 1,nan,JHRD,24356,Hosur Road junction 1 (Towards Madivala),12.93214,77.61363,,nan
Hosuru,nan,HSRTB1,26002,Hosuru (Towards T Begur),13.16047,77.33484,,nan
Hosuru,nan,HSRTB1,32980,Hosuru (Towards Thyamagondlu),13.16053,77.33475,,nan
Hosuru Bande,nan,HSRBND2,22059,Hosuru Bande (Towards Mittaganahalli),13.10601,77.66071,,nan
Hosuru Bande,nan,HSRBND2,22060,Hosuru Bande (Towards Kannuru),13.10601,77.66086,,nan
Hotel Emerald,nan,HTLE1,26004,Hotel Emerald (Towards Hoskote),13.08266,77.81852,,nan
Hotel Emerald,nan,HTLE1,32981,Hotel Emerald (Towards Kolara),13.08306,77.81843,,nan
Hoysala Nagara,nan,HYSNGR,26006,Hoysala Nagara (Towards B Channasandra),13.01668,77.66891,,nan
Hoysala Nagara,nan,HYSNGR,32982,Hoysala Nagara (Towards TC Palya),13.01669,77.66888,,nan
Huchammanadoddi,nan,HCMD1,39379,Huchammanadoddi (Towards Dombaradoddi),12.71286,77.39131,,nan
Huchammanadoddi,nan,HCMD1,39380,Huchammanadoddi (Towards Bidadi),12.71287,77.39128,,nan
Hugarapalya,nan,jghty,26033,Hugarapalya (Towards Aralalusandra),12.73341,77.4606,,nan
Hugarapalya,nan,jghty,32989,Hugarapalya (Towards Managanahalli (Kankapura Road)),12.73345,77.4606,,nan
Hulimangala,nan,HLIMNG,26036,Hulimangala (Towards Hulimangala Cross),12.81782,77.63721,,nan
Hulimangala,nan,HLIMNG,35216,Hulimangala (Towards Bingipura),12.81771,77.63712,,nan
Hulimangala,nan,HLMG2,37896,Hulimangala (Towards Hulimangala Hoskote),12.95649,77.89969,,nan
Hulimangala,nan,HLMG2,37897,Hulimangala (Towards Malur Road),12.95653,77.89965,,nan
Hulimangala Cross,nan,HLIMNG,26040,Hulimangala Cross (Towards Koppa),12.82719,77.62316,,nan
Hulimangala Cross,nan,HLIMNG,32991,Hulimangala Cross (Towards Jally Machine),12.82717,77.62312,,nan
Hulimangala Cross,nan,HMGLC,32992,Hulimangala Cross (Towards Hulimangala),12.81394,77.63736,,nan
Hulimangala Cross,nan,HMGLC,32993,Hulimangala Cross (Towards Nanjapura Road),12.8139,77.63752,,nan
Hulimangala Hosakote,nan,HMNLH,36228,Hulimangala Hosakote (Towards LAST BUS  STOP),12.96212,77.89883,,nan
Hulimavu,nan,HULIMGTHULIM,26042,Hulimavu (Towards Hulimavu Gate),12.87702,77.6024,,nan
Hulimavu,nan,HULIMGTHULIM,32994,Hulimavu (Towards Hulimavu),12.87718,77.60221,,nan
Hulimavu Gate,nan,HMG,22749,Hulimavu Gate (Towards Bannerughatta),12.8822,77.59623,,nan
Hulimavu Gate,nan,HMG,22763,Hulimavu Gate (Towards Bilekahalli),12.88167,77.59589,,nan
Hulimavu Gate 80 Feet Road,nan,HMLG80,39768,Hulimavu Gate 80 Feet Road (Towards Arikere/Meenakshi Temple),12.88423,77.59666,,nan
Hulimavu Gate 80 Feet Road,nan,HMLG80,39771,Hulimavu Gate 80 Feet Road (Towards BTM4th Stage RTO Office),12.88438,77.59665,,nan
Hullahalli Cross,nan,HLHCR,24146,Hullahalli Cross (Towards Hullahalli Village),12.82761,77.62325,,nan
Hullahalli Cross,nan,HLHCR,24156,Hullahalli Cross (Towards Beguru),12.82802,77.62331,,nan
Hullahalli Village,nan,HLHV1,24155,Hullahalli Village (Towards Shikaripalya),12.82696,77.61631,,nan
Hullahalli Village,nan,HLHV1,24167,Hullahalli Village (Towards Chinnaiahnapalya),12.82693,77.61639,,nan
Hullegowdanahalli,nan,HGH12,32995,Hullegowdanahalli (Towards Kenganahalli),13.06047,77.40653,,nan
Hullegowdanahalli,nan,HGH13,26045,Hullegowdanahalli (Towards Nelamangala),13.06041,77.40654,,nan
Hullegowdanahalli Cross,nan,HGH12,26035,Hullegowdanahalli Cross (Towards Shivanapura),13.06843,77.39472,,nan
Hullegowdanahalli Cross,nan,HGH12,32990,Hullegowdanahalli Cross (Towards Nelamangala),13.06838,77.39468,,nan
Huluvenahalli,nan,HLVHL1,26051,Huluvenahalli (Towards Magadi),12.88935,77.18402,,nan
Huluvenahalli,nan,HLVHL1,32997,Huluvenahalli (Towards Heligehalli Colony),12.88929,77.184,,nan
Huluvenahalli,nan,HLVNH1,32998,Huluvenahalli (Towards Kudusiddanapalya),12.91955,77.36538,,nan
Huluvenahalli Gate,nan,HLVNHLG,26053,Huluvenahalli Gate (Towards Madapatna),12.92005,77.3686,,nan
Huluvenahalli Gate,nan,HLVNHLG,33000,Huluvenahalli Gate (Towards Chandrappa Circle),12.92007,77.36864,,nan
Hunasamaranahalli,nan,HNSM1,26056,Hunasamaranahalli (Towards Hosahalli),13.14433,77.6181,,nan
Hunasamaranahalli,nan,HNSM1,33001,Hunasamaranahalli (Towards Devanahalli),13.14519,77.6174,,nan
Hunasamaranahalli,nan,HNSM1,33002,Hunasamaranahalli (Towards Yalahanka),13.14427,77.61777,,nan
Hunasamaranahalli FLY,nan,HNMHF,39280,Hunasamaranahalli FLY (Towards Kempegowda International Airport),13.1443,77.61742,,nan
Hunasamaranahalli FLY,nan,HNMHF,39281,Hunasamaranahalli FLY (Towards Hebbala),13.14434,77.61759,,nan
Hunaseghattapalya,nan,HUNSEGHT,26058,Hunaseghattapalya (Towards Avalakuppe Cross),13.02603,77.34856,,nan
Hunaseghattapalya,nan,HUNSEGHT,33003,Hunaseghattapalya (Towards Nelamangala),13.02596,77.34853,,nan
Hunasemara,nan,HNSM,21534,Hunasemara (Towards KR Market),12.97532,77.56521,,nan
Hunasemara,nan,HNSM,21535,Hunasemara (Towards Magadi Road Tollgate),12.97528,77.56504,,nan
Hunasemara,nan,HUSM,22061,Hunasemara (Towards Banashankari Bus Station),12.91966,77.57423,,nan
Hunasemaradapalya,nan,HMRDP,26060,Hunasemaradapalya (Towards Kengeri),12.91524,77.44476,,nan
Hunasemaradapalya,nan,HMRDP,33004,Hunasemaradapalya (Towards Bettanahalli),12.91521,77.44486,,nan
Hunasenahalli,nan,HNUSHLI,26062,Hunasenahalli (Towards Mallasandra),13.00964,77.82591,,nan
Hunasenahalli,nan,HNUSHLI,33005,Hunasenahalli (Towards Makanahalli),13.00966,77.82599,,nan
Hunasuru,nan,HNUS,26064,Hunasuru (Towards Singahalli),13.18006,77.71258,,nan
Hunasuru,nan,HNUS,33006,Hunasuru (Towards Mylanahalli),13.1801,77.71253,,nan
Hunasuru Junction,nan,HNRJN,38623,Hunasuru Junction (Towards Kadayarappanahalli),13.18086,77.71474,,nan
Hunasuru Junction,nan,HNRJN,38624,Hunasuru Junction (Towards Singahalli),13.1809,77.71486,,nan
Hunnigere,nan,HNGR,33007,Hunnigere (Towards Baleveeranahalli),13.0326,77.39647,,nan
Hunnigere,nan,HNGR,33009,Hunnigere (Towards Gerahalli),13.03263,77.3964,,nan
Hunnigere,nan,HNGR1,26068,Hunnigere (Towards Kudusiddanapalya),12.92291,77.36866,,nan
Hunnigere,nan,HNGR1,33008,Hunnigere (Towards Dodda Aladamara),12.92292,77.36871,,nan
Hunnigere Cross,nan,HNGRC,26070,Hunnigere Cross (Towards Sondekoppa),13.03928,77.39112,,nan
Hunnigere Cross,nan,HNGRC,33010,Hunnigere Cross (Towards Nelamangala),13.03914,77.39107,,nan
Huralagere,nan,HLG1,37329,Huralagere (Towards Malur Road),12.98836,77.90083,,nan
Huralagere,nan,HLG1,37330,Huralagere (Towards L Mallasandra),12.98833,77.9009,,nan
Huralagurki Cross,nan,HRGCS,40392,Huralagurki Cross (Towards Chikkaballapura),13.34608,77.72552,,nan
Huralagurki Cross,nan,HRGCS,40393,Huralagurki Cross (Towards Devanahalli),13.34631,77.72566,,nan
Hurali Chikkanahalli,nan,HCKH,20847,Hurali Chikkanahalli (Towards Hesarghatta),13.11592,77.48276,,nan
Hurali Chikkanahalli,nan,HCKH,21536,Hurali Chikkanahalli (Towards Chikkabanavara),13.1159,77.48279,,nan
Huskur,nan,HSKU,33013,Huskur (Towards Chikkanagamangala Gate),12.86143,77.70516,,nan
Huskur,nan,HSKU,33014,Huskur (Towards Gattahalli),12.86147,77.70524,,nan
Huskur,nan,HSUR,26076,Huskur (Towards Hoskote),13.06061,77.76269,,nan
Huskur,nan,HSUR,33012,Huskur (Towards Bendignahalli),13.06053,77.76261,,nan
Huskur Bare,nan,HSKC,26078,Huskur Bare (Towards Railway Gollahalli),13.13697,77.43924,,nan
Huskur Bare,nan,HSKC,33015,Huskur Bare (Towards Hesarghatta),13.137,77.43923,,nan
Huskur Cross,nan,HKVC2,26080,Huskur Cross (Towards Makali),13.12048,77.42319,,nan
Huskur Cross,nan,HKVC2,33016,Huskur Cross (Towards Huskur),13.12046,77.42314,,nan
Huskur Gate,nan,HSKGT,22063,Huskur Gate (Towards Attibele),12.8361,77.67942,,nan
Huskur Gate,nan,HSKGT,23499,Huskur Gate (Towards Huskur),12.83633,77.67952,,nan
Huskur Gate,nan,HSKGT,39789,Huskur Gate (Towards Depot-19),12.83614,77.67942,,nan
Huskur Gate,nan,HSKGT1,22064,Huskur Gate (Towards Electronic City),12.83603,77.67916,,nan
Huskur Village,nan,HKV1,26082,Huskur Village (Towards Huskur Last Stop),13.12328,77.43096,,nan
Huskur Village,nan,HKV1,33017,Huskur Village (Towards Makali),13.12327,77.43106,,nan
Huttanahalli,nan,HNHR,31518,Huttanahalli (Towards Vidya Nagara),13.16555,77.65147,,nan
Huttanahalli,nan,HNHR,34940,Huttanahalli (Towards Kolipura),13.16563,77.65163,,nan
Huttanahalli Basaveshwara Circle,nan,HBC,37947,Huttanahalli Basaveshwara Circle (Towards Huttanahalli/ Huttanahalli Cross),13.16275,77.64701,,nan
Huttanahalli Basaveshwara Circle,nan,HBC,39463,Huttanahalli Basaveshwara Circle (Towards Vidyanagara Cross),13.16269,77.64701,,nan
Huttanahalli Dinne,nan,HTHD,39464,Huttanahalli Dinne (Towards Basaveshwara Circle),13.1586,77.64661,,nan
Huttanahalli Dinne,nan,HTHD,39465,Huttanahalli Dinne (Towards Depot-52/Bagalur),13.15864,77.64662,,nan
Hyadalu,nan,HDU2,26084,Hyadalu (Towards Nelamangala),13.1401,77.41028,,nan
Hyadalu,nan,HDU2,33018,Hyadalu (Towards Madhure),13.1401,77.41023,,nan
Hysalanagara Ganapathi Temple,nan,HSLNVC,26008,Hysalanagara Ganapathi Temple (Towards Horamavu),13.01992,77.66603,,nan
Hysalanagara Ganapathi Temple,nan,HSLNVC,32983,Hysalanagara Ganapathi Temple (Towards Last Bus Stop),13.01975,77.66602,,nan
Hyundai Showroom Mysore Road,nan,HSR MRD1,38975,Hyundai Showroom Mysore Road (Towards Kengeri Bus Stand),12.92703,77.50166,,nan
Hyundai Showroom Mysore Road,nan,HSR MRD1,38976,Hyundai Showroom Mysore Road (Towards Nayandahalli),12.92754,77.50204,,nan
I Basapura,nan,IBSP1,26088,I Basapura (Towards Vijayapura),13.24219,77.82194,,nan
I Basapura,nan,IBSP1,33019,I Basapura (Towards Sugaturu),13.24273,77.82252,,nan
I Basapura,nan,IBSP1,33020,I Basapura (Towards Gopasandra),13.2427,77.82258,,nan
I Basapura Gate(Theneyuru),nan,TIBP,26089,I Basapura Gate(Theneyuru) (Towards I Basapura),13.22602,77.83624,,nan
I Gate,nan,IGAT,20848,I Gate (Towards Kundalahalli Gate),12.97717,77.71882,,nan
I Gate,nan,IGAT,20849,I Gate (Towards ITPL),12.97734,77.71863,,nan
IAF Jalahalli,nan,IAF8,22065,IAF Jalahalli (Towards Jalahalli Cross),13.0536,77.5308,,nan
IAF Jalahalli,nan,IAF8,22066,IAF Jalahalli (Towards Gangamma Circle),13.05358,77.53075,,nan
IBM Gate,nan,IBMK,26093,IBM Gate (Towards Mestripalya),13.05757,77.62631,,nan
IBM Gate,nan,IBMK,33022,IBM Gate (Towards Nagavara),13.05762,77.62624,,nan
IGNOU Singena Agrahara,nan,IGNOUS1,38828,IGNOU Singena Agrahara (Towards Last Stop),12.83796,77.70286,,nan
IGNOU Singena Agrahara,nan,IGNOUS1,38829,IGNOU Singena Agrahara (Towards Sampige Nagara),12.83793,77.7028,,nan
IIHS Sadashivanagara,nan,BSMC7,39018,IIHS Sadashivanagara (Towards Start Point),13.00544,77.58069,,nan
ISHA FOUNDATION,nan,ISFNTN,38887,ISHA FOUNDATION (Towards Last Stop),13.47421,77.69952,,nan
ISKCON Temple Maruthinagara,nan,ISKNTG,38914,ISKCON Temple Maruthinagara (Towards Last Stop),12.8878,77.54888,,nan
ISRO Layout,nan,ILO,22080,ISRO Layout (Towards Pipe Line),12.89978,77.5585,,nan
ISRO Layout,nan,ILO,22081,ISRO Layout (Towards Kumaraswamy Layout),12.89958,77.5583,,nan
ISRO Layout CRPF,nan,ISROCRPF,26164,ISRO Layout CRPF (Towards Nagenahalli Gate),13.1349,77.58288,,nan
ISRO Layout CRPF,nan,ISROCRPF,33050,ISRO Layout CRPF (Towards Gantaganahalli),13.13492,77.58284,,nan
ISRO Murugeshpalya,nan,ISROM1,36395,ISRO Murugeshpalya (Towards HAL),12.95961,77.65453,,nan
ISRO Quarters Jalahalli,nan,ISROQ,26166,ISRO Quarters Jalahalli (Towards HMT Auditorium),13.04513,77.5349,,nan
ISRO Quarters Jalahalli,nan,ISROQ,33051,ISRO Quarters Jalahalli (Towards ISRO Quarters Jalahalli),13.04509,77.53484,,nan
IT Park Bagalur,nan,ITPBL,26174,IT Park Bagalur (Towards KIADB Circle),13.16094,77.70835,,nan
IT Park ಭagalur,nan,ITPBL,26175,ಐಟಿ ಪಾರ್ಕ್ ಬಾಗಲೂರು (ಟುವರ್ಡ್ಸ್  ಹೂವಿನಾಯಕನಹಳ್ಳಿ ಕ್ರಾಸ್),13.16089,77.70854,,nan
ITC Factory,nan,ITCF3,36721,ITC Factory (Towards Sindhi Colony Cox Town),12.99839,77.62389,,nan
ITC Factory,nan,ITCFY,22082,ITC Factory (Towards Banasawadi),12.99821,77.62324,,nan
ITC Factory,nan,ITCFY,22083,ITC Factory (Towards Coles Park),12.9986,77.62211,,nan
ITC Factory,nan,ITF,26177,ITC Factory (Towards Sadahalli Gate),13.18669,77.64285,,nan
ITC Factory,nan,ITF,33055,ITC Factory (Towards Venkatala),13.18644,77.64325,,nan
ITC Factory Fly,nan,ITCF3,38562,ITC Factory Fly (Towards FLY),12.99847,77.62384,,nan
ITI Circle,nan,ITIC,22084,ITI Circle (Towards KR Puram),13.0079,77.68338,,nan
ITI Circle,nan,ITIC,22085,ITI Circle (Towards B Channasandra),13.00782,77.68335,,nan
ITI Colony Gate,nan,ITIG,20863,ITI Colony Gate (Towards Hoskote),13.00532,77.68522,,nan
ITI Colony Gate,nan,ITIG,20864,ITI Colony Gate (Towards Kempegowda Bus Station),13.00503,77.68506,,nan
ITI Colony Gate,nan,ITIG,22086,ITI Colony Gate (Towards B Channasandra),13.00516,77.6849,,nan
ITI Layout,nan,ITIL2,33056,ITI Layout (Towards Sadashiva Nagara),13.03394,77.56869,,nan
ITI Layout,nan,ITIL2,33061,ITI Layout (Towards Devasandra Chilkkamaranahalli),13.03391,77.5686,,nan
ITI Layout,nan,ITILK,33057,ITI Layout (Towards Vidyapeeta Circle),12.93346,77.55777,,nan
ITI Layout,nan,ITILK,33060,ITI Layout (Towards Vivekananda Nagara),12.93347,77.55782,,nan
ITI Layout,nan,ITILO,33058,ITI Layout (Towards Byadarahalli),12.96784,77.50223,,nan
ITI Layout,nan,ITILO,33059,ITI Layout (Towards Deepa Complex),12.96788,77.50227,,nan
ITI Layout Cross,nan,ITILOC9,26192,ITI Layout Cross (Towards Kengunte Circle),12.96197,77.4981,,nan
ITI Layout Cross,nan,ITILOC9,33064,ITI Layout Cross (Towards Mallathahalli Kere),12.96189,77.49811,,nan
ITPL,nan,ITL,20865,ITPL (Towards Kempegowda Bus Station),12.98754,77.73636,,nan
ITPL,nan,ITL,20866,ITPL (Towards Hope Farm),12.98766,77.73704,,nan
ITPL Back Gate Big Bazzar,nan,BBZ,36251,ITPL Back Gate Big Bazzar (Towards White Field TTMC),12.9863,77.73171,,nan
ITPL Back Gate Big Bazzar,nan,ITPLBG,36250,ITPL Back Gate Big Bazzar (Towards Pattanduru Agrahara),12.98658,77.73165,,nan
ITPL Metro Station,nan,ITPL,38121,ITPL Metro Station (Towards Hope Form),12.98774,77.7373,,nan
ITPL Metro Station,nan,ITPL,38122,ITPL Metro Station (Towards Pattanduru Agrahara),12.98754,77.7373,,nan
Ibbaluru,nan,IBLU1,20850,Ibbaluru (Towards Central Silk Board),12.92129,77.66217,,nan
Ibbaluru,nan,IBLU2,20851,Ibbaluru (Towards Hebbala),12.9216,77.66176,,nan
Ibbaluru,nan,IBLU2,35771,Ibbaluru (Towards Koramangala),12.92135,77.66195,,nan
Ice Factory Veerananjipura,nan,ICFG,26094,Ice Factory Veerananjipura (Towards Veerananjipura),13.12844,77.36744,,nan
Ichangur,nan,ICR1,26097,Ichangur (Towards Guest Line),12.77163,77.74198,,nan
Ichangur,nan,ICR1,33023,Ichangur (Towards Kambalipura),12.77163,77.74207,,nan
Ideal Homes,nan,IDLH,26103,Ideal Homes (Towards BEML Layout 5th Stage),12.92282,77.51845,,nan
Ideal Homes,nan,IDLH,33024,Ideal Homes (Towards RR Gate),12.92278,77.51842,,nan
Iggluru,nan,IGGLRU,23835,Iggluru (Towards Ramakrishnapura Gate),12.78647,77.70328,,nan
Iggluru,nan,IGGLRU,23983,Iggluru (Towards Chandapura),12.78644,77.70319,,nan
Ilathore,nan,ILTR1,30986,Ilathore (Towards IVC Road),13.22094,77.64473,,nan
Ilathore,nan,ILTR1,33442,Ilathore (Towards Jogahalli),13.22094,77.64475,,nan
Ilathore Cross,nan,Elthore,26105,Ilathore Cross (Towards Kempalinganahalli Cross),13.23071,77.64478,,nan
Ilathore Cross,nan,Elthore,33025,Ilathore Cross (Towards Uganawadi),13.23075,77.64479,,nan
Ilyas Nagara,nan,INRJ,26111,Ilyas Nagara (Towards Kadirenahalli),12.90838,77.5704,,nan
Ilyas Nagara Junction,nan,INRJ,26110,Ilyas Nagara Junction (Towards Sarakki),12.90856,77.57039,,nan
Immadihalli,nan,IMDHLI1,23559,Immadihalli (Towards Nagondanahalli),12.96674,77.76313,,nan
Immadihalli,nan,IMDHLI1,23562,Immadihalli (Towards White Field),12.96669,77.76309,,nan
Immadihalli,nan,IMDLI3,23687,Immadihalli (Towards Immadihalli),12.96588,77.76326,,nan
Inchara Hotel JP Nagar,nan,ICRH,37836,Inchara Hotel JP Nagar (Towards Royal School),12.90272,77.5858,,nan
Inchara Hotel JP Nagar,nan,INCHL,27559,Inchara Hotel JP Nagar (Towards R V Dental College),12.90252,77.5832,,nan
Inchara Hotel/Zaitoon,nan,INCRH,38510,Inchara Hotel/Zaitoon (Towards JPN 15th Cross),12.90057,77.58582,,nan
Income Tax Layout,nan,INTAX,20852,Income Tax Layout (Towards Chandra Layout),12.96007,77.53112,,nan
Income Tax Layout,nan,INTAX,20853,Income Tax Layout (Towards Attiguppe),12.96014,77.53108,,nan
Indian Air Force,nan,YLGAFS1,26090,Indian Air Force (Towards Yalahanka),13.13092,77.6153,,nan
Indian Air Force,nan,YLGAFS1,33030,Indian Air Force (Towards Devanahalli),13.13103,77.61503,,nan
Indian Air Force FLY,nan,IAFF1,39276,Indian Air Force FLY (Towards Kempegowda International Airport),13.13116,77.61509,,nan
Indian Air Force FLY,nan,IAFF1,39277,Indian Air Force FLY (Towards Hebbala),13.13153,77.61544,,nan
Indian Express,nan,BKNDRC,35192,Indian Express (Towards Museum),12.98402,77.59716,,nan
Indian Express,nan,BLKDRC,26121,Indian Express (Towards Vasanthnagara),12.98387,77.59645,,nan
Indian Express,nan,BLKDRC,35138,Indian Express (Towards Vidhana Soudha),12.98362,77.59646,,nan
Indian Express,nan,INDEX,20855,Indian Express (Towards Shivaji Nagara),12.98408,77.59827,,nan
Indian Express,nan,INDEX,20857,Indian Express (Towards MG Road),12.98393,77.5974,,nan
Indian Express,nan,INDEX,22068,Indian Express (Towards Cunningham Road),12.98421,77.59735,,nan
Indian Institute of Horticultural Research,nan,IIHFR,33033,Indian Institute of Horticultural Research (Towards Ivarukandapura),13.13542,77.49096,,nan
Indian Institute of Horticultural Research TB,nan,IIHFR,26123,Indian Institute of Horticultural Research TB (Towards Hesarughatta TB Cross),13.13542,77.49099,,nan
Indian Oil,nan,INDOL,27947,Indian Oil (Towards Kammanahalli),13.00488,77.63714,,nan
Indian Oil,nan,INDOL1,22071,Indian Oil (Towards Coles Park),13.00548,77.63871,,nan
Indian Oil,nan,IOC3,22070,Indian Oil (Towards Banasawadi),13.00598,77.63877,,nan
Indian Oil Petrol Bunk,nan,IOPB1,40478,Indian Oil Petrol Bunk (Towards Gangodanahalli Cross),13.03153,77.4642,,nan
Indian Oil Petrol Bunk,nan,IOPB1,40479,Indian Oil Petrol Bunk (Towards Lakshmipura),13.03156,77.46414,,nan
Indira Canteen (DESI MASALA),nan,INDCT1,38582,Indira Canteen (DESI MASALA) (Towards Banasawadi),13.01759,77.65205,,nan
Indira Canteen (DESI MASALA),nan,INDCT2,38581,Indira Canteen (DESI MASALA) (Towards Horamaavu),13.01772,77.65219,,nan
Indira Nursing Home,nan,INDNH1,23681,Indira Nursing Home (Towards Monotype Corporation),12.92921,77.56441,,nan
Indira Nursing Home,nan,INDNH1,23733,Indira Nursing Home (Towards Devegowda Petrol Bunk),12.92907,77.5646,,nan
Indira Priyadarshini Nagara,nan,IPN,33034,Indira Priyadarshini Nagara (Towards Indira Priyadarshini Nagara),13.00712,77.51729,,nan
Indiragandhi Circle,nan,IC CR,24040,Indiragandhi Circle (Towards RV Dentel College),12.91095,77.57876,,nan
Indiragandhi Circle,nan,IC CR,35193,Indiragandhi Circle (Towards Sarakki Market),12.91088,77.57862,,nan
Indiranagar Grama,nan,INGRM,39136,Indiranagar Grama (Towards Mahimapura Temple),13.18534,77.28468,,nan
Indiranagar Grama,nan,INGRM,39137,Indiranagar Grama (Towards Kere Kattiganuru),13.18512,77.28449,,nan
Indiranagara,nan,INDNG,26129,Indiranagara (Towards Thigalarapalya),13.02768,77.4938,,nan
Indiranagara,nan,INDNG,33035,Indiranagara (Towards 8th Mile),13.02772,77.4937,,nan
Indiranagara 100ft Road,nan,IND100FT,22072,Indiranagara 100ft Road (Towards Domlur),12.96711,77.64154,,nan
Indiranagara 100ft Road,nan,IND100FT,22073,Indiranagara 100ft Road (Towards NEW Horizan College),12.96658,77.64141,,nan
Indiranagara 12th Main,nan,INDR12,26131,Indiranagara 12th Main (Towards KFC),12.97026,77.64122,,nan
Indiranagara 12th Main,nan,INDR12,33036,Indiranagara 12th Main (Towards Domluru),12.97035,77.64134,,nan
Indiranagara 6th Main,nan,INDRN6,21999,Indiranagara 6th Main (Towards Dhupanahalli),12.974,77.64118,,nan
Indiranagara 6th Main,nan,INDRN6,22000,Indiranagara 6th Main (Towards Old Madras Road),12.974,77.64103,,nan
Indiranagara Metro Station,nan,INM,26134,Indiranagara Metro Station (Towards Halasuru),12.97826,77.6386,,nan
Indiranagara Metro Station,nan,INM,33037,Indiranagara Metro Station (Towards Indiranagara Police Station),12.97849,77.63848,,nan
Indiranagara Police Station/KFC,nan,KFCIPDR,22387,Indiranagara Police Station/KFC (Towards Domlur Bridge ),12.9781,77.64094,,nan
Indiranagara Police Station/KFC,nan,KFCIPDR,22388,Indiranagara Police Station/KFC (Towards Halasuru),12.97833,77.64065,,nan
Indiranagara Police Station/KFC,nan,KFCPS3,22390,Indiranagara Police Station/KFC (Towards Chinmaya Hospital),12.97849,77.6412,,nan
Indiranagara Police Station/KFC,nan,kfcps2,22389,Indiranagara Police Station/KFC (Towards Old Madras Road),12.97857,77.6408,,nan
Indlavadi,nan,INDLWD,26136,Indlavadi (Towards Aduru),12.72827,77.63875,,nan
Indlavadi,nan,INDLWD,33038,Indlavadi (Towards Chikka Indlawadi),12.72822,77.63875,,nan
Indlavadi Cross,nan,INDLWDC,24092,Indlavadi Cross (Towards Gowrenahalli),12.73197,77.67088,,nan
Indlavadi Cross,nan,INDLWDC,24217,Indlavadi Cross (Towards Suragajakkanahalli),12.73193,77.67082,,nan
Indlubele,nan,INDBLE,22074,Indlubele (Towards Attibele),12.79089,77.77629,,nan
Indlubele,nan,INDBLE,22075,Indlubele (Towards Sarjapura),12.79079,77.77618,,nan
Indo American Hybrid Farm,nan,IAHF,22076,Indo American Hybrid Farm (Towards Uttarahalli),12.90406,77.51236,,nan
Indo American Hybrid Farm,nan,IAHF,22077,Indo American Hybrid Farm (Towards Kengeri),12.90402,77.51245,,nan
Indo Dyanish Farm,nan,IDF,33040,Indo Dyanish Farm (Towards Byatha),13.16126,77.48011,,nan
Indo Dyanish Farm,nan,IDF1,26140,Indo Dyanish Farm (Towards Hesaraghatta),13.16133,77.48019,,nan
Indoor Stadium,nan,INDRSDM,23935,Indoor Stadium (Towards Koramangala TTMC),12.94272,77.62259,,nan
Indoor Stadium,nan,INDRSDM,23946,Indoor Stadium (Towards Neelasandra),12.94262,77.62251,,nan
Indrasanahalli,nan,INDR,26142,Indrasanahalli (Towards Thindlu Circle),13.22588,77.61388,,nan
Indrasanahalli,nan,INDR,33041,Indrasanahalli (Towards Nagamangala),13.22594,77.61388,,nan
Industrial Area Rajajinagara,nan,RJNAR,22078,Industrial Area Rajajinagara (Towards Vijayanagara),12.98202,77.54905,,nan
Industrial Area Rajajinagara,nan,RJNAR,22079,Industrial Area Rajajinagara (Towards Navarang),12.98206,77.5487,,nan
Industrial Area Water Tank Bommasandra,nan,BMSINDAR,23876,Industrial Area Water Tank Bommasandra (Towards Jigani),12.81695,77.67627,,nan
Industrial Area Water Tank Bommasandra,nan,BMSINDAR,23890,Industrial Area Water Tank Bommasandra (Towards Bommasandra),12.817,77.67616,,nan
Industrial Town Rajajinagara,nan,shtgt3,21538,Industrial Town Rajajinagara (Towards Dasarahalli Kere),12.98447,77.54837,,nan
Industrial Town Rajajinagara,nan,shtgt3,24068,Industrial Town Rajajinagara (Towards Rajajinagara Dobhi Ghat),12.98453,77.54819,,nan
Infosys Parking Lot,nan,INFLT1,20858,Infosys Parking Lot (Towards Electronic City),12.84993,77.66299,,nan
Injanahalli,nan,INJHLI,26149,Injanahalli (Towards Hoskote),13.06301,77.8838,,nan
Injanahalli,nan,INJHLI,33044,Injanahalli (Towards Umalu),13.06308,77.88382,,nan
InoorDoddy,nan,INRDI,26152,InoorDoddy (Towards Girigowdana Doddy),12.71697,77.52492,,nan
Inorapalya,nan,INRPL,39288,Inorapalya (Towards Kengeri),12.84025,77.41707,,nan
Iskcon Temple,nan,ISKcON,20859,Iskcon Temple (Towards Vijayanagara),13.01174,77.55174,,nan
Iskcon Temple,nan,ISKcON,20860,Iskcon Temple (Towards Yashwanthapura),13.0116,77.55103,,nan
Iskcon Vaikunta Temple (Vasanthapura),nan,IVTV,39584,Iskcon Vaikunta Temple (Vasanthapura) (Towards Art of Living Sri Ravishankar Ashram),12.89291,77.54947,,nan
Islampura,nan,ISLMP,26159,Islampura (Towards Nelamangala),13.12131,77.38582,,nan
Islampura,nan,ISLMP,33048,Islampura (Towards Kanegowdanahalli),13.1211,77.38582,,nan
Islampura Cross,nan,ISMP,26161,Islampura Cross (Towards Nelamangala),13.11312,77.38879,,nan
Islampura Cross,nan,ISMP,33049,Islampura Cross (Towards Madhure),13.11311,77.38874,,nan
Isthurmatti,nan,ISTRM,26171,Isthurmatti (Towards Mauppadighatta),13.22896,77.42762,,nan
Isthurmatti,nan,ISTRM,33053,Isthurmatti (Towards Sampadipur),13.229,77.42765,,nan
Isturu Cross,nan,nan,38843,Isturu Cross (Towards Doddahejjaji),13.21708,77.43119,,nan
Isuvanahalli,nan,ISVNHL,26173,Isuvanahalli (Towards Byranayakanahalli),13.20218,77.33784,,nan
Isuvanahalli,nan,ISVNHL,33054,Isuvanahalli (Towards Isuvanahalli Last Stop),13.20213,77.33788,,nan
Ittagalpura,nan,ITGLPG1,26194,Ittagalpura (Towards Rajanukunte),13.17078,77.54228,,nan
Ittagalpura,nan,ITGLPG1,33065,Ittagalpura (Towards Byatha),13.1707,77.54239,,nan
Ittagalpura Cross,nan,ITGLPG1,26196,Ittagalpura Cross (Towards Kakolu),13.17461,77.54267,,nan
Ittagalpura Cross,nan,ITGLPG1,33066,Ittagalpura Cross (Towards Rajanukunte),13.1747,77.54259,,nan
Ittagalpura Gate,nan,ITGLPG1,26198,Ittagalpura Gate (Towards Rajanukunte),13.17012,77.55025,,nan
Ittagalpura Gate,nan,ITGLPG1,33067,Ittagalpura Gate (Towards Madhure),13.17008,77.55028,,nan
Ittamadu,nan,ITMD2,26200,Ittamadu (Towards Thore Doddy),12.75659,77.40471,,nan
Ittamadu,nan,ITMD2,33068,Ittamadu (Towards Bananduru),12.75661,77.40465,,nan
Ittamadu,nan,ITMDU,35090,Ittamadu (Towards AGS Layout Cross),12.91966,77.5424,,nan
Ittamadu 1,nan,ITMDU,24343,Ittamadu 1 (Towards Janatha Bazar),12.91963,77.54234,,nan
Ittanguru,nan,ITGR1,26202,Ittanguru (Towards Nerige),12.88205,77.78861,,nan
Ittanguru,nan,ITGR1,33069,Ittanguru (Towards Sarjapura),12.882,77.78863,,nan
Ittige Factory,nan,ITGF,33071,Ittige Factory (Towards Giddapanahalli),13.17465,77.80847,,nan
Ittige Factory,nan,ITGF,33072,Ittige Factory (Towards Sulibele),13.17456,77.80853,,nan
Ittige Factory,nan,ITGF12,33073,Ittige Factory (Towards New Byrohalli),12.91999,77.46129,,nan
Ittige Factory,nan,ITGF12,33074,Ittige Factory (Towards Kengeri),12.92002,77.46114,,nan
Ittige Factory,nan,JLIMC,22088,Ittige Factory (Towards Kogilu),13.10244,77.62918,,nan
Ittige Factory,nan,JLIMC,31848,Ittige Factory (Towards Agrahara Layout),13.10248,77.6277,,nan
Ittige Factory,nan,JLIMC1,22087,Ittige Factory (Towards Bellahalli Cross),13.10252,77.62918,,nan
Ivarukandapura,nan,IKDP1,26212,Ivarukandapura (Towards Shivakote),13.1377,77.49446,,nan
Ivarukandapura,nan,IKDP1,33076,Ivarukandapura (Towards Hesarughatta TB Cross),13.1377,77.49449,,nan
J Srinivasa Reddy Layout,nan,JLO2,26214,J Srinivasa Reddy Layout (Towards Anjanapura),12.86398,77.55394,,nan
JBN Petrol Bunk,nan,PTBK,35941,JBN Petrol Bunk (Towards Indiranagara Police station),12.96739,77.65645,,nan
JC Nagara,nan,KJCN,33125,JC Nagara (Towards Kurubarahalli),13.00606,77.53499,,nan
JC Nagara,nan,MRP,33123,JC Nagara (Towards Mekhri Circle),13.00505,77.5939,,nan
JC Nagara Kurubarahalli,nan,KJCN,34811,JC Nagara Kurubarahalli (Towards Last Stop),13.00592,77.53494,,nan
JHBCS Layout,nan,JHBLOUT,26329,JHBCS Layout (Towards Banashankari Bus Station),12.91136,77.56329,,nan
JHBCS Layout,nan,JHBLOUT,33130,JHBCS Layout (Towards Minaz nagara),12.91133,77.56334,,nan
JK Basavanna Nagara,nan,JKBSN,38429,JK Basavanna Nagara (Towards Last Stop),13.1028,77.53692,,nan
JP Nagara 15th Cross,nan,JPN 15th CR,30456,JP Nagara 15th Cross (Towards Delmiya Circle),12.90639,77.58758,,nan
JP Nagara 15th Cross,nan,JPN 15th Crs,35347,JP Nagara 15th Cross (Towards RV Dental College),12.90707,77.58567,,nan
JP Nagara 15th Cross,nan,JPN15,33177,JP Nagara 15th Cross (Towards JP Nagara 6th Phase),12.90665,77.58581,,nan
JP Nagara 15th Cross 1,nan,JPN 15th CR,31378,JP Nagara 15th Cross 1 (Towards JP Nagara 6th Phase),12.90626,77.58764,,nan
JP Nagara 1st Phase,nan,JPN 1st,23665,JP Nagara 1st Phase (Towards Sarakki),12.91125,77.57452,,nan
JP Nagara 1st Phase,nan,JPN 1st,24039,JP Nagara 1st Phase (Towards Indiragandhi Circle),12.91133,77.57458,,nan
JP Nagara 24th Main 9th Cross,nan,JP 24 9th,23663,JP Nagara 24th Main 9th Cross (Towards JP Nagara 1st Phase),12.91052,77.58315,,nan
JP Nagara 24th Main 9th Cross,nan,JP 24 9th,24041,JP Nagara 24th Main 9th Cross (Towards Jayanagara 5th Block),12.91059,77.58331,,nan
JP Nagara 3rd Phase,nan,JPN3ph-BLK,35233,JP Nagara 3rd Phase (Towards Jayadeva Hospital),12.90765,77.60035,,nan
JP Nagara 3rd Phase,nan,JPN3ph-DLMc,30457,JP Nagara 3rd Phase (Towards Jayadeva Hospital/Arakere),12.90716,77.59991,,nan
JP Nagara 3rd Phase,nan,JPN3ph-DLMc,35076,JP Nagara 3rd Phase (Towards Bilekahalli),12.90809,77.60045,,nan
JP Nagara 3rd Phase,nan,JPN3ph-DLMc,35126,JP Nagara 3rd Phase (Towards Dalmia Circle),12.90707,77.60015,,nan
JP Nagara 3rd Phase,nan,JPN3ph-DLMc,36198,JP Nagara 3rd Phase (Towards NS Palya),12.90854,77.60073,,nan
JP Nagara 5th Phase,nan,JPN 5,30461,JP Nagara 5th Phase (Towards JP Nagara 4th Phase),12.90637,77.59035,,nan
JP Nagara 5th Phase,nan,JPN 5,33179,JP Nagara 5th Phase (Towards JP Nagara 15th Cross),12.90621,77.59031,,nan
JP Nagara 6th Phase,nan,JPN 6th,33180,JP Nagara 6th Phase (Towards JP Nagara 15th Cross),12.90652,77.57765,,nan
JP Nagara 6th Phase,nan,JPN6ph-SRK,30463,JP Nagara 6th Phase (Towards Sarakki Signal),12.90634,77.57778,,nan
JP Nagara Metro Station,nan,JPNM,35926,JP Nagara Metro Station (Towards Kanakapura),12.908,77.57312,,nan
JP Nagara Metro Station,nan,JPNMS,38795,JP Nagara Metro Station (Towards Banashankari Bus Station),12.90795,77.57299,,nan
JP Nagara Water Tank,nan,JPNW,35203,JP Nagara Water Tank (Towards Jayanagara East End Circle),12.91374,77.59503,,nan
JSS College,nan,JSSC,22121,JSS College (Towards Uttarahalli),12.90392,77.50817,,nan
JSS College,nan,JSSC,22122,JSS College (Towards Kengeri),12.90387,77.50826,,nan
Jadenahalli,nan,JDNHL,26216,Jadenahalli (Towards Wonder La),12.83986,77.39529,,nan
Jadenahalli,nan,JDNHL,33078,Jadenahalli (Towards Thimmappanapalya),12.83983,77.39532,,nan
Jadigenahalli,nan,JDH1,26218,Jadigenahalli (Towards Kattagenahalli Gate),13.05191,77.85434,,nan
Jadigenahalli,nan,JDH1,33079,Jadigenahalli (Towards Hoskote),13.05173,77.85428,,nan
Jadigenahalli Hospital,nan,JDH1,26220,Jadigenahalli Hospital (Towards Kattagenahalli Gate),13.04648,77.85875,,nan
Jadigenahalli Hospital,nan,JDH1,33080,Jadigenahalli Hospital (Towards Hoskote),13.04634,77.85878,,nan
Jagadenahalli,nan,JDGH,39802,Jagadenahalli (Towards Lakkur),12.90957,77.87978,,nan
Jagadenahalli,nan,JDGH,39803,Jagadenahalli (Towards Chikka Tirupati),12.90957,77.87984,,nan
Jagajeevanram Nagara,nan,JJN1,33081,Jagajeevanram Nagara (Towards Sirsi Circle),12.96461,77.55486,,nan
Jai Bharath Nagara,nan,JBHNG,22089,Jai Bharath Nagara (Towards Banasawadi),13.00156,77.63032,,nan
Jai Bharath Nagara,nan,JBHNG,22090,Jai Bharath Nagara (Towards Coles Park),13.00153,77.6308,,nan
Jai Bheem Circle (Poornima Theatre),nan,JBCPRMT,21100,Jai Bheem Circle (Poornima Theatre) (Towards Town Hall),12.961,77.58802,,nan
Jai Bheem Circle (Poornima Theatre),nan,JBCPRMT,22676,Jai Bheem Circle (Poornima Theatre) (Towards Lalbagh Main Gate),12.96081,77.58814,,nan
Jai Bheem nagara (Ado Sonnahatti),nan,ADST,29447,Jai Bheem nagara (Ado Sonnahatti) (Towards Ado Sonnahatti),12.77798,77.71554,,nan
Jai Bheem nagara (Ado Sonnahatti),nan,ADST,35547,Jai Bheem nagara (Ado Sonnahatti) (Towards Thirumagondanahalli),12.77797,77.71547,,nan
Jai Bheema Nagara,nan,JBMN,26230,Jai Bheema Nagara (Towards Last Stop),12.91946,77.61567,,nan
Jai Bheema Nagara,nan,JBMN,35287,Jai Bheema Nagara (Towards BTM Layout 16th main),12.91944,77.61568,,nan
Jai Bhuvaneshwari Nagara,nan,JAIBHU,26232,Jai Bhuvaneshwari Nagara (Towards Nandini Layout),13.01422,77.53179,,nan
Jai Bhuvaneshwari Nagara,nan,JAIBHU,33085,Jai Bhuvaneshwari Nagara (Towards Kanteerava nagara),13.01419,77.53174,,nan
Jai Maruthi Nagara,nan,JMN,33087,Jai Maruthi Nagara (Towards Byranayakanahalli),13.18643,77.3813,,nan
Jai Maruthi Nagara,nan,JMN,33088,Jai Maruthi Nagara (Towards Railway Gollahalli),13.18638,77.38134,,nan
Jai Maruthi Nagara,nan,JMN4,26236,Jai Maruthi Nagara (Towards Nandini Layout),13.00758,77.53111,,nan
Jai Maruthi Nagara,nan,JMN4,33086,Jai Maruthi Nagara (Towards Ravi Badavane),13.00759,77.53118,,nan
Jai Maruthi Nagara Circle,nan,JMNC,33089,Jai Maruthi Nagara Circle (Towards Jai Maruthi Nagara),13.00993,77.53279,,nan
Jai Maruthi Nagara Circle,nan,JMNC1,26238,Jai Maruthi Nagara Circle (Towards Nandini Layout),13.00997,77.53282,,nan
Jain University Gate,nan,JNUCT,39936,Jain University Gate (Towards ‌Kanakapura),12.64168,77.43663,,nan
Jain University Gate,nan,JNUCT,39937,Jain University Gate (Towards Harohalli),12.64179,77.43646,,nan
Jakkanahalli,nan,JKH8,26242,Jakkanahalli (Towards T Begur),13.17996,77.34581,,nan
Jakkanahalli,nan,JKH8,33091,Jakkanahalli (Towards Jakkanahalli),13.17995,77.34575,,nan
Jakkanahalli Cross,nan,JKNHC1,26244,Jakkanahalli Cross (Towards T Begur),13.16541,77.33449,,nan
Jakkanahalli Cross,nan,JKNHC1,33092,Jakkanahalli Cross (Towards Thyamagondlu),13.16538,77.33446,,nan
Jakkasandra,nan,JKS1,23895,Jakkasandra (Towards Sarjapura),12.92481,77.63802,,nan
Jakkasandra,nan,JKS1,23920,Jakkasandra (Towards Dairy Circle),12.92454,77.63826,,nan
Jakkur,nan,JKR,33093,Jakkur (Towards Jakkur Government School),13.07926,77.60749,,nan
Jakkur,nan,JKUR,26246,Jakkur (Towards VRL Godown),13.07936,77.60742,,nan
Jakkur 18th Cross,nan,JKCS1,33094,Jakkur 18th Cross (Towards Jakkuru),13.06888,77.60336,,nan
Jakkur 18th Cross,nan,JKCS1,35272,Jakkur 18th Cross (Towards Amruthahalli),13.06885,77.60338,,nan
Jakkur 18th Cross,nan,JKRC1,26249,Jakkur 18th Cross (Towards Srirampura),13.06883,77.60348,,nan
Jakkur Aerodrum,nan,JAD1,26250,Jakkur Aerodrum (Towards Yalahanka),13.07701,77.59258,,nan
Jakkur Aerodrum,nan,JAD1,35376,Jakkur Aerodrum (Towards Hebbala),13.07701,77.59301,,nan
Jakkur Double Road,nan,JKRLU,26251,Jakkur Double Road (Towards Amrutahalli),13.07247,77.60406,,nan
Jakkur Layout,nan,JKRAT,26255,Jakkur Layout (Towards Byatarayanapura),13.0716,77.5999,,nan
Jakkur Layout,nan,JKRAT,33096,Jakkur Layout (Towards Jakkur/Telecom Layout),13.07161,77.59994,,nan
Jakkur Layout 3rd Cross,nan,JKRL,35094,Jakkur Layout 3rd Cross (Towards Jakkur Layout Cross),13.06955,77.60172,,nan
Jakkur Layout 3rd Cross.,nan,JKRL,24105,Jakkur Layout 3rd Cross. (Towards Amrutahalli),13.06952,77.60166,,nan
Jakkur Layout Double Road,nan,JKRD5,26257,Jakkur Layout Double Road (Towards GKVK),13.07255,77.60401,,nan
Jakkur Layout Double Road,nan,JKRD5,35834,Jakkur Layout Double Road (Towards Sriramapura),13.07265,77.60422,,nan
Jakkur Layout Double Road,nan,JKRLU,33097,Jakkur Layout Double Road (Towards Jakkur),13.07271,77.60407,,nan
Jakkur Layout Shanimahatma Temple,nan,JKLCRS,26253,Jakkur Layout Shanimahatma Temple (Towards GKVK),13.07292,77.60125,,nan
Jakkur Layout Shanimahatma Temple,nan,JKRCR3,26252,Jakkur Layout Shanimahatma Temple (Towards Jakkuru),13.07302,77.60121,,nan
Jalabhavan,nan,JLB,35767,Jalabhavan (Towards Bannerughatta),12.92316,77.60036,,nan
Jalahalli Bakery,nan,BKYJ,21461,Jalahalli Bakery (Towards BEL Circle),13.04264,77.54978,,nan
Jalahalli Bakery,nan,BKYJ,21539,Jalahalli Bakery (Towards Goraguntepalya),13.04254,77.54977,,nan
Jalahalli Cross,nan,JHC2,22091,Jalahalli Cross (Towards Ayyappa Temple),13.04066,77.51872,,nan
Jalahalli Cross,nan,JHC3,39179,Jalahalli Cross (Towards Arrival),13.04016,77.51843,,nan
Jalahalli Cross,nan,JHC3,39856,Jalahalli Cross (Towards Dasarahalli),13.03989,77.51828,,nan
Jalahalli Cross,nan,JHC3,40332,Jalahalli Cross (Towards 8th Mile),13.03978,77.51829,,nan
Jalahalli Cross,nan,JHC4,20869,Jalahalli Cross (Towards Yashwanthapura),13.0399,77.51879,,nan
Jalahalli Cross,nan,JHC4,20870,Jalahalli Cross (Towards Peenya 2nd Stage),13.03959,77.51839,,nan
Jalahalli Cross,nan,JHMS2,20867,Jalahalli Cross (Towards Nelamangala),13.03976,77.51853,,nan
Jalahalli Cross Metro Station Arrival,nan,JHC2,36453,Jalahalli Cross Metro Station Arrival (Towards Goraguntepalya),13.03971,77.5191,,nan
Jalahalli Cross Metro Station Departure,nan,JHMS2,35866,Jalahalli Cross Metro Station Departure (Towards RMC Yard),13.0396,77.51933,,nan
Jalahalli East,nan,JLHE,22092,Jalahalli East (Towards Gangamma Circle),13.06759,77.54464,,nan
Jalahalli East,nan,JLHE,22093,Jalahalli East (Towards MS Palya),13.06758,77.54452,,nan
Jalahalli East 7th Camp,nan,JHE7,26259,Jalahalli East 7th Camp (Towards Gangamma Circle),13.07354,77.5465,,nan
Jalahalli East 7th Camp,nan,JHE7,33098,Jalahalli East 7th Camp (Towards MS Palya),13.07354,77.54636,,nan
Jalahalli Police Station,nan,JHLPS2,22707,Jalahalli Police Station (Towards Jalahalli Cross),13.04889,77.5495,,nan
Jalahalli Police Station,nan,JHPSN,37103,Jalahalli Police Station (Towards BEL CIrcle),13.04889,77.55009,,nan
Jalahalli Village,nan,JHVIG,21540,Jalahalli Village (Towards BEL Circle),13.04179,77.54725,,nan
Jalahalli Village,nan,JHVIG,21541,Jalahalli Village (Towards Goraguntepalya),13.04165,77.54718,,nan
Jalahalli West Shettyhalli Road,nan,JHW,26268,Jalahalli West Shettyhalli Road (Towards Shettyhalli),13.05921,77.52024,,nan
Jalahalli West Shettyhalli Road,nan,JHW,33102,Jalahalli West Shettyhalli Road (Towards Air Force Quaters),13.05922,77.52027,,nan
Jalavayu Vihara,nan,JVRR,22659,Jalavayu Vihara (Towards Kammanahalli),13.02137,77.63703,,nan
Jalavayu Vihara,nan,JVRR,22663,Jalavayu Vihara (Towards Kalyana Nagara),13.02117,77.63695,,nan
Jalige,nan,JGN,26269,Jalige (Towards Thindlu),13.22619,77.58415,,nan
Jalige,nan,JGN,36099,Jalige (Towards Suradenapura gate),13.22605,77.58408,,nan
Jalli Machine,nan,BTDP,24145,Jalli Machine (Towards Electronic City Hullahalli Cross),12.83625,77.62506,,nan
Jalli Machine,nan,BTDP,24157,Jalli Machine (Towards Vaddarapalya),12.83621,77.62502,,nan
Jalli Machine,nan,CRSM1,26271,Jalli Machine (Towards Mahadevapura),13.04518,77.31539,,nan
Jalli Machine,nan,CRSM1,33103,Jalli Machine (Towards Motaganahalli),13.04521,77.31545,,nan
Jalli Machine,nan,LAMACH,22096,Jalli Machine (Towards MS Palya),13.08601,77.55551,,nan
Jalli Machine,nan,LAMACH,22097,Jalli Machine (Towards Chikkabettahalli),13.08606,77.55537,,nan
Jalli Machine,nan,LAMACH,22098,Jalli Machine (Towards Vidyaranyapura),13.08605,77.5556,,nan
Jalli Machine,nan,LAMACH,22099,Jalli Machine (Towards Attur Layout),13.086,77.5556,,nan
Jambu Savari Dinne,nan,JBS2,35063,Jambu Savari Dinne (Towards Konanakunte),12.86567,77.58092,,nan
Jambu Savari Dinne,nan,JDS,35091,Jambu Savari Dinne (Towards Kothanuru Dinne),12.86577,77.5809,,nan
Jambu Savari Dinne,nan,JDS,35343,Jambu Savari Dinne (Towards Last Stop),12.86581,77.58098,,nan
Jambu Savari Dinne,nan,JDS,35804,Jambu Savari Dinne (Towards Gottigere),12.86567,77.581,,nan
Janaki Rama Layout,nan,JRL,22100,Janaki Rama Layout (Towards Hennur Junction),13.04319,77.6424,,nan
Janaki Rama Layout,nan,JRL,24048,Janaki Rama Layout (Towards Byrathi Bande),13.04325,77.64228,,nan
Janapriya Apartment,nan,JNPT,20873,Janapriya Apartment (Towards Bagalagunte),13.07319,77.50318,,nan
Janapriya Apartment,nan,JPA,20872,Janapriya Apartment (Towards Chikka Banavara),13.07349,77.50307,,nan
Janapriya Apartment,nan,JPA,33104,Janapriya Apartment (Towards Acharya College),13.07339,77.50292,,nan
Janapriya Apartment,nan,JPTSP,20874,Janapriya Apartment (Towards Sunkadakatte),12.98895,77.49938,,nan
Janapriya Apartment,nan,JPTSP,26277,Janapriya Apartment (Towards Magadi),12.9888,77.49952,,nan
Janapriya Greenwood Apartment,nan,JGA1,26276,Janapriya Greenwood Apartment (Towards KG Halli),13.08514,77.51336,,nan
Janapriya Greenwood Apartment,nan,JGA1,33105,Janapriya Greenwood Apartment (Towards Janapriya Greenwood Apartment),13.08511,77.51335,,nan
Janapriya Township,nan,JPT1,26279,Janapriya Township (Towards Kadabagere Cross),12.99903,77.44278,,nan
Janapriya Township,nan,JPT1,33106,Janapriya Township (Towards BMTC Training Centre),12.99901,77.44272,,nan
Janatabazar Junction,nan,JBZ1,23965,Janatabazar Junction (Towards Ittamadu),12.92781,77.54612,,nan
Janatha Bazar Banashankari,nan,JBZ1,20875,Janatha Bazar Banashankari (Towards Kadirenahalli),12.92839,77.54594,,nan
Janatha Bazar Banashankari,nan,JBZ1,20876,Janatha Bazar Banashankari (Towards PES College),12.92837,77.54577,,nan
Janatha Colony,nan,JANTCOL,35105,Janatha Colony (Towards Anekal Circle),12.72429,77.70393,,nan
Janatha Colony,nan,JANTCOL,35247,Janatha Colony (Towards Kavala Hosahalli),12.72419,77.70376,,nan
Janatha Colony Byalalu,nan,JCBLL2,26283,Janatha Colony Byalalu (Towards Byalalu),12.89417,77.37798,,nan
Janatha Colony Byalalu,nan,JCBLL2,33108,Janatha Colony Byalalu (Towards Chunchanakuppe),12.89425,77.37797,,nan
Jandemara,nan,JNDMR1,26286,Jandemara (Towards Kengeri),12.87463,77.46123,,nan
Jandemara,nan,JNDMR1,33109,Jandemara (Towards Kambipura),12.87479,77.46123,,nan
Jangamakote,nan,JNGK,26288,Jangamakote (Towards Jangamakote Cross),13.26134,77.84689,,nan
Jangamakote,nan,JNGK,33110,Jangamakote (Towards Teneyuru),13.26135,77.84694,,nan
Jangamakote Cross,nan,JGMKC,33112,Jangamakote Cross (Towards Jangamakote),13.27068,77.84875,,nan
Jangamakote Cross,nan,JGMKT,26291,Jangamakote Cross (Towards Sulibele),13.27051,77.8488,,nan
Jangamakote Cross,nan,JGMKT,33111,Jangamakote Cross (Towards Hoskote),13.27064,77.84874,,nan
Jangamayyanapalya,nan,JMP1,33113,Jangamayyanapalya (Towards Subbarayananapalya),12.87471,77.42278,,nan
Janthagundanahalli,nan,JNTGDCR7,24322,Janthagundanahalli (Towards Kamanahalli),12.92431,77.78545,,nan
Janthagundanahalli,nan,JNTGDCR7,24328,Janthagundanahalli (Towards Varthuru),12.92421,77.78562,,nan
Janthagundanahalli Cross,nan,JNTGDCR7,24321,Janthagundanahalli Cross (Towards Kamanahalli),12.92663,77.78176,,nan
Janthagundanahalli Cross,nan,JNTGDCR7,24329,Janthagundanahalli Cross (Towards Varthuru),12.92649,77.78187,,nan
Janthamane,nan,JNTME2,24199,Janthamane (Towards Muthsandra),12.94204,77.75742,,nan
Janthamane,nan,JNTME2,24211,Janthamane (Towards Varthuru),12.94196,77.75743,,nan
Jaraganahalli Cross,nan,JRGH1,22101,Jaraganahalli Cross (Towards Konakunte Cross),12.9014,77.57344,,nan
Jaraganahalli Cross,nan,JRGH1,22102,Jaraganahalli Cross (Towards Banashankari Bus Station),12.90142,77.57331,,nan
Jataka Stand,nan,JTKSTND,39435,Jataka Stand (Towards Central),12.99841,77.58207,,nan
Javaregowda Nagara,nan,JVRGOWDA,26295,Javaregowda Nagara (Towards RR Nagara Petrol Bunk),12.9299,77.52085,,nan
Javaregowda Nagara,nan,JVRGOWDA,33114,Javaregowda Nagara (Towards Devadiga Soudha),12.92993,77.52088,,nan
Jayamahal,nan,JYMHL,23792,Jayamahal (Towards Shivaji Nagara),13.00182,77.59442,,nan
Jayamahal,nan,JYMHL,24018,Jayamahal (Towards Mekhri Circle),13.00034,77.59478,,nan
Jayamahal Extension,nan,JYMHLE,26299,Jayamahal Extension (Towards JC Nagara),13.00211,77.59873,,nan
Jayamahal Extension1,nan,JYMHLE,31376,Jayamahal Extension1 (Towards JC Nagara),13.00202,77.59871,,nan
Jayamangala,nan,JYM,26301,Jayamangala (Towards Malur),12.91485,77.90329,,nan
Jayanagar 6 block,nan,JAN 6th,37081,Jayanagar 6 block (Towards National collage),12.93069,77.57816,,nan
Jayanagar 6th block,nan,JAN 6th,37085,Jayanagar 6th block (Towards SOUTH END),12.93066,77.57812,,nan
Jayanagar 6th block,nan,JNG6,21635,Jayanagar 6th block (Towards Yadiyuru),12.93081,77.57775,,nan
Jayanagar 6th block,nan,JNG6,21636,Jayanagar 6th block (Towards South End Circle),12.9309,77.57878,,nan
Jayanagara 18th Main,nan,JNR18M,23428,Jayanagara 18th Main (Towards Jayanagara 9th Block),12.92343,77.58964,,nan
Jayanagara 38th Cross,nan,JNR38C1,21444,Jayanagara 38th Cross (Towards Telephone Exchange),12.92146,77.58365,,nan
Jayanagara 38th Cross,nan,JNR38C1,21445,Jayanagara 38th Cross (Towards Jayanagara 5th block),12.92101,77.58376,,nan
Jayanagara 40th Cross,nan,JNG40c-BSK,21448,Jayanagara 40th Cross (Towards Jayanagara),12.91991,77.58062,,nan
Jayanagara 40th Cross,nan,JNG40c-BSK,21449,Jayanagara 40th Cross (Towards Banashankari),12.91989,77.58068,,nan
Jayanagara 4th Block,nan,JBS4thB,23691,Jayanagara 4th Block (Towards Sanjay Gandhi Hospital),12.92915,77.58602,,nan
Jayanagara 4th T Block,nan,JNR4T1,22918,Jayanagara 4th T Block (Towards Jayanagara 9th Block),12.92317,77.59363,,nan
Jayanagara 4th T Block,nan,JNR4TB,24180,Jayanagara 4th T Block (Towards Jayanagara 4th Block),12.9229,77.59341,,nan
Jayanagara 5th Block,nan,JNGR8,20582,Jayanagara 5th Block (Towards Banashankari Bus Station),12.91701,77.58413,,nan
Jayanagara 5th Block,nan,JNGR8,20583,Jayanagara 5th Block (Towards Marenahalli),12.91719,77.58297,,nan
Jayanagara 5th Block,nan,JNR5B,22920,Jayanagara 5th Block (Towards Jayanagara TTMC),12.91727,77.58359,,nan
Jayanagara 8th Block,nan,JNFD,21637,Jayanagara 8th Block (Towards Banashankari),12.92385,77.58028,,nan
Jayanagara 8th Block,nan,JNFD,21638,Jayanagara 8th Block (Towards South End Circle),12.92385,77.58017,,nan
Jayanagara 9th Block (22nd Main),nan,JNN1,22949,Jayanagara 9th Block (22nd Main) (Towards Atal Bihari Vajapeyi Bus Stand),12.91969,77.59144,,nan
Jayanagara 9th Block (40th Cross),nan,JNN4,22950,Jayanagara 9th Block (40th Cross) (Towards Jayanagara 4th Block),12.91969,77.59247,,nan
Jayanagara 9th block,nan,JNN1,37131,Jayanagara 9th block (Towards Marenahalli),12.91957,77.59284,,nan
Jayanagara 9th block,nan,JNN4,37132,Jayanagara 9th block (Towards 4th T block),12.9197,77.59283,,nan
Jayanagara Bus Station,nan,nan,21544_ST,nan,12.928507,77.584404,1.0,nan
Jayanagara Bus Station,nan,JBS4thB,21545,Jayanagara Bus Station (Towards Sangam Circle),12.92802,77.58364,,nan
Jayanagara Bus Station,nan,JBS4thB,23374,Jayanagara Bus Station (Towards Arrival),12.92864,77.58475,,nan
Jayanagara Bus Station,nan,JBS5,21544,Jayanagara Bus Station (Towards Departure),12.92852,77.58418,,nan
Jayanagara Bus Station,nan,JTTMC,39129,Jayanagara Bus Station (Towards Jayanagara 3rd Block),12.92881,77.58381,,nan
Jayanagara Bus Station - Platform 1,21544_ST,JBS5,21544_PF1,nan,12.92847,77.584435,,1
Jayanagara Bus Station - Platform 2,21544_ST,JBS5,21544_PF2,nan,12.928485,77.58431,,2
Jayanagara Church,nan,JBSCT,23427,Jayanagara Church (Towards Jayanagara 9th Block),12.92715,77.58961,,nan
Jayanagara Church,nan,JYNGRC,23702,Jayanagara Church (Towards Jayanagara 4th Block),12.92828,77.58741,,nan
Jayanagara Metro Station,nan,JNMSN,39127,Jayanagara Metro Station (Towards Jayanagara 4th Block),12.92877,77.5803,,nan
Jayanagara Metro Station,nan,JNMSN,39128,Jayanagara Metro Station (Towards Sangam Circle),12.92867,77.58046,,nan
Jayanagara Metro Station Arrival,nan,JNMS,23463,Jayanagara Metro Station Arrival (Towards Banashankari),12.92969,77.58021,,nan
Jayanagara Metro Station Depature,nan,JNMSN,23449,Jayanagara Metro Station Depature (Towards Banashankari),12.92939,77.58021,,nan
Jayanagara Pump House,nan,PHJ,23653,Jayanagara Pump House (Towards Jayanagara),12.92161,77.59699,,nan
Jayanagara Pump House,nan,PHJ,23694,Jayanagara Pump House (Towards Jayanagara East End Circle),12.92172,77.5971,,nan
Jayanagara Telephone Exchange,nan,JYNTEX,21542,Jayanagara Telephone Exchange (Towards Jayanagara Bus Station),12.92374,77.58374,,nan
Jayanagara Telephone Exchange,nan,JYNTEX,21543,Jayanagara Telephone Exchange (Towards JP Nagara 1st Phase),12.9228,77.58385,,nan
Jayanagara Telephone Exchange,nan,JYNTEX,39972,Jayanagara Telephone Exchange (Towards MP Office Bangalore South),12.92339,77.58395,,nan
Jayanthinagara,nan,JNTYN,26306,Jayanthinagara (Towards Kalkere),13.02888,77.66386,,nan
Jayanthinagara,nan,JNTYN,33120,Jayanthinagara (Towards Vibgayar School),13.02875,77.66385,,nan
Jayanthinagara,nan,JYTH-1,33117,Jayanthinagara (Towards Sun Shine School),13.02878,77.66375,,nan
Jayanthinagara,nan,JYTH-1,33119,Jayanthinagara (Towards Horamavu),13.02884,77.6637,,nan
Jayaram Das Factory,nan,JRMDF1,20878,Jayaram Das Factory (Towards Kengeri),12.93025,77.50594,,nan
Jayaram Das Factory,nan,JRMDF1,20879,Jayaram Das Factory (Towards Nayandanahalli),12.93011,77.5056,,nan
Jayaram Layout (Hale Sampigehalli),nan,JRML,33121,Jayaram Layout (Hale Sampigehalli) (Towards Last Stop),12.81357,77.58964,,nan
Jayasuryanagara Kogilu,nan,JSRN1,26312,Jayasuryanagara Kogilu (Towards Last Point),13.09406,77.6102,,nan
Jayasuryanagara Kogilu,nan,JSRN1,33122,Jayasuryanagara Kogilu (Towards Kogilu),13.09408,77.6102,,nan
Jaypura Doddy,nan,JPRD,26313,Jaypura Doddy (Towards Shivanahalli),12.70871,77.56932,,nan
Jaypura Doddy,nan,JPRD,35325,Jaypura Doddy (Towards Ujinappana Doddy),12.70869,77.56939,,nan
Jeevan Bheemanagara Cross,nan,JMBCR,26323,Jeevan Bheemanagara Cross (Towards Jeevan Bheemanagara),12.96679,77.66134,,nan
Jeevan Bheemanagara Cross1,nan,JMBCR,35810,Jeevan Bheemanagara Cross1 (Towards BEML Gate),12.96687,77.66151,,nan
Jeevan Circle,nan,JKLN1,39166,Jeevan Circle (Towards Madanayakanahalli),13.04814,77.46001,,nan
Jeevan Circle,nan,JKLN1,39167,Jeevan Circle (Towards Kadirenahalli),13.04813,77.46007,,nan
Jeevan bhima nagar Petrol Bunk,nan,PTBK,27670,Jeevan bhima nagar Petrol Bunk (Towards Jeevan Bheema Nagara),12.9675,77.65613,,nan
Jeevanahalli,nan,JVH,23435,Jeevanahalli (Towards Cox Town),12.99503,77.62849,,nan
Jeevanahalli,nan,JVH,23756,Jeevanahalli (Towards Banasawadi),12.99498,77.62809,,nan
Jeevanahalli Cross,nan,JVHWT2,26319,Jeevanahalli Cross (Towards Jeevanahalli Graveyard),12.99421,77.62896,,nan
Jeevanahalli Cross,nan,JVHWT2,35213,Jeevanahalli Cross (Towards Jeevanahalli Water Tank),12.99419,77.629,,nan
Jeevanahalli Graveyard,nan,JVHWT2,26320,Jeevanahalli Graveyard (Towards Kathalepalya),12.99378,77.63178,,nan
Jeevanahalli Graveyard,nan,JVHWT2,35361,Jeevanahalli Graveyard (Towards Jeevanahalli Cross),12.99374,77.63178,,nan
Jeevanahalli Water Tank,nan,JVHWT2,23436,Jeevanahalli Water Tank (Towards Cox Town),12.99382,77.62666,,nan
Jeevanahalli Water Tank,nan,JVHWT2,23754,Jeevanahalli Water Tank (Towards Jeevanahalli),12.99456,77.62694,,nan
Jeevanbheema Nagara,nan,JVBN,26321,Jeevanbheema Nagara (Towards Jeevanbheema Nagara),12.96576,77.65763,,nan
Jeevanbheema Nagara Cross,nan,JMBCR,33126,Jeevanbheema Nagara Cross (Towards HAL),12.96686,77.66166,,nan
Jettigena Halli,nan,JTGNHLI,39824,Jettigena Halli (Towards Konasandra),12.88907,77.4931,,nan
Jettigena Halli,nan,JTGNHLI,39825,Jettigena Halli (Towards Gattigerepalya),12.88923,77.49312,,nan
Jettipalya,nan,JTP1,26327,Jettipalya (Towards Thokathimmana Doddy),12.7508,77.473,,nan
Jettipalya,nan,JTP1,33129,Jettipalya (Towards Bannigiri),12.75076,77.47298,,nan
Jettipalya,nan,JTPL1,33127,Jettipalya (Towards Tavarakere),12.97674,77.40064,,nan
Jettipalya,nan,JTPL1,33128,Jettipalya (Towards Sondekoppa),12.97661,77.40059,,nan
Jigala,nan,JLCL,26333,Jigala (Towards Jigala Colony),12.79987,77.76085,,nan
Jigala,nan,JLCL,33132,Jigala (Towards Adigondanahalli),12.79985,77.76079,,nan
Jigala Colony,nan,JLCL,26335,Jigala Colony (Towards Jigala),12.79709,77.76297,,nan
Jigala Colony,nan,JLCL,33133,Jigala Colony (Towards Jigala Cross),12.79726,77.76289,,nan
Jigala Cross,nan,JGCR,22105,Jigala Cross (Towards Attibele),12.78206,77.77197,,nan
Jigala Cross,nan,JGCR,22106,Jigala Cross (Towards Sarjapura),12.78208,77.77188,,nan
Jigani APC CIrcle,nan,APCCRL,36347,Jigani APC CIrcle (Towards Depot-27),12.77903,77.64342,,nan
Jigani APC Circle,nan,APCC,22785,Jigani APC Circle (Towards Jigani),12.7793,77.64357,,nan
Jigani APC Circle,nan,APCC,22786,Jigani APC Circle (Towards Anekal),12.77896,77.64381,,nan
Jigani APC Circle,nan,APCC,35167,Jigani APC Circle (Towards Last Stop),12.77935,77.64358,,nan
Jigani APC Circle,nan,APCCRL,40467,Jigani APC Circle (Towards YHK Hospital),12.77913,77.64374,,nan
Jigani APC Circle,nan,APCR2,35298,Jigani APC Circle (Towards Bommasandra),12.77926,77.64385,,nan
Jigani Bus Stand,nan,JGN0,24085,Jigani Bus Stand (Towards Jigani APC Circle),12.78664,77.63743,,nan
Jigani Bus Stand,nan,JGN0,24225,Jigani Bus Stand (Towards Jigani Tent),12.78661,77.63762,,nan
Jigani DLF Cloub House,nan,JDLF,39290,Jigani DLF Cloub House (Towards Last Stop),12.78503,77.66051,,nan
Jigani Double Road,nan,JIGNDR,26338,Jigani Double Road (Towards Depot-27),12.78854,77.62958,,nan
Jigani Double Road,nan,JIGNDR,35116,Jigani Double Road (Towards Jigani APC Circle),12.78868,77.62948,,nan
Jigani Double Road,nan,JIGNDR,35299,Jigani Double Road (Towards Bannerughatta Circle),12.78862,77.62959,,nan
Jigani KEB,nan,KEB,35118,Jigani KEB (Towards Madapatna),12.77695,77.64496,,nan
Jigani KEB,nan,KEB,35297,Jigani KEB (Towards Jigani APC Circle),12.77686,77.64491,,nan
Jigani Tent,nan,JIGNTNT,24084,Jigani Tent (Towards Jigani APC Circle),12.78737,77.63331,,nan
Jigani Tent,nan,JIGNTNT,24226,Jigani Tent (Towards Bannerughatta Circle),12.78728,77.63353,,nan
Jindal,nan,JND,22107,Jindal (Towards Jalahalli Cross),13.05399,77.48328,,nan
Jindal,nan,JND,26340,Jindal (Towards Nelamangala),13.05353,77.48338,,nan
Jindal Aluminium Dabaspete,nan,JNDAF,40328,Jindal Aluminium Dabaspete (Towards Sompura Tumkur Roaad),13.2217,77.25538,,nan
Jindal Aluminium Dabaspete,nan,JNDAF,40329,Jindal Aluminium Dabaspete (Towards MV Solar Dabasapete),13.22182,77.25546,,nan
Jinke Bachahalli,nan,FCTC1,26342,Jinke Bachahalli (Towards Factory Circle),13.24659,77.53253,,nan
Jinke Bachahalli,nan,FCTC1,33135,Jinke Bachahalli (Towards Mazara Hosahalli),13.24667,77.5324,,nan
Jinke Bachahalli Gate,nan,FCTC,26344,Jinke Bachahalli Gate (Towards Rajanukunte),13.24607,77.5526,,nan
Jinke Bachahalli Gate,nan,FCTC,33136,Jinke Bachahalli Gate (Towards Doddaballapura),13.246,77.55248,,nan
Jinnagara,nan,JNG,26347,Jinnagara (Towards Hoskote),13.03306,77.82066,,nan
Jinnagara,nan,JNG,33137,Jinnagara (Towards Vagata),13.03301,77.82081,,nan
Jinnagara Cross,nan,MLRC,26350,Jinnagara Cross (Towards Vagata),13.02978,77.82616,,nan
Jinnagara Cross,nan,MLRC,26351,Jinnagara Cross (Towards Hosakote),13.02988,77.82598,,nan
Jinnagara Cross,nan,MLRC,33139,Jinnagara Cross (Towards Malur Road),13.02985,77.82616,,nan
Jnana Bharathi West Side Hospital,nan,GBWSH,33161,Jnana Bharathi West Side Hospital (Towards Shirke),12.9313,77.48993,,nan
Jnana Shrushti School,nan,HSR2SCR,30425,Jnana Shrushti School (Towards HSR Layout Club),12.91207,77.64456,,nan
Jnanabharathi Metro Station (BUC Gate),nan,BNSG1,37867,Jnanabharathi Metro Station (BUC Gate) (Towards Start Point),12.93596,77.51278,,nan
Jnanakshi Layout,nan,JNKLO,30429,Jnanakshi Layout (Towards BEML Layout 5th Stage),12.91296,77.51365,,nan
Jnanakshi Layout,nan,JNLO,33165,Jnanakshi Layout (Towards Double Road BEML Layout),12.91291,77.51358,,nan
Jnanakshi Vidyaniketan School,nan,JNSVS1,36741,Jnanakshi Vidyaniketan School (Towards Bangalore Children Hospital),12.91215,77.51376,,nan
Jnanakshi Vidyaniketan School,nan,JNSVS1,36742,Jnanakshi Vidyaniketan School (Towards Jnanakshi Layout),12.91185,77.51349,,nan
Jnanashakthi Nagara,nan,JNSN,33166,Jnanashakthi Nagara (Towards Jnanashakthi Nagara),12.98517,77.45857,,nan
Jodadakatte,nan,JDDKT,33167,Jodadakatte (Towards Savandurga),12.91514,77.26867,,nan
Jodadakatte,nan,JDDKT,35844,Jodadakatte (Towards Magadi),12.91507,77.26866,,nan
Jodi Aladamara,nan,JDALDMR,30435,Jodi Aladamara (Towards Peddanapalya),12.9401,77.37789,,nan
Jodi Aladamara,nan,JDALDMR,33168,Jodi Aladamara (Towards Puradapalya),12.94015,77.37792,,nan
Jodi Ragi Thimmasandra,nan,JRT,33169,Jodi Ragi Thimmasandra (Towards Jodi Ragi Thimmasandra),13.20463,77.42101,,nan
Jogahalli,nan,JGHL,30441,Jogahalli (Towards Kempathimmanahalli),13.22152,77.64808,,nan
Jogahalli,nan,JGHL,33171,Jogahalli (Towards Ilthore),13.22153,77.64835,,nan
Jogera Doddy,nan,JGRD1,30444,Jogera Doddy (Towards Bidadi),12.77958,77.40512,,nan
Jogera Doddy 1,nan,JGRD1,31377,Jogera Doddy 1 (Towards Bidadi),12.77968,77.40517,,nan
Jogerahalli,nan,JGRHL13,30446,Jogerahalli (Towards Tavarakere),12.98553,77.37427,,nan
Jogerahalli,nan,JGRHL13,33173,Jogerahalli (Towards Channa Marayyanapalya),12.98549,77.37423,,nan
Jogipalya Gate,nan,JGPG1,30448,Jogipalya Gate (Towards Thore Byrasandra),13.10477,77.32844,,nan
Jogipalya Gate,nan,JGPG1,33174,Jogipalya Gate (Towards Nelamangala),13.10468,77.3285,,nan
Johnson Market,nan,JNSNM,23798,Johnson Market (Towards Adugodi),12.96351,77.60681,,nan
Johnson Market,nan,JNSNMK,23671,Johnson Market (Towards St Patrics Church),12.96336,77.60672,,nan
Jonnahalli Gate,nan,JNHG-1,22120,Jonnahalli Gate (Towards Budigere),13.1816,77.75917,,nan
Jonnahalli Gate,nan,JNHG-1,30453,Jonnahalli Gate (Towards Bidalapura),13.18158,77.75914,,nan
Judical Layout Jn of 14th Cross,nan,JDL 14th,30469,Judical Layout Jn of 14th Cross (Towards Judical Layout),13.0834,77.58482,,nan
Judical Layout Jn of 14th Cross,nan,JDL 14th,33181,Judical Layout Jn of 14th Cross (Towards Allalasandra Gate),13.08327,77.5847,,nan
Judicial Layout,nan,nan,40388,Judicial Layout (Towards Kanminike),12.86469,77.42111,,nan
Judicial Layout 26th Main,nan,JLO 26M,39286,Judicial Layout 26th Main (Towards Chikka Bommasandra Cross),13.08914,77.5805,,nan
Judicial Layout 8th Main,nan,JLO8,30472,Judicial Layout 8th Main (Towards Talagattapura),12.86392,77.54059,,nan
Judicial Layout Water Tank,nan,JDLWTK,30473,Judicial Layout Water Tank (Towards Last Stop),13.07861,77.58333,,nan
Judicial Layout Water Tank,nan,JDLWTK,30474,Judicial Layout Water Tank (Towards N E S),13.07852,77.58322,,nan
Judicial Layout YHK,nan,JDCLOYHK,30475,Judicial Layout YHK (Towards Judicial Layout),13.08617,77.58503,,nan
Juggath Pharma,nan,JGF,30476,Juggath Pharma (Towards Bidadi),12.89081,77.45532,,nan
Juggath Pharma,nan,JGF,30477,Juggath Pharma (Towards Kengeri),12.89106,77.45517,,nan
Junglepalya Gate,nan,JANGPGT,24077,Junglepalya Gate (Towards Mantapa Cross),12.80837,77.59051,,nan
Junglepalya Gate,nan,JANGPGT,24233,Junglepalya Gate (Towards Bannerughatta Circle),12.80828,77.59042,,nan
Junjappa Aladamara,nan,JJPAM,39882,Junjappa Aladamara (Towards National Public School),12.94944,77.47736,,nan
Junjappa Aladamara,nan,JJPAM,39883,Junjappa Aladamara (Towards Sonnenahalli),12.94958,77.47755,,nan
Junnasandra,nan,JNS,30479,Junnasandra (Towards Kodipalya),13.19053,77.4709,,nan
Junnasandra,nan,JNS1,33182,Junnasandra (Towards Byatha),13.19059,77.47085,,nan
Junnasandra Cross,nan,JNSC1,30481,Junnasandra Cross (Towards Kodipalya),13.19206,77.47719,,nan
Junnasandra Cross,nan,JNSC1,33183,Junnasandra Cross (Towards Byatha),13.19213,77.47712,,nan
Junnasandra Gate Wipro Regional Office,nan,JNSG,23898,Junnasandra Gate Wipro Regional Office (Towards Dodda Kannalli),12.91086,77.68439,,nan
Junnasandra Gate Wipro Regional Office,nan,JNSG,23916,Junnasandra Gate Wipro Regional Office (Towards Kaikondrahalli),12.91068,77.68451,,nan
Juttanahalli,nan,JTNH1,30483,Juttanahalli (Towards Thindlu),13.23914,77.57804,,nan
Juttanahalli,nan,JTNH1,33184,Juttanahalli (Towards Pandithapura),13.2391,77.57808,,nan
Juttanapalya,nan,JTNPL,30485,Juttanapalya (Towards Hejjala),12.85492,77.42149,,nan
Juttanapalya,nan,JTNPL,33185,Juttanapalya (Towards Hejjala Cross),12.85498,77.42163,,nan
Jyothi Farm,nan,JTFM,23600,Jyothi Farm (Towards Kaggalipura),12.85989,77.529,,nan
Jyothi Farm,nan,JTFM,23638,Jyothi Farm (Towards Banashankari Bus Station),12.85983,77.52879,,nan
Jyothi Nagara,nan,JYTN,35430,Jyothi Nagara (Towards Nagarabhavi Circle),12.95926,77.52164,,nan
Jyothi Nagara,nan,JYtHN,35431,Jyothi Nagara (Towards Chandra Layout),12.95937,77.52181,,nan
Jyothi Nivas College,nan,JTNVCR1,23596,Jyothi Nivas College (Towards Forum Mall),12.93542,77.61453,,nan
Jyothi Nivas College,nan,JTNVCR1,24071,Jyothi Nivas College (Towards Koramangala TTMC),12.93533,77.61415,,nan
Jyothi School,nan,JYTS,22123,Jyothi School (Towards Hennur Junction),13.01455,77.62715,,nan
Jyothi School,nan,JYTS,22124,Jyothi School (Towards Coles Park),13.01447,77.62716,,nan
Jyothinagara,nan,JYTNR,30489,Jyothinagara (Towards Magadi),12.96026,77.21573,,nan
Jyothinagara,nan,JYTNR,33187,Jyothinagara (Towards Kalya),12.96018,77.21586,,nan
Jyothipura,nan,JTPR,33188,Jyothipura (Towards Magadi),12.94377,77.25166,,nan
Jyothipura,nan,JTPR,33189,Jyothipura (Towards Thippagondanahalli),12.94389,77.25141,,nan
Jyothipura,nan,JYP-3,30492,Jyothipura (Towards Jyothipura last Bus Stop),13.10275,77.75065,,nan
Jyothipura Gate,nan,JYTP,30494,Jyothipura Gate (Towards Budigere),13.10272,77.7441,,nan
Jyothipura Gate,nan,JYTP,33190,Jyothipura Gate (Towards Budigere Cross),13.10274,77.74419,,nan
Jyothipura Koyara,nan,JTPR5,30496,Jyothipura Koyara (Towards Devanahalli),13.29235,77.62747,,nan
Jyothipura Koyara,nan,JTPR5,33191,Jyothipura Koyara (Towards Koyara),13.29208,77.62743,,nan
K Channasandra,nan,KCHDR,30498,K Channasandra (Towards Horamavu),13.04016,77.6796,,nan
K Channasandra,nan,KCHDR,33192,K Channasandra (Towards Rampura),13.04018,77.67955,,nan
K Dommasandra,nan,KDMS3,37591,K Dommasandra (Towards Kadugodi),13.0082,77.74076,,nan
K Dommasandra,nan,KDMS3,37592,K Dommasandra (Towards Sadaramangala),13.00821,77.74073,,nan
K Gollahalli,nan,KGLH14,30503,K Gollahalli (Towards Nalku Kamba),12.84318,77.45147,,nan
K Gollahalli,nan,KGLH14,33194,K Gollahalli (Towards Gonipura),12.8432,77.4515,,nan
K Gollahalli Gate,nan,KGLHG,30505,K Gollahalli Gate (Towards Byra Doddy Circle),12.78639,77.39412,,nan
K Gollahalli Gate,nan,KGLHG,33195,K Gollahalli Gate (Towards Thore Doddy),12.78644,77.39413,,nan
K H B Colony,nan,KHBC12,33480,K H B Colony (Towards Kethaganahalli),12.80272,77.38582,,nan
K H Chikkagollarahatti,nan,KH GHT,39780,K H Chikkagollarahatti (Towards Gollarahatti),12.98523,77.46963,,nan
K H Chikkagollarahatti,nan,KH GHT,39781,K H Chikkagollarahatti (Towards Yele Kodigehalli),12.98515,77.46968,,nan
K Karenahalli Cross,nan,KKCR,30507,K Karenahalli Cross (Towards Hejjala),12.86213,77.39502,,nan
K Karenahalli Cross,nan,KKCR,33196,K Karenahalli Cross (Towards Dodderi),12.8621,77.39496,,nan
K Narayanapura,nan,KNRP,33197,K Narayanapura (Towards K Narayanapura Cross Hennur),13.06332,77.64226,,nan
K Narayanapura,nan,KNRYNP,30509,K Narayanapura (Towards K Narayanapura Cross Yalahanka),13.06333,77.64216,,nan
K Narayanapura Cross,nan,KNRC,33198,K Narayanapura Cross (Towards K Narayanapura),13.06754,77.63392,,nan
K Narayanapura Cross,nan,KNRC,35269,K Narayanapura Cross (Towards Telecom Layout),13.06757,77.63338,,nan
K Narayanapura Cross,nan,KNYPC,22125,K Narayanapura Cross (Towards RK Hegde Nagara),13.06824,77.63353,,nan
K Narayanapura Cross,nan,KNYPC,22127,K Narayanapura Cross (Towards Bagaluru),13.0528,77.64602,,nan
K Narayanapura Cross,nan,KNYPC,22128,K Narayanapura Cross (Towards Hennur Junction),13.05278,77.64612,,nan
K Narayanapura Cross,nan,KNYPCS,22126,K Narayanapura Cross (Towards Thanisandra Railway Gate),13.06833,77.63375,,nan
K Narayanapura Cross,nan,KNYPCS,39178,K Narayanapura Cross (Towards Nagavara),13.06736,77.63373,,nan
K Narayanapura Main Bus Stand,nan,KNGPR12,33199,K Narayanapura Main Bus Stand (Towards K Narayanapura Bus Stand),13.06639,77.6407,,nan
K Narayanapura Main Bus Stand,nan,KNGPR12,33200,K Narayanapura Main Bus Stand (Towards Hennur Cross),13.06632,77.64075,,nan
K Narayanapura Main Bus Stand,nan,KNGPR12,35268,K Narayanapura Main Bus Stand (Towards RK Hegade Nagara),13.06636,77.64067,,nan
K Narayanapura Main Bus Stand,nan,KNPR1,30514,K Narayanapura Main Bus Stand (Towards Gubbi Cross),13.06635,77.64081,,nan
K Sathyavara Gate,nan,KSG,30516,K Sathyavara Gate (Towards Hoskote),13.15916,77.8737,,nan
K Sathyavara Gate,nan,KSG,33201,K Sathyavara Gate (Towards H Cross),13.15915,77.87365,,nan
KANIVE BASAVANNA TEMPLE,nan,KBSNT,38883,KANIVE BASAVANNA TEMPLE (Towards SIR M VISHWESHWARAYYA MUSEUM AND SAMADI),13.37876,77.6744,,nan
KBD Factory,nan,KBDF,30916,KBD Factory (Towards Nelamangala),13.11733,77.3722,,nan
KBD Factory,nan,KBDF,33402,KBD Factory (Towards T Begur),13.11709,77.37213,,nan
KCP Kalyana Mantapa,nan,KCPKM1,30918,KCP Kalyana Mantapa (Towards Aralumallige),13.28116,77.53141,,nan
KCP Kalyana Mantapa,nan,KCPKM1,33403,KCP Kalyana Mantapa (Towards Doddaballapura),13.28125,77.53137,,nan
KEB Power House,nan,KEBPHS,39559,KEB Power House (Towards Somanahalli Gate),12.78563,77.50224,,nan
KEB Power House,nan,KEBPHS,39560,KEB Power House (Towards Kaggalipura),12.78563,77.50217,,nan
KG Halli Post Office,nan,SRS6,31054,KG Halli Post Office (Towards Abbigere),13.05691,77.53269,,nan
KG Halli Post Office,nan,SRS6,33474,KG Halli Post Office (Towards Kammagondanahalli),13.05693,77.53272,,nan
KG Lakkenahalli,nan,KGLH40,31056,KG Lakkenahalli (Towards Gangondanahalli),13.02372,77.45891,,nan
KG Lakkenahalli,nan,KGLH40,33475,KG Lakkenahalli (Towards KG Lakkenahalli),13.02365,77.45895,,nan
KG Lakkenahalli Cross,nan,KGLH8,31058,KG Lakkenahalli Cross (Towards BMTC Training Centre),13.02588,77.45955,,nan
KG Lakkenahalli Cross,nan,KGLH8,33476,KG Lakkenahalli Cross (Towards Madanayakanahalli),13.02591,77.45951,,nan
KG Srinivasapura Cross,nan,RMPC,31061,KG Srinivasapura Cross (Towards Nelamangala),13.12913,77.40026,,nan
KG Srinivasapura Cross,nan,RMPC,33477,KG Srinivasapura Cross (Towards Madhure),13.1291,77.40021,,nan
KH Road,nan,KHRD,20927,KH Road (Towards Shanthi Nagara),12.95759,77.59286,,nan
KH Road,nan,KHRD,20928,KH Road (Towards Richmond Circle),12.95815,77.59299,,nan
KHB Colony,nan,KHB,20929,KHB Colony (Towards Magadi Road Tollgate),12.98142,77.53525,,nan
KHB Colony,nan,KHB,20930,KHB Colony (Towards Sunkadakatte),12.98105,77.53549,,nan
KHB Colony,nan,KHBC12,33481,KHB Colony (Towards Bidadi),12.80269,77.38586,,nan
KHB Colony Dodda Aladamara,nan,KHBC8,31069,KHB Colony Dodda Aladamara (Towards Tavarakere),12.91355,77.39428,,nan
KHB Colony Dodda Aladamara,nan,KHBC8,33482,KHB Colony Dodda Aladamara (Towards Dodda Aladamara),12.91365,77.39434,,nan
KHB Colony Sultanpalya,nan,SPHC1,31071,KHB Colony Sultanpalya (Towards Sultanpalya Cross),13.02813,77.60701,,nan
KHB Surya Nagara,nan,KHBS7,31073,KHB Surya Nagara (Towards Jigala),12.80661,77.76063,,nan
KHB Surya Nagara,nan,KHBS7,33484,KHB Surya Nagara (Towards KHB Surya Nagara Phase 3),12.80651,77.76049,,nan
KIA Terminal 2,nan,KIAT2,38417,KIA Terminal 2 (Towards Hebbala),13.19873,77.7135,,nan
KIADB Area,nan,KIADB,33486,KIADB Area (Towards Kadumane Hotel),12.79542,77.42338,,nan
KIADB Area,nan,KIADB1,31077,KIADB Area (Towards Abbanakuppe),12.79546,77.42353,,nan
KIADB Circle Bagalur,nan,KIDBBLR,31079,KIADB Circle Bagalur (Towards Hoovinayakanahalli Cross),13.17463,77.71713,,nan
KIADB Circle Bagalur,nan,KIDBBLR,33487,KIADB Circle Bagalur (Towards Aerospace Bagalur),13.17469,77.71703,,nan
KIADB Hoovinayakanahalli Gate,nan,HYKG,31081,KIADB Hoovinayakanahalli Gate (Towards Bande Kodigehalli),13.15591,77.68091,,nan
KIADB Hoovinayakanahalli Gate,nan,HYKG,33488,KIADB Hoovinayakanahalli Gate (Towards Beguru),13.15587,77.68111,,nan
KIDB CIrcle Bagaluru,nan,KIDBBLR,31082,KIDB CIrcle Bagaluru (Towards Singahalli),13.17501,77.71711,,nan
KIDB Circle Bagaluru,nan,KIDBBLR,31083,KIDB Circle Bagaluru (Towards Hunasuru),13.17488,77.71702,,nan
KIMS College,nan,KIMS,23680,KIMS College (Towards Monotype Corporation),12.92678,77.56133,,nan
KIMS College,nan,KIMS,23734,KIMS College (Towards Devegowda Petrol Bunk),12.92725,77.56174,,nan
KK School,nan,KKSCL1,38044,KK School (Towards Sarjapura),12.93309,77.74289,,nan
KK School,nan,KKSCL1,38045,KK School (Towards Varthur),12.93312,77.74279,,nan
KLE Society College,nan,KLEC1,33498,KLE Society College (Towards Upkar Residency Layout),12.96802,77.48144,,nan
KLE Society College,nan,KLESC,31104,KLE Society College (Towards Muddayyanapalya Junction),12.96809,77.48131,,nan
KLE Society College Cross,nan,KLESC,31106,KLE Society College Cross (Towards Muddayyanapalya),12.9731,77.48347,,nan
KLE Society College Cross,nan,KLESC,33499,KLE Society College Cross (Towards KLE College),12.97305,77.48361,,nan
KMF,nan,KMF4,31110,KMF (Towards Ivarakandapura),13.18853,77.50745,,nan
KMF,nan,KMF4,33500,KMF (Towards Hesaraghatta),13.18856,77.50744,,nan
KMF,nan,KMF4,33501,KMF (Towards Rajanukunte),13.18859,77.5075,,nan
KPCC Office,nan,JDSO,20938,KPCC Office (Towards Shivananda Circle),12.98287,77.57642,,nan
KPWD Quaters,nan,KPWDQ,38592,KPWD Quaters (Towards Last Stop),12.94765,77.62052,,nan
KR Circle,nan,KRC,20939,KR Circle (Towards Corporation),12.97386,77.58661,,nan
KR Circle,nan,KRC5,21556,KR Circle (Towards Kempegowda Bus Station),12.97529,77.58598,,nan
KR Circle,nan,KRC5,22197,KR Circle (Towards Shivajinagara),12.97556,77.58637,,nan
KR Market,nan,KMT2,20941,KR Market (Towards Chamarajapete),12.96368,77.57742,,nan
KR Market,nan,KMT2,20942,KR Market (Towards Vinayaka Talkies),12.96406,77.5768,,nan
KR Market,nan,KMT2,21557,KR Market (Towards Mysore Road/KBS),12.96207,77.5756,,nan
KR Market,nan,KR MKT,22201,KR Market (Towards Basappa Circle),12.96367,77.57722,,nan
KR Market,nan,KRMC,20940,KR Market (Towards Subbiah Circle),12.9641,77.57897,,nan
KR Market,nan,KRMRK,20943,KR Market (Towards Corporation),12.96451,77.57668,,nan
KR Market,nan,KRMRK,22199,KR Market (Towards Town hall),12.96437,77.57736,,nan
KR Market (Kalasipalya),nan,nan,20944_ST,nan,12.960766,77.577156,1.0,nan
KR Market (Kalasipalya),nan,KMT1,20944,KR Market (Kalasipalya) (Towards Departure),12.95916,77.57711,,nan
KR Market (Kalasipalya),nan,KRMA,20945,KR Market (Kalasipalya) (Towards Arrival),12.96154,77.57736,,nan
KR Market (Kalasipalya) - Platform 3,20944_ST,KMT1,20944_PF3,nan,12.960321,77.57698,,3
KR Market (Kalasipalya) - Platform 3A,20944_ST,KMT1,20944_PF3A,nan,12.960416,77.57711,,3A
KR Market (Kalasipalya) - Platform 3B,20944_ST,KMT1,20944_PF3B,nan,12.960502,77.57725,,3B
KR Market (Kalasipalya) - Platform 4,20944_ST,KMT1,20944_PF4,nan,12.960614,77.5774,,4
KR Market (Kalasipalya) - Platform 5,20944_ST,KMT1,20944_PF5,nan,12.960542,77.57703,,5
KR Market (Kalasipalya) - Platform 5A,20944_ST,KMT1,20944_PF5A,nan,12.960695,77.57727,,5A
KR Market (Kalasipalya) - Platform 5B,20944_ST,KMT1,20944_PF5B,nan,12.960836,77.57747,,5B
KR Market (Kalasipalya) - Platform 6,20944_ST,KMT1,20944_PF6,nan,12.960749,77.57707,,6
KR Market (Kalasipalya) - Platform 6A,20944_ST,KMT1,20944_PF6A,nan,12.960844,77.57722,,6A
KR Market (Kalasipalya) - Platform 6B,20944_ST,KMT1,20944_PF6B,nan,12.960923,77.57734,,6B
KR Market (Kalasipalya) - Platform 6C,20944_ST,KMT1,20944_PF6C,nan,12.961009,77.57747,,6C
KR Market (Kalasipalya) - Platform Main Jn.,20944_ST,KMT1,20944_PFMain_Jn.,nan,12.96368,77.57742,,Main Jn.
KR Market Flyover,nan,KMT2,36229,KR Market Flyover (Towards Nayandahalli),12.96469,77.57512,,nan
KR Market Flyover,nan,KRMA,31256,KR Market Flyover (Towards Corporation),12.96474,77.57508,,nan
KR Palya,nan,KRP1,31258,KR Palya (Towards Jakkanahalli),13.17406,77.34132,,nan
KR Palya,nan,KRP1,33582,KR Palya (Towards T Begur),13.17406,77.34138,,nan
KR Pura Bus Stand,nan,KRPG,20946,KR Pura Bus Stand (Towards KR Pura),13.00798,77.69271,,nan
KR Pura Bus Stand,nan,KRPM-1,22205,KR Pura Bus Stand (Towards Sadaramangala),13.00821,77.69214,,nan
KR Pura Bus Stand 1,nan,KRPG,22204,KR Pura Bus Stand 1 (Towards Kempegowda Bus Station),13.00804,77.69217,,nan
KR Pura Extension,nan,KRPE,22202,KR Pura Extension (Towards Kempegowda Bus Station),13.01143,77.69869,,nan
KR Pura Extension,nan,KRPE,22203,KR Pura Extension (Towards Hosakote),13.01172,77.69862,,nan
KR Pura Market,nan,KRPGHP,22206,KR Pura Market (Towards Tin Factory),13.00821,77.69535,,nan
KR Pura Market,nan,KRPM-1,22207,KR Pura Market (Towards Hosakote),13.00841,77.69403,,nan
KR Pura Metro Station,nan,KRPMS1,37688,KR Pura Metro Station (Towards Start Point),13.00014,77.67664,,nan
KR Pura Metro Station,nan,KRPMS1,38391,KR Pura Metro Station (Towards End POINT),13.0001,77.67713,,nan
KR Pura Railway Station,nan,KR RLY,21113,KR Pura Railway Station (Towards Tin Factory),12.99998,77.67654,,nan
KR Pura Railway Station,nan,KRPRLY,21112,KR Pura Railway Station (Towards Hope Farm),13.00022,77.67597,,nan
KR Pura Railway Station,nan,KRPRST,35933,KR Pura Railway Station (Towards B Channasandra),13.00133,77.67814,,nan
KRB Indian Oil Petrol Bunk Kembathalli,nan,INPK,23361,KRB Indian Oil Petrol Bunk Kembathalli (Towards Anjanapura),12.85928,77.56996,,nan
KRB Indian Oil Petrol Bunk Kembathalli,nan,INPK,23366,KRB Indian Oil Petrol Bunk Kembathalli (Towards Kembathalli),12.85943,77.56985,,nan
KSRP Training Centre,nan,KSRP,23379,KSRP Training Centre (Towards Kaikondrahalli),12.8859,77.67237,,nan
KSRP Training Centre,nan,KSRP,23388,KSRP Training Centre (Towards Central Jail),12.88589,77.67248,,nan
KSRTC-ACHALU BUS STAND,nan,ACHLU,40302,KSRTC-ACHALU BUS STAND (Towards Last Stop),12.48085,77.36341,,nan
KSRTC-ALAMATTI BUS STAND,nan,nan,40160,KSRTC-ALAMATTI BUS STAND (Towards Last Stop),16.33609,75.90369,,nan
KSRTC-ALDUR BUS STAND,nan,nan,40442,KSRTC-ALDUR BUS STAND (Towards Last Stop),13.24395,75.65242,,nan
KSRTC-ALURU BUS STAND,nan,nan,40141,KSRTC-ALURU BUS STAND (Towards Last Stop),12.97791,75.99036,,nan
KSRTC-AMEENAGAD BUS STAND,nan,nan,40165,KSRTC-AMEENAGAD BUS STAND (Towards Last Stop),16.05668,75.94348,,nan
KSRTC-ARAKALAGUDU BUS STAND,nan,ARKGDBS,40208,KSRTC-ARAKALAGUDU BUS STAND (Towards Last Stop),12.76269,76.05945,,nan
KSRTC-ARSIKERE BUS STAND,nan,nan,40225,KSRTC-ARSIKERE BUS STAND (Towards Last Stop),13.31643,76.25431,,nan
KSRTC-BAGALAKOTE BUS STAND,nan,BGLT,40166,KSRTC-BAGALAKOTE BUS STAND (Towards Last Stop),16.15852,75.67201,,nan
KSRTC-BALEHONNURU BUS STAND,nan,nan,40446,KSRTC-BALEHONNURU BUS STAND (Towards Last Stop),13.35069,75.46475,,nan
KSRTC-BALLARI BUS STAND,nan,BLRI,40174,KSRTC-BALLARI BUS STAND (Towards Last Stop),15.13723,76.9202,,nan
KSRTC-BALUPETE BUS STAND,nan,nan,40142,KSRTC-BALUPETE BUS STAND (Towards Dhramasthala),12.94515,75.87962,,nan
KSRTC-BALUPETE BUS STAND,nan,nan,40143,KSRTC-BALUPETE BUS STAND (Towards Hassan),12.9452,75.87966,,nan
KSRTC-BALURU H P BUS STAND,nan,nan,40451,KSRTC-BALURU H P BUS STAND (Towards Last Stop),13.15276,75.50238,,nan
KSRTC-BANAKAL BUS STAND,nan,nan,40449,KSRTC-BANAKAL BUS STAND (Towards Last Stop),13.12313,75.62059,,nan
KSRTC-BANASHANKRI BUS STAND,nan,BNS0,40102,KSRTC-BANASHANKRI BUS STAND (Towards KBS),12.91745,77.57346,,nan
KSRTC-BANASHANKRI BUS STAND,nan,BSK1,40101,KSRTC-BANASHANKRI BUS STAND (Towards Kanakapura),12.91695,77.57367,,nan
KSRTC-BANAVARA BUS STAND,nan,nan,40227,KSRTC-BANAVARA BUS STAND (Towards Last Stop),13.4089,76.16139,,nan
KSRTC-BANKAPURA BUS STAND,nan,nan,40114,KSRTC-BANKAPURA BUS STAND (Towards Last Stop),14.92208,75.25583,,nan
KSRTC-BELLUR CROSS BUS STAND,nan,nan,40129,KSRTC-BELLUR CROSS BUS STAND (Towards Hassan),12.96179,76.74226,,nan
KSRTC-BELLUR CROSS BUS STAND,nan,nan,40130,KSRTC-BELLUR CROSS BUS STAND (Towards Kunigal),12.96226,76.74257,,nan
KSRTC-BELUR BUS STAND,nan,nan,40154,KSRTC-BELUR BUS STAND (Towards Last Stop),13.16616,75.8667,,nan
KSRTC-BENGALURU BUS STATION,nan,KBS1,38880,KSRTC-BENGALURU BUS STATION (Towards Arrival),12.97746,77.57239,,nan
KSRTC-BENGALURU BUS STATION,nan,KBS3,38888,KSRTC-BENGALURU BUS STATION (Towards Departure),12.97747,77.57288,,nan
KSRTC-BG KERE Bus Stand,nan,BGK1,40342,KSRTC-BG KERE Bus Stand (Towards Last STOP),14.59512,76.67163,,nan
KSRTC-BHADRAVATHI BUS STAND,nan,nan,40231,KSRTC-BHADRAVATHI BUS STAND (Towards Last Stop),13.84298,75.69584,,nan
KSRTC-BHARAMSAGARA BUS STAND,nan,nan,40082,KSRTC-BHARAMSAGARA BUS STAND (Towards Chitradurga),14.36349,76.19546,,nan
KSRTC-BHARAMSAGARA BUS STAND,nan,nan,40169,KSRTC-BHARAMSAGARA BUS STAND (Towards Hubbali),14.36324,76.19539,,nan
KSRTC-BIDADI BUS STAND,nan,BDD,40047,KSRTC-BIDADI BUS STAND (Towards Ramanagara),12.79661,77.38454,,nan
KSRTC-BIDADI BUS STAND,nan,BDD,40048,KSRTC-BIDADI BUS STAND (Towards Kengeri),12.7968,77.3845,,nan
KSRTC-BIRURU BUS STAND,nan,nan,40229,KSRTC-BIRURU BUS STAND (Towards Last Stop),13.59663,75.97496,,nan
KSRTC-CHALLAKERE BUS STAND,nan,nan,40116,KSRTC-CHALLAKERE BUS STAND (Towards Last Stop),14.31646,76.6513,,nan
KSRTC-CHANDRABAVI BUS STAND,nan,nan,40198,KSRTC-CHANDRABAVI BUS STAND (Towards Last Stop),13.8949,77.24235,,nan
KSRTC-CHANNAGIRI BUS STAND,nan,nan,40105,KSRTC-CHANNAGIRI BUS STAND (Towards Last Stop),14.02182,75.92979,,nan
KSRTC-CHANNAGIRI BUS STAND,nan,nan,40226,KSRTC-CHANNAGIRI BUS STAND (Towards Channagiri),14.02182,75.92987,,nan
KSRTC-CHANNAPATTANA BUS STAND,nan,nan,40052,KSRTC-CHANNAPATTANA BUS STAND (Towards Ramanagara),12.65251,77.20454,,nan
KSRTC-CHANNAPATTANA BUS STAND,nan,nan,40156,KSRTC-CHANNAPATTANA BUS STAND (Towards Madduru),12.65229,77.20467,,nan
KSRTC-CHANNARAYAPATTANA BUS STAND,nan,nan,40135,KSRTC-CHANNARAYAPATTANA BUS STAND (Towards Last Stop),12.89853,76.39169,,nan
KSRTC-CHIKKAMAGALURU BUS STAND,nan,CKMRBS1,40155,KSRTC-CHIKKAMAGALURU BUS STAND (Towards Last Stop),13.31766,75.77195,,nan
KSRTC-CHIKKANAYAKANAHALLI BUS STAND,nan,nan,40212,KSRTC-CHIKKANAYAKANAHALLI BUS STAND (Towards NITTUR),13.41573,76.61893,,nan
KSRTC-CHINTAMANI BUS STAND,nan,nan,40250,KSRTC-CHINTAMANI BUS STAND (Towards Last Stop),13.4005,78.05695,,nan
KSRTC-CHITRADURGA BUS STAND,nan,CTA,40080,KSRTC-CHITRADURGA BUS STAND (Towards Last Stop),14.22681,76.3961,,nan
KSRTC-D KODIHALLI BUS STAND,nan,DKDH,40304,KSRTC-D KODIHALLI BUS STAND (Towards Last Stop),12.4274,77.26356,,nan
KSRTC-DABASPET BUS STAND,nan,DBSPT,40054,KSRTC-DABASPET BUS STAND (Towards Nelamangala),13.22783,77.24185,,nan
KSRTC-DABASPET BUS STAND,nan,DSPT,40051,KSRTC-DABASPET BUS STAND (Towards Tumakur),13.22795,77.24148,,nan
KSRTC-DAVANAGERE BUS STAND,nan,DVG2,40086,KSRTC-DAVANAGERE BUS STAND (Towards Last Stop),14.46013,75.93094,,nan
KSRTC-DAYANANDA SAGARA BUS STAND,nan,DNSRMDC,40314,KSRTC-DAYANANDA SAGARA BUS STAND (Towards Kanakapura),12.66307,77.45041,,nan
KSRTC-DAYANANDA SAGARA BUS STAND,nan,DNSRMDC,40315,KSRTC-DAYANANDA SAGARA BUS STAND (Towards Harohalli),12.66311,77.4502,,nan
KSRTC-DHADESUGUR BUS STAND,nan,nan,40178,KSRTC-DHADESUGUR BUS STAND (Towards Last Stop),15.6927,76.89597,,nan
KSRTC-DHARMASTHALA BUS STAND,nan,DMTBS1,40149,KSRTC-DHARMASTHALA BUS STAND (Towards Last Stop),12.95682,75.38506,,nan
KSRTC-DODDEBAGILU BUS STAND,nan,DDBL1,40352,KSRTC-DODDEBAGILU BUS STAND (Towards LAST STOP),12.25674,76.9616,,nan
KSRTC-EK COLONY BUS STAND,nan,nan,40185,KSRTC-EK COLONY BUS STAND (Towards Last Stop),13.39775,77.23716,,nan
KSRTC-GADAGA BUS STAND,nan,nan,40125,KSRTC-GADAGA BUS STAND (Towards Last Stop),15.42473,75.63615,,nan
KSRTC-GUBBI BUS STAND,nan,nan,40206,KSRTC-GUBBI BUS STAND (Towards Last stop),13.30923,76.94301,,nan
KSRTC-GUNDYA BUS STAND,nan,nan,40145,KSRTC-GUNDYA BUS STAND (Towards Dharmasthala),12.82784,75.5713,,nan
KSRTC-GUNDYA BUS STAND,nan,nan,40146,KSRTC-GUNDYA BUS STAND (Towards Sakleshpura),12.82789,75.57137,,nan
KSRTC-H CROSS BUS STAND,nan,HC1,40248,KSRTC-H CROSS BUS STAND (Towards Last Stop),13.24269,77.93037,,nan
KSRTC-HAGARE BUS STAND,nan,nan,40152,KSRTC-HAGARE BUS STAND (Towards Chikkamagaluru),13.12817,75.99245,,nan
KSRTC-HAGARE BUS STAND,nan,nan,40153,KSRTC-HAGARE BUS STAND (Towards HASSAN),13.12803,75.99266,,nan
KSRTC-HALAGURU BUS STAND,nan,HLGR5,40305,KSRTC-HALAGURU BUS STAND (Towards Last Stop),12.42476,77.22401,,nan
KSRTC-HANAGAL Cross BUS STAND,nan,HNGLCR1,40344,KSRTC-HANAGAL Cross BUS STAND (Towards Ballari),14.73962,76.70344,,nan
KSRTC-HANAGAL Cross BUS STAND,nan,HNGLCR1,40345,KSRTC-HANAGAL Cross BUS STAND (Towards CHALLAKERE),14.73943,76.70367,,nan
KSRTC-HANURU BUS STAND,nan,nan,40088,KSRTC-HANURU BUS STAND (Towards ಕೊನೆಯ ನಿಲ್ದಾಣ),12.08788,77.30257,,nan
KSRTC-HARDI CIRCLE BUS STAND,nan,HDRCL,40307,KSRTC-HARDI CIRCLE BUS STAND (Towards Last Stop),12.39993,77.1315,,nan
KSRTC-HARIHARA BUS STAND,nan,nan,40089,KSRTC-HARIHARA BUS STAND (Towards Last Stop),14.51453,75.81,,nan
KSRTC-HAROHALLI BUS STAND,nan,HRLI,40106,KSRTC-HAROHALLI BUS STAND (Towards Last Stop),12.68012,77.46988,,nan
KSRTC-HASSANA BUS STAND,nan,nan,40140,KSRTC-HASSANA BUS STAND (Towards Last Stop),12.99824,76.10351,,nan
KSRTC-HATTIGUDUR BUS STAND,nan,nan,40191,KSRTC-HATTIGUDUR BUS STAND (Towards Last  Stop),16.60366,76.88152,,nan
KSRTC-HAVERI BUS STAND,nan,HVR2,40093,KSRTC-HAVERI BUS STAND (Towards Ranibennur),14.7883,75.39898,,nan
KSRTC-HAVERI BUS STAND,nan,HVR2,40171,KSRTC-HAVERI BUS STAND (Towards Last Stop),14.78807,75.39796,,nan
KSRTC-HIREBAYALU BUS STAND,nan,nan,40453,KSRTC-HIREBAYALU BUS STAND (Towards Last Stop),13.19754,75.41163,,nan
KSRTC-HIRISAVE BUS STAND,nan,nan,40133,KSRTC-HIRISAVE BUS STAND (Towards Hassan),12.9526,76.57637,,nan
KSRTC-HIRISAVE BUS STAND,nan,nan,40134,KSRTC-HIRISAVE BUS STAND (Towards Kunigal),12.95309,76.57652,,nan
KSRTC-HIRIYURU BUS STAND,nan,nan,40069,KSRTC-HIRIYURU BUS STAND (Towards Last Stop),13.94196,76.61995,,nan
KSRTC-HOLALKERE BUS STAND,nan,ಃಳಖಭಶ,40221,KSRTC-HOLALKERE BUS STAND (Towards Channagiri),14.04273,76.18405,,nan
KSRTC-HOLALKERE BUS STAND,nan,ಃಳಖಭಶ,40222,KSRTC-HOLALKERE BUS STAND (Towards Chitradurga),14.04291,76.18385,,nan
KSRTC-HOLEHONNUR BUS STAND,nan,nan,40113,KSRTC-HOLEHONNUR BUS STAND (Towards Last Stop),13.98755,75.68949,,nan
KSRTC-HOLENARASIPURA BUS STAND,nan,nan,40205,KSRTC-HOLENARASIPURA BUS STAND (Towards Last Stop),12.78637,76.24456,,nan
KSRTC-HONAGALLI BUS STAND,nan,HNGLI,40303,KSRTC-HONAGALLI BUS STAND (Towards Last Stop),12.43448,77.28242,,nan
KSRTC-HORANADU BUS STATION,nan,nan,40455,KSRTC-HORANADU BUS STATION (Towards Last Stop),13.27602,75.34434,,nan
KSRTC-HOSADURGA BUS STAND,nan,HSDRG,40220,KSRTC-HOSADURGA BUS STAND (Towards Last Stop),13.80095,76.2847,,nan
KSRTC-HOSAKERE BUS STAND,nan,HGERBS1,40192,KSRTC-HOSAKERE BUS STAND (Towards Last Stop),13.7648,77.19906,,nan
KSRTC-HOSAKOTE BUS STAND,nan,HSKTHSS,40240,KSRTC-HOSAKOTE BUS STAND (Towards Kolar),13.07014,77.78322,,nan
KSRTC-HOSAKOTE BUS STAND,nan,HSKTHSS,40241,KSRTC-HOSAKOTE BUS STAND (Towards KR Pura),13.06997,77.7833,,nan
KSRTC-HOSAPETE BUS STAND,nan,HSPT2,40083,KSRTC-HOSAPETE BUS STAND (Towards Last Bus Stop),15.27517,76.38874,,nan
KSRTC-HUBBALLI BUS STAND,nan,HBL1,40098,KSRTC-HUBBALLI BUS STAND (Towards Last Stop),15.35079,75.11731,,nan
KSRTC-HULIYAR BUS STAND,nan,nan,40216,KSRTC-HULIYAR BUS STAND (Towards NITTUR),13.58259,76.53589,,nan
KSRTC-HUMNABAD BUS STAND,nan,nan,40280,KSRTC-HUMNABAD BUS STAND (Towards Last Stop),17.77218,77.12487,,nan
KSRTC-HUNAGUND BUS STAND,nan,nan,40159,KSRTC-HUNAGUND BUS STAND (Towards Last Stop),16.05867,76.0595,,nan
KSRTC-ILAKAL BUS STAND,nan,nan,40158,KSRTC-ILAKAL BUS STAND (Towards Last Stop),15.966,76.11229,,nan
KSRTC-JAIN COLLEGE BUS STAND,nan,JNUG2,40316,KSRTC-JAIN COLLEGE BUS STAND (Towards Harohalli),12.64184,77.43653,,nan
KSRTC-JAIN COLLEGE BUS STAND,nan,JNUG2,40317,KSRTC-JAIN COLLEGE BUS STAND (Towards Kanakapura),12.64173,77.43665,,nan
KSRTC-JALAHALLI CROSS BUS STAND,nan,JHC3,40251,KSRTC-JALAHALLI CROSS BUS STAND (Towards Tumakur),13.04002,77.51818,,nan
KSRTC-JALAHALLI CROSS BUS STAND,nan,JHC3,40252,KSRTC-JALAHALLI CROSS BUS STAND (Towards Kempegowda Bus Station),13.04014,77.51834,,nan
KSRTC-JAVAGONDANAHALLI BUS STAND,nan,nan,40295,KSRTC-JAVAGONDANAHALLI BUS STAND (Towards Hiriyuru),13.83769,76.74687,,nan
KSRTC-JAVAGONDANAHALLI BUS STAND,nan,nan,40296,KSRTC-JAVAGONDANAHALLI BUS STAND (Towards Sira),13.8378,76.74701,,nan
KSRTC-JAYAPURA BUS STAND,nan,nan,40447,KSRTC-JAYAPURA BUS STAND (Towards Last Stop),13.40117,75.37124,,nan
KSRTC-JEVARAGI BUS STAND,nan,nan,40197,KSRTC-JEVARAGI BUS STAND (Towards Last Stop),17.01719,76.77667,,nan
KSRTC-JIVALA BUS STAND,nan,nan,40452,KSRTC-JIVALA BUS STAND (Towards Last Stop),13.16519,75.48544,,nan
KSRTC-K B CROSS BUS STAND,nan,nan,40210,KSRTC-K B CROSS BUS STAND (Towards Last Stop),13.31168,76.65572,,nan
KSRTC-KADABAGERE BUS STAND,nan,nan,40445,KSRTC-KADABAGERE BUS STAND (Towards Last Stop),13.3662,75.52138,,nan
KSRTC-KADABALLI BUS STAND,nan,nan,40131,KSRTC-KADABALLI BUS STAND (Towards Hassan),12.96237,76.63927,,nan
KSRTC-KADABALLI BUS STAND,nan,nan,40132,KSRTC-KADABALLI BUS STAND (Towards Kunigal),12.96255,76.63957,,nan
KSRTC-KADUR BUS STAND,nan,nan,40228,KSRTC-KADUR BUS STAND (Towards Last Stop),13.54871,76.01047,,nan
KSRTC-KAGGALIPURA BUS STAND,nan,KGLPR2,40103,KSRTC-KAGGALIPURA BUS STAND (Towards Kanakapura),12.80129,77.50873,,nan
KSRTC-KAGGALIPURA BUS STAND,nan,KGLPR2,40104,KSRTC-KAGGALIPURA BUS STAND (Towards BSK),12.80036,77.50836,,nan
KSRTC-KAIVARA CROSS BUS STAND,nan,nan,40249,KSRTC-KAIVARA CROSS BUS STAND (Towards Last Stop),13.32687,77.99234,,nan
KSRTC-KALABURAGI BUS STAND,nan,KLBRG,40200,KSRTC-KALABURAGI BUS STAND (Towards Last Stop),17.3263,76.81806,,nan
KSRTC-KALASA BUS STAND,nan,nan,40454,KSRTC-KALASA BUS STAND (Towards Last Stop),13.23321,75.3591,,nan
KSRTC-KALKERE BUS STAND,nan,nan,40150,KSRTC-KALKERE BUS STAND (Towards Chikkamagaluru),13.09975,76.02445,,nan
KSRTC-KALKERE BUS STAND,nan,nan,40151,KSRTC-KALKERE BUS STAND (Towards Hassan),13.0998,76.02455,,nan
KSRTC-KAMAGERE BUS STAND,nan,nan,40084,KSRTC-KAMAGERE BUS STAND (Towards Last Stop),12.13291,77.22864,,nan
KSRTC-KAMALAPUR BUS STAND,nan,nan,40291,KSRTC-KAMALAPUR BUS STAND (Towards Last Stop),17.58363,76.98443,,nan
KSRTC-KANAKAPURA BUS STAND,nan,KNKP1,40108,KSRTC-KANAKAPURA BUS STAND (Towards Last Stop 2),12.54807,77.42704,,nan
KSRTC-KANATI BUS STAND,nan,nan,40443,KSRTC-KANATI BUS STAND (Towards Last Stop),13.30443,75.58597,,nan
KSRTC-KENGERI BUS STAND,nan,KGR1,40043,KSRTC-KENGERI BUS STAND (Towards Bidadi),12.9138,77.48644,,nan
KSRTC-KENGERI BUS STAND,nan,KGR1,40044,KSRTC-KENGERI BUS STAND (Towards Kempegowda Bus Station),12.91396,77.48637,,nan
KSRTC-KHANAHOSAHALLI BUS STAND,nan,nan,40076,KSRTC-KHANAHOSAHALLI BUS STAND (Towards Kudlagi),14.64751,76.46954,,nan
KSRTC-KHANAHOSAHALLI BUS STAND,nan,nan,40077,KSRTC-KHANAHOSAHALLI BUS STAND (Towards Chitadurga),14.6474,76.46981,,nan
KSRTC-KM DODDY BUS STAND,nan,nan,40058,KSRTC-KM DODDY BUS STAND (Towards Kollegala),12.4873,77.03576,,nan
KSRTC-KM DODDY BUS STAND,nan,nan,40061,KSRTC-KM DODDY BUS STAND (Towards Maddur),12.48734,77.03559,,nan
KSRTC-KOKKADA BUS STAND,nan,nan,40147,KSRTC-KOKKADA BUS STAND (Towards Dharmasthala),12.85996,75.41019,,nan
KSRTC-KOKKADA BUS STAND,nan,nan,40148,KSRTC-KOKKADA BUS STAND (Towards Sakleshpura),12.85963,75.41016,,nan
KSRTC-KOLAR BUS STAND,nan,nan,40242,KSRTC-KOLAR BUS STAND (Towards Last Stop),13.13695,78.12964,,nan
KSRTC-KOLLEGALA BUS STAND,nan,KGLBS1,40078,KSRTC-KOLLEGALA BUS STAND (Towards Last Stop),12.15326,77.10435,,nan
KSRTC-KONANAKUNTE BUS STAND,nan,KKC6,40311,KSRTC-KONANAKUNTE BUS STAND (Towards Banashankari),12.89007,77.5637,,nan
KSRTC-KONANAKUNTE CROSS BUS STAND,nan,KKC1,40310,KSRTC-KONANAKUNTE CROSS BUS STAND (Towards Harohalli),12.8899,77.56397,,nan
KSRTC-KOPPALA BUS STAND,nan,nan,40087,KSRTC-KOPPALA BUS STAND (Towards Last bus stop),15.35169,76.14892,,nan
KSRTC-KORATAGERE BUS  STAND,nan,nan,40188,KSRTC-KORATAGERE BUS  STAND (Towards Last Stop),13.51765,77.23239,,nan
KSRTC-KOTTIGEHARA BUS STAND,nan,nan,40450,KSRTC-KOTTIGEHARA BUS STAND (Towards Last Stop),13.12109,75.52533,,nan
KSRTC-KOWDAHALLI BUS STAND,nan,nan,40094,KSRTC-KOWDAHALLI BUS STAND (Towards Last Stop),12.06691,77.44196,,nan
KSRTC-KR PURA BUS STAND,nan,KRPGHP,40239,KSRTC-KR PURA BUS STAND (Towards KBS),13.00818,77.6953,,nan
KSRTC-KR PURA BUS STAND,nan,KRPM-1,40238,KSRTC-KR PURA BUS STAND (Towards Kolar),13.00831,77.69383,,nan
KSRTC-KUDLAGI BUS STAND,nan,nan,40079,KSRTC-KUDLAGI BUS STAND (Towards Last Stop),14.90406,76.38584,,nan
KSRTC-KUKKE SUBRAMANYA,nan,KSMN,40320,KSRTC-KUKKE SUBRAMANYA (Towards Last Stop),12.66584,75.61359,,nan
KSRTC-KUMBALAGODU BUS STAND,nan,KBG0,40045,KSRTC-KUMBALAGODU BUS STAND (Towards Kempegowda Bus Station),12.87847,77.44528,,nan
KSRTC-KUMBALAGODU BUS STAND,nan,KBG0,40046,KSRTC-KUMBALAGODU BUS STAND (Towards Ramanagara),12.87824,77.44549,,nan
KSRTC-KUNIGAL BUS STAND,nan,nan,40126,KSRTC-KUNIGAL BUS STAND (Towards Last Stop),13.02535,77.02967,,nan
KSRTC-KUSHTAGI BUS STAND,nan,nan,40157,KSRTC-KUSHTAGI BUS STAND (Towards Last Stop),15.75153,76.1932,,nan
KSRTC-LAXMESHWAR BUS STAND,nan,nan,40119,KSRTC-LAXMESHWAR BUS STAND (Towards Last Stop),15.12391,75.47399,,nan
KSRTC-LINGASUGURU BUS STAND,nan,nan,40183,KSRTC-LINGASUGURU BUS STAND (Towards Last Stop),16.15608,76.52749,,nan
KSRTC-MADAKASIRA BUS STAND,nan,nan,40199,KSRTC-MADAKASIRA BUS STAND (Towards Last Stop),13.93964,77.27366,,nan
KSRTC-MADDURU BUS STAND,nan,nan,40060,KSRTC-MADDURU BUS STAND (Towards MANDYA),12.58907,77.04495,,nan
KSRTC-MADDURU BUS STAND,nan,nan,40062,KSRTC-MADDURU BUS STAND (Towards Channapatta),12.58937,77.04475,,nan
KSRTC-MADHUGIRI BUS STAND,nan,MDGRBS1,40190,KSRTC-MADHUGIRI BUS STAND (Towards Last Stop),13.65761,77.21178,,nan
KSRTC-MAGADI BUS STAND  STAND,nan,nan,40121,KSRTC-MAGADI BUS STAND  STAND (Towards Gadag),15.21705,75.50981,,nan
KSRTC-MALAVALLI BUS STAND,nan,nan,40067,KSRTC-MALAVALLI BUS STAND (Towards Kollegala),12.38599,77.05986,,nan
KSRTC-MALAVALLI BUS STAND,nan,nan,40072,KSRTC-MALAVALLI BUS STAND (Towards Maddur),12.38598,77.05974,,nan
KSRTC-MALLADIHALLI BUS STAND,nan,nan,40111,KSRTC-MALLADIHALLI BUS STAND (Towards HOLALKERE),14.0271,76.08146,,nan
KSRTC-MALLADIHALLI BUS STAND,nan,nan,40224,KSRTC-MALLADIHALLI BUS STAND (Towards Channagiri),14.02704,76.08147,,nan
KSRTC-MALLINATHAPURA BUS STAND,nan,MLTPR1,40354,KSRTC-MALLINATHAPURA BUS STAND (Towards LAST STOP),12.29252,77.0212,,nan
KSRTC-MALLIPATNA BUS STAND,nan,nan,40211,KSRTC-MALLIPATNA BUS STAND (Towards Last Stop),12.7553,75.96548,,nan
KSRTC-MANDYA BUS STAND,nan,nan,40064,KSRTC-MANDYA BUS STAND (Towards Madduru),12.52764,76.89072,,nan
KSRTC-MANDYA BUS STAND,nan,nan,40075,KSRTC-MANDYA BUS STAND (Towards Mysore),12.5274,76.89067,,nan
KSRTC-MANGALA BUS STAND,nan,nan,40085,KSRTC-MANGALA BUS STAND (Towards Last Stop),12.12191,77.24728,,nan
KSRTC-MANVI BUS STAND,nan,nan,40203,KSRTC-MANVI BUS STAND (Towards Last stop),15.99895,77.05032,,nan
KSRTC-MARIYAMMANAHALLI BUS STAND,nan,nan,40081,KSRTC-MARIYAMMANAHALLI BUS STAND (Towards Last Stop),15.15985,76.35744,,nan
KSRTC-MASKI BUS STAND,nan,nan,40180,KSRTC-MASKI BUS STAND (Towards Last Stop),15.96423,76.65342,,nan
KSRTC-MATTANAVILE,nan,MTNV,40341,KSRTC-MATTANAVILE (Towards Kunigal),12.9275,76.50888,,nan
KSRTC-MATTANAVILE,nan,MTNV,40410,KSRTC-MATTANAVILE (Towards Channarayapattana),12.92705,76.509,,nan
KSRTC-MAYASANDRA BUS STAND,nan,nan,40297,KSRTC-MAYASANDRA BUS STAND (Towards Turuvekere),13.07941,76.75741,,nan
KSRTC-MAYASANDRA BUS STAND,nan,nan,40298,KSRTC-MAYASANDRA BUS STAND (Towards Kunigal),13.07938,76.75749,,nan
KSRTC-MIDIGESHI BUS STAND,nan,MDGSBS1,40195,KSRTC-MIDIGESHI BUS STAND (Towards Last Stop),13.83317,77.20504,,nan
KSRTC-MM HILS BUS STAND,nan,MMHLS1,40099,KSRTC-MM HILS BUS STAND (Towards Last Stop),12.0308,77.59088,,nan
KSRTC-MOTEBENNUR BUS STAND,nan,nan,40091,KSRTC-MOTEBENNUR BUS STAND (Towards Hubbali),14.71852,75.48172,,nan
KSRTC-MOTEBENNUR BUS STAND,nan,nan,40170,KSRTC-MOTEBENNUR BUS STAND (Towards Harihar),14.71802,75.48237,,nan
KSRTC-MUDDEBIHAL BUS STAND,nan,nan,40167,KSRTC-MUDDEBIHAL BUS STAND (Towards Last Stop),16.33691,76.13069,,nan
KSRTC-MUDIGERE BUS STAND,nan,nan,40448,KSRTC-MUDIGERE BUS STAND (Towards Last Stop),13.13728,75.64081,,nan
KSRTC-MULABAGILU BUS STAND,nan,nan,40243,KSRTC-MULABAGILU BUS STAND (Towards Last Stop),13.16629,78.39418,,nan
KSRTC-MULGUND BUS STAND,nan,nan,40124,KSRTC-MULGUND BUS STAND (Towards Last Stop),15.28333,75.52575,,nan
KSRTC-MUTTAGI BUS STAND,nan,nan,40162,KSRTC-MUTTAGI BUS STAND (Towards Hunagund),16.51882,75.87101,,nan
KSRTC-MUTTAGI BUS STAND,nan,nan,40163,KSRTC-MUTTAGI BUS STAND (Towards Vijayapura),16.51884,75.87069,,nan
KSRTC-MYSORE BUS STAND,nan,MYSR,40073,KSRTC-MYSORE BUS STAND (Towards Last Stop),12.31324,76.65873,,nan
KSRTC-MYSORE ROAD BUS STATION,nan,MRSBS,40041,KSRTC-MYSORE ROAD BUS STATION (Towards KENGERI),12.95366,77.54318,,nan
KSRTC-MYSORE ROAD BUS STATION,nan,MRSBS,40042,KSRTC-MYSORE ROAD BUS STATION (Towards Kempegowda Bus Stand),12.95403,77.5434,,nan
KSRTC-NAIKAL BUS STAND,nan,nan,40193,KSRTC-NAIKAL BUS STAND (Towards Last Stop),16.7271,77.07011,,nan
KSRTC-NANDAGUDI BUS STAND,nan,NDG1,40247,KSRTC-NANDAGUDI BUS STAND (Towards Last Stop),13.20254,77.90154,,nan
KSRTC-NELAMANGALA BUS STAND,nan,NMG5,40253,KSRTC-NELAMANGALA BUS STAND (Towards Tumakur),13.0977,77.38605,,nan
KSRTC-NELAMANGALA BUS STAND,nan,NMG5,40254,KSRTC-NELAMANGALA BUS STAND (Towards Jalahalli Cross),13.09787,77.38609,,nan
KSRTC-NELAMANGALA BUS STAND,nan,NMG5,40318,KSRTC-NELAMANGALA BUS STAND (Towards Kunigal),13.09771,77.38559,,nan
KSRTC-NELAMANGALA BUS STAND,nan,NMG5,40319,KSRTC-NELAMANGALA BUS STAND (Towards Arishinakunte),13.09786,77.38547,,nan
KSRTC-NIDAGHATTA BUS STAND,nan,nan,40055,KSRTC-NIDAGHATTA BUS STAND (Towards Madduru),12.61964,77.09333,,nan
KSRTC-NIDAGHATTA BUS STAND,nan,nan,40056,KSRTC-NIDAGHATTA BUS STAND (Towards Channapattana),12.61986,77.09296,,nan
KSRTC-NIDAGUNDI BUS STAND,nan,nan,40161,KSRTC-NIDAGUNDI BUS STAND (Towards Vijayapura),16.35546,75.93549,,nan
KSRTC-NIDAGUNDI BUS STAND,nan,nan,40255,KSRTC-NIDAGUNDI BUS STAND (Towards Alamatti),16.35529,75.93624,,nan
KSRTC-NITTUR BUS STAND,nan,nan,40207,KSRTC-NITTUR BUS STAND (Towards K B Cross),13.32072,76.86409,,nan
KSRTC-NITTUR BUS STAND,nan,nan,40209,KSRTC-NITTUR BUS STAND (Towards Gubbi),13.32079,76.86433,,nan
KSRTC-PANDITHALLI BUS STAND,nan,PNDTH,40308,KSRTC-PANDITHALLI BUS STAND (Towards Last Stop),12.32098,77.09145,,nan
KSRTC-PAVAGADA BUS STAND,nan,PVGBS1,40202,KSRTC-PAVAGADA BUS STAND (Towards Last Stop),14.09721,77.28367,,nan
KSRTC-PURIGALI BUS STAND,nan,PGL1,40353,KSRTC-PURIGALI BUS STAND (Towards LAST STOP),12.25777,77.0121,,nan
KSRTC-RAICHUR BUS STAND,nan,RCUR,40204,KSRTC-RAICHUR BUS STAND (Towards Last stop),16.20161,77.3458,,nan
KSRTC-RAJAVANTHI BUS STAND,nan,nan,40201,KSRTC-RAJAVANTHI BUS STAND (Towards Last Stop),14.03506,77.28394,,nan
KSRTC-RAMANAGARA BUS STAND,nan,RMNBS,40049,KSRTC-RAMANAGARA BUS STAND (Towards CHANNAPATTANA),12.72215,77.27531,,nan
KSRTC-RAMANAGARA BUS STAND,nan,RMNBS,40050,KSRTC-RAMANAGARA BUS STAND (Towards Bidadi),12.7222,77.27511,,nan
KSRTC-RAMPURA BUS STAND,nan,nan,40118,KSRTC-RAMPURA BUS STAND (Towards Ballari),14.88259,76.78339,,nan
KSRTC-RAMPURA BUS STAND,nan,nan,40173,KSRTC-RAMPURA BUS STAND (Towards Challikere),14.88156,76.78337,,nan
KSRTC-RANEBENNUR BUS STAND,nan,nan,40090,KSRTC-RANEBENNUR BUS STAND (Towards Last Stop),14.61551,75.63384,,nan
KSRTC-RAVANI BUS STAND,nan,RVN2,40355,KSRTC-RAVANI BUS STAND (Towards Last Stop),12.33856,77.0413,,nan
KSRTC-ROTTIKATTE BUS STAND,nan,RTKTE,40309,KSRTC-ROTTIKATTE BUS STAND (Towards Last Stop),12.27881,77.14142,,nan
KSRTC-SAKALESHAPURA BUS STAND,nan,nan,40144,KSRTC-SAKALESHAPURA BUS STAND (Towards Last Stop),12.94087,75.78154,,nan
KSRTC-SANGAMESHWARA PETE,nan,nan,40444,KSRTC-SANGAMESHWARA PETE (Towards Last Stop),13.3621,75.52747,,nan
KSRTC-SATHANURU BUS STAND,nan,STNR1,40110,KSRTC-SATHANURU BUS STAND (Towards Last Stop),12.45426,77.32089,,nan
KSRTC-SATHYAGALA BUS STAND,nan,nan,40074,KSRTC-SATHYAGALA BUS STAND (Towards Last Stop),12.24245,77.1478,,nan
KSRTC-SAVANUR BUS STAND,nan,nan,40115,KSRTC-SAVANUR BUS STAND (Towards Last Stop),14.97198,75.33262,,nan
KSRTC-SHAHAPURA BUS STAND,nan,nan,40196,KSRTC-SHAHAPURA BUS STAND (Towards Jevargi),16.69393,76.84587,,nan
KSRTC-SHANIVARA SANTE BUS STAND,nan,nan,40214,KSRTC-SHANIVARA SANTE BUS STAND (Towards Last Stop),12.72488,75.90014,,nan
KSRTC-SHANTHIGRAMA BUS STAND,nan,nan,40138,KSRTC-SHANTHIGRAMA BUS STAND (Towards Hassan),12.98391,76.21413,,nan
KSRTC-SHANTHIGRAMA BUS STAND,nan,nan,40139,KSRTC-SHANTHIGRAMA BUS STAND (Towards Kunigal),12.98397,76.21524,,nan
KSRTC-SHIVAMOGGA BUS STAND,nan,SMG1,40109,KSRTC-SHIVAMOGGA BUS STAND (Towards Last Stop),13.94491,75.56689,,nan
KSRTC-SHRUNGERI BUS STAND,nan,nan,40441,KSRTC-SHRUNGERI BUS STAND (Towards Last Stop),13.42041,75.249,,nan
KSRTC-SIGGAVI BUS STAND,nan,nan,40096,KSRTC-SIGGAVI BUS STAND (Towards Hubbali),14.98876,75.21997,,nan
KSRTC-SIGGAVI BUS STAND,nan,nan,40172,KSRTC-SIGGAVI BUS STAND (Towards Last Stop),14.98871,75.22044,,nan
KSRTC-SINDHANOOR BUS STAND,nan,nan,40179,KSRTC-SINDHANOOR BUS STAND (Towards Last Stop),15.77017,76.75605,,nan
KSRTC-SIRA BUS STAND,nan,nan,40066,KSRTC-SIRA BUS STAND (Towards Last Stop),13.73988,76.90228,,nan
KSRTC-SIRA BUS STAND,nan,nan,40263,KSRTC-SIRA BUS STAND (Towards Tumakuru),13.7398,76.90292,,nan
KSRTC-SIRGUPPA BUS STAND,nan,nan,40177,KSRTC-SIRGUPPA BUS STAND (Towards Last Stop),15.63447,76.89293,,nan
KSRTC-SOLUR BUS STAND,nan,SOLUR,40321,KSRTC-SOLUR BUS STAND (Towards Kunigal),13.06545,77.25445,,nan
KSRTC-SOLUR BUS STAND,nan,SOLUR,40322,KSRTC-SOLUR BUS STAND (Towards Nelamangala),13.06574,77.25456,,nan
KSRTC-SOMAVARAPETE BUS STAND,nan,SMRPTBS,40217,KSRTC-SOMAVARAPETE BUS STAND (Towards Last Stop),12.59744,75.84865,,nan
KSRTC-SOSALE BUS STAND,nan,SSL1,40351,KSRTC-SOSALE BUS STAND (Towards LAST STOP),12.24171,76.91055,,nan
KSRTC-SRIRAMAPURA BUS STAND,nan,nan,40219,KSRTC-SRIRAMAPURA BUS STAND (Towards Last Stop),13.62309,76.41559,,nan
KSRTC-SRIRANGAPATTAN BUS STAND,nan,nan,40070,KSRTC-SRIRANGAPATTAN BUS STAND (Towards Mandya),12.42156,76.69219,,nan
KSRTC-SRIRANGAPATTAN BUS STAND,nan,nan,40071,KSRTC-SRIRANGAPATTAN BUS STAND (Towards MYSORE),12.42059,76.69206,,nan
KSRTC-SURAPURA BUS STAND,nan,nan,40189,KSRTC-SURAPURA BUS STAND (Towards Last Stop),16.52544,76.757,,nan
KSRTC-T K HALLI BUS STAND,nan,TKHLI,40306,KSRTC-T K HALLI BUS STAND (Towards Last Stop),12.41442,77.1971,,nan
KSRTC-T NARASIPURA BUS STAND,nan,TNRSPR1,40350,KSRTC-T NARASIPURA BUS STAND (Towards LAST STOP),12.21567,76.9078,,nan
KSRTC-TALABETTA BUS STAND,nan,nan,40097,KSRTC-TALABETTA BUS STAND (Towards Last Stop),12.06359,77.55796,,nan
KSRTC-TALAGHATTAPURA BUS STAND,nan,TLGPR,40312,KSRTC-TALAGHATTAPURA BUS STAND (Towards Harohalli),12.86988,77.53725,,nan
KSRTC-TALAGHATTAPURA BUS STAND,nan,TLGPR,40313,KSRTC-TALAGHATTAPURA BUS STAND (Towards Banashankari),12.86987,77.53702,,nan
KSRTC-TALIKOTE BUS STAND,nan,nan,40168,KSRTC-TALIKOTE BUS STAND (Towards Last Stop),16.47415,76.30657,,nan
KSRTC-TARIKERE BUS STAND,nan,nan,40230,KSRTC-TARIKERE BUS STAND (Towards Last Stop),13.7082,75.81932,,nan
KSRTC-TEKKALKOTE BUS STAND,nan,nan,40175,KSRTC-TEKKALKOTE BUS STAND (Towards Siraguppa),15.53487,76.88164,,nan
KSRTC-TEKKALKOTE BUS STAND,nan,nan,40176,KSRTC-TEKKALKOTE BUS STAND (Towards Ballary),15.53491,76.88178,,nan
KSRTC-THUMBINAKERE BUS STAND,nan,nan,40065,KSRTC-THUMBINAKERE BUS STAND (Towards Mandya),12.49515,76.79618,,nan
KSRTC-THUMBINAKERE BUS STAND,nan,nan,40068,KSRTC-THUMBINAKERE BUS STAND (Towards Mysore),12.49473,76.79631,,nan
KSRTC-TIN FACTORY BUS STAND,nan,TNFBS2,40236,KSRTC-TIN FACTORY BUS STAND (Towards Kolar),12.99695,77.66933,,nan
KSRTC-TIN FACTORY BUS STAND,nan,TNFBS2,40237,KSRTC-TIN FACTORY BUS STAND (Towards KBS),12.99687,77.6697,,nan
KSRTC-TINTHANI BRIDGE BUS STAND,nan,nan,40187,KSRTC-TINTHANI BRIDGE BUS STAND (Towards Last Stop),16.36269,76.65972,,nan
KSRTC-TIPTUR BUS STAND,nan,nan,40223,KSRTC-TIPTUR BUS STAND (Towards Last Stop),13.26096,76.47543,,nan
KSRTC-TUMAKURU BUS STAND,nan,TMKR,40059,KSRTC-TUMAKURU BUS STAND (Towards Bengaluru),13.34119,77.10172,,nan
KSRTC-TUMAKURU BUS STAND,nan,TMKR,40264,KSRTC-TUMAKURU BUS STAND (Towards Sira),13.34129,77.10161,,nan
KSRTC-TURUVEKERE BUS STAND,nan,TRVKR1,40299,KSRTC-TURUVEKERE BUS STAND (Towards Last Stop),13.16521,76.66733,,nan
KSRTC-UDAYAPURA BUS STAND,nan,nan,40136,KSRTC-UDAYAPURA BUS STAND (Towards Hassan),12.97054,76.32338,,nan
KSRTC-UDAYAPURA BUS STAND,nan,nan,40137,KSRTC-UDAYAPURA BUS STAND (Towards Kunigal),12.97077,76.32377,,nan
KSRTC-URDIGERE BUS STAND,nan,nan,40182,KSRTC-URDIGERE BUS STAND (Towards Last Stop),13.34288,77.23059,,nan
KSRTC-VADAKEHALLA BUS STAND,nan,nan,40095,KSRTC-VADAKEHALLA BUS STAND (Towards Last Stop),12.06574,77.50497,,nan
KSRTC-VIJAYAPURA BUS STAND,nan,VJPR,40164,KSRTC-VIJAYAPURA BUS STAND (Towards Last Stop),16.82489,75.71478,,nan
KSRTC-YADGIRI BUS STAND,nan,YDGIR,40194,KSRTC-YADGIRI BUS STAND (Towards Last Stop),16.7489,77.13699,,nan
KSRTC-YALAVIGI BUS STAND,nan,nan,40117,KSRTC-YALAVIGI BUS STAND (Towards Last Stop),15.03677,75.4048,,nan
KSRTC-YALNADU BUS STAND,nan,YLNDUR,40218,KSRTC-YALNADU BUS STAND (Towards Last Stop),13.59575,76.47725,,nan
KSRTC-YEDIYURU BUS STAND,nan,nan,40127,KSRTC-YEDIYURU BUS STAND (Towards Hassan),12.98204,76.86275,,nan
KSRTC-YEDIYURU BUS STAND,nan,nan,40128,KSRTC-YEDIYURU BUS STAND (Towards Kunigal),12.98266,76.86318,,nan
KSRTC-YELEMALA BUS STAND,nan,nan,40092,KSRTC-YELEMALA BUS STAND (Towards Last Stop),12.08507,77.36666,,nan
KSSEM College,nan,KSSEMC,31328,KSSEM College (Towards Holiday Village),12.8598,77.54219,,nan
KSSEM College,nan,KSSEMC,33613,KSSEM College (Towards Mallasandra),12.8599,77.54227,,nan
KSWH Gowdon,nan,KSWGD,31290,KSWH Gowdon (Towards Thirumashattihalli),12.98921,77.78469,,nan
KSWH Gowdon,nan,KSWGD,33597,KSWH Gowdon (Towards Devalapura),12.98932,77.78456,,nan
KTPO,nan,KT PO,20948,KTPO (Towards Kundalahalli Gate),12.9768,77.72242,,nan
KTPO,nan,KT PO,20949,KTPO (Towards ITPL),12.97702,77.72225,,nan
Kaateramma Devasthana,nan,KTD,30520,Kaateramma Devasthana (Towards Lakkondahalli),13.09306,77.77899,,nan
Kaateramma Devasthana,nan,KTD,33203,Kaateramma Devasthana (Towards Hoskote),13.0931,77.77902,,nan
Kaatumariyammana Devasthana,nan,KTMDVS,30522,Kaatumariyammana Devasthana (Towards Nandi),13.29753,77.70154,,nan
Kaatumariyammana Devasthana,nan,KTMDVS,33204,Kaatumariyammana Devasthana (Towards Byrappanahalli Cross),13.29772,77.70162,,nan
Kabir Ashrama,nan,KBAR1,33205,Kabir Ashrama (Towards JC Nagara),13.01351,77.59644,,nan
Kabir Ashrama,nan,KBR ASRM,30524,Kabir Ashrama (Towards Thimmaya Garden),13.01328,77.59616,,nan
Kachamaranahalli,nan,KCHMVG,30526,Kachamaranahalli (Towards Mullur),12.91226,77.7335,,nan
Kachamaranahalli,nan,KCHMVG,33206,Kachamaranahalli (Towards Gunjuru),12.91221,77.73346,,nan
Kachanahalli Mandigere,nan,KNCH,33207,Kachanahalli Mandigere (Towards Mandigere),13.15411,77.36682,,nan
Kachanayakanahalli,nan,KCHNL,30530,Kachanayakanahalli (Towards Hosahalli),12.79846,77.68552,,nan
Kachanayakanahalli,nan,KCHNL,33208,Kachanayakanahalli (Towards Kithaganahalli),12.79851,77.68539,,nan
Kacharakanahalli,nan,KARCH1,22129,Kacharakanahalli (Towards Hennur Bande),13.02117,77.62862,,nan
Kacharakanahalli,nan,KARCH1,39173,Kacharakanahalli (Towards Coles Park),13.02141,77.62991,,nan
Kacharakanahalli,nan,KCH-1,33211,Kacharakanahalli (Towards Kodihalli),12.99484,77.8147,,nan
Kacharakanahalli Cross,nan,KCHCR1,30536,Kacharakanahalli Cross (Towards Makanahalli),13.00934,77.81536,,nan
Kacharakanahalli Cross,nan,KCHCR1,33212,Kacharakanahalli Cross (Towards Mallasandra),13.00932,77.81529,,nan
Kachohalli,nan,KCH,30538,Kachohalli (Towards Gangondanahalli),13.00016,77.47058,,nan
Kachohalli,nan,KCH,33213,Kachohalli (Towards Kachohalli Gate),13.00022,77.47062,,nan
Kachohalli Gate,nan,KCHG1,21546,Kachohalli Gate (Towards Gollarahatti),12.99063,77.46874,,nan
Kachohalli Gate,nan,KCHG1,21547,Kachohalli Gate (Towards Tavarakere),12.99042,77.4688,,nan
Kada Agarahara Cross,nan,KAHC,30540,Kada Agarahara Cross (Towards Yarappanahalli),13.07978,77.68549,,nan
Kada Agarahara Cross,nan,KDAHC,33214,Kada Agarahara Cross (Towards Bande Marammanahalli Cross),13.07972,77.68546,,nan
Kada Agrahara,nan,KDAGR,33215,Kada Agrahara (Towards Yarappanahalli),13.07855,77.69183,,nan
Kada Agrahara,nan,KDAGR1,33216,Kada Agrahara (Towards Gunduru),13.07859,77.69179,,nan
Kada Agrahara,nan,KDGAGRAH,33217,Kada Agrahara (Towards Kada Agrahara),12.86057,77.74129,,nan
Kadabagere,nan,KDBG,30546,Kadabagere (Towards Kadabagere),12.99687,77.43319,,nan
Kadabagere,nan,KDBG,33218,Kadabagere (Towards Kadabagere Cross),12.9969,77.43319,,nan
Kadabagere Cross,nan,KDBGC,37263,Kadabagere Cross (Towards Seegehalli Gate),12.98901,77.44915,,nan
Kadabagere Cross,nan,KDGC,21548,Kadabagere Cross (Towards Gollarahatti),12.98912,77.44947,,nan
Kadabagere Cross,nan,KDGC,21549,Kadabagere Cross (Towards Tavarakere),12.98911,77.44966,,nan
Kadabagere Cross,nan,KDGC2,30547,Kadabagere Cross (Towards Janapriya Appartment),12.98897,77.44898,,nan
Kadanuru,nan,KDNR1,30553,Kadanuru (Towards Mallohalli),13.24314,77.45557,,nan
Kadanuru,nan,KDNR1,33220,Kadanuru (Towards Madagondanahalli),13.24328,77.45556,,nan
Kadanuru Hand post,nan,KDNRK,30555,Kadanuru Hand post (Towards Muppadighatta),13.23958,77.48362,,nan
Kadanuru Hand post,nan,KDNRK,33221,Kadanuru Hand post (Towards Dodda ballapur),13.23961,77.48355,,nan
Kadanuru Katte,nan,KDNKT,30557,Kadanuru Katte (Towards Madagondana halli),13.24669,77.46075,,nan
Kadanuru Katte,nan,KDNRKT,33222,Kadanuru Katte (Towards Kadanuru),13.24669,77.46079,,nan
Kadasikoppa,nan,KDCKP,30559,Kadasikoppa (Towards Honnalagana Doddy),12.69327,77.40671,,nan
Kadasikoppa,nan,KDCKP,33223,Kadasikoppa (Towards Kolliganahalli),12.6932,77.40669,,nan
Kadasonnappanahalli Gate,nan,KSH2,22131,Kadasonnappanahalli Gate (Towards Mittaganahalli),13.10154,77.65811,,nan
Kadasonnappanahalli Gate,nan,KSH2,22132,Kadasonnappanahalli Gate (Towards Kannuru),13.10165,77.65832,,nan
Kadayarappanahalli,nan,KDYH,30565,Kadayarappanahalli (Towards Hunasuru),13.1841,77.70522,,nan
Kadayarappanahalli,nan,KDYPN,33226,Kadayarappanahalli (Towards Kadayarappanahalli Cross),13.18405,77.70526,,nan
Kadayarappanahalli Cross,nan,KDPHC,30567,Kadayarappanahalli Cross (Towards Mylanahalli),13.18405,77.70432,,nan
Kadayarappanahalli Cross,nan,KDPHC,33227,Kadayarappanahalli Cross (Towards Hunasuru),13.1841,77.70429,,nan
Kadiganahalli Gate,nan,KDHG11,30568,Kadiganahalli Gate (Towards Yalahanka),13.16825,77.63162,,nan
Kadirenahalli,nan,KDN,30570,Kadirenahalli (Towards Madanayakanahalli),13.0418,77.44848,,nan
Kadirenahalli,nan,KDN,33228,Kadirenahalli (Towards Kammasandra),13.0417,77.44864,,nan
Kadirenahalli Cross,nan,KDRNHC,20896,Kadirenahalli Cross (Towards Banashankari Bus Station ),12.91391,77.56657,,nan
Kadirenahalli Cross,nan,KDRNHC,20897,Kadirenahalli Cross (Towards Uttarahalli),12.91364,77.56727,,nan
Kadirenahalli Park,nan,KDHPRK,20898,Kadirenahalli Park (Towards Kadirenahalli Cross),12.91768,77.56453,,nan
Kadirenahalli Park,nan,KDHPRK,20899,Kadirenahalli Park (Towards Devegowda Petrol Bunk),12.91762,77.56447,,nan
Kadirenahalli Village,nan,KDRNHL,22133,Kadirenahalli Village (Towards Banashankari Bus Station),12.91574,77.56141,,nan
Kadirenahalli Village,nan,KDRNHL,22134,Kadirenahalli Village (Towards Uttarahalli),12.9157,77.56146,,nan
Kadu Jakkasandra,nan,KSJR,30518,Kadu Jakkasandra (Towards Last Stop),12.70043,77.5133,,nan
Kadu Jakkasandra,nan,KSJR,33202,Kadu Jakkasandra (Towards Sonare Doddy),12.70041,77.51312,,nan
Kadu bisanahalli,nan,KDBN1,36276,Kadu bisanahalli (Towards Panatur),12.93934,77.6957,,nan
Kadu bisanahalli,nan,KDBNH1,35206,Kadu bisanahalli (Towards Ring Road),12.9393,77.69567,,nan
Kadubisanahalli,nan,KDBN1,20894,Kadubisanahalli (Towards Central Silk Board),12.94259,77.69717,,nan
Kadubisanahalli,nan,KDBN1,20895,Kadubisanahalli (Towards Hebbala),12.94259,77.69704,,nan
Kadugenahalli Gate,nan,KDHG11,30572,Kadugenahalli Gate (Towards Devanahalli),13.16835,77.63116,,nan
Kadugodi Bapuji Circle,nan,KDBC1,30575,Kadugodi Bapuji Circle (Towards Kadugodi Bapuji Circle),12.99667,77.76357,,nan
Kadugodi Bridge,nan,KDB,20900,Kadugodi Bridge (Towards Hope Farm),12.99439,77.75775,,nan
Kadugodi Bridge,nan,KDB,20901,Kadugodi Bridge (Towards Hoskote),12.99448,77.75769,,nan
Kadugodi Bus Station,nan,KDB-1,20902,Kadugodi Bus Station (Towards Kadugodi),12.99563,77.75855,,nan
Kadugodi Bus Station Arrival,nan,KDB-1,38642,Kadugodi Bus Station Arrival (Towards Last Stop),12.99596,77.7585,,nan
Kadugodi Govt Hospital,nan,KDGH2,30577,Kadugodi Govt Hospital (Towards Kadugodi Bus Station),12.99692,77.76167,,nan
Kadugodi Govt Hospital,nan,KDGH2,33230,Kadugodi Govt Hospital (Towards Bapuji Circle),12.99699,77.76164,,nan
Kadugodi Metro Station,nan,KDB,36763,Kadugodi Metro Station (Towards Start Point),12.99532,77.75796,,nan
Kadugondanahalli Police Station,nan,KDGH12,22135,Kadugondanahalli Police Station (Towards Kadugondanahalli Railway Gate),13.02046,77.61896,,nan
Kadugondanahalli Police Station,nan,KDGH12,22136,Kadugondanahalli Police Station (Towards Venkateshapura),13.02055,77.619,,nan
Kadugondanahalli Railway Gate,nan,KGHLY,22172,Kadugondanahalli Railway Gate (Towards Nagavara Junction),13.0259,77.61991,,nan
Kadugondanahalli Railway Gate,nan,KGHLY,22173,Kadugondanahalli Railway Gate (Towards Kadugondanahalli Police Station),13.02599,77.62003,,nan
Kadukarenahalli,nan,KKH3,30583,Kadukarenahalli (Towards Mahadevapura),13.0544,77.31565,,nan
Kadukarenahalli,nan,KKH3,33232,Kadukarenahalli (Towards Motaganahalli),13.05441,77.31571,,nan
Kadumane Hotel,nan,KDMNH1,21551,Kadumane Hotel (Towards Kengeri),12.81546,77.40725,,nan
Kadumane Hotel,nan,KDMNH1,35402,Kadumane Hotel (Towards Bidadi),12.81554,77.40756,,nan
Kadumane Hotel1,nan,KDMNH2,35765,Kadumane Hotel1 (Towards Bidadi),12.81524,77.40755,,nan
Kadusonnappanahalli,nan,KSH4,33234,Kadusonnappanahalli (Towards Kadusonnappanahalli Hospital),13.09901,77.66371,,nan
Kadusonnappanahalli,nan,KSH4,39623,Kadusonnappanahalli (Towards Kannur),13.09918,77.66369,,nan
Kadusonnappanahalli Hospital,nan,KSH4,39624,Kadusonnappanahalli Hospital (Towards Last Stop),13.09829,77.66554,,nan
Kaggadasapura Main Road,nan,KDPMR,33236,Kaggadasapura Main Road (Towards BEML Gate),12.98549,77.67236,,nan
Kaggalahalli,nan,KGH-2,33238,Kaggalahalli (Towards Temple),13.15854,77.74543,,nan
Kaggalahalli,nan,KGHLI,35077,Kaggalahalli (Towards Gabbadi),12.72772,77.48694,,nan
Kaggalahalli,nan,KGHLI,35186,Kaggalahalli (Towards Somanahalli Gate),12.7277,77.48684,,nan
Kaggalahalli,nan,KGLH4,30598,Kaggalahalli (Towards Katamana Doddy),12.83025,77.32473,,nan
Kaggalahalli Gate,nan,KGGHG,39575,Kaggalahalli Gate (Towards Ramanahalli),13.17414,77.74387,,nan
Kaggalahalli Gate,nan,KGGHG,39576,Kaggalahalli Gate (Towards B Marenahalli),13.17415,77.74394,,nan
Kaggalahalli Gate,nan,KGH-1,30600,Kaggalahalli Gate (Towards Bidlapura),13.15318,77.75262,,nan
Kaggalahalli Gate,nan,KGH-1,33241,Kaggalahalli Gate (Towards Budigere),13.1532,77.75264,,nan
Kaggalipura,nan,KGLPR1,33243,Kaggalipura (Towards Muthanalluru Cross),12.85321,77.71868,,nan
Kaggalipura,nan,KGLPR2,22137,Kaggalipura (Towards Harohalli),12.80032,77.50849,,nan
Kaggalipura,nan,KGLPR2,22138,Kaggalipura (Towards Banashankari Bus Station),12.80034,77.50836,,nan
Kaggalipura,nan,KGLPR3,33244,Kaggalipura (Towards Huskur Gate),12.85315,77.7186,,nan
Kaggalipura Colony,nan,KGLPC,30607,Kaggalipura Colony (Towards Dinnepalya),12.8064,77.5032,,nan
Kaggalipura Colony,nan,KGLPC,33245,Kaggalipura Colony (Towards Santekatte),12.80645,77.50319,,nan
Kaggalipura Cross,nan,KGPCR1,30609,Kaggalipura Cross (Towards Dommasandra),12.85588,77.73117,,nan
Kaggalipura Cross,nan,KGPCR1,33246,Kaggalipura Cross (Towards Gopasandra),12.85555,77.73111,,nan
Kaggalipura Junction,nan,KGP,38670,Kaggalipura Junction (Towards Kanakapura Road),12.80254,77.5088,,nan
Kaggalipura Junction,nan,KGP,38671,Kaggalipura Junction (Towards Dinnepalya),12.80249,77.50881,,nan
Kaikondrahalli,nan,KAIK,23385,Kaikondrahalli (Towards Bengaluru Central Jail),12.91384,77.67764,,nan
Kaikondrahalli,nan,KAIK1,23897,Kaikondrahalli (Towards Sarjapura),12.91419,77.67711,,nan
Kaikondrahalli,nan,KAIK1,23917,Kaikondrahalli (Towards Bellanduru Gate (SJP Road)),12.91402,77.67714,,nan
Kaka Ramanahalli,nan,KRMNH1,30611,Kaka Ramanahalli (Towards Borehalli),12.83009,77.36321,,nan
Kaka Ramanahalli,nan,KRMNH1,33247,Kaka Ramanahalli (Towards Bidadi),12.83012,77.36321,,nan
Kaka ramanahalli Cross,nan,KRHC1,38729,Kaka ramanahalli Cross (Towards Hagalahalli),12.83174,77.36071,,nan
Kaka ramanahalli Cross,nan,KRHC1,38730,Kaka ramanahalli Cross (Towards Chikkanahalli),12.83175,77.36063,,nan
Kakkehalli,nan,KHLI,33248,Kakkehalli (Towards Byrapura),13.21531,77.52816,,nan
Kakkepalya,nan,KKP10,30615,Kakkepalya (Towards Byregowdanahalli),13.06106,77.37994,,nan
Kakolu,nan,KKL,30617,Kakolu (Towards Byatha),13.18429,77.51852,,nan
Kakolu,nan,KKL,33250,Kakolu (Towards Rajanukunte),13.18433,77.51852,,nan
Kakolu Village,nan,KKLV,30619,Kakolu Village (Towards Kakolu Village),13.1871,77.52011,,nan
Kakolu Village,nan,KKLV,33251,Kakolu Village (Towards Shanubhoganahalli),13.18711,77.52015,,nan
Kalalughatta,nan,KLG1,30622,Kalalughatta (Towards T Begur),13.19558,77.32108,,nan
Kalalughatta,nan,KLG1,33252,Kalalughatta (Towards Thyamagondlu),13.19556,77.32103,,nan
Kalamandira Marathahalli Bridge,nan,KLMD1,22670,Kalamandira Marathahalli Bridge (Towards Hebbala),12.96038,77.70135,,nan
Kalamandira Marathahalli Bridge,nan,MRHB3,23194,Kalamandira Marathahalli Bridge (Towards Central Silk Board),12.95993,77.70143,,nan
Kalathammanahalli,nan,KLTH,30624,Kalathammanahalli (Towards Kalathammanahalli),13.10346,77.51687,,nan
Kalathammanahalli,nan,KLTH,33253,Kalathammanahalli (Towards Lakshmipura Cross),13.1036,77.5166,,nan
Kalena Agrahara,nan,KLNA,23586,Kalena Agrahara (Towards Gottigere),12.86671,77.59215,,nan
Kalena Agrahara,nan,KLNA,23865,Kalena Agrahara (Towards Loyola School),12.86646,77.59189,,nan
Kalenahalli,nan,KLNH,30626,Kalenahalli (Towards Kalenahalli Gate),13.14705,77.51209,,nan
Kalenahalli,nan,KLNH,33254,Kalenahalli (Towards Kalenahalli),13.14713,77.51223,,nan
Kalenahalli Gate,nan,KLNGTE,30630,Kalenahalli Gate (Towards Shivakote),13.14581,77.51726,,nan
Kalenahalli Gate,nan,KLNGTE,33257,Kalenahalli Gate (Towards Linganahalli),13.1464,77.51729,,nan
Kalenahalli Gate,nan,KNM<LG,33255,Kalenahalli Gate (Towards Ivarakandapura),13.14902,77.50506,,nan
Kalenahalli Gate,nan,KNM<LG,33256,Kalenahalli Gate (Towards Muthkur),13.14903,77.50504,,nan
Kaleri,nan,KLR7,30632,Kaleri (Towards Magadi),13.00905,77.16821,,nan
Kaleshwari Bannerughatta Road,nan,KLSBS,30633,Kaleshwari Bannerughatta Road (Towards Mantapa Cross),12.79357,77.59406,,nan
Kaleshwari Bannerughatta Road,nan,KLSBS,35319,Kaleshwari Bannerughatta Road (Towards Ragihalli),12.79349,77.59409,,nan
Kalidasa Layout,nan,KLDSAL,33259,Kalidasa Layout (Towards Last Stop),12.94843,77.55288,,nan
Kalikanagara Shiva Temple,nan,KLKAT,30639,Kalikanagara Shiva Temple (Towards Peenya 2nd Stage),13.0087,77.49017,,nan
Kalikanagara Shiva Temple,nan,KLKAT,33262,Kalikanagara Shiva Temple (Towards Andrahalli),13.00866,77.4902,,nan
Kalkere,nan,KLKR12,30641,Kalkere (Towards Rampura),13.03367,77.67465,,nan
Kalkere,nan,KLKR12,33263,Kalkere (Towards Kalkere Cross),13.03363,77.67475,,nan
Kalkere,nan,KLR5,35062,Kalkere (Towards Bannerughatta National Park),12.83262,77.58906,,nan
Kalkere,nan,KLR5,35281,Kalkere (Towards Koliform Gate),12.83235,77.58883,,nan
Kalkere Cross,nan,KALKC,30642,Kalkere Cross (Towards TC Palya),13.02127,77.67891,,nan
Kalkere Cross,nan,KALKC,36771,Kalkere Cross (Towards KBS),13.02123,77.67893,,nan
Kalkere School,nan,KLS-1,30644,Kalkere School (Towards Horamavu),13.0332,77.67322,,nan
Kalkere School,nan,KLS-1,33264,Kalkere School (Towards Rampura),13.03332,77.67318,,nan
Kalkunte Agrahara,nan,KLKAG,30645,Kalkunte Agrahara (Towards Dunnasandra Cross),12.93275,77.84092,,nan
Kalkunte Agrahara,nan,KLKAG,30646,Kalkunte Agrahara (Towards Chikka Thirupathi),12.93279,77.84097,,nan
Kalkunte Agrahara School,nan,KASC 1,30648,Kalkunte Agrahara School (Towards Narayanakere),12.93651,77.84125,,nan
Kalkunte Agrahara School,nan,KASC 1,33265,Kalkunte Agrahara School (Towards Dodda Dunnasandra Cross),12.9365,77.8413,,nan
Kallahalli,nan,KLH-2,33272,Kallahalli (Towards Kambalipura),13.10668,77.78883,,nan
Kalli Bhimasandra Gate,nan,KBMS1,30661,Kalli Bhimasandra Gate (Towards Goduru),12.67307,77.4955,,nan
Kalli Bhimasandra Gate,nan,KBMS1,33273,Kalli Bhimasandra Gate (Towards Harohalli),12.67303,77.49545,,nan
Kallodu,nan,KLD,30662,Kallodu (Towards Kallodu),13.17778,77.43453,,nan
Kallubalu,nan,KLB1,30650,Kallubalu (Towards Kallubalu Cross),12.76962,77.62235,,nan
Kallubalu,nan,KLB1,33266,Kallubalu (Towards Giddenahalli),12.76964,77.62246,,nan
Kallubalu Cross,nan,KLBCC,33270,Kallubalu Cross (Towards Mahanthalingapura),12.77103,77.62727,,nan
Kallubalu Cross,nan,KLBCRO,30657,Kallubalu Cross (Towards Kallubalu),12.77098,77.62722,,nan
Kallubalu Cross,nan,KLBCRO,33271,Kallubalu Cross (Towards ITIS Circle),12.77105,77.62723,,nan
Kallubalu Cross,nan,KLBCROSS,33269,Kallubalu Cross (Towards Jigani APC Circle),12.77216,77.62235,,nan
Kallugopahalli,nan,KGH7,30664,Kallugopahalli (Towards Bidadi),12.77713,77.3622,,nan
Kallugopahalli,nan,KGH7,33274,Kallugopahalli (Towards Sugganahalli),12.77678,77.36244,,nan
Kallur,nan,KLR87,33275,Kallur (Towards Kallur),12.94587,77.31805,,nan
Kalpana Circle,nan,KLPC,39447,Kalpana Circle (Towards Mount Carmel College),12.99513,77.58979,,nan
Kalya,nan,KLY,30670,Kalya (Towards Sripathyhalli),12.97972,77.1824,,nan
Kalya,nan,KLY,33277,Kalya (Towards Kalya Main Road),12.97963,77.18232,,nan
Kalya Cross (Sripathyhalli Cross),nan,KLYMR,30672,Kalya Cross (Sripathyhalli Cross) (Towards Magadi),12.98485,77.18402,,nan
Kalya Cross (Sripathyhalli Cross),nan,KLYMR,33278,Kalya Cross (Sripathyhalli Cross) (Towards Biskur),12.98477,77.18406,,nan
Kalya Gate Magadi,nan,KLYG,30674,Kalya Gate Magadi (Towards Chandurayanahalli),12.95808,77.22119,,nan
Kalyana Mantapa Koramangala,nan,KKMP,24072,Kalyana Mantapa Koramangala (Towards Koramangala TTMC),12.93739,77.61839,,nan
Kalyana nagara 8th Main 3rd Cross  Junction,nan,JN 8m 3rd,22109,Kalyana nagara 8th Main 3rd Cross  Junction (Towards Kullappa Circle),13.02274,77.6373,,nan
Kalyana nagara 8th Main 3rd Cross Junction,nan,JN 8m 3rd,22108,Kalyana nagara 8th Main 3rd Cross Junction (Towards Kalyana Nagara),13.02248,77.63714,,nan
Kalyanamantapa (Oxford College),nan,OBST,23847,Kalyanamantapa (Oxford College) (Towards Hongasandra),12.89976,77.62691,,nan
Kalyanamantapa (Oxford College),nan,OBST,24163,Kalyanamantapa (Oxford College) (Towards Bommanahalli),12.89968,77.62682,,nan
Kalyananagara,nan,KLNGR,21552,Kalyananagara (Towards Mudalapalya),12.96736,77.52379,,nan
Kalyananagara,nan,KLNGR,22139,Kalyananagara (Towards Nagarabhavi Circle),12.96753,77.52388,,nan
Kalyananagara,nan,KLNGR1,20903,Kalyananagara (Towards Tin Factory),13.02654,77.63688,,nan
Kalyananagara,nan,KLNGR1,20904,Kalyananagara (Towards Hebbala),13.0264,77.63642,,nan
Kalyananagara 1st Block,nan,KLNF,30679,Kalyananagara 1st Block (Towards Indian OIL Corporation),13.02188,77.64331,,nan
Kalyananagara 1st Block,nan,KLNF,33282,Kalyananagara 1st Block (Towards Hennur Signal),13.022,77.64313,,nan
Kalyananagara 302,nan,KLNR,37895,Kalyananagara 302 (Towards Start Point),13.02608,77.63708,,nan
Kalyananagara 80 feet Road,nan,KLNGR1,20588,Kalyananagara 80 feet Road (Towards Tin Factory),13.02564,77.6406,,nan
Kalyananagara 80 feet Road,nan,KLNGR1,21450,Kalyananagara 80 feet Road (Towards Hebbala),13.02546,77.64042,,nan
Kalyananagara Bus Stand,nan,KLNBS,36441,Kalyananagara Bus Stand (Towards Last Stop),13.02642,77.63839,,nan
Kalyananagara Junction,nan,KLNBS,22141,Kalyananagara Junction (Towards Ring Road),13.02596,77.63704,,nan
Kalyananagara Junction,nan,KLNBS,22142,Kalyananagara Junction (Towards Kammanahalli),13.02599,77.63714,,nan
Kamadhenu Kshetra,nan,RST,30688,Kamadhenu Kshetra (Towards Madanayakanahalli),13.02539,77.44978,,nan
Kamadhenu Kshetra,nan,RST,33285,Kamadhenu Kshetra (Towards Kammasandra),13.02534,77.44981,,nan
Kamakshipalya,nan,KMKPL,20905,Kamakshipalya (Towards Magadi Road Tollgate),12.98385,77.52924,,nan
Kamakshipalya,nan,KMKPL,20906,Kamakshipalya (Towards Sunkadakatte),12.98375,77.52917,,nan
Kamakshipura,nan,KMKSP,30690,Kamakshipura (Towards Hesaraghatta),13.19823,77.4891,,nan
Kamakshipura,nan,KMKSP,33286,Kamakshipura (Towards Kakolu),13.19825,77.48908,,nan
Kamakya Talkies,nan,KMKD13,35772,Kamakya Talkies (Towards Nayandahalli),12.92405,77.55264,,nan
Kamakya Talkies,nan,KMKD13,35773,Kamakya Talkies (Towards Banashankari),12.92382,77.55393,,nan
Kamakya Talkies,nan,KMKT,35929,Kamakya Talkies (Towards Channammanakere Achukattu),12.92402,77.55333,,nan
Kamal Estate,nan,KMLET,39822,Kamal Estate (Towards Konasandra Cross),12.88763,77.49589,,nan
Kamal Estate,nan,KMLET,39823,Kamal Estate (Towards Gattigerepalya),12.88775,77.49592,,nan
Kamalanagara,nan,KMLANGR,33287,Kamalanagara (Towards Shankarnag Bus Stand),12.99676,77.52737,,nan
Kamalanagara,nan,KMLNGR,30692,Kamalanagara (Towards Kamala Nagara Water Tank),12.99675,77.52732,,nan
Kamalanagara 8th Main,nan,KML8M,20591,Kamalanagara 8th Main (Towards Sharada Colony),12.99178,77.53856,,nan
Kamalanagara 8th Main,nan,KML8M1,20592,Kamalanagara 8th Main (Towards Shankar Mutt),12.99163,77.53839,,nan
Kamalanagara Market,nan,KMLNGR,28846,Kamalanagara Market (Towards Shankarnag Bus Stand),12.99605,77.53071,,nan
Kamalanagara Market,nan,KMLNGR,33851,Kamalanagara Market (Towards Kamala Nagara Water Tank),12.99608,77.53079,,nan
Kamalanagara Old Stop,nan,KMLNGR,35264,Kamalanagara Old Stop (Towards Kamala Nagara 8th Main),12.99245,77.53332,,nan
Kamalanagara Old bus Stand,nan,KMLNGR,35141,Kamalanagara Old bus Stand (Towards Kamala Nagara BEML Layout),12.99233,77.53333,,nan
Kamalanagara Water Tank,nan,KMNWT10,37923,Kamalanagara Water Tank (Towards Kamalaanagara),12.9953,77.53966,,nan
Kamalanagara Water Tank,nan,WTRTANK,21273,Kamalanagara Water Tank (Towards Basaveshwara Nagara),12.99557,77.53992,,nan
Kamalapura,nan,KMPR4,39946,Kamalapura (Towards Harohalli),12.67288,77.54843,,nan
Kamalapura,nan,KMPR4,39947,Kamalapura (Towards Thattekere),12.67295,77.54845,,nan
Kamanahalli,nan,KMNCR,30697,Kamanahalli (Towards Nerige),12.90793,77.79606,,nan
Kamanahalli,nan,KMNCR,33290,Kamanahalli (Towards Mugaluru),12.90798,77.79606,,nan
Kamanahalli Circle,nan,KMNCR,35092,Kamanahalli Circle (Towards Gunjuru),12.90815,77.79266,,nan
Kamaraja Road,nan,KMRJRD,23750,Kamaraja Road (Towards Cox Town),12.98424,77.61165,,nan
Kamarasanahalli,nan,KMRSHLI,30700,Kamarasanahalli (Towards K Hosahalli),13.01626,77.86159,,nan
Kamarasanahalli,nan,KMRSHLI,33291,Kamarasanahalli (Towards Kattagenahalli),13.01628,77.86155,,nan
Kambadakallu,nan,KMBKL,30702,Kambadakallu (Towards Nelamangala),13.09982,77.31117,,nan
Kambalipura,nan,KAMPR,30704,Kambalipura (Towards Manchanahalli),12.7591,77.7433,,nan
Kambalipura,nan,KMBP,39150,Kambalipura (Towards Kateramma Temple),13.13073,77.80387,,nan
Kambalipura,nan,KMBP,39151,Kambalipura (Towards Hasigala),13.13071,77.80385,,nan
Kambalipura,nan,KMBPR,33293,Kambalipura (Towards Kambalipura),12.75908,77.7432,,nan
Kambipura,nan,KBP1,30706,Kambipura (Towards Kambipura),12.87332,77.4618,,nan
Kambipura,nan,KBP1,33294,Kambipura (Towards Kengeri),12.87335,77.46175,,nan
Kamblipura Cross,nan,KMBC-1,30709,Kamblipura Cross (Towards Hasigala),13.13556,77.78746,,nan
Kamblipura Cross,nan,KMBC-1,33295,Kamblipura Cross (Towards Kambalipura),13.13559,77.78744,,nan
Kammagondanahalli Bridge,nan,KGHB,22144,Kammagondanahalli Bridge (Towards Jalahalli Cross),13.05486,77.53482,,nan
Kammagondanahalli Bridge,nan,KMGH,36601,Kammagondanahalli Bridge (Towards Jalahalli Cross.),13.05454,77.53273,,nan
Kammagondanahalli Bridge,nan,KMGH,36602,Kammagondanahalli Bridge (Towards HMT Aditorium),13.05457,77.53276,,nan
Kammagondanahalli Rama Temple,nan,KMDRT3,30714,Kammagondanahalli Rama Temple (Towards Abbigere),13.06372,77.53064,,nan
Kammagondanahalli Rama Temple,nan,KMDRT3,33297,Kammagondanahalli Rama Temple (Towards Kammagondanahalli),13.06377,77.53068,,nan
Kammagonda‌nahalli Bridge,nan,KMGH,22143,Kammagonda‌nahalli Bridge (Towards Gangamma Circle),13.05495,77.53474,,nan
Kammanahalli,nan,KMCR1,22146,Kammanahalli (Towards Ring Road),13.01766,77.6364,,nan
Kammanahalli,nan,KMCR1,22147,Kammanahalli (Towards Indian Oil),13.01797,77.63653,,nan
Kammanahalli Empire Hotel,nan,KMCR1,22149,Kammanahalli Empire Hotel (Towards Indian Oil),13.01477,77.63593,,nan
Kammanahalli Empire Hotel,nan,KMCR3,22148,Kammanahalli Empire Hotel (Towards Kammanahalli),13.01469,77.63577,,nan
Kammasandra,nan,BDRCRS,33301,Kammasandra (Towards Avalahalli),13.07863,77.71643,,nan
Kammasandra,nan,KAMSD,33298,Kammasandra (Towards Sulibele),13.14996,77.78105,,nan
Kammasandra,nan,KAMSD,33299,Kammasandra (Towards Hosakote),13.14996,77.78112,,nan
Kammasandra,nan,KMS1,30720,Kammasandra (Towards Kamadhenu Kshetra),13.03454,77.43946,,nan
Kammasandra,nan,KMS1,33302,Kammasandra (Towards Madanayakanahalli),13.03453,77.43939,,nan
Kammasandra,nan,KMSD,33300,Kammasandra (Towards Marasandra),13.07858,77.7164,,nan
Kammasandra Gate,nan,KMS2,30724,Kammasandra Gate (Towards Depot-47),13.0817,77.71596,,nan
Kammasandra Gate,nan,KMSDR,30073,Kammasandra Gate (Towards Kada Agrahara),13.08166,77.71593,,nan
Kammasandra Gate,nan,KMSDR,32071,Kammasandra Gate (Towards Gunduru),13.0817,77.7159,,nan
Kammasandra Gate,nan,KMSDR,33305,Kammasandra Gate (Towards Bidarahalli),13.08166,77.71597,,nan
Kammasandra Palya,nan,KMS1,30728,Kammasandra Palya (Towards Ganesha Circle),13.02987,77.43908,,nan
Kammasandra Palya,nan,KMS1,33307,Kammasandra Palya (Towards Kammasandra),13.02985,77.43902,,nan
Kanaka Nagara,nan,KNKGTM,30731,Kanaka Nagara (Towards Manorayanapalya),13.03953,77.60736,,nan
Kanakadasa Circle,nan,KNKDSC1,30735,Kanakadasa Circle (Towards Aralumallige),13.28771,77.53919,,nan
Kanakadasa Circle,nan,KNKDSC1,33311,Kanakadasa Circle (Towards Doddaballapura),13.28779,77.53916,,nan
Kanakagiri Horamavu,nan,KNGR,30736,Kanakagiri Horamavu (Towards Last Point),13.04132,77.6685,,nan
Kanakanagara Gate,nan,KNG12,30733,Kanakanagara Gate (Towards Railway Gollahalli),13.13824,77.43472,,nan
Kanakanagara Gate,nan,KNG12,33310,Kanakanagara Gate (Towards Hesaraghatta),13.13827,77.43473,,nan
Kanakapura Bus Stand,nan,KNKP1,40000,Kanakapura Bus Stand (Towards Last Stop),12.54824,77.42665,,nan
Kanakashree Layout Chikka Gubbi,nan,KNSLT,22150,Kanakashree Layout Chikka Gubbi (Towards Chikka Gubbi Cross),13.08679,77.65476,,nan
Kanakashree Layout Chikka Gubbi,nan,KNSLT,30737,Kanakashree Layout Chikka Gubbi (Towards Kannuru),13.08676,77.65457,,nan
Kanasawadi,nan,GGPL,30400,Kanasawadi (Towards Doddahejjaji),13.20326,77.43307,,nan
Kanasawadi,nan,GGPL,33154,Kanasawadi (Towards Railway Gollahalli/Chikkamadure),13.20335,77.43317,,nan
Kanasawadi,nan,KNW,30739,Kanasawadi (Towards Kannamangala Gate),13.20181,77.43147,,nan
Kanasawadi,nan,KNW,33312,Kanasawadi (Towards Chikka Madhure),13.20188,77.43139,,nan
Kanchugaranahalli,nan,KCHHGRH,33313,Kanchugaranahalli (Towards Kempaiahnapalya Cross),12.72364,77.44622,,nan
Kanchugaranahalli,nan,KNCHNH,30741,Kanchugaranahalli (Towards Meda Maranahalli),12.72367,77.44624,,nan
Kanchugaranahalli Colony,nan,KGHC,30742,Kanchugaranahalli Colony (Towards Tayappana Doddy),12.71595,77.44081,,nan
Kanegowdanahalli,nan,KNH3,30744,Kanegowdanahalli (Towards Kanegowdanahalli),13.12951,77.38466,,nan
Kanekal,nan,KNKCRS,33349,Kanekal (Towards Devanagundi),12.99322,77.82307,,nan
Kanekallu Cross,nan,KNKCRS,33350,Kanekallu Cross (Towards Devanagundi),12.99611,77.82644,,nan
Kanekallu Cross,nan,KNKCRS,33351,Kanekallu Cross (Towards Makanahalli),12.99611,77.82642,,nan
Kanivemadhapura Cross,nan,KNVMDR,30747,Kanivemadhapura Cross (Towards Tattekere),12.696,77.58463,,nan
Kanivemadhapura Cross,nan,KNVMDR,33315,Kanivemadhapura Cross (Towards Siddayyana Doddy),12.69605,77.58462,,nan
Kankenahalli,nan,KKHLLI,37782,Kankenahalli (Towards Narasapura),13.09924,77.26948,,nan
Kanminake,nan,KNMNK,20908,Kanminake (Towards Bidadi),12.8627,77.43388,,nan
Kanminake,nan,KNMNK,20909,Kanminake (Towards Kengeri),12.86317,77.43352,,nan
Kanminake Colony,nan,KNMNKC1,20910,Kanminake Colony (Towards Bidadi),12.85774,77.42925,,nan
Kanminake Colony,nan,KNMNKC1,20911,Kanminake Colony (Towards Kengeri),12.85818,77.42896,,nan
Kanminike,nan,KNMNK1,40391,Kanminike (Towards Mysore Main Road),12.86336,77.43349,,nan
Kanminike BDA Apartment Phase-2,nan,KNMNBDA,40389,Kanminike BDA Apartment Phase-2 (Towards Kanminike),12.86961,77.42495,,nan
Kannalli,nan,KNHLL,30750,Kannalli (Towards Seegehalli),12.96757,77.45894,,nan
Kannalli,nan,KNHLL,33316,Kannalli (Towards Gollarahatti),12.96763,77.45896,,nan
Kannalli,nan,KNHLL,33317,Kannalli (Towards Sulikere),12.96757,77.45898,,nan
Kannamangala,nan,KMNL,33318,Kannamangala (Towards Savandurga),12.93047,77.25509,,nan
Kannamangala,nan,KMNL,35842,Kannamangala (Towards Magadi),12.93039,77.25513,,nan
Kannamangala,nan,KNM,33320,Kannamangala (Towards Seegehalli),13.02624,77.7697,,nan
Kannamangala Gate,nan,KMGT,33323,Kannamangala Gate (Towards Devanahalli),13.20708,77.66833,,nan
Kannamangala Gate,nan,KMGT,33324,Kannamangala Gate (Towards Yalahanka),13.20729,77.66878,,nan
Kannamangala Gate,nan,KMGT,33328,Kannamangala Gate (Towards Kannamangala),13.20694,77.66794,,nan
Kannamangala Gate,nan,KNMG1,33325,Kannamangala Gate (Towards Madhure),13.19077,77.41988,,nan
Kannamangala Gate,nan,KNMG1,33326,Kannamangala Gate (Towards Railway Gollahalli),13.19076,77.42004,,nan
Kannamangala Gate,nan,KNMGT,22151,Kannamangala Gate (Towards Hosakote),13.03245,77.75855,,nan
Kannamangala Gate,nan,KNMGT,22152,Kannamangala Gate (Towards Kadugodi Bus Station),13.03248,77.75865,,nan
Kannamangala Gate,nan,KNMGate,33327,Kannamangala Gate (Towards Hope Farm),13.03217,77.75872,,nan
Kannamangala Gate 2,nan,KNMGate,34842,Kannamangala Gate 2 (Towards Kannamangala),13.0322,77.7587,,nan
Kannamangala Madhure,nan,KNM5,30766,Kannamangala Madhure (Towards Madhure Road),13.19654,77.41043,,nan
Kannamangala Madhure,nan,KNM5,30767,Kannamangala Madhure (Towards Kannamangala),13.19653,77.41037,,nan
Kannamangalapalya,nan,PLGT1,33331,Kannamangalapalya (Towards Uganawadi),13.22173,77.6699,,nan
Kannamangalapalya,nan,PLGT1,33332,Kannamangalapalya (Towards Yalahanka),13.22176,77.67001,,nan
Kannamangalapalya Cross,nan,PLGT1,30773,Kannamangalapalya Cross (Towards Kempalingapura),13.22952,77.67042,,nan
Kannamangalapalya Cross,nan,PLGT1,33333,Kannamangalapalya Cross (Towards Dhaba Gate),13.22954,77.67045,,nan
Kannamangalapalya Gate,nan,PLGT1,30775,Kannamangalapalya Gate (Towards Kannamangalapalya),13.22142,77.68218,,nan
Kannamangalapalya Gate,nan,PLGT1,33334,Kannamangalapalya Gate (Towards Devanahalli Road),13.22144,77.68213,,nan
Kannurahalli,nan,KNRHLI,30777,Kannurahalli (Towards Hosakote),13.05996,77.80715,,nan
Kannurahalli,nan,KNRHLI,33335,Kannurahalli (Towards Vagata),13.06,77.80712,,nan
Kannurahalli Cross/Bekary,nan,KNRHCS,30779,Kannurahalli Cross/Bekary (Towards Hosakote),13.06918,77.79823,,nan
Kannurahalli Cross/Bekary,nan,KNRHCS,33336,Kannurahalli Cross/Bekary (Towards Vagata),13.06919,77.79826,,nan
Kannurahalli Ittige Factory,nan,KNEDST,30781,Kannurahalli Ittige Factory (Towards Vagata),13.05444,77.80995,,nan
Kannurahalli Ittige Factory,nan,KNEDST,33337,Kannurahalli Ittige Factory (Towards Hosakote),13.05415,77.80993,,nan
Kannuru,nan,KNR JN,22154,Kannuru (Towards Chikka Gubbi),13.09326,77.65426,,nan
Kannuru,nan,KNRU,22153,Kannuru (Towards Bagaluru),13.09328,77.65423,,nan
Kannuru,nan,KNRU1,30782,Kannuru (Towards Kogilu),13.09279,77.65472,,nan
Kannuru Junction,nan,KNR JN,33338,Kannuru Junction (Towards Yarappanahalli Bande),13.09263,77.65482,,nan
Kanshiram Nagara,nan,KNHRMN,30786,Kanshiram Nagara (Towards MS Palya),13.09061,77.53889,,nan
Kanshiram Nagara,nan,KNHRMN,33339,Kanshiram Nagara (Towards Shivakote),13.09058,77.5389,,nan
Kantanakunte,nan,KTNKT1,30788,Kantanakunte (Towards Doddaballapura),13.33363,77.53195,,nan
Kantanakunte,nan,KTNKT1,33340,Kantanakunte (Towards Ghati Subramanya),13.33358,77.53183,,nan
Kanteerava Studio,nan,KRVS,30792,Kanteerava Studio (Towards Goraguntepalya Ring Road),13.02154,77.53531,,nan
Kanteerava Studio,nan,KRVS,33341,Kanteerava Studio (Towards Mahalakshmi Layout),13.0216,77.53529,,nan
Kanteerava Studio,nan,KTRVS,35056,Kanteerava Studio (Towards Laggere Arch),13.02175,77.53196,,nan
Kanteerava Studio,nan,KTSSL,33342,Kanteerava Studio (Towards Summanahalli),13.02138,77.53252,,nan
Kanteerava Studio,nan,KTSSL,35254,Kanteerava Studio (Towards Goraguntepalya),13.02263,77.5327,,nan
Kanteeravanagara,nan,KRN2,22907,Kanteeravanagara (Towards Kanteeravanagara),13.01505,77.53901,,nan
Kanuvanahalli,nan,KNVNHL,30796,Kanuvanahalli (Towards Kanuvanahalli),12.99488,77.36455,,nan
Kanuvanahalli,nan,KNVNHL,33344,Kanuvanahalli (Towards Sondekoppa),12.99491,77.36452,,nan
Kanyakumari,nan,knkri,23610,Kanyakumari (Towards New Gabbadi),12.71798,77.48252,,nan
Kanyakumari,nan,knkri,23621,Kanyakumari (Towards Kaggalahalli),12.7179,77.48236,,nan
Kapayana Doddy,nan,KPYND,30798,Kapayana Doddy (Towards Mayaganahalli),12.77219,77.35447,,nan
Kapayana Doddy,nan,KPYND,33345,Kapayana Doddy (Towards Bidadi),12.77261,77.35414,,nan
Karabele,nan,KRBL2,30873,Karabele (Towards Karabele),12.87503,77.46639,,nan
Karadigowdana Doddy,nan,KGDHL,30799,Karadigowdana Doddy (Towards Heggadagere),12.75167,77.37473,,nan
Karadigowdanahalli,nan,KGDHL,30800,Karadigowdanahalli (Towards Manchegowdanapalya),12.75174,77.37485,,nan
Karahalli,nan,KRH,30802,Karahalli (Towards Davanahalli),13.32713,77.69202,,nan
Karahalli,nan,KRH,33346,Karahalli (Towards Nandi Hills),13.32719,77.69198,,nan
Karahalli Cross,nan,KRHCR,30804,Karahalli Cross (Towards Devanahalli),13.34871,77.68631,,nan
Karahalli Cross,nan,KRHCR,33347,Karahalli Cross (Towards Nandi),13.34869,77.68625,,nan
Karapanahalli Gate,nan,KRPGT1,30806,Karapanahalli Gate (Towards Hosakote),13.16707,77.87861,,nan
Karapanahalli Gate,nan,KRPGT1,33348,Karapanahalli Gate (Towards H Cross),13.16714,77.87852,,nan
Karekal,nan,KNKCRS,30808,Karekal (Towards Kodihalli),12.9932,77.82295,,nan
Karekal Cross,nan,JGHC,21553,Karekal Cross (Towards Tavarekere),12.97391,77.37388,,nan
Karekal Cross,nan,JGHC,21554,Karekal Cross (Towards Magadi),12.9736,77.37402,,nan
Karekal Doddy,nan,KRKLDD,30813,Karekal Doddy (Towards Thokathimmana Doddy),12.74471,77.46495,,nan
Karekallu Doddi,nan,KKDD1,30819,Karekallu Doddi (Towards Harohalli),12.65154,77.49495,,nan
Karekallu Doddi,nan,KKDD1,33355,Karekallu Doddi (Towards Maralawadi),12.65159,77.49497,,nan
Karekalpalya,nan,KRKLP,33357,Karekalpalya (Towards Nelamangala),13.06992,77.40212,,nan
Karekalpalya,nan,KRKLP23,33356,Karekalpalya (Towards Kenganahalli),13.06995,77.40217,,nan
Karekalpalya,nan,KRKLPL,30823,Karekalpalya (Towards Peddanapalya),12.93312,77.38562,,nan
Karekalpalya Cross,nan,KRKLP23,33359,Karekalpalya Cross (Towards Kenganahalli),13.06651,77.40351,,nan
Karekalpalya Cross,nan,KRKLPL,30827,Karekalpalya Cross (Towards Doddamaranahalli),12.93423,77.38154,,nan
Karekalpalya Cross,nan,KRKLPL,33361,Karekalpalya Cross (Towards Peddanapalya),12.93419,77.38151,,nan
Karekalpalya Cross,nan,KRKPC,33360,Karekalpalya Cross (Towards Mallapura),13.06649,77.40348,,nan
Karenahalli,nan,KRDL1,30829,Karenahalli (Towards Sundaram Estate),12.78512,77.46582,,nan
Karenahalli,nan,KRDL1,33362,Karenahalli (Towards Maralamma Doddy),12.78507,77.46582,,nan
Kari Obanahalli,nan,KRBHL,30831,Kari Obanahalli (Towards 8th Mile),13.02497,77.48651,,nan
Kari Obanahalli,nan,KRBHL,33363,Kari Obanahalli (Towards Thigalarapalya),13.02495,77.48656,,nan
Kariapppana Doddy Devasthana,nan,DKD,24958,Kariapppana Doddy Devasthana (Towards Bananduru),12.78713,77.37567,,nan
Karibeeranahosahalli,nan,KTGHLC2,30833,Karibeeranahosahalli (Towards Hosakote),13.03861,77.8614,,nan
Karibeeranahosahalli,nan,KTGHLC2,33364,Karibeeranahosahalli (Towards Kamarasanahalli),13.03865,77.8615,,nan
Karibeeranahosahalli Cross,nan,KTGHLC2,30835,Karibeeranahosahalli Cross (Towards Hosakote),13.04547,77.86456,,nan
Karibeeranahosahalli Cross,nan,KTGHLC2,33365,Karibeeranahosahalli Cross (Towards Kattagenahalli Gate),13.04554,77.86469,,nan
Karishma Hills,nan,KRSMH,30837,Karishma Hills (Towards Gubbalala),12.88865,77.53622,,nan
Karishma Hills,nan,KRSMH,33366,Karishma Hills (Towards Kariyanapalya),12.88851,77.53621,,nan
Karishma Hills Cross,nan,KSMHC1,30839,Karishma Hills Cross (Towards Uttarahalli),12.88874,77.54126,,nan
Karishma Hills Cross,nan,KSMHC1,33367,Karishma Hills Cross (Towards Gubbalala),12.8888,77.54129,,nan
Kariyanapalya,nan,BSK6,30841,Kariyanapalya (Towards Indo Americal Hybrid farm),12.89269,77.52182,,nan
Kariyanapalya,nan,BSK6,33369,Kariyanapalya (Towards Karishma Hills),12.89276,77.52181,,nan
Kariyanapalya,nan,BSK6,40501,Kariyanapalya (Towards Channasandra),12.89294,77.52264,,nan
Kariyanapalya,nan,BSK6,40502,Kariyanapalya (Towards Karishma Hillss),12.89292,77.52296,,nan
Kariyanapalya Cross (80ft Road Junction),nan,KRYP80ft,29418,Kariyanapalya Cross (80ft Road Junction) (Towards Gubbalala Gate),12.89224,77.51442,,nan
Kariyanapalya Cross (80ft Road Junction),nan,KRYP80ft,39072,Kariyanapalya Cross (80ft Road Junction) (Towards Srinivasapura Cross),12.89216,77.51434,,nan
Kariyappana Doddy,nan,DKD,33370,Kariyappana Doddy (Towards Nityananda Ashrama),12.78485,77.37828,,nan
Kariyappana Doddy,nan,KRYD,30847,Kariyappana Doddy (Towards Shivanahalli),12.7107,77.57932,,nan
Kariyappana Doddy,nan,KRYD,35326,Kariyappana Doddy (Towards Ujinappana Doddy),12.71068,77.5793,,nan
Kariyappanapalya,nan,KRYPNPL,30849,Kariyappanapalya (Towards Bannikuppe),12.86171,77.38366,,nan
Kariyappanapalya,nan,KRYPNPL,33372,Kariyappanapalya (Towards Dodderi),12.86166,77.38359,,nan
Karlapura,nan,KRLP1,33373,Karlapura (Towards Karlapura),13.20672,77.49191,,nan
Karlapura Colony,nan,KRLP1,30854,Karlapura Colony (Towards Karlapura),13.20531,77.49122,,nan
Karlapura Colony,nan,KRLP1,33374,Karlapura Colony (Towards Karalapura Gate),13.20533,77.49125,,nan
Karlapura Gate,nan,KRLPG,30857,Karlapura Gate (Towards Karlapura),13.20018,77.49183,,nan
Karlapura Gate,nan,KRLPG,33375,Karlapura Gate (Towards Hesaraghatta),13.20012,77.49185,,nan
Karlapura Gate,nan,KRLPG,33376,Karlapura Gate (Towards Kakolu),13.20016,77.49187,,nan
Karlapura Gate BIT,nan,KRLP A,30859,Karlapura Gate BIT (Towards Sonnenahalli),13.20858,77.50091,,nan
Karlapura Gate BIT,nan,KRLP A,33377,Karlapura Gate BIT (Towards Challahalli),13.2086,77.50087,,nan
Karnataka High Court Staff Quarters,nan,KHCSQ,38697,Karnataka High Court Staff Quarters (Towards Benniganahalli),12.99494,77.65412,,nan
Karnataka Slum Board Development Apartment,nan,RAYSNC,30866,Karnataka Slum Board Development Apartment (Towards Hosa Road),12.8759,77.67242,,nan
Karnataka Slum Board Development Apartment,nan,RAYSNC,30867,Karnataka Slum Board Development Apartment (Towards Karnataka Slum Development Board Apartment),12.87595,77.67227,,nan
Karpura,nan,KARPR,30869,Karpura (Towards Karpura Gate Chandapura Road),12.72695,77.72009,,nan
Karpura,nan,KARPR,33379,Karpura (Towards Karpura),12.72699,77.72014,,nan
Karpura Gate,nan,KARRGT,35052,Karpura Gate (Towards Chiika Hagade Gate),12.73587,77.70808,,nan
Karpura Gate,nan,KARRGT,35248,Karpura Gate (Towards Avadadenahalli),12.73582,77.70803,,nan
Karpura Gate,nan,KRPRGH1,30871,Karpura Gate (Towards Anekal),12.7243,77.72083,,nan
Karpura Gate,nan,KRPRGH1,33380,Karpura Gate (Towards Attibele),12.72449,77.72088,,nan
Karpura Gate,nan,KRPRGH1,38206,Karpura Gate (Towards Bidaragere),12.7242,77.72072,,nan
Karthik Nagara,nan,KTHN2,20913,Karthik Nagara (Towards Hebbala),12.96818,77.70147,,nan
Karthik Nagara,nan,KTNH3,20912,Karthik Nagara (Towards Marathahalli Bridge),12.96821,77.7017,,nan
Kasaba,nan,KSBG,30875,Kasaba (Towards Rajanukunte),13.28268,77.54732,,nan
Kasaba,nan,KSBG,33382,Kasaba (Towards Doddaballapura),13.28255,77.54732,,nan
Kasaghatta,nan,KSGH,36063,Kasaghatta (Towards Kasaghatta),13.2685,77.38911,,nan
Kasaghattapura,nan,KSGTPG,30876,Kasaghattapura (Towards Kasaghattapura),13.11063,77.50441,,nan
Kasaghattapura Gate,nan,KSGTPG,30878,Kasaghattapura Gate (Towards Kumbarahalli),13.11195,77.49735,,nan
Kasaghattapura Gate,nan,KSGTPG,33383,Kasaghattapura Gate (Towards Siluvepura),13.11194,77.49731,,nan
Kasavanahalli,nan,KSVH1,23382,Kasavanahalli (Towards Kaikondrahalli),12.90495,77.67599,,nan
Kasavanahalli,nan,KSVH1,23386,Kasavanahalli (Towards Central Jail),12.90489,77.67605,,nan
Kasavepalya,nan,KSVPL1,30880,Kasavepalya (Towards Siddabovipalya),12.85344,77.37615,,nan
Kasavepalya,nan,KSVPL1,33384,Kasavepalya (Towards Kurubara Karenahalli),12.85348,77.37618,,nan
Kasthuri Nagara,nan,KSUN,30882,Kasthuri Nagara (Towards Ramamurthy Nagara),13.00258,77.66119,,nan
Kasthuri Nagara,nan,KSUN,33385,Kasthuri Nagara (Towards NGEF),13.00247,77.6613,,nan
Kasthurinagara,nan,KSTRR,20914,Kasthurinagara (Towards Tin Factory),13.004,77.66328,,nan
Kasthurinagara,nan,KSTRR,20915,Kasthurinagara (Towards Hebbala),13.00404,77.66315,,nan
Kasturiba Road,nan,MESEUM,38902,Kasturiba Road (Towards Corporation),12.97318,77.59498,,nan
Kasuvinakunte,nan,KSUSN,23505,Kasuvinakunte (Towards Kasuvinakunte),12.76739,77.59743,,nan
Kasuvinakunte,nan,KSUSN,23506,Kasuvinakunte (Towards Ragihalli Gate),12.76739,77.5974,,nan
Katamana Doddy,nan,KTMD,30885,Katamana Doddy (Towards Thirumalapura),12.82109,77.32231,,nan
Katamanallur Gate,nan,KTLRGT,22155,Katamanallur Gate (Towards Hosakote),13.05373,77.76177,,nan
Katamanallur Gate,nan,KTLRGT,22157,Katamanallur Gate (Towards Kempegowda Bus Station),13.05318,77.76161,,nan
Katamanallur Gate,nan,KTMG,36724,Katamanallur Gate (Towards Hope Farm),13.05315,77.76198,,nan
Kateramma Temple Kambalipura,nan,KRMTB,39144,Kateramma Temple Kambalipura (Towards Kambalipura),13.12497,77.80047,,nan
Kateramma Temple Makanahalli,nan,MKHKTTM,30887,Kateramma Temple Makanahalli (Towards Vagata),13.01236,77.82797,,nan
Kateramma Temple Makanahalli,nan,MKHKTTP,33387,Kateramma Temple Makanahalli (Towards Makanahalli),13.01245,77.82804,,nan
Kathriguppe,nan,KTGP,20916,Kathriguppe (Towards Kadirenahalli),12.9254,77.55006,,nan
Kathriguppe,nan,KTGP,20917,Kathriguppe (Towards PES College),12.92535,77.54989,,nan
Kathriguppe,nan,KTPR,37075,Kathriguppe (Towards Bhuvaneswari nagar),12.9251,77.54983,,nan
Kathriguppe,nan,KTRIPE,35165,Kathriguppe (Towards Nerige),12.91543,77.7657,,nan
Kathriguppe,nan,KTRIPE,35259,Kathriguppe (Towards Gunjuru),12.91542,77.76565,,nan
Kattalepalya,nan,KTLPLY,30892,Kattalepalya (Towards Narayanapura),12.79684,77.46421,,nan
Kattalepalya,nan,KTLPLY,33390,Kattalepalya (Towards Kattalepalya),12.79698,77.46412,,nan
Kattalepalya,nan,KTP-4,33389,Kattalepalya (Towards Bayyappanahalli),12.99301,77.63601,,nan
Kattalepalya,nan,KTP-4,35362,Kattalepalya (Towards Jeevanahalli),12.99285,77.63631,,nan
Kattigenahalli,nan,KTGH12,39314,Kattigenahalli (Towards Kattigenahalli Cross),13.11699,77.62538,,nan
Kattigenahalli,nan,KTGHL1,30897,Kattigenahalli (Towards Makanahalli),13.0236,77.877,,nan
Kattigenahalli,nan,KTGHL1,33392,Kattigenahalli (Towards Kattagenahalli Gate),13.02364,77.87696,,nan
Kattigenahalli Colony,nan,KTGHLCN,30899,Kattigenahalli Colony (Towards Kattagenahalli Gate),13.02829,77.88427,,nan
Kattigenahalli Colony,nan,KTGHLCN,33393,Kattigenahalli Colony (Towards Makanahalli),13.02831,77.88434,,nan
Kattigenahalli Cross,nan,KATGN,30895,Kattigenahalli Cross (Towards Yalahanka),13.12178,77.62572,,nan
Kattigenahalli Cross,nan,KATGN,30900,Kattigenahalli Cross (Towards Bagaluru),13.12187,77.62562,,nan
Kattigenahalli Cross,nan,KTGHC,39324,Kattigenahalli Cross (Towards Kattigenahalli/Bagalur),13.12171,77.62591,,nan
Kattigenahalli Gate,nan,KTGHLG,30902,Kattigenahalli Gate (Towards Hosakote),13.0373,77.88731,,nan
Kattigenahalli Gate,nan,KTGHLG,33394,Kattigenahalli Gate (Towards Kattagenahalli),13.03737,77.88741,,nan
Kattihosahalli,nan,KTHLI,39539,Kattihosahalli (Towards Last Stop),13.2795,77.3802,,nan
Kattu Gollahalli,nan,KTGH1,30904,Kattu Gollahalli (Towards Kattu Gollahalli),13.09587,77.73506,,nan
Kattu Gollahalli,nan,KTGH1,33395,Kattu Gollahalli (Towards Kaatugollahalli Gate),13.09588,77.73511,,nan
Kattu Gollahalli Gate,nan,KGG,30906,Kattu Gollahalli Gate (Towards Budigere Cross),13.0944,77.7429,,nan
Kattu Gollahalli Gate,nan,KGG,33396,Kattu Gollahalli Gate (Towards Budigere),13.09439,77.7428,,nan
Kaval Byrasandra,nan,KBR,20918,Kaval Byrasandra (Towards Kaval Byrasandra),13.01974,77.60769,,nan
Kavala Hosahalli,nan,KVLHL,23844,Kavala Hosahalli (Towards Janatha Colony),12.72589,77.70442,,nan
Kavala Hosahalli,nan,KVLHL,23976,Kavala Hosahalli (Towards Chandapura),12.72591,77.70433,,nan
Kaveri Block,nan,KVRYBM,39565,Kaveri Block (Towards Mylasandra),12.84876,77.62643,,nan
Kaveri Block,nan,KVRYBM,39566,Kaveri Block (Towards Tugur Cross),12.84879,77.62649,,nan
Kaveri Nagara,nan,KVNGR,35150,Kaveri Nagara (Towards Yarab Nagara),12.91986,77.56931,,nan
Kaveri Nagara,nan,KVNGR,35188,Kaveri Nagara (Towards Monotype Corporation),12.91974,77.5692,,nan
Kaverinagara Kodichikkanahalli,nan,CVNRK,39778,Kaverinagara Kodichikkanahalli (Towards Boammanahalli),12.90049,77.62266,,nan
Kaverinagara Kodichikkanahalli,nan,CVNRK,39779,Kaverinagara Kodichikkanahalli (Towards Kodichikkanahalli),12.90045,77.6227,,nan
Kebbahala,nan,KBAL2,22681,Kebbahala (Towards Annapoorneshwari Nagara),12.98553,77.50346,,nan
Kebbahala,nan,KBAL2,22691,Kebbahala (Towards Sunkadakatte),12.9856,77.50347,,nan
Kebbedoddi Gate,nan,KBDGT1,23612,Kebbedoddi Gate (Towards Harohalli),12.70305,77.481,,nan
Kebbedoddi Gate,nan,KBDGT1,23619,Kebbedoddi Gate (Towards Gabbadi),12.70297,77.48082,,nan
Kebbepalya Gate,nan,KBPG1,30925,Kebbepalya Gate (Towards Chikkabanavara),13.09006,77.51397,,nan
Kebbepalya Gate,nan,KBPG1,33406,Kebbepalya Gate (Towards Lakshmipura Cross),13.09007,77.51392,,nan
Kembaliganahalli,nan,KBLH,30927,Kembaliganahalli (Towards Siddapura),13.12984,77.88477,,nan
Kembaliganahalli,nan,KBLH,33407,Kembaliganahalli (Towards Chikkanahalli),13.12989,77.88473,,nan
Kembaliganahalli Gate,nan,KMBGTR,30929,Kembaliganahalli Gate (Towards Shivanapura),13.13263,77.89925,,nan
Kembaliganahalli Gate,nan,KMBGTR,33408,Kembaliganahalli Gate (Towards Hosakote),13.13268,77.89925,,nan
Kembathahalli,nan,KML,30930,Kembathahalli (Towards Gottigere),12.85596,77.57793,,nan
Kembathahalli,nan,KML,31384,Kembathahalli (Towards Anjanapura),12.85588,77.57786,,nan
Kembathahalli Cross,nan,KMHC2,30934,Kembathahalli Cross (Towards Lalbahaddur Shastrinagara),12.8552,77.58025,,nan
Kembathahalli Cross,nan,KMHC2,33409,Kembathahalli Cross (Towards Gottigere),12.85528,77.58038,,nan
Kembathahalli Cross,nan,KMHC2,33410,Kembathahalli Cross (Towards Kembathalli),12.85516,77.58038,,nan
Kembathahalli Cross,nan,KMHC2,33411,Kembathahalli Cross (Towards Jambus Savari Dinne),12.85531,77.58019,,nan
Kempa Vaderahalli,nan,KEVADL,30940,Kempa Vaderahalli (Towards Dodda Hagade),12.73941,77.68812,,nan
Kempa Vaderahalli,nan,KEVADL,33414,Kempa Vaderahalli (Towards Sidi Hosakote),12.73943,77.68825,,nan
Kempadyapanahalli,nan,KDPNH,30942,Kempadyapanahalli (Towards Ganakal),12.86697,77.35426,,nan
Kempadyapanahalli,nan,KDPNH,33415,Kempadyapanahalli (Towards Dodderi Grama),12.8669,77.35425,,nan
Kempaiahnagara,nan,KMNR,30944,Kempaiahnagara (Towards Tharabanahalli),13.1082,77.48252,,nan
Kempaiahnagara,nan,KMNR,33416,Kempaiahnagara (Towards Thorenagasandra Cross),13.10822,77.48248,,nan
Kempaiahnapalya,nan,KNP,33417,Kempaiahnapalya (Towards Siddaiahanapalya),12.72049,77.43001,,nan
Kempaiahnapalya,nan,KNP,33418,Kempaiahnapalya (Towards Kempaiahnapalya Cross),12.72051,77.42995,,nan
Kempaiahnapalya Cross,nan,KMPC4,30950,Kempaiahnapalya Cross (Towards Byramangala),12.73293,77.44009,,nan
Kempaiahnapalya Cross,nan,KMPC4,33420,Kempaiahnapalya Cross (Towards Kempaiahnapalya),12.73298,77.44009,,nan
Kempalinganahalli,nan,KLH2,30952,Kempalinganahalli (Towards Nelamangala),13.09462,77.37497,,nan
Kempalinganahalli,nan,KLH2,33421,Kempalinganahalli (Towards Hanumanthegowdanapalya),13.09457,77.37504,,nan
Kempalinganahalli Cross,nan,KLHC1,30954,Kempalinganahalli Cross (Towards Kempalingnahalli),13.09551,77.38104,,nan
Kempalinganahalli Cross,nan,KLHC1,33422,Kempalinganahalli Cross (Towards Nelamangala),13.09556,77.38107,,nan
Kempalingapura,nan,KMPLGP1,30938,Kempalingapura (Towards Sadahalli),13.2369,77.66557,,nan
Kempalingapura,nan,KMPLGP1,33413,Kempalingapura (Towards Uganawadi),13.23685,77.66548,,nan
Kempalingapura Cross,nan,KMPLR,30956,Kempalingapura Cross (Towards Dabha Gate),13.23058,77.66461,,nan
Kempalingapura Cross,nan,KMPLR,33423,Kempalingapura Cross (Towards Uganawadi),13.23052,77.66461,,nan
Kempammadevi Nagara,nan,KMDN1,33424,Kempammadevi Nagara (Towards Shivanapura),13.06498,77.42035,,nan
Kempapura,nan,KLMPRH,33430,Kempapura (Towards Coffee Board Layout),13.05084,77.60063,,nan
Kempapura,nan,KLMPRH,33431,Kempapura (Towards Esteem Mall Hebbala),13.05079,77.60067,,nan
Kempapura,nan,KMP,33429,Kempapura (Towards Kumbarahalli),13.09465,77.49964,,nan
Kempapura,nan,KMPR3,30969,Kempapura (Towards Kadabisanahalli),12.94658,77.67305,,nan
Kempapura,nan,KMPR3,33432,Kempapura (Towards HAL),12.94653,77.67303,,nan
Kempapura,nan,KMPRAR,33426,Kempapura (Towards Kempapura),12.81949,77.63744,,nan
Kempapura,nan,KMPRAR,33427,Kempapura (Towards Vabasandra),12.81945,77.6373,,nan
Kempapura,nan,KMPU,20919,Kempapura (Towards Tin Factory),13.04379,77.6005,,nan
Kempapura,nan,KMPU,20920,Kempapura (Towards Hebbala),13.0436,77.60121,,nan
Kempapura,nan,kmp2,33428,Kempapura (Towards Kempapura Cross),13.09469,77.49959,,nan
Kempapura Agarahara,nan,KMPAGAR,30971,Kempapura Agarahara (Towards Binnpete),12.96912,77.55465,,nan
Kempapura Agarahara,nan,KMPAGAR,33433,Kempapura Agarahara (Towards Kempapura Agarahara),12.96904,77.55459,,nan
Kempapura Agarahara Railway Gate,nan,KMPRURA,30972,Kempapura Agarahara Railway Gate (Towards Binnpete),12.96913,77.55925,,nan
Kempapura Cross,nan,KMPC2,30976,Kempapura Cross (Towards Hebbala),13.04979,77.59987,,nan
Kempapura Cross,nan,KMPC2,33436,Kempapura Cross (Towards Kempapura),13.04983,77.59993,,nan
Kempashetty Doddy,nan,KMPDG,30978,Kempashetty Doddy (Towards Byramangala),12.7412,77.43095,,nan
Kempashetty Doddy,nan,KMPDG,33437,Kempashetty Doddy (Towards Harohalli),12.74126,77.43096,,nan
Kempashetty Doddy Gate,nan,KEMPG,30980,Kempashetty Doddy Gate (Towards Byramangala),12.74378,77.42949,,nan
Kempashetty Doddy Gate,nan,KEMPG,33438,Kempashetty Doddy Gate (Towards Harohalli),12.74384,77.42946,,nan
Kempathimmanahalli,nan,KEMTHIMH,30982,Kempathimmanahalli (Towards Devaganahalli),13.22322,77.65455,,nan
Kempathimmanahalli,nan,KEMTHIMH,33439,Kempathimmanahalli (Towards Sadahalli),13.22314,77.65463,,nan
Kempathimmanahalli Cross,nan,KEMTHIMH,33440,Kempathimmanahalli Cross (Towards Sadahalli),13.22204,77.65104,,nan
Kempathimmanahalli Cross,nan,KEMTHIMH,33441,Kempathimmanahalli Cross (Towards Devaganahalli),13.22207,77.65103,,nan
Kempegowda Arch,nan,KGDA1,30988,Kempegowda Arch (Towards Summanahalli),13.00174,77.52556,,nan
Kempegowda Arch,nan,KGDA1,33443,Kempegowda Arch (Towards Goraguntepalya),13.00171,77.52538,,nan
Kempegowda Bus Station,nan,nan,20921_ST,nan,12.978145,77.572296,1.0,nan
Kempegowda Bus Station,nan,KBS1,20922,Kempegowda Bus Station (Towards Arrival),12.97749,77.57327,,nan
Kempegowda Bus Station,nan,KBS3,20921,Kempegowda Bus Station (Towards Departure),12.97751,77.57141,,nan
Kempegowda Bus Station - Platform 1,20921_ST,KBS3,20921_PF1,nan,12.977732,77.57283,,1
Kempegowda Bus Station - Platform 12A,20921_ST,KBS3,20921_PF12A,nan,12.978244,77.572655,,12A
Kempegowda Bus Station - Platform 14,20921_ST,KBS3,20921_PF14,nan,12.978294,77.57245,,14
Kempegowda Bus Station - Platform 19,20921_ST,KBS3,20921_PF19,nan,12.977914,77.571434,,19
Kempegowda Bus Station - Platform 19A,20921_ST,KBS3,20921_PF19A,nan,12.978043,77.57149,,19A
Kempegowda Bus Station - Platform 2,20921_ST,KBS3,20921_PF2,nan,12.977939,77.572685,,2
Kempegowda Bus Station - Platform 20,20921_ST,KBS3,20921_PF20,nan,12.978442,77.57185,,20
Kempegowda Bus Station - Platform 20B,20921_ST,KBS3,20921_PF20B,nan,12.978533,77.5721,,20B
Kempegowda Bus Station - Platform 21,20921_ST,KBS3,20921_PF21,nan,12.978567,77.57225,,21
Kempegowda Bus Station - Platform 23,20921_ST,KBS3,20921_PF23,nan,12.978355,77.573006,,23
Kempegowda Bus Station - Platform 23A,20921_ST,KBS3,20921_PF23A,nan,12.978253,77.573105,,23A
Kempegowda Bus Station - Platform 23B,20921_ST,KBS3,20921_PF23B,nan,12.978114,77.57322,,23B
Kempegowda Bus Station - Platform 23C,20921_ST,KBS3,20921_PF23C,nan,12.977978,77.57327,,23C
Kempegowda Bus Station - Platform 23D,20921_ST,KBS3,20921_PF23D,nan,12.977845,77.573326,,23D
Kempegowda Bus Station - Platform 24,20921_ST,KBS3,20921_PF24,nan,12.977981,77.573204,,24
Kempegowda Bus Station - Platform 3,20921_ST,KBS3,20921_PF3,nan,12.978041,77.57249,,3
Kempegowda Bus Station - Platform 30,20921_ST,KBS3,20921_PF30,nan,12.977537,77.57258,,30
Kempegowda Bus Station - Platform 3A,20921_ST,KBS3,20921_PF3A,nan,12.978054,77.57227,,3A
Kempegowda Bus Station - Platform 4,20921_ST,KBS3,20921_PF4,nan,12.977986,77.572105,,4
Kempegowda Bus Station - Platform 4A,20921_ST,KBS3,20921_PF4A,nan,12.977848,77.57197,,4A
Kempegowda Bus Station - Platform 4B,20921_ST,KBS3,20921_PF4B,nan,12.977703,77.57191,,4B
Kempegowda Bus Station - Platform 5,20921_ST,KBS3,20921_PF5,nan,12.977804,77.57184,,5
Kempegowda Bus Station - Platform 6,20921_ST,KBS3,20921_PF6,nan,12.977935,77.57192,,6
Kempegowda Bus Station - Platform 6A,20921_ST,KBS3,20921_PF6A,nan,12.978042,77.57204,,6A
Kempegowda Bus Station - Platform 7,20921_ST,KBS3,20921_PF7,nan,12.978113,77.57216,,7
Kempegowda Bus Station - Platform 8A,20921_ST,KBS3,20921_PF8A,nan,12.978144,77.572464,,8A
Kempegowda Bus Station - Platform 8B,20921_ST,KBS3,20921_PF8B,nan,12.978095,77.57263,,8B
Kempegowda Bus Station(Majestic/KBS),nan,KBS3,35931,Kempegowda Bus Station(Majestic/KBS) (Towards Central),12.97793,77.57389,,nan
Kempegowda Garden,nan,KGG1,30990,Kempegowda Garden (Towards Janapriya Greenwood Apartments),13.07728,77.52161,,nan
Kempegowda Garden,nan,KGG1,33444,Kempegowda Garden (Towards Abbigere),13.07733,77.52161,,nan
Kempegowda International Airport,nan,KIA,38069,Kempegowda International Airport (Towards Last Stop),13.19975,77.70514,,nan
Kempegowda International Airport,nan,KIAL,23485,Kempegowda International Airport (Towards Depature),13.19904,77.70871,,nan
Kempegowda International Airport,nan,KIAL,35805,Kempegowda International Airport (Towards Arrival),13.19916,77.70774,,nan
Kempegowda International Airport Back Gate,nan,KIABG,30992,Kempegowda International Airport Back Gate (Towards Sadahalli Kannamangala Gate),13.19806,77.68058,,nan
Kempegowda International Airport Back Gate,nan,KIABG2,38071,Kempegowda International Airport Back Gate (Towards Baguru),13.19816,77.67987,,nan
Kempegowda International Airport Back Gate,nan,KIABG2,38072,Kempegowda International Airport Back Gate (Towards Cargo Village),13.1982,77.67968,,nan
Kempegowda Swimming Pool,nan,KGNGR,23746,Kempegowda Swimming Pool (Towards Kalidasa Layout),12.94823,77.55926,,nan
Kempegowda Swimming Pool,nan,KGNGR,23762,Kempegowda Swimming Pool (Towards Ramakrishna Ashrama),12.94827,77.5592,,nan
Kempu Dommasandra,nan,KDMS5,30997,Kempu Dommasandra (Towards Kempu Dommasandra),12.67441,77.70796,,nan
Kempu Dommasandra Cross,nan,KDMSC,30501,Kempu Dommasandra Cross (Towards Kempu Dommasandra),12.69447,77.71006,,nan
Kenchanakuppe,nan,KCGP,31003,Kenchanakuppe (Towards Bidadi),12.7955,77.37528,,nan
Kenchanakuppe,nan,KCGP,33449,Kenchanakuppe (Towards Kenchanakuppe),12.79551,77.37522,,nan
Kenchanakuppe Colony,nan,KCNGPC10,31005,Kenchanakuppe Colony (Towards Heggadagere Cross),12.78972,77.37617,,nan
Kenchanakuppe Colony,nan,KCNGPC10,33450,Kenchanakuppe Colony (Towards Bidadi),12.79003,77.37627,,nan
Kenchanapalya,nan,KCNPL12,31007,Kenchanapalya (Towards Kullegowdanapalya),12.84457,77.44406,,nan
Kenchanapalya,nan,KCNPL12,33451,Kenchanapalya (Towards Kenchanapalya),12.84452,77.44412,,nan
Kenchanapura,nan,KCP,31009,Kenchanapura (Towards Sulikere),12.95713,77.44971,,nan
Kenchanapura,nan,KCP1,33452,Kenchanapura (Towards Gollarahatti),12.95714,77.44968,,nan
Kenchanapura Cross,nan,KENCCROSS,22161,Kenchanapura Cross (Towards Shirke),12.94172,77.49363,,nan
Kenchanapura Cross,nan,KENCCROSS,22162,Kenchanapura Cross (Towards Mariyappanapalya),12.94157,77.49344,,nan
Kencharayana Doddy,nan,KNCD,23854,Kencharayana Doddy (Towards Koli Farm Gate),12.81951,77.55612,,nan
Kencharayana Doddy,nan,KNCD,24150,Kencharayana Doddy (Towards Byatarayana Doddy),12.81955,77.55618,,nan
Kendriya Sadana Koramangala,nan,KRMSDN,35359,Kendriya Sadana Koramangala (Towards Koramangala Water Tank),12.92596,77.62026,,nan
Kendriya Vidyalaya,nan,KNDV1,22163,Kendriya Vidyalaya (Towards Gangamma Circle),13.06556,77.54428,,nan
Kendriya Vidyalaya,nan,KNDV1,22164,Kendriya Vidyalaya (Towards MS Palya),13.06541,77.54415,,nan
Kendriya Vidyalaya ASC Center,nan,KVASC,31011,Kendriya Vidyalaya ASC Center (Towards Military Accounts Office),12.96676,77.61259,,nan
Kendriya Vidyalaya DRDO Quarters,nan,KVDQ,31012,Kendriya Vidyalaya DRDO Quarters (Towards Kendriya Vidyalaya (DRDO QTRS)),12.98675,77.66408,,nan
Kendriya Vidyalaya Halasuru (MEGC),nan,KVUL,38908,Kendriya Vidyalaya Halasuru (MEGC) (Towards Halasuru),12.98828,77.6149,,nan
Kendriya Vihara,nan,KEDVHR,33453,Kendriya Vihara (Towards Devanahalli),13.10653,77.60161,,nan
Kendriya Vihara,nan,KEDVHR,33454,Kendriya Vihara (Towards Hebbala),13.10643,77.60213,,nan
Kendriya Vihara Yelahanka,nan,KEDVHR,31017,Kendriya Vihara Yelahanka (Towards Yelahanka),13.10659,77.60061,,nan
Kengal Dabaspete,nan,KNGLD,33456,Kengal Dabaspete (Towards Veerasagar),13.21047,77.22726,,nan
Kengal Kempohalli,nan,KMPHL,30996,Kengal Kempohalli (Towards T Beguru),13.20898,77.26092,,nan
Kengal Kempohalli,nan,KMPHL,33446,Kengal Kempohalli (Towards Dabaspete),13.20886,77.26072,,nan
Kenganahalli,nan,KNGHL12,31021,Kenganahalli (Towards Nelamangala),13.05162,77.4116,,nan
Kenganahalli,nan,KNGHL12,33457,Kenganahalli (Towards Shivanapura),13.05159,77.41171,,nan
Kenganahalli Cross,nan,KNGHL,24732,Kenganahalli Cross (Towards Kenganahalli),13.04048,77.4269,,nan
Kenganahalli Cross,nan,KNGHL,32383,Kenganahalli Cross (Towards Ravuttanahalli),13.0405,77.42694,,nan
Kengeri,nan,KGR1,35360,Kengeri (Towards Uttarahalli),12.91244,77.48543,,nan
Kengeri,nan,KGR1,36259,Kengeri (Towards Shirke),12.91237,77.4854,,nan
Kengeri Bus Station,nan,nan,20925_ST,nan,12.913737,77.4873,1.0,nan
Kengeri Bus Station,nan,KGR1,20926,Kengeri Bus Station (Towards Nayandahalli),12.91406,77.48645,,nan
Kengeri Bus Station,nan,KGR2,20925,Kengeri Bus Station (Towards Bidadi),12.91379,77.4871,,nan
Kengeri Bus Station - Platform 1,20925_ST,KGR2,20925_PF1,nan,12.913793,77.48708,,1
Kengeri Bus Station - Platform 2,20925_ST,KGR2,20925_PF2,nan,12.913746,77.487236,,2
Kengeri Bus Station - Platform 3,20925_ST,KGR2,20925_PF3,nan,12.913722,77.48736,,3
Kengeri Church,nan,KSTTCH,20923,Kengeri Church (Towards Shirke),12.92874,77.48664,,nan
Kengeri Church,nan,KSTTCH,20924,Kengeri Church (Towards Kengeri),12.92869,77.48677,,nan
Kengeri Club,nan,KGRC1,31024,Kengeri Club (Towards Kengeri),12.92359,77.47297,,nan
Kengeri Club,nan,KGRC1,33458,Kengeri Club (Towards Kommaghatta),12.92351,77.47287,,nan
Kengeri Ganesha Temple,nan,KGT31,20781,Kengeri Ganesha Temple (Towards Kengeri),12.91143,77.48037,,nan
Kengeri Ganesha Temple,nan,KGT31,20782,Kengeri Ganesha Temple (Towards Shirke),12.91126,77.48029,,nan
Kengeri Metro Station,nan,KHRMS,38620,Kengeri Metro Station (Towards Kumbalagodu),12.90747,77.47596,,nan
Kengeri Metro Station,nan,SVMS,22525,Kengeri Metro Station (Towards Kengeri),12.90761,77.47586,,nan
Kengeri Police Station,nan,KGPS,21094,Kengeri Police Station (Towards Bidadi),12.91007,77.48146,,nan
Kengeri Police Station,nan,KGPS,21095,Kengeri Police Station (Towards Mylasandra),12.91044,77.48206,,nan
Kengeri Post Office,nan,MNBJHKIYOP,22165,Kengeri Post Office (Towards KHB Qtrs),12.91543,77.48181,,nan
Kengeri Post Office,nan,MNBJHKIYOP,22166,Kengeri Post Office (Towards Kengeri),12.9155,77.48189,,nan
Kengeri Railway Station,nan,KGRRS,21110,Kengeri Railway Station (Towards Shirke),12.91686,77.48234,,nan
Kengeri Railway Station,nan,KGRRS,21111,Kengeri Railway Station (Towards Kengeri),12.91692,77.48242,,nan
Kengeri Satellite Town,nan,KST,22167,Kengeri Satellite Town (Towards Shirke),12.92355,77.48479,,nan
Kengeri Satellite Town,nan,KST,22168,Kengeri Satellite Town (Towards Kengeri),12.92355,77.48485,,nan
Kengunte Circle (IIPM),nan,AITKGT,22171,Kengunte Circle (IIPM) (Towards Nagarabhavi Circle),12.96045,77.50473,,nan
Kengunte Circle (IIPM),nan,KNGNT,21555,Kengunte Circle (IIPM) (Towards Mallathahalli),12.96033,77.50491,,nan
Kengunte Circle (IIPM),nan,KNGT,22169,Kengunte Circle (IIPM) (Towards Kengeri),12.96045,77.50441,,nan
Kengunte Circle (IIPM),nan,KNGT,22170,Kengunte Circle (IIPM) (Towards Papareddypalya),12.96064,77.50435,,nan
Kenjiganahalli,nan,KJGH,31030,Kenjiganahalli (Towards Nagenahalli),13.19163,77.39895,,nan
Kenjiganahalli,nan,KJGH,33461,Kenjiganahalli (Towards Railway Gollahalli),13.19163,77.39902,,nan
Kere Devasthana,nan,KRDVT1,31032,Kere Devasthana (Towards Sarjapura),12.87372,77.78592,,nan
Kere Devasthana,nan,KRDVT1,33462,Kere Devasthana (Towards Nerige),12.87365,77.78586,,nan
Kere Guddadahalli,nan,KERGUD,33464,Kere Guddadahalli (Towards Chikkabanavara),13.07927,77.51574,,nan
Kere Guddadahalli,nan,KRGDH,31036,Kere Guddadahalli (Towards Abbigere Cross),13.08051,77.51557,,nan
Kere Guddadahalli,nan,KRGDH,33463,Kere Guddadahalli (Towards Somashettihalli),13.0795,77.51555,,nan
Kere Guddadahalli,nan,KRGDH,33465,Kere Guddadahalli (Towards Janapriya Greenwood Apartments),13.08032,77.51561,,nan
Kere Kattiganuru,nan,KRNRU,31038,Kere Kattiganuru (Towards NH-4),13.17598,77.27213,,nan
Kere Kattiganuru,nan,KRNRU,33466,Kere Kattiganuru (Towards Machanahalli),13.17598,77.2722,,nan
Kere Kattiganuru Gate,nan,KTGNR,30894,Kere Kattiganuru Gate (Towards T Begur),13.18789,77.2821,,nan
Kere Kattiganuru Gate,nan,KTGNR,33391,Kere Kattiganuru Gate (Towards Dabaspete),13.18771,77.28202,,nan
Kerekodi Junction,nan,JNOKKD,39051,Kerekodi Junction (Towards Channenahalli),12.96017,77.42803,,nan
Kerekodi Junction,nan,JNOKKD,39052,Kerekodi Junction (Towards Gidadapalya),12.96019,77.42804,,nan
Kerekodi Sondekoppa,nan,HSSNDKP,31044,Kerekodi Sondekoppa (Towards Tavarakere),13.01891,77.38421,,nan
Kerekodi Sondekoppa,nan,HSSNDKP,33469,Kerekodi Sondekoppa (Towards Nelamangala),13.01877,77.38419,,nan
Kerekodi Thyamagondlu,nan,KRKD,31046,Kerekodi Thyamagondlu (Towards T Begur),13.21468,77.30948,,nan
Kerekodi Thyamagondlu,nan,KRKD1,33470,Kerekodi Thyamagondlu (Towards Thyamagondlu),13.21447,77.30952,,nan
Kesaraguppe,nan,KYSGT2,31048,Kesaraguppe (Towards Kaggalipura),12.81662,77.56701,,nan
Kesaraguppe,nan,KYSGT2,33471,Kesaraguppe (Towards Bannerughatta),12.81725,77.56732,,nan
Kethaganahalli,nan,KTGNH,31050,Kethaganahalli (Towards Bidadi),12.81348,77.39049,,nan
Kethaganahalli,nan,KTGNH,33472,Kethaganahalli (Towards Vajarahalli),12.81345,77.39045,,nan
Kethohalli,nan,KTHL,31052,Kethohalli (Towards Dodda Aladamara),12.9073,77.40336,,nan
Kethohalli,nan,KTHL,33473,Kethohalli (Towards Ramohalli),12.90735,77.40335,,nan
Khaji Hosahalli,nan,KGHSI,31063,Khaji Hosahalli (Towards Makanahalli),13.00848,77.86598,,nan
Khaji Hosahalli,nan,KGHSI,33478,Khaji Hosahalli (Towards Kattigenahalli),13.00843,77.86588,,nan
Khaji Sonnenahalli,nan,KGSH,33479,Khaji Sonnenahalli (Towards Goravigere),13.03343,77.77007,,nan
Khaji Sonnenahalli,nan,KHS,31065,Khaji Sonnenahalli (Towards Seegehalli),13.03341,77.77009,,nan
Khaji Sonnenahalli Gate,nan,KJSNGT,22174,Khaji Sonnenahalli Gate (Towards Hosakote),13.03461,77.75898,,nan
Khaji Sonnenahalli Gate,nan,KJSNGT,22175,Khaji Sonnenahalli Gate (Towards Kadugodi Bus Station),13.03457,77.75908,,nan
Kidwai Layout,nan,KDWLY1,31085,Kidwai Layout (Towards NICE Road),12.85885,77.56321,,nan
Kidwai Layout,nan,KDWLY1,33489,Kidwai Layout (Towards Anjanapura),12.85885,77.56316,,nan
Kiranagere Gate,nan,KRNGT,39364,Kiranagere Gate (Towards Kanakapura),12.67,77.45883,,nan
Kiranagere Gate,nan,KRNGT,39365,Kiranagere Gate (Towards Harohalli),12.67007,77.45866,,nan
Kirloskar Badavane,nan,KRLB,31087,Kirloskar Badavane (Towards Soundrya Layout),13.06735,77.50004,,nan
Kirloskar Badavane,nan,KRLB,33490,Kirloskar Badavane (Towards Sapthagiri College),13.0674,77.5001,,nan
Kirloskar Business Park,nan,KBP3,39697,Kirloskar Business Park (Towards Kempapura),13.05116,77.5954,,nan
Kirloskar Company,nan,KRILOSK,33491,Kirloskar Company (Towards Yashwanthapura Circle),13.0145,77.55994,,nan
Kirloskar Company,nan,KRISLO,31089,Kirloskar Company (Towards Milk Colony),13.01462,77.56004,,nan
Kirloskar Factory,nan,KRSR1,31092,Kirloskar Factory (Towards T Begur),13.17777,77.32283,,nan
Kirloskar Factory,nan,KRSR1,33492,Kirloskar Factory (Towards Thyamagondlu),13.17775,77.32279,,nan
Kithaganur Gram Panchayathi office,nan,KTGP2,39753,Kithaganur Gram Panchayathi office (Towards Bidarahalli),13.03256,77.70853,,nan
Kithaganur Gram Panchayathi office,nan,KTGP2,39754,Kithaganur Gram Panchayathi office (Towards TC Palya),13.03265,77.70856,,nan
Kithiganahalli,nan,KITHGNL,31094,Kithiganahalli (Towards Hosahalli),12.80074,77.68961,,nan
Kithiganahalli,nan,KITHGNL,33493,Kithiganahalli (Towards Hennagara Gate),12.80077,77.68956,,nan
Kittaganahalli Aswathakatte,nan,KTGHA,39810,Kittaganahalli Aswathakatte (Towards Hennagara),12.80216,77.69432,,nan
Kittaganahalli Aswathakatte,nan,KTGHA,39811,Kittaganahalli Aswathakatte (Towards Hennagara Gate),12.80222,77.69421,,nan
Kittaganahalli Government School,nan,KTHGS,39808,Kittaganahalli Government School (Towards Hennagara),12.80282,77.69632,,nan
Kittaganahalli Government School,nan,KTHGS,39809,Kittaganahalli Government School (Towards Hennagara Gate),12.80284,77.69619,,nan
Kittaganuru,nan,KTNRCR,31096,Kittaganuru (Towards Bidrahalli),13.03736,77.71053,,nan
Kittaganuru,nan,KTNRCR,33494,Kittaganuru (Towards TC Palya),13.03733,77.71055,,nan
Kittaganuru Cross,nan,KTNRCR,31098,Kittaganuru Cross (Towards TC Palya),13.03624,77.7089,,nan
Kittaganuru Cross,nan,KTNRCR,33495,Kittaganuru Cross (Towards Kittaganuru),13.03622,77.70881,,nan
Kittanahalli,nan,KTH1,31100,Kittanahalli (Towards Bayyandahalli),13.00915,77.42148,,nan
Kittanahalli,nan,KTH1,33496,Kittanahalli (Towards Mallasandra),13.00912,77.42153,,nan
Kittanahalli,nan,KTH4,39569,Kittanahalli (Towards Ravuthanahalli),13.00915,77.42155,,nan
Kittanahalli,nan,KTH4,39570,Kittanahalli (Towards Bettahalli Cross),13.00914,77.42158,,nan
Kittanahalli Palya,nan,KTNHP12,31102,Kittanahalli Palya (Towards Kittanahalli),13.00979,77.41344,,nan
Kittanahalli Palya,nan,KTNHP12,33497,Kittanahalli Palya (Towards Mallasandra),13.00971,77.41338,,nan
KodIhalli,nan,KDLY2,31155,KodIhalli (Towards Lakkur),12.92808,77.8986,,nan
Kodagalahatti,nan,KDGLH,31112,Kodagalahatti (Towards Hunasamaranahalli),13.14313,77.6291,,nan
Kodagalahatti,nan,KDGLH,33503,Kodagalahatti (Towards Hosahalli),13.14317,77.62909,,nan
Kodagi Bommanahalli,nan,KBH,33504,Kodagi Bommanahalli (Towards Narasapura Rangenahalli),13.13038,77.27211,,nan
Kodalagurki,nan,KDLGRK,31118,Kodalagurki (Towards Devanahalli),13.29925,77.70112,,nan
Kodalagurki,nan,KDLGRK,33506,Kodalagurki (Towards Nandi),13.29928,77.70106,,nan
Kodalipura,nan,KODLIR,31122,Kodalipura (Towards Mayasandra),12.74569,77.75703,,nan
Kodandarama Temple,nan,KRTSMN,31124,Kodandarama Temple (Towards Subramanyapura),13.00141,77.56074,,nan
Kodandarama Temple,nan,KRTSMN,33508,Kodandarama Temple (Towards Malleshwaram),13.00155,77.56089,,nan
Kodandaramanagara,nan,KDNRM,31126,Kodandaramanagara (Towards Halanayakanahalli),12.8995,77.68483,,nan
Kodandaramanagara,nan,KDNRM,33509,Kodandaramanagara (Towards Amritha Nagara),12.89948,77.68479,,nan
Kodathi Gate,nan,KDHGT,35072,Kodathi Gate (Towards Sarjapura),12.8966,77.72037,,nan
Kodathi Gate,nan,KDHGT,35239,Kodathi Gate (Towards Kempegowda Bus Station),12.89653,77.7203,,nan
Kodathi Village,nan,KDTVLG,31131,Kodathi Village (Towards Kodathi Silk Warm Seeds Technology),12.88828,77.71635,,nan
Kodathi Village,nan,KDTVLG,33511,Kodathi Village (Towards Kodathi Gate),12.88835,77.7163,,nan
Kodathi Wipro,nan,SJPWIPGT,34843,Kodathi Wipro (Towards Last Stop),12.89535,77.71297,,nan
Kodays Circle,nan,kcle,22698,Kodays Circle (Towards Maharanis College),12.98022,77.57151,,nan
Kodi Basavanna Temple Banawadi,nan,KBTB,31134,Kodi Basavanna Temple Banawadi (Towards Bittasandra),13.11284,77.26089,,nan
Kodi Basavanna Temple Banawadi,nan,KBTB,33512,Kodi Basavanna Temple Banawadi (Towards Banawadi),13.11281,77.26091,,nan
Kodichikkanahalli,nan,KODCKL,31136,Kodichikkanahalli (Towards Vijaya Bank Layout Bilekahalli),12.89823,77.61801,,nan
Kodichikkanahalli,nan,KODCKL,33513,Kodichikkanahalli (Towards Bommanahalli),12.89826,77.61804,,nan
Kodichikkanahalli Cross,nan,KODICKLCR,31138,Kodichikkanahalli Cross (Towards Kaveri Nagara),12.89793,77.62151,,nan
Kodigehalli,nan,KDHLI,33516,Kodigehalli (Towards KR Puram),13.00385,77.72746,,nan
Kodigehalli,nan,KDHLI,33517,Kodigehalli (Towards K Dommasandra),13.00394,77.72748,,nan
Kodigehalli,nan,KDK1,31143,Kodigehalli (Towards Dodda Belavangala),13.30328,77.51148,,nan
Kodigehalli,nan,KDK1,33518,Kodigehalli (Towards Doddaballapura),13.30331,77.51142,,nan
Kodigehalli,nan,KDLY,23522,Kodigehalli (Towards Kodigehalli Gate),13.05988,77.57685,,nan
Kodigehalli,nan,KDLY,33515,Kodigehalli (Towards Virupakshapura),13.05982,77.57694,,nan
Kodigehalli Canara Bank Colony,nan,KDBCLO,30348,Kodigehalli Canara Bank Colony (Towards Kodigehalli Canara Bank Colony Last Stop),13.07138,77.57645,,nan
Kodigehalli Canara Bank Colony,nan,KDBCLO,32203,Kodigehalli Canara Bank Colony (Towards Kodigehalli),13.0715,77.57667,,nan
Kodigehalli Gate,nan,KDHG,31149,Kodigehalli Gate (Towards Sadaramangala),13.00363,77.7235,,nan
Kodigehalli Gate,nan,KDHG,33521,Kodigehalli Gate (Towards KR Puram),13.00357,77.72349,,nan
Kodigehalli Gate,nan,KDLGT,23527,Kodigehalli Gate (Towards Hebbala),13.05746,77.59282,,nan
Kodigehalli Gate,nan,KDLIGT,40033,Kodigehalli Gate (Towards Hoodi Railway Station),13.00348,77.72356,,nan
Kodigehalli Gate,nan,kdg2,23528,Kodigehalli Gate (Towards Yalahanka),13.05711,77.59323,,nan
Kodigehalli Gate,nan,kdg2,35129,Kodigehalli Gate (Towards Mekhri Circle),13.05732,77.59368,,nan
Kodihalli,nan,KDH3,31156,Kodihalli (Towards Jeevan Bheema Nagara),12.96857,77.64962,,nan
Kodihalli,nan,KDH4,22180,Kodihalli (Towards Halasuru),12.96851,77.64976,,nan
Kodihalli,nan,KDHL,22178,Kodihalli (Towards HAL),12.96,77.64758,,nan
Kodihalli,nan,KDHL,22179,Kodihalli (Towards Domlur),12.95997,77.64687,,nan
Kodihalli,nan,KDHLI1,33523,Kodihalli (Towards Bisanahalli),13.01806,77.81237,,nan
Kodihalli,nan,KDHLI11,20931,Kodihalli (Towards Madhure),13.18783,77.45405,,nan
Kodihalli,nan,KDHLI11,33522,Kodihalli (Towards Totagere Basavanna Temple),13.18798,77.45407,,nan
Kodihalli,nan,KDLY2,33525,Kodihalli (Towards Kodihalli Gate),12.92813,77.89844,,nan
Kodihalli,nan,KDLY5,33524,Kodihalli (Towards Hosakote),13.01802,77.81233,,nan
Kodihalli Gate,nan,KDHG1,33505,Kodihalli Gate (Towards Malur Main Road),12.92815,77.90748,,nan
Kodihalli Gate/Gollahallii Jn,nan,JOGHR,22112,Kodihalli Gate/Gollahallii Jn (Towards Uttarahalli),12.90772,77.48889,,nan
Kodihalli Gate/Gollahallii Jn,nan,JOGHR,22113,Kodihalli Gate/Gollahallii Jn (Towards Kengeri),12.90758,77.48887,,nan
Kodihalli Motaganahalli,nan,KDHM,39028,Kodihalli Motaganahalli (Towards Motaganahalli),13.02424,77.2978,,nan
Kodimanchanahalli Gate,nan,NERPY,31158,Kodimanchanahalli Gate (Towards Doddaballapura),13.2578,77.6989,,nan
Kodimanchanahalli Gate,nan,NERPY,33526,Kodimanchanahalli Gate (Towards Devanahalli),13.25781,77.69881,,nan
Kodipalya,nan,KDGRP,33529,Kodipalya (Towards Hesaraghatta),13.20971,77.45186,,nan
Kodipalya,nan,KDGRP,33530,Kodipalya (Towards Chikka Madhure),13.20968,77.45183,,nan
Kodipalya,nan,KDP1,33527,Kodipalya (Towards Makali),13.09612,77.44521,,nan
Kodipalya,nan,KDP1,33528,Kodipalya (Towards Mattahalli),13.09607,77.44516,,nan
Kodipalya,nan,KDPL1,20932,Kodipalya (Towards Kanasavadi),13.20974,77.45168,,nan
Kodipalya,nan,KDPL1,33531,Kodipalya (Towards Channadevi Agrahara),13.20978,77.45165,,nan
Kodipalya,nan,KDPL78,31167,Kodipalya (Towards Kengeri),12.90378,77.48781,,nan
Kodipalya,nan,KDPL78,33534,Kodipalya (Towards Sridhar Gudda),12.90381,77.48786,,nan
Kodipalya,nan,KDPLY,33532,Kodipalya (Towards Bannigiri),12.7505,77.44733,,nan
Kodipalya,nan,KDPLY,33533,Kodipalya (Towards B Hosuru),12.75076,77.44745,,nan
Kodipalya Cross T Begur,nan,KDPLCS,31169,Kodipalya Cross T Begur (Towards Kuluvanahalli),13.1624,77.29835,,nan
Kodiyala,nan,KDLUP,31171,Kodiyala (Towards Maralamma Doddy),12.78268,77.45278,,nan
Kodiyala,nan,KDLUP,33536,Kodiyala (Towards Anchipura Cross),12.78258,77.45284,,nan
Koduru,nan,KDR2,36765,Koduru (Towards Chudogondanahalli),12.9421,77.89357,,nan
Koduru,nan,KDR2,36766,Koduru (Towards Pura),12.94207,77.89354,,nan
Kogilu,nan,KGLU,22181,Kogilu (Towards Srinivasapura),13.10362,77.616,,nan
Kogilu,nan,KGLU,22182,Kogilu (Towards Yalahanka),13.10349,77.61623,,nan
Kogilu Cross,nan,KGLUCR1,22183,Kogilu Cross (Towards Maruthi Nagara),13.10362,77.60102,,nan
Kogilu Cross,nan,KGLUCR1,22184,Kogilu Cross (Towards Hebbala),13.10398,77.60084,,nan
Kogilu Cross,nan,KGLUCR1,22185,Kogilu Cross (Towards Yalahanka Santhe Circle),13.10356,77.60108,,nan
Kogilu Cross,nan,KGLUCR1,31172,Kogilu Cross (Towards Devanahalli),13.10386,77.60028,,nan
Kogilu Cross FLY,nan,KGLF2,39272,Kogilu Cross FLY (Towards Hebbala),13.10384,77.6006,,nan
Kogilu Cross FLY,nan,KGLF2,39273,Kogilu Cross FLY (Towards Kempegowda International Airport),13.10383,77.60039,,nan
Kohinoor Ground,nan,KOHGRD,20933,Kohinoor Ground (Towards Ramakrishna Ashrama),12.94732,77.56628,,nan
Kolathuru,nan,KLT1,33537,Kolathuru (Towards Solur),13.07539,77.82956,,nan
Kolathuru Gate,nan,KLTG1,33538,Kolathuru Gate (Towards Kolara),13.08501,77.82512,,nan
Kolathuru Gate,nan,KLTG1,33539,Kolathuru Gate (Towards Hosakote),13.08494,77.82519,,nan
Kolathuru Gate,nan,KTHGT1,31179,Kolathuru Gate (Towards Dandupalya),13.07484,77.82489,,nan
Kolathuru Gate,nan,KTRGT,33540,Kolathuru Gate (Towards Solur),13.07484,77.82501,,nan
Koli Farm,nan,KFR,22186,Koli Farm (Towards RK Hegde Nagara),13.07404,77.63376,,nan
Koli Farm,nan,KFR,22187,Koli Farm (Towards Noor Nagara),13.07394,77.63362,,nan
Koli Farm,nan,KFRM1,31183,Koli Farm (Towards Hosakote),13.03352,77.80276,,nan
Koli Farm,nan,KFRM1,33543,Koli Farm (Towards Kodihalli),13.0335,77.80284,,nan
Koli Farm,nan,KLMFM,33542,Koli Farm (Towards Nerige),12.9034,77.80087,,nan
Koli Farm,nan,KLMFM1,33541,Koli Farm (Towards Mugaluru),12.90335,77.80102,,nan
Koli Farm Gate,nan,KFHGT,33544,Koli Farm Gate (Towards KMF),13.17195,77.50281,,nan
Koli Farm Gate,nan,KFHGT,33545,Koli Farm Gate (Towards Hesaraghatta TB Cross),13.17195,77.50284,,nan
Koli Farm Gate,nan,KLFGT,35093,Koli Farm Gate (Towards Bannerughatta National Park),12.84145,77.58859,,nan
Koli Farm Gate,nan,KLFGT,35133,Koli Farm Gate (Towards Basavanapura Gate),12.84146,77.58845,,nan
Koli Farm Gate,nan,KLFGT,35134,Koli Farm Gate (Towards CK Palya),12.84174,77.58863,,nan
Koli Farm Gate,nan,KLFGT,35245,Koli Farm Gate (Towards Bannerughatta Road),12.84171,77.58866,,nan
Kolipura,nan,KLPR1,33547,Kolipura (Towards Vidya Nagara),13.1694,77.65723,,nan
Kolipura,nan,KOUHL,31189,Kolipura (Towards Meesaganahalli),13.16948,77.65717,,nan
Kolliganahalli,nan,KLGNH,31191,Kolliganahalli (Towards Yarehalli),12.71083,77.40702,,nan
Kolliganahalli,nan,KLGNH,33548,Kolliganahalli (Towards M Gopahalli),12.71075,77.40694,,nan
Koluru,nan,KLR3,31193,Koluru (Towards Byalalu),12.89151,77.41336,,nan
Koluru,nan,KLR3,33549,Koluru (Towards Subbarayanapalya Cross),12.89119,77.41301,,nan
Koluvarayanahalli,nan,KLVRH1,31195,Koluvarayanahalli (Towards Seethakempanahalli),13.16498,77.52176,,nan
Koluvarayanahalli,nan,KLVRH1,33550,Koluvarayanahalli (Towards Siganayakanahalli Gate),13.16501,77.52179,,nan
Kommaghatta,nan,KMGT2,31197,Kommaghatta (Towards Tavarakere),12.92994,77.46513,,nan
Kommaghatta,nan,KMGT2,33551,Kommaghatta (Towards Kengeri),12.93007,77.46502,,nan
Kommaghatta BDA Apartment,nan,KMGBDAA,39414,Kommaghatta BDA Apartment (Towards Last Stop),12.91497,77.46214,,nan
Kommaghatta Junction,nan,JOKMGT,20882,Kommaghatta Junction (Towards Shirke),12.91444,77.48144,,nan
Kommaghatta Junction,nan,JOKMGT,20883,Kommaghatta Junction (Towards Kengeri),12.91444,77.48149,,nan
Kommasandra,nan,HSDR,31199,Kommasandra (Towards Kommasandra),12.86141,77.74421,,nan
Kommasandra,nan,HSDR,33552,Kommasandra (Towards Dommasandra),12.86132,77.74405,,nan
Kommasandra Gate,nan,KOMS,33303,Kommasandra Gate (Towards Harohalli Gate),12.87093,77.73389,,nan
Kommasandra Gate,nan,KOMS,33304,Kommasandra Gate (Towards Chokkasandra Cross),12.87093,77.73381,,nan
Konanakunte,nan,KNB1,22188,Konanakunte (Towards Anjanapura),12.88617,77.56658,,nan
Konanakunte,nan,KNB1,22189,Konanakunte (Towards Konanakunte Cross),12.88614,77.56654,,nan
Konanakunte Cross,nan,KKC,22190,Konanakunte Cross (Towards Kaggalipura),12.89053,77.56459,,nan
Konanakunte Cross,nan,KKC,22191,Konanakunte Cross (Towards Banashankari),12.89125,77.56514,,nan
Konanakunte Cross,nan,KKC,33557,Konanakunte Cross (Towards Uttarahalli),12.89024,77.56402,,nan
Konanakunte Cross,nan,KKC,35993,Konanakunte Cross (Towards Anjanapura),12.88948,77.56369,,nan
Konanakunte Cross,nan,KKC1,35374,Konanakunte Cross (Towards Talaghattapura),12.88937,77.56356,,nan
Konanakunte Cross,nan,KKC1,39690,Konanakunte Cross (Towards Electronic City),12.88991,77.56392,,nan
Konanakunte Cross Metro Station,nan,KKCMS,38358,Konanakunte Cross Metro Station (Towards Kaggalipura),12.88907,77.56306,,nan
Konanakunte Cross Metro Station,nan,KKCMS,38359,Konanakunte Cross Metro Station (Towards Banashankari),12.8889,77.56257,,nan
Konanakunte Reliance Fresh,nan,KKRF,33558,Konanakunte Reliance Fresh (Towards Konanakunte Cross),12.88294,77.56606,,nan
Konanakunte Reliance Fresh,nan,KKRF1,31346,Konanakunte Reliance Fresh (Towards Anjanapura),12.883,77.56614,,nan
Konappana Agarhara,nan,KNA1,20934,Konappana Agarhara (Towards Infosys),12.85577,77.66411,,nan
Konappana Agarhara (Electronic City Metro Station),nan,KNPA,20935,Konappana Agarhara (Electronic City Metro Station) (Towards Central Silk Board),12.85612,77.664,,nan
Konappana Agarhara (Electronic City Metro Station),nan,KNPA,22192,Konappana Agarhara (Electronic City Metro Station) (Towards Electronic City),12.85611,77.66454,,nan
Konappana Agarhara Flyover,nan,KNPA,35380,Konappana Agarhara Flyover (Towards Attibele),12.85563,77.6648,,nan
Konappana Agrahara,nan,KNPA,35791,Konappana Agrahara (Towards Electronic City),12.85612,77.66442,,nan
Konappana Agrahara Flyover,nan,KNPA,35792,Konappana Agrahara Flyover (Towards Bommanahalli),12.85288,77.66676,,nan
Konasandra,nan,KNS11,33560,Konasandra (Towards Konasandra),12.76209,77.63461,,nan
Konasandra,nan,KSNDR,31213,Konasandra (Towards Karabele),12.88955,77.48572,,nan
Konasandra,nan,KSNDR,33561,Konasandra (Towards Kengeri),12.88952,77.48568,,nan
Konasandra Cross,nan,KNSBS,33562,Konasandra Cross (Towards OTIS Circle),12.76424,77.63555,,nan
Konasandra Cross,nan,KNSBS,33563,Konasandra Cross (Towards Dyavasandra Cross),12.76432,77.63555,,nan
Konasandra Cross,nan,KNSC3,31217,Konasandra Cross (Towards Kengeri),12.89234,77.48632,,nan
Konasandra Cross,nan,KNSC3,33564,Konasandra Cross (Towards Gattigerepalya),12.8924,77.48637,,nan
Konasandra Gate,nan,KSD2,31219,Konasandra Gate (Towards Thattekere),12.67211,77.51769,,nan
Konasandra Gate,nan,KSD2,33565,Konasandra Gate (Towards Dyavasandra),12.67196,77.51759,,nan
Kondappanahalli,nan,KPH1,31221,Kondappanahalli (Towards Byregowdanahalli),13.06388,77.38146,,nan
Kondashettyhalli,nan,KSH1,31223,Kondashettyhalli (Towards Kurubarahalli Cross),13.1264,77.514,,nan
Kondashettyhalli,nan,KSH1,33567,Kondashettyhalli (Towards Raghavendra Dhama),13.12655,77.51418,,nan
Kondenahalli,nan,KODHLI,31225,Kondenahalli (Towards Kondenahalli Gate),13.15519,77.73712,,nan
Kondenahalli,nan,KODHLI,33568,Kondenahalli (Towards Kaggalahalli),13.15524,77.73733,,nan
Kondenahalli Gate,nan,DHG-3,28389,Kondenahalli Gate (Towards Budigere),13.15551,77.7301,,nan
Kondenahalli Gate,nan,KDHG-2,33624,Kondenahalli Gate (Towards Devanahalli),13.15552,77.7299,,nan
Konena Agrahara,nan,KNNAG,22193,Konena Agrahara (Towards HAL),12.95914,77.65962,,nan
Konena Agrahara,nan,KNNAG,22194,Konena Agrahara (Towards Kempegowda Bus Station),12.95902,77.65946,,nan
Koodasiddanapalya,nan,KSDNPL,31312,Koodasiddanapalya (Towards Magadi Road),12.93285,77.37164,,nan
Koodasiddanapalya,nan,KSDNPL,33606,Koodasiddanapalya (Towards Chandrappa Circle),12.93286,77.37169,,nan
Koppa,nan,KOPP,24148,Koppa (Towards Koppa Gate),12.80449,77.62654,,nan
Koppa,nan,KOPP,24335,Koppa (Towards Koppa),12.8044,77.62647,,nan
Koppa Gate,nan,KOPG,24081,Koppa Gate (Towards Jigani),12.79639,77.61621,,nan
Koppa Gate,nan,KOPG,24229,Koppa Gate (Towards Bannerughatta Circle),12.79639,77.61586,,nan
Koppa Gate,nan,KOPG,24334,Koppa Gate (Towards Koppa),12.79644,77.61614,,nan
Koraluru,nan,KLR,31228,Koraluru (Towards Thirumashettyhalli),12.9979,77.7842,,nan
Koraluru,nan,KLR,33569,Koraluru (Towards Hosakote),12.99789,77.78411,,nan
Koraluru Railway Gate,nan,KLR1,31230,Koraluru Railway Gate (Towards Thirumashettyhalli),12.99608,77.78371,,nan
Koraluru Railway Gate,nan,KLR1,33570,Koraluru Railway Gate (Towards Hosakote),12.99608,77.78364,,nan
Koramangala,nan,KRMDVH,31234,Koramangala (Towards Avathi),13.29194,77.75104,,nan
Koramangala,nan,KRMDVH,33573,Koramangala (Towards Dodda Thathamangala),13.29201,77.75104,,nan
Koramangala 1st Block,nan,KRM1B,23894,Koramangala 1st Block (Towards Sarjapura),12.92501,77.63448,,nan
Koramangala 1st Block,nan,KRM1B1,22892,Koramangala 1st Block (Towards Bengaluru Dairy Circle),12.9249,77.63458,,nan
Koramangala Bus Station,nan,KRMDTMC,31235,Koramangala Bus Station (Towards Departure),12.94087,77.62502,,nan
Koramangala Bus Station,nan,KRMDTMC,35267,Koramangala Bus Station (Towards Koramangala Water Tank),12.94072,77.6247,,nan
Koramangala Bus Station,nan,KRMDTTMC,35100,Koramangala Bus Station (Towards Passport Office),12.9405,77.62479,,nan
Koramangala Kalyana Mantapa,nan,KKMP,23595,Koramangala Kalyana Mantapa (Towards Forum Mall),12.93724,77.61849,,nan
Koramangala Police Station,nan,KRMPS3,23594,Koramangala Police Station (Towards Forum Mall),12.94172,77.62179,,nan
Koramangala Police Station,nan,KRMPS3,24073,Koramangala Police Station (Towards Koramangala Bus Stand),12.94167,77.62151,,nan
Koramangala Water Tank,nan,KRMW1,22617,Koramangala Water Tank (Towards Koramangala Canara bank),12.92834,77.62122,,nan
Koramangala Water Tank,nan,KRMW1,23383,Koramangala Water Tank (Towards Dairy Circle),12.92754,77.62067,,nan
Koramangala Water Tank,nan,KRMWTNK,21275,Koramangala Water Tank (Towards Sarjapura),12.92749,77.62124,,nan
Koramangala Water Tank,nan,KROWT,22616,Koramangala Water Tank (Towards Koramangala Kendriya Sadana),12.92789,77.62123,,nan
Koratagere Doddy,nan,KRTD1,24309,Koratagere Doddy (Towards Shivanahalli),12.72935,77.57047,,nan
Koratagere Doddy,nan,KRTD1,31236,Koratagere Doddy (Towards Ragihalli),12.72938,77.57039,,nan
KoratagereDoddy Bannerughatta,nan,KRTGR,31238,KoratagereDoddy Bannerughatta (Towards Ragihalli),12.73267,77.5832,,nan
KoratagereDoddy Bannerughatta,nan,KRTGR,33574,KoratagereDoddy Bannerughatta (Towards Koratagere Doddy Bannerughatta),12.73271,77.58317,,nan
Koshys Hospital Kalkere,nan,KHP-1,31242,Koshys Hospital Kalkere (Towards B Channasandra),13.02067,77.67701,,nan
Koshys Hospital Kalkere,nan,KHP-1,33576,Koshys Hospital Kalkere (Towards TC Palya),13.02077,77.67708,,nan
Kotalammana Devasthana,nan,ktmrd,31244,Kotalammana Devasthana (Towards Devanahalli),13.31899,77.69459,,nan
Kotalammana Devasthana,nan,ktmrd,33577,Kotalammana Devasthana (Towards Nandi),13.31922,77.69423,,nan
Kothaganahalli,nan,KGNH,33578,Kothaganahalli (Towards Kothaganahalli),13.01189,77.28453,,nan
Kothanur Dinne Water Tank,nan,WTK1,23457,Kothanur Dinne Water Tank (Towards Jambu Savari dinne),12.87455,77.58419,,nan
Kothanur Dinne Water Tank,nan,WTK1,23469,Kothanur Dinne Water Tank (Towards Puttenahalli),12.87444,77.58413,,nan
Kothanuru,nan,KOTNR,22195,Kothanuru (Towards Bagaluru),13.06181,77.64891,,nan
Kothanuru,nan,KOTNR,22196,Kothanuru (Towards Hennur),13.06182,77.64893,,nan
Kothanuru Dinne Ganesha Temple,nan,KDGT1,23456,Kothanuru Dinne Ganesha Temple (Towards Jambu Savari Dinne),12.87711,77.58399,,nan
Kothanuru Dinne Ganesha Temple,nan,KDGT1,23470,Kothanuru Dinne Ganesha Temple (Towards Puttenahalli),12.87705,77.58395,,nan
Kothanuru Hari Nagara,nan,KTNH,31248,Kothanuru Hari Nagara (Towards Kothanuru Dinne),12.87655,77.5772,,nan
Kothanuru Hari Nagara,nan,KTNH,33579,Kothanuru Hari Nagara (Towards Chunchagatta),12.87651,77.57716,,nan
Kotiganahalli,nan,KOTGN,31250,Kotiganahalli (Towards Sarjapura),12.83635,77.76852,,nan
Kotiganahalli,nan,KOTGN,33580,Kotiganahalli (Towards Bikkanahalli),12.83638,77.76865,,nan
Kottanayakana halli,nan,KTN,31251,Kottanayakana halli (Towards Bommasandra),12.81302,77.68262,,nan
Kottigepalya,nan,KTP,20936,Kottigepalya (Towards Kamakshipalya),12.98786,77.51405,,nan
Kottigepalya,nan,KTP,20937,Kottigepalya (Towards Sunkadakatte),12.98787,77.51509,,nan
Kotur,nan,KTR5,35292,Kotur (Towards Mustsandra/Harohalli),12.94529,77.78265,,nan
Kotur Gate,nan,KTRGTR,24205,Kotur Gate (Towards Muthsandra),12.94773,77.77562,,nan
Kotur Gate,nan,KTRGTR,24207,Kotur Gate (Towards Varthuru),12.94769,77.77561,,nan
Koyira,nan,KRIL,31254,Koyira (Towards Meesaganahalli),13.30346,77.64107,,nan
Koyira,nan,KRIL,33581,Koyira (Towards Chapparadakallu),13.3035,77.64116,,nan
Kranthiveera Sangolli Rayanna Railway Station,nan,KSRSTNGT3,23446,Kranthiveera Sangolli Rayanna Railway Station (Towards Departure),12.97849,77.56986,,nan
Krishna Garden BHEL Layout,nan,KGHLA,31264,Krishna Garden BHEL Layout (Towards Omkar Hills),12.91309,77.50703,,nan
Krishna Garden BHEL Layout,nan,KGHLA,33584,Krishna Garden BHEL Layout (Towards BHEL Layout),12.9131,77.507,,nan
Krishnananda Nagara,nan,KRNGR1,31269,Krishnananda Nagara (Towards Jai Bhuvaneshwari Nagara),13.01849,77.53968,,nan
Krishnananda Nagara,nan,KRNGR1,33587,Krishnananda Nagara (Towards Kanteerava Studio),13.01856,77.53963,,nan
Krishnananda Nagara,nan,KRSNGR1,33585,Krishnananda Nagara (Towards Goraguntepalya Ring Road),13.01816,77.54127,,nan
Krishnananda Nagara,nan,KRSNGR1,33586,Krishnananda Nagara (Towards Mahalakshmi Layout),13.01822,77.54127,,nan
Krishnasagara,nan,KRISHS,33589,Krishnasagara (Towards Katriguppe),12.93204,77.55573,,nan
Krishnasagara,nan,KRISHS,33590,Krishnasagara (Towards Vidyapeeta Circle),12.932,77.55565,,nan
Krishnasagara,nan,KRS,31273,Krishnasagara (Towards Tavarakere),12.93605,77.42872,,nan
Krishnasagara,nan,KRS,33588,Krishnasagara (Towards Kommaghatta),12.93612,77.42869,,nan
Krishnasagara,nan,KRSGH,39396,Krishnasagara (Towards Last Stop),12.78015,77.74776,,nan
Krishnayyana Doddy,nan,KHBS1,31275,Krishnayyana Doddy (Towards Muthurayaswamy Doddy),12.75264,77.61167,,nan
Krishnayyana Doddy,nan,KHBS1,33591,Krishnayyana Doddy (Towards Mahanthalingapura),12.75264,77.61165,,nan
Krishnayyana Palya NGEF,nan,KRYP,31277,Krishnayyana Palya NGEF (Towards NGEF),12.99191,77.65161,,nan
Krishnayyana Palya NGEF,nan,KRYP,33592,Krishnayyana Palya NGEF (Towards Benniganahalli),12.99182,77.65184,,nan
Krishnayyana Palya NGEF,nan,NGEEF,38698,Krishnayyana Palya NGEF (Towards Krishnayyana Palya),12.99212,77.65163,,nan
Kristu Jayanti College,nan,KJC,31279,Kristu Jayanti College (Towards Geddalahalli),13.05855,77.6431,,nan
Kristu Jayanti College,nan,KJC,33593,Kristu Jayanti College (Towards K Narayanapura),13.05877,77.64293,,nan
Krupanidhi College,nan,KRPNC,20947,Krupanidhi College (Towards Madivala),12.92388,77.62852,,nan
Krupanidhi College Gunjur Road,nan,KPNDCG,38768,Krupanidhi College Gunjur Road (Towards Gunjuru),12.91556,77.72356,,nan
Krupanidhi College Gunjur Road,nan,KPNDCG,38769,Krupanidhi College Gunjur Road (Towards Chikka Bellandur),12.91559,77.72346,,nan
Kudiyanuru,nan,nan,40340,Kudiyanuru (Towards Last Stop),12.94443,77.95709,,nan
Kudlu,nan,KDL2,31294,Kudlu (Towards Parappana Aghahara),12.88951,77.65505,,nan
Kudlu,nan,KDL2,33599,Kudlu (Towards Kudlu Gate),12.88955,77.6552,,nan
Kudlu,nan,KDL2,40480,Kudlu (Towards Hosa Road),12.88965,77.65656,,nan
Kudlu,nan,KDL2,40481,Kudlu (Towards Haraluru),12.88966,77.65649,,nan
Kudlu Gate,nan,KDG,20950,Kudlu Gate (Towards Singasandara),12.88985,77.63969,,nan
Kudlu Gate,nan,KDG,20951,Kudlu Gate (Towards Madivala),12.88977,77.63918,,nan
Kudlu Gate,nan,KGATE,31295,Kudlu Gate (Towards Electronic City),12.88931,77.64046,,nan
Kudlu Gate,nan,KGATE,36697,Kudlu Gate (Towards Kudlu),12.88939,77.64028,,nan
Kudlu Gate Flyover,nan,KDG,35797,Kudlu Gate Flyover (Towards Electronic City),12.8898,77.63955,,nan
Kudlu Gate Flyover,nan,KDG,35798,Kudlu Gate Flyover (Towards Bommanahalli),12.88976,77.63945,,nan
Kudlu Panchayath Office,nan,KDLPVLA1,34816,Kudlu Panchayath Office (Towards Kudlu Gate),12.88965,77.64904,,nan
Kudlu Panchayath Office,nan,KDLPVLA1,35381,Kudlu Panchayath Office (Towards Kudlu Village),12.88973,77.64895,,nan
Kudlu Slum Board,nan,KDL2,36696,Kudlu Slum Board (Towards Last Stop),12.88957,77.65635,,nan
Kudure Mukha Colony,nan,KMHC,20952,Kudure Mukha Colony (Towards Sarjapura),12.92572,77.6254,,nan
Kudure Mukha Colony,nan,KMHC,23333,Kudure Mukha Colony (Towards Dairy Circle),12.92553,77.62563,,nan
Kuduregere Colony,nan,KDGRG,31302,Kuduregere Colony (Towards Tarahunase),13.18741,77.60882,,nan
Kuduregere Cross,nan,KDCS,31304,Kuduregere Cross (Towards Gurukula School Tarahunise),13.16722,77.60575,,nan
Kuduregere Gate,nan,KDRCLY,38157,Kuduregere Gate (Towards Kundana),13.18972,77.60057,,nan
Kuduregere Gate,nan,KDRCLY,38158,Kuduregere Gate (Towards M V I T Collage),13.18973,77.60059,,nan
Kuduregere Madanayakanahalli,nan,KDGR,33604,Kuduregere Madanayakanahalli (Towards Thotada Guddadahalli),13.07595,77.47259,,nan
Kuduregere Madanayakanahalli,nan,KDGR1,31308,Kuduregere Madanayakanahalli (Towards Kuduregere Madanayakanahalli),13.07586,77.47248,,nan
Kudurugere Colony,nan,KDGC1,33605,Kudurugere Colony (Towards Thotada Guddadahalli),13.0682,77.47608,,nan
Kudurugere Colony,nan,KDGRC,31310,Kudurugere Colony (Towards Kuduregere),13.06818,77.4761,,nan
Kuguru,nan,KGR6,31314,Kuguru (Towards Varthuru),12.9091,77.80962,,nan
Kuguru,nan,KGR6,33607,Kuguru (Towards Mugaluru),12.9092,77.80969,,nan
Kuguru Gate,nan,KUGGT1,31316,Kuguru Gate (Towards Nerige),12.89968,77.80841,,nan
Kuguru Gate,nan,KUGGT1,33608,Kuguru Gate (Towards Mugaluru),12.89974,77.8084,,nan
Kukkanahalli Cross,nan,KKCRS1,39830,Kukkanahalli Cross (Towards Thotagere Basavanna Temple),13.14651,77.45065,,nan
Kukkanahalli Cross,nan,KKCRS1,39831,Kukkanahalli Cross (Towards Nruthyagrama),13.14643,77.45058,,nan
Kullappa Circle,nan,KLPCR1,22210,Kullappa Circle (Towards Banasawadi),13.01403,77.63935,,nan
Kullegowdanapalya,nan,KLGWDPL,31318,Kullegowdanapalya (Towards Srinivasapura),12.84672,77.44698,,nan
Kullegowdanapalya 1,nan,KLGWDPL,31387,Kullegowdanapalya 1 (Towards Srinivasapura),12.84667,77.44701,,nan
Kullegowdanapalya Cross,nan,KGPC,31320,Kullegowdanapalya Cross (Towards Gollahalli),12.84991,77.44863,,nan
Kullegowdanapalya Cross,nan,KGPC,33609,Kullegowdanapalya Cross (Towards Kenchanapalya),12.84985,77.44866,,nan
Kulume Kempanahalli,nan,KKH2,31322,Kulume Kempanahalli (Towards Kondappanahalli),13.04782,77.37255,,nan
Kulumepalya,nan,KLMP,31324,Kulumepalya (Towards Amruth Nagara),12.8326,77.55301,,nan
Kulumepalya,nan,KLMP,33611,Kulumepalya (Towards Byatarayana Doddy),12.83263,77.55304,,nan
Kuluvanahalli Tumakur Road,nan,KLVH,31326,Kuluvanahalli Tumakur Road (Towards T Beguru),13.17583,77.29908,,nan
Kuluvanahalli Tumakur Road,nan,KLVH,33612,Kuluvanahalli Tumakur Road (Towards Dabaspet Arebommanahalli),13.17569,77.29907,,nan
Kumaraswamy Layout,nan,KML0,22211,Kumaraswamy Layout (Towards ISRO Layout),12.90313,77.56165,,nan
Kumaraswamy Layout,nan,KML0,22212,Kumaraswamy Layout (Towards Banashankari Bus Station),12.90299,77.56156,,nan
Kumaraswamy Layout 2nd Stage,nan,KML 2 C,38355,Kumaraswamy Layout 2nd Stage (Towards Last Stop),12.90584,77.55814,,nan
Kumaraswamy Layout Police Station,nan,KMRSPN,22213,Kumaraswamy Layout Police Station (Towards Kumaraswamy Layout),12.9053,77.56274,,nan
Kumaraswamy Layout Police Station,nan,KMRSPN,22214,Kumaraswamy Layout Police Station (Towards Banashankari bus station),12.90514,77.56264,,nan
Kumaraswamy Layout West,nan,KMRWM,31330,Kumaraswamy Layout West (Towards Kumaraswamy Layout West),12.90336,77.55475,,nan
Kumbalagodu,nan,KBG0,20954,Kumbalagodu (Towards Kengeri),12.87861,77.44539,,nan
Kumbalagodu,nan,KBG0,35432,Kumbalagodu (Towards Bidadi),12.87826,77.4455,,nan
Kumbalagunte Cross,nan,KBG,31334,Kumbalagunte Cross (Towards Byatha),13.20124,77.45822,,nan
Kumbalagunte Cross,nan,KBG,33616,Kumbalagunte Cross (Towards Kodipalya),13.20118,77.45816,,nan
Kumbalahalli,nan,KMB,31336,Kumbalahalli (Towards Hosakote),13.09182,77.79373,,nan
Kumbalahalli,nan,KMB,33617,Kumbalahalli (Towards Sonadanahalli),13.09187,77.79366,,nan
Kumbara Doddy,nan,KMBD,31339,Kumbara Doddy (Towards Sugganahalli),12.79431,77.31781,,nan
Kumbara Doddy,nan,KMBD,38484,Kumbara Doddy (Towards Yale Doddy),12.79432,77.31782,,nan
Kumbarahalli,nan,KMBRH1,31341,Kumbarahalli (Towards Kumbarahalli),13.10509,77.49165,,nan
Kumbarahalli Cross,nan,KMBRH2,33620,Kumbarahalli Cross (Towards Siluvepura),13.10666,77.49016,,nan
Kumbarahalli Cross,nan,KMBRH2,33622,Kumbarahalli Cross (Towards Soladevanahalli),13.10664,77.49019,,nan
Kumbarahalli Cross,nan,KMBRHC,31344,Kumbarahalli Cross (Towards Kumbarahalli),13.09669,77.49397,,nan
Kumbarahalli Cross,nan,KMBRHC1,31388,Kumbarahalli Cross (Towards Kempapura),13.09677,77.49398,,nan
Kumbaranahalli,nan,KMBRL,24090,Kumbaranahalli (Towards Indlawadi Cross),12.74789,77.6605,,nan
Kumbaranahalli,nan,KMBRL,24219,Kumbaranahalli (Towards Haragadde),12.7476,77.66058,,nan
Kundalahalli,nan,KUDLI,20955,Kundalahalli (Towards Kundalahalli Gate),12.95815,77.71571,,nan
Kundalahalli,nan,KUDLI,20956,Kundalahalli (Towards ITPL),12.95832,77.71566,,nan
Kundalahalli Colony,nan,KUNDC,20957,Kundalahalli Colony (Towards Kundalahalli Gate),12.97052,77.71245,,nan
Kundalahalli Colony,nan,KUNDC,20958,Kundalahalli Colony (Towards ITPL),12.97022,77.71248,,nan
Kundalahalli Gate,nan,KDLGTE,20959,Kundalahalli Gate (Towards Marathahalli Bridge),12.95592,77.71378,,nan
Kundalahalli Gate,nan,KDLGTE,20960,Kundalahalli Gate (Towards ITPL),12.95674,77.71499,,nan
Kundalahalli Gate,nan,KDLGTE,22215,Kundalahalli Gate (Towards Varthuru),12.95593,77.71574,,nan
Kundalahalli Metro Station,nan,KDLHMS1,38798,Kundalahalli Metro Station (Towards ITPL),12.97753,77.71632,,nan
Kundalahalli Metro Station,nan,KDLHMS1,38799,Kundalahalli Metro Station (Towards Kundalahalli Gate),12.97737,77.71639,,nan
Kundalapura,nan,KNDLPR1,28391,Kundalapura (Towards Uddandahalli),12.8951,77.41532,,nan
Kundalapura,nan,KNDLPR1,33625,Kundalapura (Towards Anchepalya),12.89514,77.41533,,nan
Kundana,nan,KNUD1,28393,Kundana (Towards Sadahalli),13.25735,77.62824,,nan
Kundana,nan,KNUD1,33626,Kundana (Towards Kundana Circle),13.25728,77.6283,,nan
Kundana Circle,nan,KNDCR1,28395,Kundana Circle (Towards Chapparadakallu),13.25708,77.61703,,nan
Kundana Circle,nan,KNDCR1,33627,Kundana Circle (Towards Kundana),13.25708,77.61712,,nan
Kundana Cross,nan,KDNCR1,28397,Kundana Cross (Towards Sadahalli),13.25471,77.64991,,nan
Kundana Cross,nan,Kndcr,33628,Kundana Cross (Towards Kundana),13.25476,77.64965,,nan
Kuppa SiddanaDoddy,nan,KUPSD,28402,Kuppa SiddanaDoddy (Towards Yalammana Doddy),12.72296,77.59776,,nan
Kuppa SiddanaDoddy,nan,KUPSD,33630,Kuppa SiddanaDoddy (Towards Tattigere),12.72294,77.5979,,nan
Kuppareddy Kere,nan,KREK,22216,Kuppareddy Kere (Towards Kaggalipura),12.84268,77.51789,,nan
Kuppareddy Kere,nan,KREK,22217,Kuppareddy Kere (Towards Banashankari bus station),12.84267,77.5177,,nan
Kuppemala,nan,KPML,28404,Kuppemala (Towards Nelamangala),13.10573,77.29972,,nan
Kuppemala,nan,KPML,33631,Kuppemala (Towards Ennigere),13.10568,77.2997,,nan
Kurubara Karenahalli,nan,KKH,28410,Kurubara Karenahalli (Towards Kurubara Karenahalli),12.85448,77.38327,,nan
Kurubara Karenahalli,nan,KKH,33634,Kurubara Karenahalli (Towards Jadenahalli),12.85443,77.38332,,nan
Kurubarahalli,nan,KRBRHL,33636,Kurubarahalli (Towards Cavery Nagara),13.00084,77.53588,,nan
Kurubarahalli,nan,KRBRHLL,33635,Kurubarahalli (Towards Shankar Mutt),13.00085,77.53586,,nan
Kurubarahalli,nan,KUBH,28414,Kurubarahalli (Towards Hosakote),13.10224,77.79782,,nan
Kurubarahalli,nan,KUBH,33637,Kurubarahalli (Towards Kambalipura),13.1022,77.79773,,nan
Kurubarahalli Cross,nan,KBHC1,28417,Kurubarahalli Cross (Towards Dodda Byalakere),13.1267,77.51961,,nan
Kurubarahalli Cross,nan,KBHC1,33638,Kurubarahalli Cross (Towards MS Palya),13.12676,77.51959,,nan
Kurubarahalli Cross,nan,KBHC1,33639,Kurubarahalli Cross (Towards Shivakote),13.12672,77.51956,,nan
Kurubarakunte Cross (Narsari),nan,YLRGT2,22826,Kurubarakunte Cross (Narsari) (Towards Devanahalli),13.26681,77.74152,,nan
Kurubarakunte Cross (Narsari),nan,YLRGT2,22827,Kurubarakunte Cross (Narsari) (Towards Vijayapura),13.26679,77.74136,,nan
Kurubarapalya,nan,KRDP0,28419,Kurubarapalya (Towards Sulivara),12.91143,77.36276,,nan
Kurubarapalya,nan,KRDP0,33640,Kurubarapalya (Towards Chandrappa Circle),12.9114,77.36269,,nan
Kurubarapalya Cross,nan,KRBRPC,28421,Kurubarapalya Cross (Towards Huluvenahalli Gate),12.91392,77.36736,,nan
Kurubarapalya Cross,nan,KRBRPC,33641,Kurubarapalya Cross (Towards Chandrappa Circle),12.91395,77.36738,,nan
Kurudu Sonnenahalli,nan,KSH,33642,Kurudu Sonnenahalli (Towards KR Puram),13.014,77.73233,,nan
Kurudu Sonnenahalli,nan,KSH-1,28423,Kurudu Sonnenahalli (Towards Kadugodi Bus Station),13.0141,77.73228,,nan
Kurudu Sonnenahalli Cross,nan,KDSC2,38672,Kurudu Sonnenahalli Cross (Towards Kurudu Sonnenahalli),13.02057,77.72096,,nan
Kurudu Sonnenahalli Cross,nan,KDSC2,38673,Kurudu Sonnenahalli Cross (Towards Medahalli),13.02057,77.72094,,nan
Kutaganahalli Cross,nan,KTHCR4,24028,Kutaganahalli Cross (Towards Sarjapura),12.89751,77.79052,,nan
Kutaganahalli Cross,nan,KTHCR4,24033,Kutaganahalli Cross (Towards Kamanahalli Gate),12.89752,77.79048,,nan
Kuthaganahalli,nan,KTGNLI,24030,Kuthaganahalli (Towards Mugaluru),12.88893,77.80201,,nan
Kuthaganahalli,nan,KTGNLI,24031,Kuthaganahalli (Towards Nerige),12.88902,77.80211,,nan
Kuvempu Circle,nan,KVMC,33643,Kuvempu Circle (Towards RR Gate),12.90994,77.521,,nan
Kuvempu Circle,nan,KVMC,33644,Kuvempu Circle (Towards Ganakal),12.90995,77.52104,,nan
Kuvempu Circle,nan,KVPC1,28426,Kuvempu Circle (Towards Devasandra Chikkamaranahalli),13.04337,77.56138,,nan
Kuvempu Circle,nan,KVPC1,31389,Kuvempu Circle (Towards BEL Circle 1),13.04319,77.56131,,nan
Kuvempu Circle,nan,KVPCR1,20961,Kuvempu Circle (Towards Hebbala),13.04465,77.56263,,nan
Kuvempu Circle,nan,KVPCR1,20962,Kuvempu Circle (Towards BEL Circle),13.04457,77.56281,,nan
Kuvempunagara,nan,KVMP,28428,Kuvempunagara (Towards Gangamma Circle),13.0695,77.54144,,nan
Kuvempunagara,nan,KVMP,33645,Kuvempunagara (Towards MS Palya),13.0696,77.54138,,nan
Kuvempunagara,nan,KVMPNG1,35825,Kuvempunagara (Towards Doddypalya),12.86789,77.47872,,nan
Kuvempunagara,nan,KVMPNG1,35826,Kuvempunagara (Towards Kengeri),12.86788,77.47862,,nan
Kuvempunagara ( BTM Layout),nan,BMTLYTK,20687,Kuvempunagara ( BTM Layout) (Towards  Central Silk Board),12.91643,77.6159,,nan
Kuvempunagara 2nd stage,nan,KMPNG2S,29402,Kuvempunagara 2nd stage (Towards MS Palya),13.07313,77.54132,,nan
Kuvempunagara 2nd stage,nan,KMPNG2S,35591,Kuvempunagara 2nd stage (Towards Gangamma Circle),13.07306,77.54142,,nan
Kuvempunagara Bus Station(BTM Layout),nan,BMTLYTK,20686,Kuvempunagara Bus Station(BTM Layout) (Towards Banashankari Bus Station),12.91597,77.61623,,nan
Kuvempunagara Bus station (BTM Layout),nan,BTML,35932,Kuvempunagara Bus station (BTM Layout) (Towards Last Stop),12.91608,77.61575,,nan
Kyalasanahalli,nan,KLSH,28432,Kyalasanahalli (Towards Byrathi Cross),13.05642,77.66027,,nan
Kyalasanahalli,nan,KLSH,33646,Kyalasanahalli (Towards Bileshivale),13.05638,77.66021,,nan
Kyalasanahalli,nan,KLYSN,35234,Kyalasanahalli (Towards Vabasandra),12.80094,77.65267,,nan
Kyalasanahalli Cross,nan,KLSNCRS,28434,Kyalasanahalli Cross (Towards Kyalasanahalli),12.80304,77.65165,,nan
Kyalasanahalli Cross,nan,KLSNCRS,33647,Kyalasanahalli Cross (Towards Vabasandra),12.80314,77.65148,,nan
Kyathsandra Bus Stand,nan,KYTSBS1,40396,Kyathsandra Bus Stand (Towards Tumakuru),13.31438,77.14558,,nan
Kyathsandra Bus Stand,nan,KYTSBS1,40397,Kyathsandra Bus Stand (Towards Dabaspete),13.31447,77.14572,,nan
L and T Factory Doddaballapura,nan,LFD,33648,L and T Factory Doddaballapura (Towards Doddaballapura),13.29211,77.57003,,nan
L and T Factory Doddaballapura,nan,LFD1,28436,L and T Factory Doddaballapura (Towards Devanahalli),13.29225,77.56981,,nan
LAKE VIEW appartment near beedi colony,nan,LVP BKC,38985,LAKE VIEW appartment near beedi colony (Towards Last Stop),12.92189,77.47585,,nan
LG Godown,nan,LGGOWD,28523,LG Godown (Towards RR Temple),12.91715,77.51126,,nan
LG Godown,nan,LGGOWD,33697,LG Godown (Towards BHEL Layout),12.91712,77.51133,,nan
LR Bande,nan,LRBD,28556,LR Bande (Towards R T Nagara),13.02892,77.61059,,nan
LR Bande,nan,LRBD,33711,LR Bande (Towards Shampura),13.02897,77.61059,,nan
LTG Aishwarya,nan,LTGARY,39074,LTG Aishwarya (Towards Kodiyala),12.78799,77.44673,,nan
LTG Aishwarya,nan,LTGARY,39075,LTG Aishwarya (Towards Anchipura Cross),12.78796,77.44675,,nan
LTG Indraprastha,nan,LTGE,39076,LTG Indraprastha (Towards Anchipura Cross),12.78542,77.44921,,nan
LTG Indraprastha,nan,LTGE,39077,LTG Indraprastha (Towards Kodiyala),12.78547,77.44915,,nan
Laggere Bridge,nan,LGRB,28439,Laggere Bridge (Towards Goraguntepalya),13.00843,77.52664,,nan
Laggere Bridge,nan,LGRB,33650,Laggere Bridge (Towards Summanahalli),13.00756,77.52678,,nan
Laggere Cross,nan,LGRC,33652,Laggere Cross (Towards Kanteerava Studio),13.02253,77.52414,,nan
Laggere Cross,nan,LGRC2,28442,Laggere Cross (Towards Laggere),13.02252,77.52347,,nan
Laggere Cross,nan,LGRC2,33651,Laggere Cross (Towards Jalahalli Cross),13.02281,77.52313,,nan
Laggere New Bus Stand,nan,PRVNL,28443,Laggere New Bus Stand (Towards Laggere New Bus Stand),13.01054,77.52504,,nan
Lagumenahalli Circle,nan,LGMC,28445,Lagumenahalli Circle (Towards Bommanahalli),13.07214,77.75426,,nan
Lagumenahalli Cross,nan,LGMHCR,28448,Lagumenahalli Cross (Towards Doddaballapur),13.40435,77.53498,,nan
Lagumenahalli Cross,nan,LGMHCR,33654,Lagumenahalli Cross (Towards Ghati Subramanya),13.40432,77.53495,,nan
Lake Side Hospital,nan,LSK,28452,Lake Side Hospital (Towards Shivaji Nagara),12.98833,77.61736,,nan
Lakeshore Garden,nan,LKRG,23517,Lakeshore Garden (Towards Thindlu),13.06987,77.56477,,nan
Lakeshore Garden,nan,LKRG,24118,Lakeshore Garden (Towards Nanjappa Circle),13.06987,77.56481,,nan
Lakkaiahana Doddy,nan,LKND,28455,Lakkaiahana Doddy (Towards Mayaganahalli),12.77912,77.3351,,nan
Lakkaiahanapalya,nan,LKPL1,28456,Lakkaiahanapalya (Towards Giriyappanapalya),12.88757,77.40469,,nan
Lakkaiahnapalya,nan,LKPL,28458,Lakkaiahnapalya (Towards Koluru),12.88949,77.40243,,nan
Lakkaiahnapalya,nan,LKPL,33659,Lakkaiahnapalya (Towards Donnenahalli),12.88936,77.40252,,nan
Lakkaiahnapalya 1,nan,LKPL1,31390,Lakkaiahnapalya 1 (Towards Koluru),12.88751,77.40469,,nan
Lakkasandra,nan,LKS,20965,Lakkasandra (Towards Bengaluru Dairy Circle),12.94318,77.59735,,nan
Lakkasandra,nan,LKS,20966,Lakkasandra (Towards KR Market),12.94383,77.59713,,nan
Lakkasandra,nan,LKS8,38439,Lakkasandra (Towards Sugganahalli),12.79512,77.3245,,nan
Lakkasandra Cross T Beguru,nan,LKSDRC1,28460,Lakkasandra Cross T Beguru (Towards Kuluvanahalli),13.14979,77.29049,,nan
Lakkenahalli Cross,nan,LKNCG,28462,Lakkenahalli Cross (Towards Mahadevapura Nelamangala),13.062,77.29674,,nan
Lakkenahalli Cross,nan,LKNCG,33661,Lakkenahalli Cross (Towards Gudemaranahalli handpost),13.06183,77.29677,,nan
Lakkenahalli Junction Sondekoppa Road,nan,LKNHL1,28464,Lakkenahalli Junction Sondekoppa Road (Towards Sondekoppa),13.04462,77.39278,,nan
Lakkenahalli Junction Sondekoppa Road,nan,LKNHL1,33662,Lakkenahalli Junction Sondekoppa Road (Towards Nelamangala),13.04459,77.39273,,nan
Lakkondahalli,nan,LKKDHI,28467,Lakkondahalli (Towards Handarahalli),13.11767,77.77041,,nan
Lakkondahalli Gate,nan,LKD-1,28469,Lakkondahalli Gate (Towards Hosakote),13.11721,77.77346,,nan
Lakkondahalli Gate,nan,LKD-1,33664,Lakkondahalli Gate (Towards Sulibele),13.11712,77.77344,,nan
Lakkondahalli Temple,nan,LKDHL,28471,Lakkondahalli Temple (Towards Hosakote),13.11071,77.77428,,nan
Lakkondahalli Temple,nan,LKDHL,33665,Lakkondahalli Temple (Towards Sulibele),13.11064,77.77427,,nan
Lakkuppe,nan,LKP2,21558,Lakkuppe (Towards Tavarekere),12.96992,77.41006,,nan
Lakkuppe,nan,LKP2,21559,Lakkuppe (Towards Gollarahatti),12.97004,77.40989,,nan
Lakkur,nan,LKR 3,28475,Lakkur (Towards Narayanakere),12.92756,77.88596,,nan
Lakkur,nan,LKR 3,33666,Lakkur (Towards Pura),12.92771,77.88626,,nan
Lakkur,nan,LKR1,33667,Lakkur (Towards Doddakunte),12.92763,77.88631,,nan
Lakkur,nan,LKR1,33668,Lakkur (Towards Kodihalli),12.92739,77.88634,,nan
Lakshmaiah Badavane,nan,LKB,33669,Lakshmaiah Badavane (Towards Lakshmaiah Badavane Last Stop),12.9809,77.46432,,nan
Lakshman Rao Nagara Anepalya,nan,LRN,28480,Lakshman Rao Nagara Anepalya (Towards Anepalya Junction),12.95029,77.61754,,nan
Lakshman Rao Nagara Anepalya,nan,LRN,33670,Lakshman Rao Nagara Anepalya (Towards Last Bus Stop),12.9504,77.61751,,nan
Lakshmi Devastana,nan,LKSMD,28482,Lakshmi Devastana (Towards Sondekoppa),13.0783,77.39275,,nan
Lakshmi Devastana,nan,LKSMD,33671,Lakshmi Devastana (Towards Nelamangala),13.07828,77.39271,,nan
Lakshmi Institution,nan,LKMI,39572,Lakshmi Institution (Towards Sunkadakatte),12.98862,77.50878,,nan
Lakshmi Layout,nan,LKMLO,24285,Lakshmi Layout (Towards NICE Road),12.86814,77.62803,,nan
Lakshmi Layout,nan,LKMLO,24351,Lakshmi Layout (Towards Beguru),12.86791,77.6282,,nan
Lakshmi Temple,nan,GLT3,28484,Lakshmi Temple (Towards Ganigarapalya),12.88637,77.49841,,nan
Lakshmi Temple,nan,GLT3,33672,Lakshmi Temple (Towards Konasandra Cross),12.88629,77.49845,,nan
Lakshmi Venkateshwara Temple,nan,LVNKTL,22218,Lakshmi Venkateshwara Temple (Towards Dodda Bommasandra),13.07443,77.55743,,nan
Lakshmi Venkateshwara Temple,nan,LVNKTL,22219,Lakshmi Venkateshwara Temple (Towards Vidyaranyapura),13.07442,77.5574,,nan
Lakshmidevi Nagara,nan,LXMI,24008,Lakshmidevi Nagara (Towards Vidhanasoudha Layout),13.01548,77.52603,,nan
Lakshmidevi Nagara,nan,LXMI,24009,Lakshmidevi Nagara (Towards Kanteerava Nagara),13.01552,77.52599,,nan
Lakshmidevi Nagara Cross(Sonal Garments),nan,SNLG1,24006,Lakshmidevi Nagara Cross(Sonal Garments) (Towards Lakshmidevi Nagara),13.02129,77.52651,,nan
Lakshmipura,nan,LKMP,22222,Lakshmipura (Towards Indira Nagara),12.97827,77.63218,,nan
Lakshmipura,nan,LKMP,22223,Lakshmipura (Towards Halasuru),12.97816,77.63228,,nan
Lakshmipura,nan,LKMPR,22220,Lakshmipura (Towards Kaggalipura),12.83321,77.51377,,nan
Lakshmipura,nan,LKMPR,22221,Lakshmipura (Towards Banashankari Bus Station),12.83318,77.51361,,nan
Lakshmipura,nan,LKMPR123,33679,Lakshmipura (Towards Uddandahalli),12.89216,77.39209,,nan
Lakshmipura,nan,LKMPR123,33680,Lakshmipura (Towards Koluru),12.89228,77.39218,,nan
Lakshmipura,nan,LKSHMPR,33673,Lakshmipura (Towards Magadi Road),12.98962,77.38321,,nan
Lakshmipura,nan,LKSMP2,28496,Lakshmipura (Towards Abbigere Cross),13.08632,77.5287,,nan
Lakshmipura,nan,LKSMP2,33683,Lakshmipura (Towards Byalakere),13.08628,77.52871,,nan
Lakshmipura,nan,LKSP,33674,Lakshmipura (Towards Madanayakanahalli),13.03742,77.46118,,nan
Lakshmipura,nan,LKSP,33675,Lakshmipura (Towards BMTC Training Centre),13.03747,77.4612,,nan
Lakshmipura Cross,nan,LKPC-12,28500,Lakshmipura Cross (Towards Abbigere Dinne),13.09212,77.5334,,nan
Lakshmipura Cross,nan,LKPC-12,33684,Lakshmipura Cross (Towards MS Palya),13.09209,77.534,,nan
Lakshmipura Cross,nan,LKPC-12,33685,Lakshmipura Cross (Towards Shivakote),13.09209,77.53397,,nan
Lakshmipura Cross,nan,LKPC-12,33686,Lakshmipura Cross (Towards Somashettahalli Cross),13.09212,77.5333,,nan
Lakshmipura Kalkere,nan,LSPK,33687,Lakshmipura Kalkere (Towards Lakshmipura Kalkere),12.81872,77.59393,,nan
Lakshmisagara,nan,LKSMSG,28506,Lakshmisagara (Towards Vajarahalli),12.82481,77.40439,,nan
Lakshmisagara,nan,LKSMSG,33690,Lakshmisagara (Towards Lakshmisagara Gate),12.82485,77.40438,,nan
Lakshmisagara,nan,LSS1,33688,Lakshmisagara (Towards Ali Bommasandra),12.81058,77.72418,,nan
Lakshmisagara,nan,LSS1,33689,Lakshmisagara (Towards Hale Chandapura),12.81057,77.72424,,nan
Lal Bahaddur Shastri Nagara,nan,LBSN1,28511,Lal Bahaddur Shastri Nagara (Towards Lal Bahaddur Shastri Nagara),12.96927,77.67022,,nan
Lal Bahaddur Shastri Nagara,nan,LBSN3,33692,Lal Bahaddur Shastri Nagara (Towards Anjanapura),12.85722,77.5733,,nan
Lal Bahaddur Shastri Nagara,nan,LBSN3,33693,Lal Bahaddur Shastri Nagara (Towards Kembathalli),12.85723,77.57356,,nan
Lalbagh Hopcoms,nan,LBGH,36140,Lalbagh Hopcoms (Towards Lalbagh Main Gate),12.95184,77.59079,,nan
Lalbagh Hopcoms,nan,LLHPCS1,23825,Lalbagh Hopcoms (Towards Lakkasandra),12.95134,77.59126,,nan
Lalbagh Hopcoms,nan,LLHPCS1,23922,Lalbagh Hopcoms (Towards KR Market),12.95122,77.59132,,nan
Lalbagh Hopcoms,nan,LLHPCS1,36141,Lalbagh Hopcoms (Towards Shanthinagara bus stand),12.95182,77.59056,,nan
Lalbagh Main Gate,nan,LBMGT,23675,Lalbagh Main Gate (Towards Jayanagara 4th Black),12.95249,77.58335,,nan
Lalbagh Main Gate,nan,LGHM,20967,Lalbagh Main Gate (Towards KR Market),12.95427,77.58449,,nan
Lalbagh Main Gate,nan,LGHM,23666,Lalbagh Main Gate (Towards Lakkasandra),12.95408,77.58554,,nan
Lalbagh Metro Station,nan,LBWG1,38814,Lalbagh Metro Station (Towards Town Hall),12.94739,77.57993,,nan
Lalbagh West Gate,nan,LALBW,22225,Lalbagh West Gate (Towards PK Circle),12.94963,77.57993,,nan
Lalbagh West Gate,nan,LBGMG2,20968,Lalbagh West Gate (Towards Ramakrishna Ashrama),12.94826,77.57918,,nan
Lalbagh West Gate,nan,LBGW,38846,Lalbagh West Gate (Towards Minerva Circle),12.94838,77.57966,,nan
Lalbagh West Gate (Lalbagh Metro Station),nan,LALBW,22224,Lalbagh West Gate (Lalbagh Metro Station) (Towards RV Teachers College),12.94758,77.58009,,nan
Lavanya Talkies,nan,LVT,28514,Lavanya Talkies (Towards Coles Park),12.98611,77.61542,,nan
Lavanya Talkies,nan,LVT,35357,Lavanya Talkies (Towards Shivaji Nagara),12.98601,77.61551,,nan
Leelavathi Estate,nan,LLVTET,28521,Leelavathi Estate (Towards Nelamangala),13.00088,77.34987,,nan
Leelavathi Estate,nan,LLVTET,33696,Leelavathi Estate (Towards Goravanahalli),13.00087,77.34992,,nan
Lido Talkies,nan,LIDO,20969,Lido Talkies (Towards Kempegowda Bus Station),12.97277,77.62141,,nan
Lido Talkies,nan,LIDO,22226,Lido Talkies (Towards Halasuru),12.97277,77.62074,,nan
Lido Talkies,nan,TRNC,21235,Lido Talkies (Towards Hosakote),12.97346,77.62005,,nan
Life Style (Sacred Heart School),nan,KVASC,20970,Life Style (Sacred Heart School) (Towards Kempegowda Bus Station),12.96692,77.61018,,nan
Lingadeera Mallsandra,nan,LDMLS,28525,Lingadeera Mallsandra (Towards Lingadeera Mallasandra),12.97917,77.87117,,nan
Lingadeera Mallsandra Cross,nan,LDMLS,28527,Lingadeera Mallsandra Cross (Towards Medahalli),12.98345,77.87104,,nan
Lingadeera Mallsandra Cross,nan,LDMLS,33698,Lingadeera Mallsandra Cross (Towards Marasandra),12.98353,77.87114,,nan
Lingadeeranahalli,nan,LDH,28529,Lingadeeranahalli (Towards Herohalli),12.99986,77.4794,,nan
Lingadeeranahalli,nan,LDH,33699,Lingadeeranahalli (Towards Lingadeeranahalli),12.99989,77.47949,,nan
Lingadeeranahalli Arch,nan,LDHA,29566,Lingadeeranahalli Arch (Towards Vidyamanyanagara),12.99962,77.48869,,nan
Lingadeeranahalli Arch,nan,LDHA,35437,Lingadeeranahalli Arch (Towards Lingadeeranahalli),12.99961,77.48872,,nan
Lingadhiranahalli 10th Cross,nan,LDH10C,29374,Lingadhiranahalli 10th Cross (Towards Vidyamanyanagara),13.00951,77.47431,,nan
Linganahalli,nan,LNGNHL1,28531,Linganahalli (Towards Shivakote),13.15549,77.52294,,nan
Linganahalli,nan,LNGNHL1,33700,Linganahalli (Towards Linganahalli Gate),13.15541,77.52284,,nan
Linganahalli Gate,nan,LNGNHL,33701,Linganahalli Gate (Towards Koluvarayanahalli),13.15812,77.52392,,nan
Linganahalli Gate,nan,LNGNHL1,28533,Linganahalli Gate (Towards Linganahalli),13.15813,77.52395,,nan
Linganahalli Gate,nan,LNGNHL1,36098,Linganahalli Gate (Towards Singanayakanahalli),13.15816,77.52391,,nan
Lingapura,nan,LINGP,33702,Lingapura (Towards Lingapura),12.76222,77.67852,,nan
Lingapura,nan,LINGP,33703,Lingapura (Towards Nayanahalli),12.76212,77.67869,,nan
Lingapura,nan,LNGPR,28537,Lingapura (Towards Seegehalli Cross),12.82141,77.44405,,nan
Lingapura,nan,LNGPR,33704,Lingapura (Towards Thippuru),12.82141,77.44411,,nan
Lingarajapura,nan,LGPR,28541,Lingarajapura (Towards Mylappanahalli),13.12683,77.53373,,nan
Lingarajapura,nan,LGPR,33706,Lingarajapura (Towards Shamarajapura),13.12689,77.53385,,nan
Lingarajapura,nan,LNGRPR,22227,Lingarajapura (Towards Hennur Junction),13.01253,77.62579,,nan
Lingarajapura,nan,LNGRPR,22228,Lingarajapura (Towards Coles Park),13.01255,77.62589,,nan
Lingarajapura Bridge,nan,LNG1,22229,Lingarajapura Bridge (Towards Hennur Junction),13.00906,77.6232,,nan
Lingarajapura Bridge,nan,LNG1,22230,Lingarajapura Bridge (Towards Coles Park),13.00905,77.62333,,nan
Lingarajapura Indira Canteen,nan,LHIC,39334,Lingarajapura Indira Canteen (Towards Lingarajapura),13.00765,77.63048,,nan
Lingenahalli,nan,LGNH,28545,Lingenahalli (Towards Buragamarada Palya),13.0656,77.32496,,nan
Lingenahalli,nan,LGNH,33708,Lingenahalli (Towards Lingenahalli),13.06543,77.32488,,nan
Link Road,nan,LNKRD,20971,Link Road (Towards Kempegowda Bus Station),12.99426,77.57388,,nan
Lohithanagara (Nelamangala),nan,LHNR,28549,Lohithanagara (Nelamangala) (Towards Nelamangala),13.10713,77.38233,,nan
Lohithanagara (Nelamangala),nan,LHNR,33709,Lohithanagara (Nelamangala) (Towards Gangadharanapalya),13.10711,77.3823,,nan
Lottegollahalli,nan,LTGHL,28552,Lottegollahalli (Towards Baliga Circle),13.04893,77.56748,,nan
Lottegollahalli,nan,LTGHL,33710,Lottegollahalli (Towards Devinagara Cross),13.04892,77.5675,,nan
Loyola School,nan,LYLASC,35161,Loyola School (Towards Kalena Agrahara),12.87103,77.59364,,nan
Loyola School,nan,LYLASC,35231,Loyola School (Towards Meenakshi Temple),12.87078,77.59333,,nan
Loyola School,nan,LYLSC,36211,Loyola School (Towards Bilekahalli),12.87108,77.59339,,nan
Lumbini International Public School,nan,LIPS2,39317,Lumbini International Public School (Towards Kattigenahalli),13.11591,77.62463,,nan
Lurdubayi Samudaya Bhavana,nan,CHWNG,28518,Lurdubayi Samudaya Bhavana (Towards Summanahalli),12.99723,77.52339,,nan
Lurdubayi Samudaya Bhavana,nan,CHWNG,33695,Lurdubayi Samudaya Bhavana (Towards Goraguntepalya),12.99752,77.52334,,nan
M Gopahalli,nan,MGPHL,28558,M Gopahalli (Towards Ramanahali),12.72589,77.40248,,nan
M Gopahalli,nan,MGPHL,33712,M Gopahalli (Towards Kolliganahalli),12.72597,77.40251,,nan
M Hosahalli Gate,nan,MHG2,28560,M Hosahalli Gate (Towards Hosakote),13.10917,77.87763,,nan
M Hosahalli Gate,nan,MHG2,33713,M Hosahalli Gate (Towards Kolara),13.1094,77.87758,,nan
M Karenahalli,nan,KRNHL,28562,M Karenahalli (Towards Bidadi),12.81818,77.36575,,nan
M Karenahalli,nan,KRNHL,33714,M Karenahalli (Towards Kaka Ramanahalli),12.81812,77.36573,,nan
M Medahalli,nan,MMDH,38367,M Medahalli (Towards Last Stop),12.73392,77.73928,,nan
M S Nagara (Thirumenahalli),nan,MSNR TMH,38787,M S Nagara (Thirumenahalli) (Towards Yelahanka),13.09726,77.63581,,nan
M S Nagara (Thirumenahalli),nan,MSNR TMH,38788,M S Nagara (Thirumenahalli) (Towards Thanisandra),13.09731,77.63592,,nan
M Sathyawara,nan,MSYWA,28564,M Sathyawara (Towards E Muthasandra),13.14397,77.79809,,nan
M Sathyawara,nan,MSYWA,33715,M Sathyawara (Towards Hasigala),13.14391,77.79787,,nan
MC Donald,nan,HSRBDA,33892,MC Donald (Towards HSR Layout Club),12.91231,77.63796,,nan
MC Donald,nan,HSRBDAC,28920,MC Donald (Towards HSR Layout 5th Main),12.91226,77.63799,,nan
MC Layout,nan,MCL1,21013,MC Layout (Towards Agrahara Dasarahalli),12.97498,77.54212,,nan
MD Block,nan,MDBCK,28922,MD Block (Towards Bandi Reddy Circle),12.99324,77.56954,,nan
MD Block,nan,MDBCK,33893,MD Block (Towards Malleshwaram),12.99328,77.56951,,nan
MEG Centre,nan,MEGC1,33914,MEG Centre (Towards Halasuru),12.98736,77.62262,,nan
MEG Centre,nan,MEGC1,33915,MEG Centre (Towards Lavanya Talkies),12.98701,77.62255,,nan
MEG Centre (KIA),nan,MEGC,39261,MEG Centre (KIA) (Towards Trinity Circle),12.98848,77.61742,,nan
MEI Colony Laggere,nan,MEICLGR,28964,MEI Colony Laggere (Towards Laggere),13.01998,77.52075,,nan
MEI Colony Laggere,nan,MEICLGR,33916,MEI Colony Laggere (Towards Laggere Cross),13.01996,77.5207,,nan
MEI Factory,nan,MEI2,21016,MEI Factory (Towards Jalahalli Cross),13.0264,77.54402,,nan
MEI Factory,nan,MEI2,21017,MEI Factory (Towards Yashwanthapura bus station),13.02652,77.54439,,nan
MEI Layout,nan,MEILO1,28966,MEI Layout (Towards Bagalagunte),13.06056,77.50271,,nan
MEI Layout,nan,MEILO1,33917,MEI Layout (Towards MEI Layout),13.06052,77.50272,,nan
MEI Layout Arch,nan,MEILOA1,28968,MEI Layout Arch (Towards MEI Layout),13.05997,77.50685,,nan
MEI Layout Arch,nan,MEILOA1,33918,MEI Layout Arch (Towards Bagalagunte),13.05999,77.50697,,nan
MES College Aradeshanahalli Road,nan,ADHG1,28978,MES College Aradeshanahalli Road (Towards Suradevapura Cross),13.21752,77.55539,,nan
MES College Aradeshanahalli Road,nan,ADHG1,33924,MES College Aradeshanahalli Road (Towards Aradeshanahalli),13.21752,77.55532,,nan
MES Road,nan,BELCR1,21570,MES Road (Towards Hebbala),13.04403,77.5543,,nan
MES Road,nan,BELCR1,21571,MES Road (Towards Goraguntepalya),13.04392,77.55436,,nan
MG Road,nan,CWSMGR,21572,MG Road (Towards Shivajinagara),12.97779,77.60204,,nan
MG Road Metro Station,nan,MGM1,24045,MG Road Metro Station (Towards Trinity Circle),12.97547,77.60671,,nan
MG Road Metro Station,nan,MGR-2,23821,MG Road Metro Station (Towards Shivaji Nagara),12.97541,77.60644,,nan
MG Statue (Chinnaswamy Stadium),nan,CWSMGR,22231,MG Statue (Chinnaswamy Stadium) (Towards Shivaji Nagara),12.97677,77.60016,,nan
MG Statue (Chinnaswamy Stadium),nan,CWSMGR,22286,MG Statue (Chinnaswamy Stadium) (Towards Indian Express),12.97628,77.59859,,nan
MG Statue (Chinnaswamy Stadium),nan,MGRD,28986,MG Statue (Chinnaswamy Stadium) (Towards Kempegowda Bus Station),12.97654,77.59999,,nan
MG Statue (Chinnaswamy Stadium),nan,MGSTH,21520,MG Statue (Chinnaswamy Stadium) (Towards Siddalingaih Circle),12.97708,77.59921,,nan
MGM School,nan,MGMs1,28988,MGM School (Towards Ramohalli Cross),12.89764,77.43272,,nan
MGM School,nan,MGMs1,33928,MGM School (Towards Ramohalli),12.8976,77.43268,,nan
MICO Factory Junction,nan,MCSGL,23852,MICO Factory Junction (Towards Bengaluru Dairy Circle),12.94427,77.60293,,nan
MICO Factory Junction,nan,MCSGL,24136,MICO Factory Junction (Towards Anepalya),12.94452,77.60273,,nan
MICO Factory Junction,nan,MCSGL3,24274,MICO Factory Junction (Towards Adugodi),12.94444,77.60304,,nan
MICO Gate Adugodi,nan,MICO1,23598,MICO Gate Adugodi (Towards Bengaluru Diary Circle),12.94399,77.60532,,nan
MICO Gate Adugodi,nan,MICO1,24070,MICO Gate Adugodi (Towards Adugodi),12.94426,77.60458,,nan
MICO Layout BTM,nan,BTM MC3,21021,MICO Layout BTM (Towards Banashankari Bus Station),12.91657,77.60427,,nan
MICO Layout BTM,nan,BTM MC3,21022,MICO Layout BTM (Towards Central Silk Board),12.91682,77.60407,,nan
MICO Layout Checkpost Gopalan mall,nan,MICLYT,23575,MICO Layout Checkpost Gopalan mall (Towards JP Nagara 3 rd Phase),12.91413,77.60001,,nan
MICO Layout Checkpost Gopalan mall,nan,MICLYT,23873,MICO Layout Checkpost Gopalan mall (Towards Jayadeva Hospital),12.91354,77.5998,,nan
MICO Shramajeevi Colony Arakere,nan,ARGM,28990,MICO Shramajeevi Colony Arakere (Towards MICO Shramajeevi Colony Arakere),12.88958,77.59391,,nan
MLS1,nan,MLSB,39169,nan,13.0594,77.50701,,nan
MM Industries,nan,MMIND,22292,MM Industries (Towards Banashankari bus station),12.9295,77.57372,,nan
MM Industries,nan,MMIND,22293,MM Industries (Towards Basavanagudi Police Station),12.92936,77.57353,,nan
MM Medicals,nan,MM ML1,29024,MM Medicals (Towards R T Nagara),13.0314,77.60839,,nan
MN Krishna Rao Park,nan,MNKRO,22294,MN Krishna Rao Park (Towards Sajjan rao Park),12.94405,77.57689,,nan
MP Office Bangalore South,nan,MPO BS,39973,MP Office Bangalore South (Towards RV Dental College),12.9199,77.58597,,nan
MR Nursing College,nan,MRNUC,22302,MR Nursing College (Towards Bagaluru),13.05833,77.64863,,nan
MR Nursing College,nan,MRNUC,22303,MR Nursing College (Towards Hennur Junction),13.05824,77.64875,,nan
MRB Grand Hotel,nan,MRBGH,39108,MRB Grand Hotel (Towards Chikkegowdanapalya),12.88851,77.51609,,nan
MRB Grand Hotel,nan,MRBGH,39109,MRB Grand Hotel (Towards Shrinivasapura Cross),12.88835,77.51601,,nan
MRV Bricks Factory,nan,MRVFC,29048,MRV Bricks Factory (Towards Thittahalli),12.8051,77.46462,,nan
MRV Bricks Factory,nan,MRVFC,33955,MRV Bricks Factory (Towards Narayanapura),12.80496,77.46456,,nan
MS Building,nan,MSB,38026,MS Building (Towards KR Circle),12.97677,77.58922,,nan
MS Palya,nan,MSP1,33956,MS Palya (Towards Sambhram College),13.08185,77.54822,,nan
MS Palya,nan,MSPY,36469,MS Palya (Towards Singapura),13.08178,77.54809,,nan
MS Palya,nan,MSPY2,22305,MS Palya (Towards Yalahanka),13.08178,77.54849,,nan
MS Palya,nan,MSPY2,33957,MS Palya (Towards BEL Circle),13.08145,77.54831,,nan
MS Ramaiah College,nan,MSRC1,22306,MS Ramaiah College (Towards Yashwanthapura bus station),13.02867,77.56161,,nan
MS Ramaiah College,nan,MSRC1,22307,MS Ramaiah College (Towards Mathikere),13.02857,77.56162,,nan
MS Ramaiah College 80ft Road,nan,MSR80ft,22937,MS Ramaiah College 80ft Road (Towards MS Ramaiah Hospital),13.02752,77.57571,,nan
MS Ramaiah Hospital,nan,RMH,21029,MS Ramaiah Hospital (Towards Sadashiva Nagara Police Station),13.02698,77.57189,,nan
MS Ramaiah Hospital,nan,RMH,21030,MS Ramaiah Hospital (Towards BEL Circle),13.02685,77.57178,,nan
MS Ramayya Hospital,nan,MSR1,29054,MS Ramayya Hospital (Towards C P R I),13.02835,77.57158,,nan
MS Ramayya Hospital,nan,MSR1,33958,MS Ramayya Hospital (Towards Ashwath Nagara),13.02847,77.57141,,nan
MTR Hotel,nan,MTRH1,38149,MTR Hotel (Towards Agara),12.91696,77.64477,,nan
MTR Hotel,nan,MTRH1,38150,MTR Hotel (Towards Mangammanapalya),12.91703,77.64485,,nan
MV Solar Dabasapete Industrial Area,nan,MVSLRDT,29152,MV Solar Dabasapete Industrial Area (Towards Kempohalli NH-4),13.22459,77.25859,,nan
MV Solar Dabaspete Industrial Area,nan,MVSLR,34013,MV Solar Dabaspete Industrial Area (Towards Varna Factory),13.22462,77.25867,,nan
MVJ College Channasandra,nan,MVJC2,22320,MVJ College Channasandra (Towards Channasandra),12.98283,77.76082,,nan
MVJ College Channasandra,nan,MVJC2,22321,MVJ College Channasandra (Towards Hope Farm),12.98286,77.76121,,nan
MVJ Medical Hospital,nan,MJH-1,29154,MVJ Medical Hospital (Towards Hosakote),13.07909,77.81229,,nan
MVJ Medical Hospital,nan,MJH-1,34014,MVJ Medical Hospital (Towards Kolara),13.07944,77.81199,,nan
Machanahalli Dabaspete,nan,MCHDT,33716,Machanahalli Dabaspete (Towards Kerekattiganuru),13.18014,77.25568,,nan
Machenahalli Dabaspete,nan,MCHDT,28566,Machenahalli Dabaspete (Towards Last Stop),13.18015,77.25553,,nan
Machohalli,nan,MCH0,28568,Machohalli (Towards Machohalli Gate),13.0061,77.45293,,nan
Machohalli,nan,MCH0,33717,Machohalli (Towards Bylakonenahalli),13.00614,77.45287,,nan
Machohalli Colony,nan,MCHLC,28570,Machohalli Colony (Towards Machohalli Gate),12.99754,77.45136,,nan
Machohalli Colony,nan,MCHLC,33718,Machohalli Colony (Towards Machohalli),12.99755,77.4513,,nan
Machohalli Gate,nan,MCHG1,21561,Machohalli Gate (Towards Gollarahatti),12.99088,77.45429,,nan
Machohalli Gate,nan,MCHG1,21562,Machohalli Gate (Towards Tavarakere),12.99081,77.45445,,nan
Machonayakanahalli,nan,MNH8,33719,Machonayakanahalli (Towards Machonayakanahalli),13.14509,77.38016,,nan
Madagondanahalli,nan,MDGH,28575,Madagondanahalli (Towards Chikka madhure),13.24464,77.47196,,nan
Madagondanahalli,nan,MGH,33720,Madagondanahalli (Towards Aralumallige),13.24478,77.47203,,nan
Madanayakanahalli,nan,MDNH,33723,Madanayakanahalli (Towards Kammasandra),13.06067,77.46125,,nan
Madanayakanahalli,nan,MDNH4,22232,Madanayakanahalli (Towards Jalahalli Cross),13.06146,77.46102,,nan
Madanayakanahalli,nan,MDNH4,33724,Madanayakanahalli (Towards Nelamangala),13.06102,77.46102,,nan
Madanayakanahalli,nan,MDNH5,33725,Madanayakanahalli (Towards Kuduregere),13.06132,77.46153,,nan
Madapatna,nan,MDPN,35119,Madapatna (Towards Haragadde),12.77262,77.64815,,nan
Madapatna,nan,MDPN,35296,Madapatna (Towards Jigani KEB),12.77244,77.64824,,nan
Madapatna,nan,MDPTN1,28585,Madapatna (Towards Chandrappa Circle),12.93458,77.36095,,nan
Madapatna,nan,MDPTN1,33726,Madapatna (Towards Cholanayakanahalli),12.9348,77.36086,,nan
Madapatna Cross,nan,MDPTNC1,28587,Madapatna Cross (Towards Peddanapalya),12.93675,77.37285,,nan
Madapatna Cross,nan,MDPTNC1,33727,Madapatna Cross (Towards Madapatna),12.93681,77.37286,,nan
Madappana Doddi Colony,nan,MDPDI3,39962,Madappana Doddi Colony (Towards Tattigere),12.73346,77.60078,,nan
Madappana Doddi Colony,nan,MDPDI3,39963,Madappana Doddi Colony (Towards Yalammana Doddy),12.7335,77.60077,,nan
Madappanahalli,nan,MDPH1,33728,Madappanahalli (Towards Koluvarayanahalli),13.15405,77.54059,,nan
Madappanahalli,nan,MDPH1,33729,Madappanahalli (Towards Yalahanka N E S Office),13.15408,77.54055,,nan
Madappanahalli,nan,MDPHLI,28591,Madappanahalli (Towards Janthagondanahalli),12.92242,77.8104,,nan
Madappanahalli,nan,MDPHLI,33730,Madappanahalli (Towards Kuguru),12.92246,77.81039,,nan
Madappanahalli Cross,nan,MDPCR11,28592,Madappanahalli Cross (Towards Kamanahalli),12.91766,77.79626,,nan
Madappanahalli Cross,nan,MDPCR11,35159,Madappanahalli Cross (Towards Madappanahalli),12.91773,77.79622,,nan
Madapura,nan,MDPR,28594,Madapura (Towards Sugganahalli),12.7654,77.32076,,nan
Madapura,nan,MDPR,38572,Madapura (Towards Bidadi),12.76542,77.32077,,nan
Madapura Cross Bidadi,nan,MDPC7,28596,Madapura Cross Bidadi (Towards Sugganahalli),12.76177,77.32802,,nan
Madapura Cross Bidadi,nan,MDPC7,33732,Madapura Cross Bidadi (Towards Bidadi),12.76206,77.32775,,nan
Madarasa School,nan,MDRSS,28597,Madarasa School (Towards Kambipura),12.88054,77.45935,,nan
Madarasa School 1,nan,MDRSS,31391,Madarasa School 1 (Towards Kambipura),12.88017,77.45942,,nan
Madavanagara (Kempegowdanagara),nan,MDVNGR,39932,Madavanagara (Kempegowdanagara) (Towards Yalekodigehalli),12.98662,77.47109,,nan
Madavanagara (Kempegowdanagara),nan,MDVNGR,39933,Madavanagara (Kempegowdanagara) (Towards Gollarahatti),12.98666,77.47101,,nan
Madavara,nan,MDV,28598,Madavara (Towards Nelamangala),13.05665,77.47343,,nan
Madavara Kodipalya,nan,MKPL1,28601,Madavara Kodipalya (Towards Madavara Village),13.05296,77.47231,,nan
Madavara Metro Station,nan,MDVR,39370,Madavara Metro Station (Towards Jalahalli Cross),13.05725,77.47269,,nan
Madhavan Park,nan,MDVNP,21563,Madhavan Park (Towards Ashoka Pillar),12.93644,77.58392,,nan
Madhavan Park,nan,mdnp,24044,Madhavan Park (Towards Jayanagara 4th Block),12.93675,77.58308,,nan
Madhugirihalli,nan,MGH3,33735,Madhugirihalli (Towards Last Stop),13.12789,77.50725,,nan
Madhura Nagara,nan,MDNGR5,24201,Madhura Nagara (Towards Muthsandra),12.94117,77.76421,,nan
Madhura Nagara,nan,MDNGR5,24209,Madhura Nagara (Towards Varthuru),12.94124,77.76427,,nan
Madhura Nagara Hostel,nan,MDRHST5,24200,Madhura Nagara Hostel (Towards Muthsandra),12.9398,77.76027,,nan
Madhura Nagara Hostel,nan,MDRHST5,24210,Madhura Nagara Hostel (Towards Varthuru),12.93975,77.76039,,nan
Madhura Nagara Hostel,nan,MNHS,23478,Madhura Nagara Hostel (Towards Chikka Nekkundi),12.93956,77.75959,,nan
Madhure Anjaneya Temple,nan,CMK,20606,Madhure Anjaneya Temple (Towards Chikka Madhure),13.20979,77.44534,,nan
Madhure Anjaneya Temple,nan,CMK,29531,Madhure Anjaneya Temple (Towards Channadevi Agrahara),13.20997,77.44523,,nan
Madhure Village,nan,MDR2,20972,Madhure Village (Towards Kodipalya),13.20205,77.45696,,nan
Madhure Village,nan,MDR2,28602,Madhure Village (Towards Hesaraghatta),13.20216,77.45699,,nan
Madigondanahalli,nan,MDH,39763,Madigondanahalli (Towards Solur),13.06965,77.20895,,nan
Madivala,nan,MDWL,20974,nan,12.92023,77.62066,,nan
Madivala,nan,MDWMK,20973,Madivala (Towards Electronic City),12.92166,77.62146,,nan
Madivala Masidi,nan,MDWS,22235,Madivala Masidi (Towards Koramangala),12.92479,77.61852,,nan
Madugirihalli,nan,MGH3,28607,Madugirihalli (Towards Shivakote),13.12793,77.50724,,nan
Magadi Bus Stand,nan,MGD,28611,Magadi Bus Stand (Towards Magadi Last Stop),12.9551,77.2271,,nan
Magadi Road 10th Cross,nan,MGDRD10C1,20558,Magadi Road 10th Cross (Towards Magadi Road Tollgate),12.97556,77.55562,,nan
Magadi Road 10th Cross,nan,MGDRD10C1,20559,Magadi Road 10th Cross (Towards Magadi Road 1st Cross),12.97574,77.55706,,nan
Magadi Road 1st Cross,nan,MGDRD1C1,20577,Magadi Road 1st Cross (Towards Magadi Road Tollgate),12.97569,77.563,,nan
Magadi Road 1st Cross,nan,MGDRD1C1,20578,Magadi Road 1st Cross (Towards Kempegowda Bus Station),12.97569,77.5628,,nan
Magadi Road 5th Cross,nan,MGDRD5C,20584,Magadi Road 5th Cross (Towards Magadi Road Tollgate),12.97567,77.56081,,nan
Magadi Road 5th Cross,nan,MGDRD5C,20585,Magadi Road 5th Cross (Towards Kempegowda Bus Station),12.97578,77.56071,,nan
Magadi Road Metro Station,nan,MGDRDMSN,38800,Magadi Road Metro Station (Towards Kempegowda Bus Station),12.97562,77.55479,,nan
Magadi Road Metro Station,nan,MGDRDMSN,38801,Magadi Road Metro Station (Towards Vijayanagara/KHB Colony),12.97553,77.55486,,nan
Magadi Road TollGate,nan,MGDRDMSN,20975,Magadi Road TollGate (Towards Moodalapalya/Vijayanagara TTMC),12.97458,77.54876,,nan
Magadi Road TollGate,nan,MGDRDMSN,20976,Magadi Road TollGate (Towards Magadi Road 1st Cross),12.97462,77.54898,,nan
Magadi Road TollGate,nan,MGDRT9,22236,Magadi Road TollGate (Towards Navarang),12.97537,77.54845,,nan
Magadi Road TollGate,nan,MGDRT9,23481,Magadi Road TollGate (Towards Deepanjalinagara),12.97516,77.54862,,nan
Magadi Road Tollgate,nan,MGDRDMSN,28613,Magadi Road Tollgate (Towards Kottigepalya),12.97381,77.54983,,nan
Mahadeshwara Badavane,nan,MSBN,28614,Mahadeshwara Badavane (Towards Mastenahalli),12.78938,77.66007,,nan
Mahadeshwara Nagara,nan,MDWN,33738,Mahadeshwara Nagara (Towards Herohalli Cross),12.99346,77.49462,,nan
Mahadeshwara Nagara,nan,MDWN1,33739,Mahadeshwara Nagara (Towards Nagarahole Nagara),12.99341,77.49454,,nan
Mahadeshwara Nagara,nan,MHSDER,28617,Mahadeshwara Nagara (Towards BTM Layout 16th main),12.90784,77.61076,,nan
Mahadeshwara Nagara,nan,MHSDER,35353,Mahadeshwara Nagara (Towards Mahadeshwara Nagara),12.90779,77.61094,,nan
Mahadeva Kodigehalli,nan,MHDKDG,28619,Mahadeva Kodigehalli (Towards Bagaluru),13.14407,77.70282,,nan
Mahadeva Kodigehalli,nan,MHDKDG,33740,Mahadeva Kodigehalli (Towards Are Binnamangala),13.14409,77.70276,,nan
Mahadevapura,nan,MDP1,28627,Mahadevapura (Towards Nelamangala),13.06666,77.31961,,nan
Mahadevapura,nan,MDP1,33743,Mahadevapura (Towards Motaganahalli),13.06629,77.31955,,nan
Mahadevapura,nan,MHDPR,33744,Mahadevapura (Towards Gudemaranahalli Hand Post),13.06645,77.31958,,nan
Mahadevapura,nan,MHDV,22237,Mahadevapura (Towards Hope Farm),12.99737,77.69066,,nan
Mahadevapura,nan,MHDV,22238,Mahadevapura (Towards Kempegowda Bus Station),12.99716,77.69065,,nan
Mahadevapura Ring Road,nan,MDHPRG3,20977,Mahadevapura Ring Road (Towards Marathihalli Bridge),12.98823,77.6895,,nan
Mahadevapura Ring Road,nan,MDHPRG3,20978,Mahadevapura Ring Road (Towards Hebbala),12.98868,77.68904,,nan
Mahal Chowdadenahalli,nan,MHLCHOD,23398,Mahal Chowdadenahalli (Towards Dodda Thimmasandra),12.87216,77.80844,,nan
Mahal Chowdadenahalli,nan,MHLCHOD,23416,Mahal Chowdadenahalli (Towards Thindlu Gate),12.87217,77.80852,,nan
Mahalakshmi Bakery Banashankari 9th Block,nan,MLB,39826,Mahalakshmi Bakery Banashankari 9th Block (Towards Gattigerepalya),12.8907,77.48894,,nan
Mahalakshmi Bakery Banashankari 9th Block,nan,MLB,39827,Mahalakshmi Bakery Banashankari 9th Block (Towards Konasandra Cross),12.89053,77.48888,,nan
Mahalakshmi Layout,nan,GNPT,24096,Mahalakshmi Layout (Towards Rajajinagara),13.012,77.54405,,nan
Mahalakshmi Layout,nan,GNPT,24191,Mahalakshmi Layout (Towards Shankarnag Bus Stand),13.01208,77.54401,,nan
Mahalakshmi Layout Entrance,nan,MGLY,20980,Mahalakshmi Layout Entrance (Towards Yashwanthapura bus station),13.00782,77.54867,,nan
Mahalakshmi Layout Entrance,nan,MGLY,24188,Mahalakshmi Layout Entrance (Towards Nandini Layout),13.00779,77.548,,nan
Mahalakshmi Layout Entrance,nan,MLCPMETC,20979,Mahalakshmi Layout Entrance (Towards Vijayanagara),13.00736,77.54879,,nan
Mahanthalingapura,nan,MLBS1,28630,Mahanthalingapura (Towards Krishnayyana Doddy),12.76664,77.61854,,nan
Mahanthalingapura,nan,MLBS1,33745,Mahanthalingapura (Towards Koppa Gate),12.76681,77.61844,,nan
Maharaja Signal,nan,MHRJS,23938,Maharaja Signal (Towards Jakkasandra),12.93455,77.62968,,nan
Maharaja Signal,nan,MHRJS,23943,Maharaja Signal (Towards Sony World Signal),12.93434,77.62965,,nan
Maharani College,nan,CCC,20983,Maharani College (Towards Mysore Bank),12.97697,77.58567,,nan
Maharani College,nan,MHC,20981,Maharani College (Towards Corporation),12.97703,77.5858,,nan
Maharani College,nan,MHC,20982,Maharani College (Towards Account General Office),12.97903,77.5849,,nan
Maharani College,nan,MHC,20985,Maharani College (Towards Cauvery Bhavan),12.97907,77.58511,,nan
Mahathma Vidhyalaya Muttanalluru,nan,MUTNL,28631,Mahathma Vidhyalaya Muttanalluru (Towards Sollepura),12.83194,77.73502,,nan
Mahatma Gandhi Layout,nan,MGLV,39484,Mahatma Gandhi Layout (Towards Veerasagara),13.10061,77.55388,,nan
Mahatma Gandhi Layout,nan,MGLV,39485,Mahatma Gandhi Layout (Towards Dodda Bettahalli),13.10062,77.55391,,nan
Mahesh Medicals,nan,MSHM,28633,Mahesh Medicals (Towards Chikkalasandra Ramanjaneya Layout),12.91403,77.54998,,nan
Mahesh Medicals,nan,MSHM,33746,Mahesh Medicals (Towards Chikkalasandra),12.91409,77.55,,nan
Mahila Seva Samaja,nan,MSS1,22239,Mahila Seva Samaja (Towards National College),12.95362,77.57379,,nan
Mahila Seva Samaja,nan,MSS1,22240,Mahila Seva Samaja (Towards KR Market),12.95334,77.5736,,nan
Mahimapura Temple,nan,MHMT,28635,Mahimapura Temple (Towards T Begur),13.17861,77.29379,,nan
Mahimapura Temple,nan,MHMT,33747,Mahimapura Temple (Towards Dabaspete),13.17844,77.29368,,nan
Majara Hosahalli,nan,MZRHH,33890,Majara Hosahalli (Towards Jinke Bachahalli),13.25444,77.53467,,nan
Majara Hosahalli Cross,nan,MZH,33891,Majara Hosahalli Cross (Towards Rajanukunte),13.2485,77.54812,,nan
Makali,nan,MKL1,22241,Makali (Towards Jalahalli Cross),13.0658,77.45363,,nan
Makali,nan,MKL1,33748,Makali (Towards Nelamangala),13.06564,77.45325,,nan
Makali,nan,MKL1,33750,Makali (Towards Aluru),13.06555,77.45442,,nan
Makali Cross,nan,MKLC,33752,Makali Cross (Towards Mattahalli),13.06706,77.45182,,nan
Makali Cross Madhure Road,nan,MKLCMR,28644,Makali Cross Madhure Road (Towards Nelamangala),13.13412,77.40563,,nan
Makali Cross Madhure Road,nan,MKLCMR1,33753,Makali Cross Madhure Road (Towards Railway Gollahalli),13.13415,77.40558,,nan
Makali Govt High School,nan,MKLGH,28646,Makali Govt High School (Towards Makali),13.06889,77.45639,,nan
Makali Govt High School,nan,MKLGH,33754,Makali Govt High School (Towards Aluru),13.06894,77.45638,,nan
Makanahalli,nan,MKHCL2,28648,Makanahalli (Towards Hosakote),13.00967,77.8289,,nan
Makanahalli,nan,MKHCL2,33755,Makanahalli (Towards Paramanahalli),13.0097,77.82892,,nan
Makanahalli 1st stop,nan,MKHCL2,28650,Makanahalli 1st stop (Towards Vagata),13.00999,77.82839,,nan
Makanahalli 1st stop,nan,MKHCL2,33756,Makanahalli 1st stop (Towards Paramanahalli),13.00997,77.82842,,nan
Makanahalli Cross,nan,MKHCS1,28652,Makanahalli Cross (Towards Hosakote),13.01888,77.82967,,nan
Makanahalli Cross,nan,MKHCS1,33757,Makanahalli Cross (Towards Makanahalli),13.01873,77.82965,,nan
Makkala Koota,nan,MKLK,20986,Makkala Koota (Towards KR Market),12.95803,77.57385,,nan
Makkala Koota,nan,MKLK,20987,Makkala Koota (Towards Mahila seva samaja),12.95782,77.57393,,nan
Makkala Koota,nan,MKLK,22242,Makkala Koota (Towards National College),12.95664,77.57383,,nan
Makkala Koota,nan,MKLK2,22243,Makkala Koota (Towards Chamarajapet),12.9572,77.57311,,nan
Malagala,nan,MLGL,33758,Malagala (Towards Kalyana Nagara),12.97551,77.51533,,nan
Malagala,nan,MLGLC,28656,Malagala (Towards Summanahalli),12.97856,77.51502,,nan
Malagala,nan,MLGLC,33759,Malagala (Towards Nagarabhavi Circle),12.97863,77.51525,,nan
Malagala 1,nan,MLGL,34820,Malagala 1 (Towards Summanahalli),12.9754,77.51528,,nan
Malenahalli Bidaraguppe,nan,MALNLLI,28658,Malenahalli Bidaraguppe (Towards Bidaraguppe),12.80576,77.7968,,nan
Malenahalli Bidaraguppe,nan,MALNLLI,33760,Malenahalli Bidaraguppe (Towards Narasapura),12.80585,77.79669,,nan
Malenallasandra,nan,MNS2,28661,Malenallasandra (Towards Sakalavara),12.80688,77.60562,,nan
Malenallasandra,nan,MNS2,33761,Malenallasandra (Towards Begihalli),12.80662,77.6046,,nan
Malenallasandra,nan,MNS2,33762,Malenallasandra (Towards Tulips Resort),12.80661,77.60456,,nan
Malenallasandra,nan,MNS2,35225,Malenallasandra (Towards Koppa),12.80691,77.6056,,nan
Malenallasandra Junction,nan,SKVLG,23827,Malenallasandra Junction (Towards Koli form Gate),12.8354,77.58949,,nan
Malenallasandra Junction,nan,SKVLG,24126,Malenallasandra Junction (Towards Tulips Resort),12.8354,77.5893,,nan
Malgudi Layout,nan,MLGDLT,39812,Malgudi Layout (Towards Hennagara Gate),12.79524,77.68082,,nan
Malgudi Layout,nan,MLGDLT,39813,Malgudi Layout (Towards Hennagara),12.79518,77.6809,,nan
Maligenahalli Bidaluru,nan,MGDBDLP,28663,Maligenahalli Bidaluru (Towards Muddanayakanahalli),13.28697,77.69095,,nan
Maligenahalli Cross,nan,MLHC,28664,Maligenahalli Cross (Towards Kodalagurki),13.28762,77.70566,,nan
Maligondanahalli,nan,MLGNDH,28666,Maligondanahalli (Towards Ramohalli),12.91588,77.41532,,nan
Maligondanahalli,nan,MLGNDH,33764,Maligondanahalli (Towards Maligondanahalli),12.91595,77.41528,,nan
Mallaiahnapalya,nan,MLYNPL1,28668,Mallaiahnapalya (Towards Kadabagere Cross),12.98575,77.42728,,nan
Mallaiahnapalya,nan,MLYNPL1,33765,Mallaiahnapalya (Towards Giddenahalli),12.98569,77.42725,,nan
Mallapura,nan,MLP-3,33766,Mallapura (Towards I Basapura),13.20406,77.77996,,nan
Mallapura,nan,MLP-3,33767,Mallapura (Towards Sulibele),13.20396,77.78,,nan
Mallapura,nan,MLPR12,28671,Mallapura (Towards Nelamangala),13.07449,77.39966,,nan
Mallapura 1,nan,MLPR12,31392,Mallapura 1 (Towards Nelamangala),13.07451,77.39953,,nan
Mallapura Cross,nan,MLPRC,34821,Mallapura Cross (Towards Nelamangala),13.07278,77.3937,,nan
Mallapura Cross,nan,MLPRC2,33768,Mallapura Cross (Towards Sondekoppa),13.07282,77.39373,,nan
Mallarabanavadi Cross,nan,MBVDC2,28680,Mallarabanavadi Cross (Towards Nelamangala),13.0826,77.37155,,nan
Mallarabanavadi Cross,nan,MBVDC2,33771,Mallarabanavadi Cross (Towards Yantaganahalli),13.08246,77.37168,,nan
Mallasandra,nan,MLSDCR,33776,Mallasandra (Towards Makanahalli),13.00818,77.78415,,nan
Mallasandra,nan,MLSDR1,33774,Mallasandra (Towards Bhaktharahalli Cross),13.0082,77.7841,,nan
Mallasandra,nan,MLSDR1,33775,Mallasandra (Towards Thimmashettyhalli),13.0081,77.78412,,nan
Mallasandra,nan,MLSDR7,33777,Mallasandra (Towards Magadi),13.03522,77.15816,,nan
Mallasandra,nan,MLSNDR,33772,Mallasandra (Towards Tavarakere),13.00255,77.3942,,nan
Mallasandra,nan,MLSNDR,33773,Mallasandra (Towards Sondekoppa),13.00245,77.39422,,nan
Mallasandra Bagalakunte,nan,MLS,33778,Mallasandra Bagalakunte (Towards Chikkabanavara),13.05717,77.50943,,nan
Mallasandra Bus Stand (Charging Point),nan,MLSB,39168,Mallasandra Bus Stand (Charging Point) (Towards Last Stop),13.05925,77.50719,,nan
Mallasandra Health Center,nan,MHC5,28691,Mallasandra Health Center (Towards Jalahalli Cross),13.05342,77.51184,,nan
Mallasandra Health Center,nan,MHC5,33779,Mallasandra Health Center (Towards Mallasandra Bagalagunte),13.05325,77.51174,,nan
Mallasandra Poorvankara Apartment,nan,MLSPR,33780,Mallasandra Poorvankara Apartment (Towards Holiday Village Apartment),12.85307,77.54488,,nan
Mallathahalli,nan,MLH56,28697,Mallathahalli (Towards Ganakal),12.86117,77.36232,,nan
Mallathahalli,nan,MLT5,33781,Mallathahalli (Towards Kengunte Village),12.95884,77.50063,,nan
Mallathahalli,nan,MLT5,33782,Mallathahalli (Towards Mallathahalli Cross),12.95894,77.50059,,nan
Mallathahalli Cross,nan,MLH20,28700,Mallathahalli Cross (Towards Ganakal),12.8671,77.36156,,nan
Mallathahalli Cross,nan,MLH20,33785,Mallathahalli Cross (Towards Dodderi),12.86716,77.36154,,nan
Mallathahalli Cross,nan,MRTALY,22244,Mallathahalli Cross (Towards Bengaluru University Quarters),12.9575,77.50327,,nan
Mallathahalli Cross,nan,MRTALY,22245,Mallathahalli Cross (Towards Kengunte),12.95782,77.50321,,nan
Mallathahalli Cross,nan,MRTALY,33784,Mallathahalli Cross (Towards Mallathahalli),12.95775,77.50284,,nan
Mallayappanahalli,nan,MLPH1,28702,Mallayappanahalli (Towards Bisanahalli),13.14797,77.88356,,nan
Mallayappanahalli,nan,MLPH1,33786,Mallayappanahalli (Towards D Shettyhalli),13.14781,77.88301,,nan
Malleshpalya,nan,MLSPLY1,22246,Malleshpalya (Towards BEML Gate),12.97477,77.67028,,nan
Malleshpalya,nan,MLSPLY1,23542,Malleshpalya (Towards Malleshpalya),12.97481,77.67025,,nan
Malleshpalya New Bus Station(Vignananagar),nan,MLSPY,28703,Malleshpalya New Bus Station(Vignananagar) (Towards HAL),12.97274,77.67796,,nan
Malleshpalya New Bus Station(Vignananagar),nan,MLSPY,37193,Malleshpalya New Bus Station(Vignananagar) (Towards BEML),12.97269,77.67765,,nan
Malleshwam 18th Cross,nan,MLSW18C,29391,Malleshwam 18th Cross (Towards Tata Institute),13.009,77.57134,,nan
Malleshwara 13th Cross (8th Main Road),nan,MLM13,22871,Malleshwara 13th Cross (8th Main Road) (Towards Malleshwara Circle),13.00333,77.56531,,nan
Malleshwara 8th Cross,nan,MLM8,20589,Malleshwara 8th Cross (Towards Kempegowda Bus Station),12.99969,77.56933,,nan
Malleshwara 8th Cross (8th Main KBS),nan,MLM8C1,22939,Malleshwara 8th Cross (8th Main KBS) (Towards Malleshwara 8th Main),13.0001,77.56551,,nan
Malleshwara 8th Cross (8th Main),nan,MLM8C1,22940,Malleshwara 8th Cross (8th Main) (Towards Yeshwanthapura),13.00003,77.56544,,nan
Malleshwara 8th Cross (Sampige Road),nan,MLM8,20590,Malleshwara 8th Cross (Sampige Road) (Towards Yeshwanthapura),13.00009,77.57131,,nan
Malleshwara Bus Stand,nan,MLM18C1,22787,Malleshwara Bus Stand (Towards Kempegowda Bus Station),13.00872,77.56909,,nan
Malleshwara Circle,nan,MALLC,28704,Malleshwara Circle (Towards Malleshwara 8th Main),12.99713,77.56844,,nan
Malleshwara Circle,nan,MLMC,20988,Malleshwara Circle (Towards Yashwanthapura),12.99782,77.5714,,nan
Malleshwara Circle,nan,MLMC,20989,Malleshwara Circle (Towards Link Road),12.99727,77.56945,,nan
Malleshwara Circle,nan,MLMC2,20990,Malleshwara Circle (Towards Navarang),12.99676,77.56877,,nan
Malleshwara Circle,nan,MLMC2,20991,Malleshwara Circle (Towards Kempegowda Bus Station‌),12.9969,77.56866,,nan
Malleshwara Railway Station,nan,RLYSM,27848,Malleshwara Railway Station (Towards Milk Colony),13.00075,77.56321,,nan
Malleshwara Railway Station,nan,RLYSM,34326,Malleshwara Railway Station (Towards Srirampura),13.00068,77.56332,,nan
Malleshwaram 11th Cross,nan,MLM11C,20562,Malleshwaram 11th Cross (Towards Kempegowda Bus Station),13.00238,77.5693,,nan
Malleshwaram 13th Cross,nan,MLM13th,20564,Malleshwaram 13th Cross (Towards Kempegowda Bus Station),13.00408,77.56923,,nan
Malleshwaram 13th Cross  (8th Mian),nan,MLM13,22872,Malleshwaram 13th Cross  (8th Mian) (Towards Yeshwanthapura bus station),13.00323,77.56526,,nan
Malleshwaram 15th Cross,nan,MLM15,20570,Malleshwaram 15th Cross (Towards Yeshwanthapura),13.00541,77.57119,,nan
Malleshwaram 15th Cross(8th Main),nan,MLM15thC,29383,Malleshwaram 15th Cross(8th Main) (Towards Malleshwaram Circle),13.00718,77.56424,,nan
Malleshwaram 15th Cross(8th Main),nan,MLM15thC,35424,Malleshwaram 15th Cross(8th Main) (Towards Yeshwanthapura Police Station),13.00715,77.56423,,nan
Malleshwaram 18th Cross,nan,MLM18C1,20573,Malleshwaram 18th Cross (Towards Malleshwara Circle),13.00894,77.56918,,nan
Malleshwaram 18th Cross,nan,MLSW18C,20574,Malleshwaram 18th Cross (Towards Yashwanthapura Bus station),13.00906,77.57112,,nan
Malleshwaram 18th Cross,nan,MLSW18C,35603,Malleshwaram 18th Cross (Towards R M Guttahalli),13.00917,77.57137,,nan
Malleshwaram 18th Cross (Malleshwaram 8th Main),nan,MLM 18thC,35601,Malleshwaram 18th Cross (Malleshwaram 8th Main) (Towards Yashwanthapura Bus Stand),13.01,77.56254,,nan
Malleshwaram 18th Cross (Malleshwaram 8th Main),nan,MLM18C,35602,Malleshwaram 18th Cross (Malleshwaram 8th Main) (Towards Malleshwaram 8th Main),13.01005,77.56255,,nan
Malleshwaram11th Cross,nan,MLM11C,20561,Malleshwaram11th Cross (Towards Malleshwaram 18th Cross),13.00233,77.57133,,nan
Mallige Hospital,nan,MLLGH,21564,Mallige Hospital (Towards Wilson Garden),12.94762,77.59124,,nan
Mallige Hospital,nan,MLLGH,21565,Mallige Hospital (Towards Ashoka Pillar),12.9478,77.59193,,nan
Malligenahalli Cross,nan,MLHC,30306,Malligenahalli Cross (Towards Rani Circle),13.28758,77.70576,,nan
Mallimakanapura,nan,MKHG-1,28711,Mallimakanapura (Towards H Cross),13.12694,77.84731,,nan
Mallimakanapura,nan,MKHG-1,33788,Mallimakanapura (Towards Hosakote),13.12694,77.84734,,nan
Mallipalya,nan,MKPLR,28713,Mallipalya (Towards Naganayakanahalli),12.79604,77.47432,,nan
Mallipalya,nan,MKPLR,33790,Mallipalya (Towards Mallipalya),12.79601,77.47429,,nan
Mallohalli,nan,MLHL,28715,Mallohalli (Towards Kadanuru),13.23059,77.45108,,nan
Mallohalli,nan,MLHL,33791,Mallohalli (Towards Chikka Madhure),13.23061,77.45114,,nan
Mallohalli Cross,nan,MLCRS,28717,Mallohalli Cross (Towards Madhure),13.21876,77.45084,,nan
Mallohalli Cross,nan,MLCRS,33792,Mallohalli Cross (Towards Muppadighatta),13.21872,77.45082,,nan
Mallohallipalya,nan,MLHP,28719,Mallohallipalya (Towards Mallohalli),13.23028,77.45657,,nan
Mallohallipalya,nan,MLPH11,33793,Mallohallipalya (Towards Kadanuru),13.2304,77.45642,,nan
Malluru,nan,MLR2,28721,Malluru (Towards Kothaganahalli),13.01018,77.29271,,nan
Malluru,nan,MLR2,33794,Malluru (Towards Motaganahalli),13.01021,77.29272,,nan
Malya Adithi School,nan,MASCHL,33795,Malya Adithi School (Towards Last Point),13.10166,77.58298,,nan
Managal,nan,MNGL1,28725,Managal (Towards Magadi),12.91249,77.20467,,nan
Managal,nan,MNGL1,33796,Managal (Towards Balenahalli),12.91253,77.20473,,nan
Managanahalli Kankapura Road,nan,MNGHKM,28727,Managanahalli Kankapura Road (Towards Hugarahalli),12.72776,77.4684,,nan
Managanahalli Kankapura Road,nan,MNGHKM,33797,Managanahalli Kankapura Road (Towards Kaggalahalli),12.7278,77.46839,,nan
Manasa Nagara,nan,MNSNGR,22248,Manasa Nagara (Towards Nagarabhavi Circle),12.95925,77.51674,,nan
Manasa Nagara,nan,MNSNGR,22249,Manasa Nagara (Towards AIT College),12.95881,77.51683,,nan
Manchanabele,nan,MCNB,28729,Manchanabele (Towards Dabbaguli),12.86706,77.33449,,nan
Manchanabele,nan,MCNB,33798,Manchanabele (Towards Manchanabele Dam Cross),12.86711,77.33455,,nan
Manchanabele Colony,nan,MCBC,38917,Manchanabele Colony (Towards Vahale Gate),12.87024,77.33563,,nan
Manchanabele Dam Cross,nan,MCNBDC,28731,Manchanabele Dam Cross (Towards Manchanabele),12.87149,77.3397,,nan
Manchanabele Dam Cross,nan,MCNBDC,33799,Manchanabele Dam Cross (Towards Gollahalli),12.87151,77.33964,,nan
Manchanabele School,nan,MCBLS,28732,Manchanabele School (Towards Manchanabele),12.87008,77.33715,,nan
Manchanahalli,nan,MNH,28736,Manchanahalli (Towards Mayasandra),12.76671,77.75353,,nan
Manchanahalli Cross,nan,MNHC,33803,Manchanahalli Cross (Towards Manchanahalli),12.77514,77.7701,,nan
Manchanayakanahalli Gate,nan,WNDLG,20992,Manchanayakanahalli Gate (Towards Wonder La Park),12.83494,77.41386,,nan
Manchanayakanahalli Gate,nan,WNDLG,21284,Manchanayakanahalli Gate (Towards Kengeri),12.83476,77.41421,,nan
Manchanayakanahalli Gate,nan,WNDLG,21566,Manchanayakanahalli Gate (Towards Bidadi),12.83455,77.41472,,nan
Manchanayakanahalli School,nan,SMNHL1,21162,Manchanayakanahalli School (Towards Wonder La),12.83736,77.40939,,nan
Manchanayakanahalli School,nan,SMNHL1,21163,Manchanayakanahalli School (Towards Wonder La Gate),12.83731,77.40944,,nan
Manchappanahalli Cross,nan,MNCHPGT1,22251,Manchappanahalli Cross (Towards Bagaluru),13.13527,77.72547,,nan
Manchappanahalli Cross,nan,MNCPGT,22250,Manchappanahalli Cross (Towards Budigere),13.13515,77.72619,,nan
Manchappanahalli Gate,nan,MCHG-1,28739,Manchappanahalli Gate (Towards Devanahalli),13.14363,77.72931,,nan
Manchappanahalli Gate,nan,MCHG-1,31394,Manchappanahalli Gate (Towards Budigere),13.14365,77.72936,,nan
Manchappanahalli Village,nan,MPHLI,28741,Manchappanahalli Village (Towards Singahalli),13.14165,77.72624,,nan
Manchappanahalli Village,nan,MPHLI,33804,Manchappanahalli Village (Towards Hosahalli),13.14161,77.72624,,nan
Manchegowdanapalya,nan,MGP0,33805,Manchegowdanapalya (Towards Bennahalli),12.72418,77.38075,,nan
Manchegowdanapalya,nan,MGP0,35840,Manchegowdanapalya (Towards Heggadagere),12.72413,77.38072,,nan
Manchenahalli,nan,MNCHL,28745,Manchenahalli (Towards Manchenahalli Cross),13.03492,77.35782,,nan
Manchenahalli,nan,MNCHL,33806,Manchenahalli (Towards Sondekoppa),13.03497,77.35779,,nan
Mandigere,nan,MNDGR1,28750,Mandigere (Towards NH-4),13.16467,77.36954,,nan
Mandur,nan,MDR,28752,Mandur (Towards Budigere),13.08219,77.73857,,nan
Mandur,nan,MDR-1,33809,Mandur (Towards Budigere Cross),13.08221,77.73862,,nan
Mangammanapalya,nan,MGP1,28753,Mangammanapalya (Towards Bommanahalli),12.90725,77.63505,,nan
Manganahalli,nan,MNGH,28755,Manganahalli (Towards Manganahalli),12.95415,77.46935,,nan
Manganahalli,nan,MNGH,33810,Manganahalli (Towards Vidyaniketan Public School),12.95419,77.46934,,nan
Manganahalli Cross,nan,MNGHC1,20993,Manganahalli Cross (Towards Vidyaniketan Public School),12.9527,77.48407,,nan
Manganahalli Cross,nan,MNGHC1,20994,Manganahalli Cross (Towards Manganahalli),12.95265,77.48418,,nan
Maniksha Parade Ground,nan,MNHPG,22252,Maniksha Parade Ground (Towards Shivaji Nagara),12.97746,77.60771,,nan
Maniksha Parade Ground,nan,MNHPG,22253,Maniksha Parade Ground (Towards Halasuru),12.97773,77.60747,,nan
Manipal Centre,nan,MNIPLC,28757,Manipal Centre (Towards Hasanath College),12.97585,77.61452,,nan
Manipal Centre,nan,MPCMR,22254,Manipal Centre (Towards MG Road),12.97493,77.61436,,nan
Manipal Centre MG Road,nan,MC,22255,Manipal Centre MG Road (Towards Shivaji Nagara),12.97552,77.61356,,nan
Manipal Centre MG Road,nan,MC,22256,Manipal Centre MG Road (Towards Halasuru),12.97571,77.61358,,nan
Manjunatha Kalyana Mantapa,nan,MKM,28759,Manjunatha Kalyana Mantapa (Towards Ganigarapalya),12.87459,77.53813,,nan
Manjunatha Kalyana Mantapa,nan,MKM,33811,Manjunatha Kalyana Mantapa (Towards Raghuvanahalli Cross),12.87474,77.5381,,nan
Manjunatha Nagara,nan,MJNR2,33813,Manjunatha Nagara (Towards ullalu),12.98205,77.4811,,nan
Manjunatha Nagara,nan,MJNR2,35132,Manjunatha Nagara (Towards Byadarahalli),12.9821,77.48104,,nan
Manjunatha Nagara,nan,MJNR2,35315,Manjunatha Nagara (Towards Bharath Nagara 1st Phase),12.98212,77.48112,,nan
Manjunatha Nagara,nan,MNJURC,20995,Manjunatha Nagara (Towards Vijayanagara),12.99593,77.55068,,nan
Manjunatha Nagara,nan,MNJURC,22257,Manjunatha Nagara (Towards Yashwanthapura bus station),12.99548,77.55068,,nan
Manjunatha Nagara,nan,MNN8,33812,Manjunatha Nagara (Towards Shivanahalli),12.99145,77.54288,,nan
Manjunatha Nagara,nan,MNN8,33814,Manjunatha Nagara (Towards Basaveshwara Nagara 3rd Stage),12.99156,77.54296,,nan
Manjunatha Nagara,nan,TVKGT,28764,Manjunatha Nagara (Towards Tavarakere),12.96433,77.40378,,nan
Manjunatha Nagara,nan,TVKGT,33815,Manjunatha Nagara (Towards Puttaiahnapalya Cross),12.96436,77.40374,,nan
Manjunathanagara Metro Station,nan,MNMS,39975,Manjunathanagara Metro Station (Towards Jalahalli Cross),13.05002,77.49419,,nan
Manjushree Garments PSS,nan,MNJSG,36491,Manjushree Garments PSS (Towards Peenya 2 Stage),13.01393,77.49938,,nan
Manjushree Hospital,nan,MSH,28766,Manjushree Hospital (Towards Kaval Byrasandra),13.02136,77.60704,,nan
Manjushree Hospital,nan,MSH1,33816,Manjushree Hospital (Towards R T Nagara Police Station),13.02131,77.60708,,nan
Manorayanapalya,nan,MRP2,23348,Manorayanapalya (Towards Manorayanapalya),13.02889,77.60169,,nan
Manorayanapalya,nan,MRP2,24177,Manorayanapalya (Towards Sultanpalya),13.02903,77.60169,,nan
Manpho Layout,nan,MPLO,39289,Manpho Layout (Towards Last Stop),13.12228,77.67576,,nan
Mantanakurchi,nan,MTK,28768,Mantanakurchi (Towards Mantanakurchi),13.04352,77.38411,,nan
Mantanakurchi,nan,MTK,33817,Mantanakurchi (Towards Sondekoppa),13.0443,77.38459,,nan
Mantapa Cross,nan,MTPC,22779,Mantapa Cross (Towards Jigani),12.80303,77.59615,,nan
Mantapa Cross,nan,MTPC,22780,Mantapa Cross (Towards Bannerughatta Circle),12.80286,77.5962,,nan
Mantri Alpyne Apartment,nan,MAC1,28771,Mantri Alpyne Apartment (Towards Uttarahalli),12.90449,77.5271,,nan
Mantri Alpyne Apartment,nan,MAC1,28772,Mantri Alpyne Apartment (Towards Channasandra),12.90453,77.52725,,nan
Mantri Layout (M L A LAYOUT),nan,MNTLO,28775,Mantri Layout (M L A LAYOUT) (Towards Mattahalli),13.08449,77.44776,,nan
Mantri Layout (M L A LAYOUT),nan,MNTLO,33819,Mantri Layout (M L A LAYOUT) (Towards Makali),13.08448,77.4478,,nan
Mantri Mall,nan,SMPTKS,39434,Mantri Mall (Towards Yeshwanthapura Bus Station),12.99153,77.57152,,nan
Manuvana,nan,MNVA,20996,Manuvana (Towards Vijayanagara),12.97401,77.54656,,nan
Manuvana,nan,MNVA,20997,Manuvana (Towards Magadi Road Tollgate),12.97431,77.54454,,nan
Manuvana,nan,MNVNA,39567,Manuvana (Towards Kempegowda Bus Stand),12.97448,77.54483,,nan
Manyatha Tech Park,nan,MYBP,20998,Manyatha Tech Park (Towards Tin Factory),13.0412,77.62095,,nan
Manyatha Tech Park,nan,MYBP,20999,Manyatha Tech Park (Towards Hebbala),13.04106,77.61999,,nan
Maragondanahalli,nan,MNGHLI,33820,Maragondanahalli (Towards K Narayanapura),13.0372,77.69297,,nan
Maragondanahalli,nan,MNGHLI,33822,Maragondanahalli (Towards Reddy Layout),13.03735,77.693,,nan
Maragondanahalli,nan,MRGHC,33821,Maragondanahalli (Towards Suradenapura Cross),13.20293,77.5762,,nan
Maragondanahalli Cross,nan,MGDHLC,33824,Maragondanahalli Cross (Towards Tavarakere),12.93485,77.4314,,nan
Maragondanahalli Cross,nan,MGDHLC,33825,Maragondanahalli Cross (Towards Kommaghatta),12.93493,77.4314,,nan
Maralakunte,nan,MRKT1,22258,Maralakunte (Towards Budigere),13.13225,77.70593,,nan
Maralakunte,nan,MRKT1,22259,Maralakunte (Towards Bagaluru),13.13241,77.70526,,nan
Maralakunte Colony,nan,MRC2,38067,Maralakunte Colony (Towards Last Stop),13.12943,77.70565,,nan
Maralugondla Cross,nan,MRLGLC,33828,Maralugondla Cross (Towards Thippagondanahalli),12.94743,77.27132,,nan
Maralugondla Cross,nan,MRLGLC1,28795,Maralugondla Cross (Towards Magadi),12.9474,77.27138,,nan
Maramma Temple,nan,MRMTMP,28797,Maramma Temple (Towards Sirsi Circle),12.96314,77.55906,,nan
Maramma Temple,nan,MRMTMP,33829,Maramma Temple (Towards Jaga Jeevan Ram Nagara),12.96291,77.55872,,nan
Maramma Temple Halage Vaderahalli,nan,HLGVDH,28799,Maramma Temple Halage Vaderahalli (Towards BHEL Layout),12.92279,77.51438,,nan
Maramma Temple Halage Vaderahalli,nan,HLGVDH,33830,Maramma Temple Halage Vaderahalli (Towards RR Gate),12.92273,77.51429,,nan
Maramma Temple Hegganahalli,nan,HGHMT,21000,Maramma Temple Hegganahalli (Towards Sunkadakatte),12.99462,77.5043,,nan
Maranagere,nan,MRGR1,23407,Maranagere (Towards Shivanapura),12.88233,77.8522,,nan
Maranagere,nan,MRGR1,23410,Maranagere (Towards Chikka Thirupathi),12.88227,77.85212,,nan
Maranayakanahalli,nan,MRNK1,28801,Maranayakanahalli (Towards Huttanahalli),13.16804,77.64835,,nan
Maranayakanahalli,nan,MRNK1,33831,Maranayakanahalli (Towards Doddajala),13.16801,77.64832,,nan
Marappa Garden,nan,MRPG,28802,Marappa Garden (Towards Marappa Garden),13.00439,77.59974,,nan
Marasandra,nan,MRS,33832,Marasandra (Towards Maralakunte),13.09961,77.71519,,nan
Marasandra,nan,MRS,33833,Marasandra (Towards Avalahalli),13.09966,77.71519,,nan
Marasandra,nan,MRSCMT,28808,Marasandra (Towards Bandaiahana palya),13.20021,77.44282,,nan
Marasandra,nan,MRSCMT,33836,Marasandra (Towards Kanasawadi),13.20016,77.44278,,nan
Marasandra,nan,MRSD1,33835,Marasandra (Towards Domlur),12.98074,77.87469,,nan
Marasandra Circle,nan,MRSNDC,33838,Marasandra Circle (Towards Dodda Tumkur),13.22273,77.54935,,nan
Marasandra Circle,nan,MSDC,28810,Marasandra Circle (Towards Rajanukunte),13.22281,77.54973,,nan
Marasandra Circle,nan,MSDC,33837,Marasandra Circle (Towards Doddaballapura),13.22269,77.54963,,nan
Marasandra Gate,nan,MRSDGT,28813,Marasandra Gate (Towards Medahalli),12.98431,77.87375,,nan
Marasandra Gate,nan,MRSDGT,33839,Marasandra Gate (Towards Marasandra),12.98446,77.87381,,nan
Marasandra Govt School,nan,MRSNDGS,28815,Marasandra Govt School (Towards Doddaballapura),13.23098,77.55013,,nan
Marasandra Govt School,nan,MRSNDGS,33840,Marasandra Govt School (Towards Rajanukunte),13.23113,77.55027,,nan
Marasur Gate,nan,MARGT,23837,Marasur Gate (Towards RK Form),12.76983,77.70145,,nan
Marasur Madivala,nan,HLESOR,28818,Marasur Madivala (Towards Bandapura),12.76174,77.72307,,nan
Marasur Madivala,nan,HLESOR,33842,Marasur Madivala (Towards Marasur Gate),12.76156,77.7231,,nan
Marasur Madivala,nan,MSRMDL,33841,Marasur Madivala (Towards Balageranahalli Cross),12.77344,77.72852,,nan
Marathahalli,nan,MRH,22260,Marathahalli (Towards Varthuru),12.95626,77.69409,,nan
Marathahalli,nan,MRH,22261,Marathahalli (Towards Domlur),12.95611,77.69372,,nan
Marathahalli Bridge,nan,MTDB,33843,Marathahalli Bridge (Towards Hebbala),12.95488,77.70053,,nan
Marathahalli Bridge,nan,MTHB-1,22662,Marathahalli Bridge (Towards Kempegowda Bus Station),12.95694,77.70062,,nan
Marathahalli Bridge,nan,MTHB-1,22668,Marathahalli Bridge (Towards Varthuru),12.9569,77.70215,,nan
Marathahalli Bridge,nan,MTHB-1,35409,Marathahalli Bridge (Towards Kadu bisanahalli),12.95671,77.70131,,nan
Marathahalli Bridge,nan,MTHB-1,37596,Marathahalli Bridge (Towards Tin Factory),12.95715,77.70096,,nan
Maregowdana Doddy,nan,MRNDDI,28824,Maregowdana Doddy (Towards Veeregowdana Doddy),12.8878,77.28027,,nan
Maregowdana Doddy,nan,MRNDDI,28825,Maregowdana Doddy (Towards Matha Village),12.88785,77.28029,,nan
Marenahalli,nan,MRHJPN1,35074,Marenahalli (Towards Jayanagara Bus Sation),12.91552,77.58575,,nan
Marenahalli,nan,MRHJPN1,35080,Marenahalli (Towards JP Nagara 1st Phase),12.9149,77.58588,,nan
Marenahalli,nan,MRHL2,35157,Marenahalli (Towards Chokkanahalli),13.1196,77.67869,,nan
Marenahalli,nan,MRHL2,35318,Marenahalli (Towards Bagaluru),13.11958,77.67866,,nan
Marenahalli,nan,MRNH1,28827,Marenahalli (Towards Saraswathi Nagara),12.96983,77.53228,,nan
Marenahalli,nan,MRNH1,33845,Marenahalli (Towards Vijayanagara),12.96993,77.53215,,nan
Marenahalli,nan,MRNH2,21567,Marenahalli (Towards Tavarakere),12.97376,77.3631,,nan
Marenahalli,nan,MRNH2,21568,Marenahalli (Towards Magadi),12.97365,77.36327,,nan
Marenahalli Bande,nan,MRHB1,28828,Marenahalli Bande (Towards Marenahalli Bande),13.11026,77.68077,,nan
Marenahalli Gate,nan,MRNHB,28831,Marenahalli Gate (Towards Marenahalli),13.13318,77.67031,,nan
Marenahalli Gate,nan,MRNHB,33846,Marenahalli Gate (Towards Bagaluru),13.13322,77.67019,,nan
Marenahalli Petrol Bunk(Ragigudda Metro Station),nan,MRNHPB,21005,Marenahalli Petrol Bunk(Ragigudda Metro Station) (Towards Banashankari bus station),12.91688,77.58858,,nan
Marenahalli Petrol Bunk(Ragigudda Metro Station),nan,MRNHPB,21006,Marenahalli Petrol Bunk(Ragigudda Metro Station) (Towards Central Silk Board),12.9172,77.58948,,nan
Marigowdanapalya,nan,MGPMD,28834,Marigowdanapalya (Towards Mahadevapura),13.04172,77.31507,,nan
Marigowdanapalya,nan,MGPMD,33847,Marigowdanapalya (Towards Motaganahalli),13.04168,77.31512,,nan
Marikuppe Cross,nan,MRKP7,28838,Marikuppe Cross (Towards Thirumalapura),13.02517,77.29393,,nan
Marikuppe Cross,nan,MRKP7,33849,Marikuppe Cross (Towards Marikuppe),13.02522,77.29389,,nan
Marison Factory,nan,MF,22263,Marison Factory (Towards Jalahalli Cross),13.05049,77.49285,,nan
Marison Factory,nan,MF,28839,Marison Factory (Towards Nelamangala),13.0502,77.49252,,nan
Mariyannanapalya,nan,MRNP,28842,Mariyannanapalya (Towards Dasarahalli Hebbal),13.04928,77.61186,,nan
Mariyannanapalya,nan,MRNP,33850,Mariyannanapalya (Towards Veerannapalya),13.04932,77.61187,,nan
Mariyappanapalya,nan,MARPLA,22264,Mariyappanapalya (Towards Kenchanapura Cross),12.94522,77.49553,,nan
Mariyappanapalya,nan,MARPLA,22265,Mariyappanapalya (Towards PVP School),12.94526,77.49539,,nan
Mariyappanapalya,nan,MRYPL,21007,Mariyappanapalya (Towards Navarang),12.99858,77.55574,,nan
Mariyappanapalya,nan,MRYPL,21008,Mariyappanapalya (Towards Malleshwaram),12.99862,77.55652,,nan
Marnami Doddy,nan,MRNMDI,28848,Marnami Doddy (Towards Kodiyala),12.78711,77.45917,,nan
Marnami Doddy,nan,MRNMDI,33852,Marnami Doddy (Towards Karenahalli),12.78714,77.45908,,nan
Marsuru,nan,MRSR,28850,Marsuru (Towards Marasur Gate),12.76198,77.71376,,nan
Marsuru,nan,MRSR,33853,Marsuru (Towards Hale Ooru),12.76198,77.71383,,nan
Marsuru Gate,nan,MARGT,35249,Marsuru Gate (Towards Ramakrishnapura Gate),12.7698,77.70142,,nan
Marsuru Madivala,nan,MSRMDL,28852,Marsuru Madivala (Towards Bandapura),12.77345,77.72861,,nan
Maruru,nan,MRR1,33854,Maruru (Towards Magadi),13.06699,77.16149,,nan
Maruru Handpost,nan,MRRHP1,33855,Maruru Handpost (Towards Magadi),13.05698,77.1595,,nan
Maruthi Badavane,nan,MARTBD,35110,Maruthi Badavane (Towards Bilavaradahalli),12.83994,77.58055,,nan
Maruthi Badavane,nan,MARTBD,35229,Maruthi Badavane (Towards Koli Form Gate),12.84005,77.58062,,nan
Maruthi Badavane Dasarahalli,nan,MRTB1,26605,Maruthi Badavane Dasarahalli (Towards Military Dairy Farm),13.05543,77.60782,,nan
Maruthi Badavane Dasarahalli,nan,MRTB1,28857,Maruthi Badavane Dasarahalli (Towards Dasarahalli),13.05549,77.60773,,nan
Maruthi Badavane Nelamangala,nan,MBNMG,28859,Maruthi Badavane Nelamangala (Towards Nelamangala),13.1015,77.40109,,nan
Maruthi Circle,nan,MRTC,21009,Maruthi Circle (Towards Hanumanthanagara Ward Office),12.94348,77.55851,,nan
Maruthi Farma,nan,MrtFrma,39449,Maruthi Farma (Towards Dombarahalli),13.05254,77.45986,,nan
Maruthi Farma,nan,MrtFrma,39450,Maruthi Farma (Towards Siddanahosahalli),13.05242,77.4598,,nan
Maruthi Mandira,nan,MMNDRA,21010,Maruthi Mandira (Towards Attiguppe),12.96784,77.53629,,nan
Maruthi Mandira,nan,MMNDRA,21011,Maruthi Mandira (Towards Vijayanagara),12.96783,77.53611,,nan
Maruthi Markandeyanagara,nan,MMKN,33857,Maruthi Markandeyanagara (Towards Maruthi Markandeya Nagara),12.99779,77.50909,,nan
Maruthi Nagara,nan,KOMNR,33860,Maruthi Nagara (Towards Kodigehalli),13.05887,77.58107,,nan
Maruthi Nagara,nan,KOMNR,33861,Maruthi Nagara (Towards Kodigehalli Gate),13.05875,77.58292,,nan
Maruthi Nagara,nan,MRTH,22266,Maruthi Nagara (Towards Kogilu),13.10445,77.60632,,nan
Maruthi Nagara,nan,MRTH,22267,Maruthi Nagara (Towards Kogilu Cross),13.10438,77.60633,,nan
Maruthi Nagara,nan,MRTN,33862,Maruthi Nagara (Towards Nagarahole Nagara),12.99124,77.49417,,nan
Maruthi Nagara,nan,MRTN,33863,Maruthi Nagara (Towards Herohalli Cross),12.99131,77.49426,,nan
Maruthi Nagara,nan,MRTNG1,33864,Maruthi Nagara (Towards Kenchanapura Cross),12.93983,77.47944,,nan
Maruthi Nagara,nan,MRTNG1,33865,Maruthi Nagara (Towards Kengeri Club),12.93992,77.47956,,nan
Maruthi Nagara,nan,MRTNJGN,33858,Maruthi Nagara (Towards Bommasandra),12.79194,77.65788,,nan
Maruthi Nagara,nan,MRTNJGN,33859,Maruthi Nagara (Towards Jigani),12.7914,77.65766,,nan
Maruthi Nagara,nan,MTHYNGR,21569,Maruthi Nagara (Towards Mudalapalya),12.96178,77.5217,,nan
Maruthi Nagara,nan,MTHYNGR,22268,Maruthi Nagara (Towards Nagarabhavi Circle),12.96176,77.52189,,nan
Maruthi School,nan,MRTSC1,22271,Maruthi School (Towards Indian Oil),13.00957,77.64327,,nan
Maruthi School,nan,MRTSC1,33869,Maruthi School (Towards Kalyana Nagara),13.00948,77.64318,,nan
Maruthi School,nan,MRTSHL,22269,Maruthi School (Towards Banasawadi),13.0098,77.64406,,nan
Maruthi School,nan,MRTSHL,22270,Maruthi School (Towards ITC Factory),13.00955,77.64413,,nan
Maruthi School,nan,MTSCKT,28877,Maruthi School (Towards KR Market),12.88121,77.5758,,nan
Maruthi School,nan,MTSCKT,33870,Maruthi School (Towards Kothanuru),12.88128,77.57587,,nan
Maruthi Sevanagara,nan,MRTSVNG1,22272,Maruthi Sevanagara (Towards Banasawadi),13.00266,77.63461,,nan
Maruthi Sevanagara,nan,MRTSVNG1,22273,Maruthi Sevanagara (Towards Coles Park),13.00234,77.63427,,nan
Maruthi Temple Kamalanagara,nan,rw125,28879,Maruthi Temple Kamalanagara (Towards Shankar Mutt),12.99497,77.53545,,nan
Maruthi Temple Kamalanagara,nan,rw125,33871,Maruthi Temple Kamalanagara (Towards Shankarnag Bus Stand),12.99492,77.53549,,nan
Maruthinagara,nan,CSSN,24380,Maruthinagara (Towards Sahakaranagara Police Station),13.05893,77.58111,,nan
Maruthinagara Malleshpalya,nan,MRNG7,28872,Maruthinagara Malleshpalya (Towards BEML Gate),12.97332,77.67504,,nan
Maruthinagara Malleshpalya,nan,MRNG7,33867,Maruthinagara Malleshpalya (Towards Malleshpalya),12.97337,77.675,,nan
Mary Immaculate School,nan,MISL,39134,Mary Immaculate School (Towards Chakkalatti),13.12589,77.66795,,nan
Mary Immaculate School,nan,MISL,39135,Mary Immaculate School (Towards Bagaluru),13.12579,77.66782,,nan
Masthenahalli,nan,MSHHSR),28882,Masthenahalli (Towards Masthenahalli),12.78735,77.6662,,nan
Masthenahalli,nan,MSHHSR),33872,Masthenahalli (Towards Hennagara),12.78742,77.66634,,nan
Mata Mallasandra,nan,MTME,22274,Mata Mallasandra (Towards Chikka Thirupathi),12.94782,77.83361,,nan
Mata Mallasandra,nan,MTME,22275,Mata Mallasandra (Towards Dunnasandra Cross),12.94778,77.83359,,nan
Matadahalli,nan,MTH1,23342,Matadahalli (Towards R T Nagara),13.01364,77.59362,,nan
Matadahalli,nan,MTH1,23789,Matadahalli (Towards J C Nagara),13.01366,77.59365,,nan
Mathikere,nan,MTKR,22276,Mathikere (Towards Yashwanthapura bus station),13.03467,77.55748,,nan
Mathikere,nan,MTKR,22277,Mathikere (Towards BEL Circle),13.03455,77.55741,,nan
Mathikere,nan,MTKR,33881,Mathikere (Towards Chowdeshwari Bus Stand (JP Park)),13.03534,77.55758,,nan
Mathikere,nan,MTKR2,28898,Mathikere (Towards Hebbala),13.03466,77.55705,,nan
Mathikere Aralimara,nan,MTKRH,28900,Mathikere Aralimara (Towards Magadi),12.89005,77.17781,,nan
Mathikere Aralimara,nan,MTKRH,33882,Mathikere Aralimara (Towards Heligehalli Colony),12.89008,77.17784,,nan
Mathikere Magadi,nan,MTKRM1,28901,Mathikere Magadi (Towards Magadi),12.88307,77.18241,,nan
Mathikere Magadi,nan,MTKRM1,33880,Mathikere Magadi (Towards Heligehalli Colony),12.88313,77.18241,,nan
Mathikere Post Office,nan,POMTK1,23336,Mathikere Post Office (Towards Mathikere),13.02892,77.55903,,nan
Mathikere Post Office,nan,POMTK1,24271,Mathikere Post Office (Towards Yeshwanthapura Bus Stand),13.02893,77.55908,,nan
Matta Gate,nan,MTG,28886,Matta Gate (Towards Dabbaguli),12.88891,77.29353,,nan
Matta Gate,nan,MTG,33874,Matta Gate (Towards Matha Village),12.8888,77.29369,,nan
Matta Village,nan,MTV,28888,Matta Village (Towards Dabbaguli),12.88136,77.29174,,nan
Matta Village,nan,MTV,33875,Matta Village (Towards Athimagere Cross),12.88111,77.29203,,nan
Mattahalli,nan,MTTH1,28892,Mattahalli (Towards Mattahalli Cross),13.10815,77.45714,,nan
Mattahalli,nan,MTTH1,33877,Mattahalli (Towards Narasipura),13.10818,77.4571,,nan
Mattahalli Cross,nan,MTTHC1,28895,Mattahalli Cross (Towards Huskur),13.11037,77.44365,,nan
Mattahalli Cross,nan,MTTHC1,33879,Mattahalli Cross (Towards Makali),13.11033,77.44373,,nan
Mavallipura,nan,MAVL,28903,Mavallipura (Towards Mylappanahalli),13.12768,77.52896,,nan
Mavallipura,nan,MAVL,33883,Mavallipura (Towards Dodda Byalakere),13.12759,77.52907,,nan
Mavinamara Vanakanahalli,nan,MVMRV,39046,Mavinamara Vanakanahalli (Towards Hompalaghatta),12.67374,77.69487,,nan
Mavinamara Vanakanahalli,nan,MVMRV,39047,Mavinamara Vanakanahalli (Towards Menasiganahalli),12.67376,77.6949,,nan
Mayaganahalli,nan,MGH30,28905,Mayaganahalli (Towards Bidadi),12.76852,77.3355,,nan
Mayaganahalli,nan,MGH30,33884,Mayaganahalli (Towards Sugganahalli),12.76792,77.33553,,nan
Mayasandra,nan,MYSATB,28909,Mayasandra (Towards Kambalipura),12.75043,77.74683,,nan
Mayasandra,nan,MYSATB,33887,Mayasandra (Towards Mayasandra),12.75048,77.74679,,nan
Mayasandra,nan,MYSN,33885,Mayasandra (Towards Uddandahalli),12.87732,77.37745,,nan
Mayasandra,nan,MYSN,33886,Mayasandra (Towards Dodderi),12.87735,77.37747,,nan
Mayasandra,nan,MYSR2,38724,Mayasandra (Towards Koyira),13.30993,77.65983,,nan
Mayasandra,nan,MYSR2,38725,Mayasandra (Towards Karahalli),13.30994,77.65983,,nan
Mayasandra Gate,nan,MYSDR,28911,Mayasandra Gate (Towards Harohalli),12.75043,77.74778,,nan
Mayasandra Gate,nan,MYSDR,33888,Mayasandra Gate (Towards Tatanahalli),12.75039,77.74776,,nan
Mayasandra Kodi,nan,MYSKD3,28913,Mayasandra Kodi (Towards Attibele),12.74808,77.74234,,nan
Mayasandra Kodi,nan,MYSKD3,33889,Mayasandra Kodi (Towards Anekal),12.74805,77.74235,,nan
Mayohall,nan,MYH1,38574,Mayohall (Towards Garudda Mall),12.97266,77.61083,,nan
Mayohall,nan,MYHL,22278,Mayohall (Towards Halasuru),12.97336,77.6099,,nan
Mayohall,nan,MYHL,22279,Mayohall (Towards HAL),12.97349,77.61051,,nan
Mayohall G-2,nan,MYH1,37119,Mayohall G-2 (Towards Hosmat Hospital),12.97389,77.61116,,nan
Mazara Hosahalli,nan,MZRHH,28915,Mazara Hosahalli (Towards Factory Circle),13.25441,77.53461,,nan
Mazara Hosahalli Cross,nan,MZH,28917,Mazara Hosahalli Cross (Towards Jinke Bachahalli),13.24847,77.54813,,nan
Meda Maranahalli,nan,MMH,28926,Meda Maranahalli (Towards Kanchugaranahalli),12.70143,77.45173,,nan
Meda Maranahalli,nan,MMH,33895,Meda Maranahalli (Towards Meda Maranahalli Cross),12.70146,77.45186,,nan
Medahalli,nan,MDH1,33898,Medahalli (Towards D Hosahalli),12.96824,77.84543,,nan
Medahalli,nan,MDH21,38637,Medahalli (Towards Kittaganuru),13.02646,77.72036,,nan
Medahalli,nan,MDHL1,28932,Medahalli (Towards Kempegowda Bus Station),13.02597,77.72036,,nan
Medahalli,nan,MDHL1,33899,Medahalli (Towards Hosakote),13.02647,77.72054,,nan
Medahalli,nan,MDHL1,38017,Medahalli (Towards Kadugodi),13.02616,77.72082,,nan
Medahalli Colony,nan,SMPCR2,28936,Medahalli Colony (Towards D Hosahalli),12.96719,77.85235,,nan
Medahalli Colony,nan,SMPCR2,33901,Medahalli Colony (Towards Domlur),12.96723,77.85228,,nan
Medahalli Cross,nan,MDLCR,28938,Medahalli Cross (Towards Dunnasandra),12.96541,77.84352,,nan
Medahalli Cross,nan,MDLCR,33902,Medahalli Cross (Towards Somalapura),12.96545,77.84349,,nan
Medanahalli,nan,MDNHL7,28940,Medanahalli (Towards Bidadi),12.78912,77.39841,,nan
Medanahalli,nan,MDNHL9,33903,Medanahalli (Towards Abbanakuppe),12.78919,77.39851,,nan
Medarahalli Railway Gate,nan,MDHRGT,28944,Medarahalli Railway Gate (Towards Shettyhalli),13.06735,77.51589,,nan
Medarahalli Railway Gate,nan,MDHRGT,33905,Medarahalli Railway Gate (Towards Chikkabanavara),13.06727,77.51585,,nan
Medi Agrahara,nan,MDAGHR1,28946,Medi Agrahara (Towards Medi Agrahara),13.0984,77.52523,,nan
Medi Agrahara Cross,nan,MDAC1,28948,Medi Agrahara Cross (Towards Shivakote),13.1013,77.53061,,nan
Medi Agrahara Cross,nan,MDAGHR1,33894,Medi Agrahara Cross (Towards Siluvepura),13.10144,77.53042,,nan
Medi Agrahara Cross,nan,MDAGHR1,33907,Medi Agrahara Cross (Towards MS Palya),13.10134,77.53063,,nan
Medi Mallasandra,nan,MDMS,22282,Medi Mallasandra (Towards Chikka Thirupathi),12.95289,77.83026,,nan
Medi Mallasandra,nan,MDMS,22283,Medi Mallasandra (Towards Dunnasandra Cross),12.95285,77.83026,,nan
Medur Gate,nan,MDRGT21,28952,Medur Gate (Towards Nandagudi),13.19365,77.92302,,nan
Medur Gate,nan,MDRGT21,33909,Medur Gate (Towards N Hosahalli),13.19371,77.92299,,nan
Meenakshi Layout,nan,MLKSLO,21014,Meenakshi Layout (Towards Thotada Guddadahalli),13.06552,77.49275,,nan
Meenakshi Layout,nan,MLKSLO,21015,Meenakshi Layout (Towards Bagalagunte),13.06555,77.49276,,nan
Meenakshi Temple,nan,MNKTM,23584,Meenakshi Temple (Towards Loyola School),12.87467,77.5949,,nan
Meenakshi Temple,nan,MNKTM,23867,Meenakshi Temple (Towards Hulimavu),12.87463,77.59469,,nan
Meenakunte,nan,MNKU2,28954,Meenakunte (Towards Meenakunte),13.18059,77.64208,,nan
Meenakunte,nan,MNKU2,33910,Meenakunte (Towards Doddajala),13.18063,77.6421,,nan
Meenakunte Hosuru,nan,MKTH,28956,Meenakunte Hosuru (Towards Airport Trumpet),13.18452,77.64142,,nan
Meenakunte Hosuru,nan,MKTH,33911,Meenakunte Hosuru (Towards Bettahalasuru Cross),13.1844,77.64161,,nan
Meesagaanahalli,nan,MSGNH1,33912,Meesagaanahalli (Towards Meesaganahalli),13.1662,77.66889,,nan
Meesaganahalli,nan,MSGNH1,28958,Meesaganahalli (Towards Huttanahalli),13.16614,77.66896,,nan
Mekhri Circle,nan,MKC,21018,Mekhri Circle (Towards Palace Guttahalli),13.01759,77.58401,,nan
Mekhri Circle,nan,MKC,21019,Mekhri Circle (Towards Hebbala),13.0175,77.58385,,nan
Mekhri Circle,nan,MKC,28975,Mekhri Circle (Towards RM Guttahalli),13.0135,77.58411,,nan
Mekhri Circle,nan,MKC,33919,Mekhri Circle (Towards Yashwanthapura bus station),13.01451,77.58263,,nan
Mekhri Circle,nan,MKC,33920,Mekhri Circle (Towards Shivaji Nagara),13.01458,77.58502,,nan
Mellahalli,nan,MLEHL,28976,Mellahalli (Towards Mellahalli),12.81822,77.27789,,nan
Menashiganahalli,nan,MSH3,38438,Menashiganahalli (Towards Last Stop),12.66408,77.70187,,nan
Mestripalya,nan,MRTPC,28981,Mestripalya (Towards Rachenahalli),13.06146,77.62043,,nan
Mestripalya,nan,MSTRU,28980,Mestripalya (Towards Nagavara),13.06056,77.6195,,nan
Mestripalya,nan,MSTRU,33925,Mestripalya (Towards Srirampura),13.06055,77.61948,,nan
Metipalya,nan,MTPL1,28983,Metipalya (Towards Sondekoppa),12.99349,77.40231,,nan
Metipalya,nan,MTPL1,33926,Metipalya (Towards Tavarakere),12.99359,77.40232,,nan
Metro,nan,MTR,22284,Metro (Towards Konanakunte Cross),12.89336,77.56772,,nan
Metro,nan,MTR,22285,Metro (Towards Banashankari bus station),12.89312,77.56718,,nan
Metro Tech Apartment,nan,MAT,38816,Metro Tech Apartment (Towards Last Stop),12.87211,77.52716,,nan
Metrocorp Nirvana Layout,nan,MTRLT,28985,Metrocorp Nirvana Layout (Towards Sadahalli),13.21356,77.63474,,nan
Metrocorp Nirvana Layout,nan,MTRLT,33927,Metrocorp Nirvana Layout (Towards Hegganahalli),13.21352,77.63473,,nan
Mid City,nan,MIDC1,28992,Mid City (Towards Mylappanahalli),13.14525,77.54391,,nan
Mid City,nan,MIDC1,33930,Mid City (Towards Mylappanahalli Cross),13.14528,77.54388,,nan
Military Accounts Office,nan,MAO,22287,Military Accounts Office (Towards HAL),12.96694,77.62089,,nan
Military Accounts Office,nan,MAO,22288,Military Accounts Office (Towards Kempegowda Bus Station),12.96691,77.62117,,nan
Military Accounts Office,nan,MAO,22755,Military Accounts Office (Towards Trinity Circle),12.96707,77.6203,,nan
Military Bridge,nan,MLB1,22289,Military Bridge (Towards Koramangala Water Tank),12.94599,77.64015,,nan
Military Bridge,nan,MLB1,22290,Military Bridge (Towards Domlur Bridge),12.9459,77.63992,,nan
Military Dairy Farm (Esteem Mall),nan,MDF,33931,Military Dairy Farm (Esteem Mall) (Towards Yalahanka),13.04974,77.59271,,nan
Military Dairy Farm (Esteem Mall),nan,MLDF,28995,Military Dairy Farm (Esteem Mall) (Towards Hebbala),13.04974,77.59303,,nan
Military Dairy Farm FLY (Esteem Mall),nan,MDF,39268,Military Dairy Farm FLY (Esteem Mall) (Towards RM Guttahalli),13.04983,77.59289,,nan
Milk Booth,nan,MLKBT,39106,Milk Booth (Towards Ganakal),12.90291,77.5108,,nan
Milk Booth,nan,MLKBT,39107,Milk Booth (Towards Shrinivasapura Cross),12.90268,77.5107,,nan
Milk Booth JP Nagara,nan,MLK,35202,Milk Booth JP Nagara (Towards JP Nagara Water Tank),12.91002,77.59514,,nan
Milk Colony,nan,MLKC,28998,Milk Colony (Towards ‌Subramanyanagara Cross),13.00914,77.55971,,nan
Milk Colony,nan,MLKC,31395,Milk Colony (Towards Yashwanthapura bus station),13.00906,77.55967,,nan
Milk Dairy Hegganahalli,nan,HGH-1,21023,Milk Dairy Hegganahalli (Towards Sunkadakatte),13.00742,77.50557,,nan
Milk Dairy Hegganahalli,nan,HGH-1,21024,Milk Dairy Hegganahalli (Towards Peenya 2nd Stage),13.0074,77.50543,,nan
Millers Road,nan,MLRRD,37175,Millers Road (Towards Mekhri Circle),12.99538,77.60218,,nan
Millers Road,nan,MLRRD,37177,Millers Road (Towards Coles Road),12.99545,77.60216,,nan
Minaznagara,nan,MNZ,29005,Minaznagara (Towards Kadirenahalli Cross),12.91219,77.56181,,nan
Minaznagara,nan,MNZ,33936,Minaznagara (Towards Minaznagara),12.91216,77.56183,,nan
Minerva Circle,nan,MNRVC,22291,Minerva Circle (Towards Town Hall),12.95387,77.57992,,nan
Minerva Mill,nan,MNML,21025,Minerva Mill (Towards Magadi Road 1st Cross Road),12.9795,77.56445,,nan
Minerva Mill,nan,MNML,21026,Minerva Mill (Towards Kempegowda Bus Station),12.97945,77.56435,,nan
Minnapura,nan,MNPR1,29012,Minnapura (Towards T Begur),13.16787,77.33232,,nan
Minnapura,nan,MNPR1,33939,Minnapura (Towards Thyamagondlu),13.16786,77.33225,,nan
Miranda School,nan,MRDS1,38392,Miranda School (Towards Start Point),12.96826,77.65147,,nan
Mittaganahalli,nan,MTHL,29018,Mittaganahalli (Towards Mittaganahalli Cross),13.10953,77.6436,,nan
Mittaganahalli 1,nan,MTHL,34826,Mittaganahalli 1 (Towards Mittaganahalli),13.10951,77.64363,,nan
Mittaganahalli Cross,nan,MTHC3,29020,Mittaganahalli Cross (Towards Mittaganahalli),13.11173,77.64381,,nan
Mittaganahalli Cross,nan,MTHC3,33943,Mittaganahalli Cross (Towards Ittige Factory),13.11168,77.6438,,nan
Modalakote,nan,MDLKT,33721,Modalakote (Towards Thorekempahalli),13.11595,77.31061,,nan
Modern Food Goraguntepalya,nan,GRMDL,24003,Modern Food Goraguntepalya (Towards Summanahalli),13.02483,77.53414,,nan
Modern Food Goraguntepalya,nan,GRMDL,24014,Modern Food Goraguntepalya (Towards Goraguntepalya),13.02482,77.53395,,nan
Modi Garden,nan,MDG,38913,Modi Garden (Towards Kaval Byrasandra),13.01588,77.60278,,nan
Modi Hospital,nan,MODIH,21027,Modi Hospital (Towards Shankar Mutt),12.9974,77.54573,,nan
Modi Hospital,nan,MODIH,21028,Modi Hospital (Towards Navarang),12.99749,77.54586,,nan
Mohankumar Nagara,nan,MKN1,29029,Mohankumar Nagara (Towards Mohankumar Nagara),13.0307,77.54939,,nan
Mohankumar Nagara,nan,MKN1,33946,Mohankumar Nagara (Towards Mathikere),13.03065,77.54934,,nan
Monotype Corporation,nan,MONTPE,22295,Monotype Corporation (Towards Yarab Nagara),12.92154,77.57104,,nan
Monotype Corporation,nan,MONTPE,23644,Monotype Corporation (Towards Banashankari bus station),12.92176,77.57062,,nan
Moodalapalya,nan,MDLPA,21573,Moodalapalya (Towards Vijayanagara),12.97054,77.5249,,nan
Moodalapalya,nan,MDLPA,22296,Moodalapalya (Towards Nagarabhavi Circle),12.97071,77.52499,,nan
Mookambika Nagara Circle,nan,MKBKN,33948,Mookambika Nagara Circle (Towards BGS Hospital),12.91673,77.50023,,nan
Mosque Road,nan,MQERD1,21854,Mosque Road (Towards Masque Road),13.00067,77.61578,,nan
Mosque Road,nan,MQERD1,22297,Mosque Road (Towards Clarence School),13.00037,77.61598,,nan
Mosque Road,nan,MQERD1,22298,Mosque Road (Towards Coles Road),13.00032,77.61609,,nan
Motaganahalli,nan,moyh,29035,Motaganahalli (Towards Nelamangala),13.00497,77.31183,,nan
Motaganahalli,nan,moyh,33949,Motaganahalli (Towards Magadi),13.00488,77.31189,,nan
Motaganahalli Bishop Cotton School,nan,BCSM,29037,Motaganahalli Bishop Cotton School (Towards Yantaganahalli),13.01761,77.31175,,nan
Motaganahalli Bishop Cotton School,nan,BCSM,33950,Motaganahalli Bishop Cotton School (Towards Motaganahalli),13.01762,77.31181,,nan
Motaganahalli High School,nan,mkj,29039,Motaganahalli High School (Towards Yantaganahalli),13.00807,77.31174,,nan
Motaganahalli High School,nan,mkj,33951,Motaganahalli High School (Towards Motaganahalli),13.00809,77.31179,,nan
Mother Dairy Cross Yelahanka,nan,MDYK,22299,Mother Dairy Cross Yelahanka (Towards Attur Layout),13.09934,77.57717,,nan
Mother Dairy Cross Yelahanka,nan,MDYK,22301,Mother Dairy Cross Yelahanka (Towards Puttenahalli),13.09954,77.57707,,nan
Mother Dairy Yelahanka,nan,DIRY,33952,Mother Dairy Yelahanka (Towards Attur Layout),13.09883,77.57476,,nan
Mother Dairy Yelahanka,nan,MDYK,29041,Mother Dairy Yelahanka (Towards Yelahanka New Town),13.09894,77.57444,,nan
Motherson Automotive Cross,nan,MSAMC1,29043,Motherson Automotive Cross (Towards Gollarapalya),12.80794,77.41968,,nan
Motherson Automotive Cross,nan,MSAMC1,33953,Motherson Automotive Cross (Towards Kadumane Hotel),12.80778,77.4197,,nan
Mount Carmel,nan,CRMTC,38770,Mount Carmel (Towards Gunjuru),12.91293,77.71303,,nan
Mount Carmel,nan,CRMTC,38771,Mount Carmel (Towards Carmelaram Railway Station),12.9129,77.71304,,nan
Mount Carmel College,nan,MTCC,29044,Mount Carmel College (Towards Basaveshwara Circle),12.99315,77.58893,,nan
Mount Carmel College,nan,MTCC,35379,Mount Carmel College (Towards RM Guttahalli),12.99297,77.58883,,nan
Mudalapalya (Banavadi),nan,MDLPB,37778,Mudalapalya (Banavadi) (Towards Udakunte),13.13344,77.247,,nan
Mudalapalya (Banavadi),nan,MDLPB,37779,Mudalapalya (Banavadi) (Towards Banavadi),13.13349,77.24702,,nan
Mudalayyana Doddy,nan,MDLYDDI,29056,Mudalayyana Doddy (Towards Koratagere Doddy),12.73361,77.57769,,nan
Mudalayyana Doddy,nan,MDLYDDI,33959,Mudalayyana Doddy (Towards Ragihalli),12.73359,77.57767,,nan
Muddanahalli,nan,MDNHL1,29059,Muddanahalli (Towards Puttenahalli),13.15224,77.5774,,nan
Muddanahalli,nan,MDNHL1,33960,Muddanahalli (Towards Nagadasanahalli),13.15222,77.57737,,nan
Muddanahalli Gate,nan,MDRGT2,29061,Muddanahalli Gate (Towards Nandagudi),13.19705,77.91647,,nan
Muddanahalli Gate,nan,MDRGT2,33961,Muddanahalli Gate (Towards Bylanarasapura),13.19705,77.91653,,nan
Muddanayakanahalli,nan,MMHBL,36237,Muddanayakanahalli (Towards Sonnenahalli),13.2964,77.68022,,nan
Muddanayakanahalli,nan,MMHBL,36238,Muddanayakanahalli (Towards Bidaluru),13.29644,77.68025,,nan
Muddayanapalya Junction,nan,MDNPL2,30384,Muddayanapalya Junction (Towards ITI Layout),12.97144,77.48801,,nan
Muddayyanapalya,nan,MDLPL,33962,Muddayyanapalya (Towards Muddaiahnapalya),12.92043,77.38228,,nan
Muddayyanapalya,nan,MDLPL,33963,Muddayyanapalya (Towards Chunchanakuppe),12.92046,77.38231,,nan
Muddayyanapalya,nan,MDNPL3,33965,Muddayyanapalya (Towards Upkar Residency Layout),12.96617,77.48775,,nan
Muddayyanapalya,nan,MDNPL4,29067,Muddayyanapalya (Towards Byadarahalli),12.96619,77.48771,,nan
Muddayyanapalya,nan,MDNPL4,39651,Muddayyanapalya (Towards KLE Society College),12.96613,77.4877,,nan
Muddayyanapalya,nan,MDNPL5,29065,Muddayyanapalya (Towards Maragondanahalli),12.93193,77.41726,,nan
Muddayyanapalya,nan,MDNPL5,33964,Muddayyanapalya (Towards Gulaganjihalli),12.93195,77.41721,,nan
Muddayyanapalya Junction,nan,MDNPL1,33149,Muddayyanapalya Junction (Towards Byadarahalli),12.97139,77.48796,,nan
Mugabala,nan,MBL1,29069,Mugabala (Towards Kolara),13.11977,77.88853,,nan
Mugabala,nan,MBL1,33966,Mugabala (Towards Hosakote),13.11945,77.88874,,nan
Mugaluru,nan,MGLRU,23401,Mugaluru (Towards Baguru),12.89488,77.82095,,nan
Mugaluru,nan,MGLRU,23413,Mugaluru (Towards Pandithana Agrahara Junction),12.89478,77.82101,,nan
Mukkodlu,nan,MKDL1,22308,Mukkodlu (Towards Muni Nagara),12.75655,77.52841,,nan
Mukkodlu,nan,MKDL1,22309,Mukkodlu (Towards Gadipalya),12.75649,77.52837,,nan
Mukthi Naga Temple,nan,MNT,29071,Mukthi Naga Temple (Towards Anchepalya),12.91492,77.42184,,nan
Mukthi Naga Temple,nan,MNT,33967,Mukthi Naga Temple (Towards Ramohalli),12.91494,77.42185,,nan
Mulakattamma Temple Mallohalli,nan,MKTMT,33968,Mulakattamma Temple Mallohalli (Towards Channadevi Agrahara),13.22371,77.4505,,nan
Mulkattamma Temple Mallohalli,nan,MKTMT,29073,Mulkattamma Temple Mallohalli (Towards Mallohalli),13.2237,77.45046,,nan
Multiplex Marathahalli,nan,MLTMRT,21031,Multiplex Marathahalli (Towards Central Silk Board),12.95227,77.70002,,nan
Multiplex Marathahalli,nan,MLTMRT,21032,Multiplex Marathahalli (Towards Hebbala),12.95153,77.69973,,nan
Mummenahalli,nan,MMNH1,29079,Mummenahalli (Towards Rajannapalya),12.99451,77.32037,,nan
Mummenahalli,nan,MMNH1,33971,Mummenahalli (Towards Chikka Tanda),12.99448,77.32013,,nan
Muneshwara Block,nan,MNSB,23777,Muneshwara Block (Towards Muneshwara Block Last Stop),12.94519,77.54744,,nan
Muneshwara Block Cross,nan,VSV,22311,Muneshwara Block Cross (Towards Nirmala Store),12.94236,77.54859,,nan
Muneshwara Block‌ Cross,nan,VSV,22310,Muneshwara Block‌ Cross (Towards Giri Nagara),12.94226,77.54864,,nan
Muneshwara Devasthana,nan,MHW,21033,Muneshwara Devasthana (Towards Madivala),12.93646,77.6066,,nan
Muneshwara Devasthana,nan,MHW,21034,Muneshwara Devasthana (Towards Nimhans Hospital),12.93638,77.60651,,nan
Muneshwara Layout,nan,MNSLO,21036,Muneshwara Layout (Towards Bengaluru University Gate),12.95133,77.49421,,nan
Muneshwara Layout,nan,MNSLO,35382,Muneshwara Layout (Towards Manganahalli),12.95125,77.49437,,nan
Muneshwara Layout,nan,MNSLO12345,29083,Muneshwara Layout (Towards Kengeri),12.87442,77.47127,,nan
Muneshwara Layout,nan,MNSLO12345,33973,Muneshwara Layout (Towards Karabele),12.87432,77.47134,,nan
Muneshwara Layout Vaderahalli,nan,MNLO1,39555,Muneshwara Layout Vaderahalli (Towards Rainbow Layout),13.09576,77.54128,,nan
Muneshwara Nagara,nan,MNN-1,29086,Muneshwara Nagara (Towards B Channasandra),13.01785,77.67118,,nan
Muneshwara Nagara,nan,MNN-1,33975,Muneshwara Nagara (Towards TC Palya),13.01793,77.67123,,nan
Muneshwara Swamy Temple,nan,MSMTPL,39156,Muneshwara Swamy Temple (Towards Thippenahalli),13.04015,77.48859,,nan
Muneshwara Swamy Temple,nan,MSMTPL,39157,Muneshwara Swamy Temple (Towards Marison Factory),13.04,77.48855,,nan
Muneshwara Temple,nan,MNSHR TMPL,33977,Muneshwara Temple (Towards Samanduru),12.7245,77.75701,,nan
Muneshwara Temple,nan,MNSHR TMPL,33978,Muneshwara Temple (Towards Chandapura),12.72467,77.75693,,nan
Muneshwara Temple,nan,MNSRT1,29092,Muneshwara Temple (Towards Tavarakere),12.93368,77.4003,,nan
Muneshwara Temple,nan,MNSRT1,33979,Muneshwara Temple (Towards Dodda Aladamara),12.93369,77.40038,,nan
Muneshwara Temple,nan,MNSTMP,22682,Muneshwara Temple (Towards Annapoorneshwari Nagara),12.98316,77.50257,,nan
Muneshwara Temple,nan,MNSTMP,22690,Muneshwara Temple (Towards Sunkadakatte),12.98343,77.50259,,nan
Muneshwara Temple,nan,MUNT,35115,Muneshwara Temple (Towards shanubhoganahalli),12.83574,77.57216,,nan
Muneshwara Temple,nan,MUNT,35228,Muneshwara Temple (Towards Koli Farm Gate),12.83574,77.57207,,nan
Muni Nagara,nan,MNG,22312,Muni Nagara (Towards Gullahatti Kaval),12.74811,77.53654,,nan
Muni Nagara,nan,MNG,22313,Muni Nagara (Towards Mukkodlu),12.748,77.53652,,nan
Munikondappa Layout Widia Factory,nan,MKPL,29094,Munikondappa Layout Widia Factory (Towards Munikondappa Layout Widia Factory),13.05252,77.50041,,nan
Munireddy Palya J C Nagara,nan,MRP,23791,Munireddy Palya J C Nagara (Towards Shivaji Nagara),13.00676,77.59276,,nan
Munireddy Palya J C Nagara,nan,MRP,24019,Munireddy Palya J C Nagara (Towards Mekhri Circle),13.00413,77.59359,,nan
Munish Singh Hospital,nan,MNSGH,22314,Munish Singh Hospital (Towards Varthuru),12.97738,77.75122,,nan
Munish Singh Hospital,nan,MNSGH,22315,Munish Singh Hospital (Towards Hope Farm),12.97703,77.75104,,nan
Muniswamappa Layout,nan,MSWLYT1,29096,Muniswamappa Layout (Towards Marison Factory),13.04394,77.49051,,nan
Muniswamappa Layout,nan,MSWLYT1,33980,Muniswamappa Layout (Towards Thippenahalli Anjaneya Temple),13.044,77.49058,,nan
Munnekolalu,nan,MNKLU1,23321,Munnekolalu (Towards Munekolalu),12.94854,77.70802,,nan
Munnekolalu Cross (Spice Garden),nan,mnkc,21037,Munnekolalu Cross (Spice Garden) (Towards Marathahalli Bridge),12.95628,77.70928,,nan
Munnekolalu Cross (Spice Garden),nan,mnkc,21038,Munnekolalu Cross (Spice Garden) (Towards Varthuru),12.9564,77.70927,,nan
Munnekolalu Junction,nan,MNKLCR,23320,Munnekolalu Junction (Towards Munekolalu),12.95646,77.7049,,nan
Munnekolalu Junction,nan,MNKLCR,23322,Munnekolalu Junction (Towards Marathahalli),12.9565,77.7049,,nan
Muppadaghatta,nan,MPDG,29098,Muppadaghatta (Towards Mallohalli),13.24293,77.44788,,nan
Muppadaghatta,nan,MPDG,33981,Muppadaghatta (Towards Kadanuru),13.24305,77.44784,,nan
Murugeshpalya,nan,MGP,22316,Murugeshpalya (Towards HAL),12.95936,77.65618,,nan
Murugeshpalya,nan,MGP,22485,Murugeshpalya (Towards Kempegowda Bus Station),12.95927,77.65611,,nan
Museum,nan,MESEUM,21574,Museum (Towards Corporation),12.97397,77.59585,,nan
Museum,nan,MSEUM,22317,Museum (Towards MG Road),12.97409,77.59569,,nan
Muslim Colony,nan,MLMCLNY,22318,Muslim Colony (Towards Venkateshapura),13.01046,77.61505,,nan
Muslim Colony,nan,MLMCLNY,22319,Muslim Colony (Towards Periyar Nagara Circle),13.01049,77.61513,,nan
Muthanallur Amanikere,nan,MAS1,29101,Muthanallur Amanikere (Towards Ali Bommasandra),12.82787,77.73686,,nan
Muthanallur Amanikere,nan,MAS1,33982,Muthanallur Amanikere (Towards Muttanalluru Cross),12.82786,77.73674,,nan
Muthanallur Colony,nan,MTHCOL,29103,Muthanallur Colony (Towards MuthaNalluru),12.83622,77.7372,,nan
Muthanallur Colony,nan,MTHCOL,33983,Muthanallur Colony (Towards Samanahalli),12.83627,77.73719,,nan
Muthkur,nan,MTKR-1,33985,Muthkur (Towards Kalenahalli Gate),13.15547,77.50821,,nan
Muthkur,nan,MTKR-1,33986,Muthkur (Towards Linganahalli),13.15548,77.50816,,nan
Muthkur,nan,OBP-1,29109,Muthkur (Towards Tattanuru),12.955,77.8073,,nan
Muthkur,nan,OBP-1,33987,Muthkur (Towards Anugondanahalli),12.95502,77.80722,,nan
Muthkur Cross Shivakote,nan,MKTG,31396,Muthkur Cross Shivakote (Towards Shivakote),13.143,77.50225,,nan
Muthkur Cross Shivakote,nan,MTKRC,29111,Muthkur Cross Shivakote (Towards Muthkur),13.14303,77.50222,,nan
Muthkur Cross Shivakote,nan,MTKRC,33988,Muthkur Cross Shivakote (Towards Ivarakandapura),13.14299,77.50221,,nan
Muthsandra,nan,MTHR,33989,Muthsandra (Towards Varthuru),12.93781,77.78643,,nan
Muthsandra,nan,MTHR,33990,Muthsandra (Towards Bellikere),12.93784,77.78636,,nan
Muthsandra,nan,MTUSD1,29114,Muthsandra (Towards Janthagondanahalli),12.93813,77.78534,,nan
Muthugadahalli,nan,MTGDHLI,33991,Muthugadahalli (Towards Muthkur),12.92939,77.82062,,nan
Muthugadahalli,nan,MTGDHLI,33992,Muthugadahalli (Towards Tattanuru),12.92943,77.82055,,nan
Muthugadahalli,nan,MTGH3,33993,Muthugadahalli (Towards Yalahanka),13.14071,77.52596,,nan
Muthugadahalli,nan,MTGH3,33994,Muthugadahalli (Towards Shivakote),13.14063,77.52595,,nan
Muthugadahalli,nan,MUJKT,33995,Muthugadahalli (Towards Shettygere),13.18243,77.67306,,nan
Muthugadahalli,nan,MUTHGD,29121,Muthugadahalli (Towards Manganahalli),12.72525,77.4803,,nan
Muthugadahalli,nan,MUTHGD,33996,Muthugadahalli (Towards Kaggalahalli),12.72533,77.48031,,nan
Muthugadahalli Hostel,nan,MTHHT,36459,Muthugadahalli Hostel (Towards Madappanahalli),13.14906,77.53432,,nan
Muthugadahalli Hostel,nan,MTHHT,36460,Muthugadahalli Hostel (Towards Muttugadahalli),13.14901,77.53435,,nan
Muthukadahalli,nan,MKH,29124,Muthukadahalli (Towards Sonnebychanahalli),13.15008,77.84511,,nan
Muthukadahalli,nan,MKH,33998,Muthukadahalli (Towards Nagarenahalli),13.14991,77.84524,,nan
Muthukadahalli,nan,MTG1,33997,Muthukadahalli (Towards Chikkanahalli),13.1825,77.67303,,nan
Muthurayanagudipalya,nan,MRGPL,29126,Muthurayanagudipalya (Towards Muthurayanagudipalya),12.84858,77.36733,,nan
Muthurayanagudipalya,nan,MRGPL,33999,Muthurayanagudipalya (Towards Kurubara Karenahalli),12.84862,77.36727,,nan
Muthurayanapura,nan,MRPR,29128,Muthurayanapura (Towards Hejjala),12.85959,77.40045,,nan
Muthurayanapura,nan,MRPR,34000,Muthurayanapura (Towards Dodderi),12.85951,77.40048,,nan
Muthyala Nagara Gate,nan,MTNRC1,29134,Muthyala Nagara Gate (Towards Mathikere),13.03799,77.55348,,nan
Muthyala Nagara Gate,nan,MTNRC1,34002,Muthyala Nagara Gate (Towards Muthyala Nagara),13.03788,77.55333,,nan
Muthyalamadu Cross,nan,MUTLDCR,24094,Muthyalamadu Cross (Towards Shanimahathma Temple),12.72005,77.69052,,nan
Muthyalamadu Cross,nan,MUTLDCR,24215,Muthyalamadu Cross (Towards Gowrenahalli),12.72004,77.69048,,nan
Muthyalanagara,nan,MTHYN,39533,Muthyalanagara (Towards Last Stop),13.03553,77.54882,,nan
Muthyalanagara Cross,nan,MYTNG,21575,Muthyalanagara Cross (Towards BEL Circle),13.04374,77.55325,,nan
Muthyalanagara Cross,nan,MYTNG,21576,Muthyalanagara Cross (Towards Goraguntepalya),13.04362,77.55315,,nan
Muttanahalli,nan,MUTHLI,29136,Muttanahalli (Towards Thindlu),12.86841,77.82208,,nan
Muttanahalli,nan,MUTHLI,34003,Muttanahalli (Towards Pandithana Agrahara),12.86896,77.82196,,nan
Muttanalluru,nan,MUTNL,29139,Muttanalluru (Towards MuttaNalluru Cross),12.83243,77.73456,,nan
Muttanalluru,nan,MUTNL,34004,Muttanalluru (Towards Samanahalli),12.83246,77.73463,,nan
Muttanalluru Cross,nan,CNPCR,35122,Muttanalluru Cross (Towards MuttaNalluru),12.8872,77.73836,,nan
Muttanalluru Cross,nan,CNPCR,35131,Muttanalluru Cross (Towards Sarjapura),12.88749,77.7384,,nan
Muttanalluru Cross,nan,CPCSJP,35243,Muttanalluru Cross (Towards KR Market),12.88735,77.73838,,nan
Muttanalluru Gate,nan,MTNLR,29143,Muttanalluru Gate (Towards Narayanaghatta),12.84295,77.72754,,nan
Muttanalluru Gate,nan,MTNLR,34007,Muttanalluru Gate (Towards Sarjapura Main Road),12.84306,77.72747,,nan
Muttanalluru Gate,nan,MUTNLO,34008,Muttanalluru Gate (Towards Gopasandra),12.843,77.72751,,nan
Muttanalluru Junction,nan,MUTNLO,34006,Muttanalluru Junction (Towards MuttaNalluru Village),12.84306,77.72752,,nan
Muttarayanapura,nan,MRPS1,29129,Muttarayanapura (Towards Muttarayanapura),12.72386,77.51479,,nan
Muttarayanapura Cross,nan,MRYC,29131,Muttarayanapura Cross (Towards Kaggalahalli),12.72574,77.51392,,nan
Muttarayanapura Cross,nan,MRYC,34001,Muttarayanapura Cross (Towards Muthurayapura),12.72577,77.51392,,nan
Mutturayanaswamy Doddy,nan,MUTSD,29145,Mutturayanaswamy Doddy (Towards Mahanthalingapura),12.74761,77.61488,,nan
Mutturayanaswamy Doddy,nan,MUTSD,34009,Mutturayanaswamy Doddy (Towards Mutturayanaswamy Doddy),12.74764,77.61494,,nan
Mutturayanaswamy Temple,nan,MTST,34010,Mutturayanaswamy Temple (Towards Janapriya Appartment),12.99168,77.44264,,nan
Mutturayanaswamy Temple,nan,MTST,34011,Mutturayanaswamy Temple (Towards Kadabagere Cross),12.99177,77.44268,,nan
Mutturayanaswamy Temple,nan,MTSTL,29148,Mutturayanaswamy Temple (Towards Kaleshwari),12.76848,77.5849,,nan
Mutturayanaswamy Temple,nan,MTSTL,35320,Mutturayanaswamy Temple (Towards Ragihalli),12.76848,77.58494,,nan
Mutturu,nan,MTR12,29150,Mutturu (Towards D Cross),13.28671,77.55166,,nan
Mutturu,nan,MTR12,34012,Mutturu (Towards Doddaballapura Railway Station),13.28662,77.55178,,nan
Mylanahalli,nan,MLH8,31398,Mylanahalli (Towards Mylanahalli Bare),13.13362,77.39903,,nan
Mylanahalli,nan,MYNH1,29159,Mylanahalli (Towards Bande Kodigehalli),13.18411,77.69597,,nan
Mylanahalli,nan,MYNH1,34015,Mylanahalli (Towards Hunasuru),13.1855,77.69695,,nan
Mylanahalli,nan,MYNH1,34016,Mylanahalli (Towards Bagalur),13.1855,77.69703,,nan
Mylanahalli,nan,MYNH1,34018,Mylanahalli (Towards Muthugadahalli),13.18408,77.69597,,nan
Mylanahalli Bare,nan,MLHG,34828,Mylanahalli Bare (Towards Madhure),13.12716,77.39837,,nan
Mylanahalli Bare,nan,MLHG,34829,Mylanahalli Bare (Towards Nelamangala),13.1271,77.39841,,nan
Mylanahalli Cross,nan,MLHG,29163,Mylanahalli Cross (Towards Madhure),13.13262,77.40361,,nan
Mylanahalli Cross,nan,MLHG,34019,Mylanahalli Cross (Towards Nelamangala),13.13258,77.40361,,nan
Mylappanahalli,nan,MLPHD,29167,Mylappanahalli (Towards Shamarajapura),13.13653,77.53511,,nan
Mylappanahalli,nan,MLPHD,34020,Mylappanahalli (Towards Mylappanahalli),13.13653,77.53506,,nan
Mylappanahalli,nan,MLPNHL,34022,Mylappanahalli (Towards Muthugadahalli),13.13689,77.53488,,nan
Mylappanahalli Cross,nan,MDPHC1,29169,Mylappanahalli Cross (Towards Singanayakanahalli Cross),13.14856,77.55192,,nan
Mylappanahalli Cross,nan,MDPHC1,34023,Mylappanahalli Cross (Towards Mylappanahalli),13.14854,77.55196,,nan
Mylapura Gate,nan,MLPR,29173,Mylapura Gate (Towards Hosakote),13.10712,77.87341,,nan
Mylapura Gate,nan,MLPR,34025,Mylapura Gate (Towards Kolara),13.10731,77.87333,,nan
Mylasandra,nan,MYLBGR,23995,Mylasandra (Towards Jally Machine),12.85403,77.62071,,nan
Mylasandra,nan,MYLBGR,24158,Mylasandra (Towards Beguru),12.85318,77.62047,,nan
Mylasandra Cross,nan,MLSC,23771,Mylasandra Cross (Towards St Merrys School),12.84347,77.61341,,nan
Mylasandra Cross,nan,MLSC,24143,Mylasandra Cross (Towards Jally Machine),12.84352,77.61339,,nan
Mylasandra Cross,nan,MYLSNDRA,21039,Mylasandra Cross (Towards Kengeri),12.91749,77.49064,,nan
Mylasandra Cross,nan,MYLSNDRA,21040,Mylasandra Cross (Towards RV College),12.91751,77.49039,,nan
Mylasandra Road Junction,nan,MYL,23996,Mylasandra Road Junction (Towards Vaddarapalya),12.84226,77.61863,,nan
Mylasandra Road Junction,nan,MYL,24144,Mylasandra Road Junction (Towards Electronic City),12.84229,77.61866,,nan
Mysore Bank,nan,MYBNK,35383,Mysore Bank (Towards Kempegowda Bus Station),12.97253,77.58199,,nan
Mysore Circle,nan,SRSC5,23482,Mysore Circle (Towards KR Market),12.96111,77.55962,,nan
Mysore Lamp,nan,MRLP,29176,Mysore Lamp (Towards Yeshawanthapura),13.01546,77.55939,,nan
Mysore Lamp,nan,MRLP,34026,Mysore Lamp (Towards Malleshwara 8th Main 18th Cross),13.01558,77.5595,,nan
Mysore Road Bus Station,nan,BPN,38815,Mysore Road Bus Station (Towards Arrival),12.95366,77.54391,,nan
Mysore Road Bus Station,nan,MRSBS,21042,Mysore Road Bus Station (Towards BHEL),12.9536,77.54378,,nan
Mysore Road Metro Station,nan,MRMS,21580,Mysore Road Metro Station (Towards Bapujinagara),12.94633,77.52972,,nan
Mysore Road Metro Station,nan,MRMS,23370,Mysore Road Metro Station (Towards Nayandahalli),12.94636,77.53046,,nan
Mysore Road TollGate,nan,TMSR,21043,Mysore Road TollGate (Towards MCTC Bus Station),12.95768,77.55319,,nan
Mysore Road TollGate,nan,TMSR,21044,Mysore Road TollGate (Towards KR Market),12.95738,77.55178,,nan
N Hosahalli,nan,NHSLI,29178,N Hosahalli (Towards Nandagudi),13.18476,77.92873,,nan
N Hosahalli,nan,NHSLI,34027,N Hosahalli (Towards Bylanarasapura),13.18467,77.92879,,nan
N R I Layout,nan,NRI,27508,N R I Layout (Towards Kalkere),13.02988,77.67733,,nan
NAL Manipal Hospital,nan,MPH,22337,NAL Manipal Hospital (Towards Kempegowda Bus Station),12.95961,77.64991,,nan
NAL/Manipal Hospital,nan,MPH,22336,NAL/Manipal Hospital (Towards HAL),12.95964,77.65076,,nan
NCBS College,nan,NCBS1,38940,NCBS College (Towards Last Stop),13.07521,77.58193,,nan
NES Office,nan,NES,22356,NES Office (Towards Puttenahalli),13.09766,77.59166,,nan
NES Office,nan,NES,38098,nan,13.0972,77.5924,,nan
NES Office,nan,NES1,22357,NES Office (Towards Hebbala),13.09784,77.59167,,nan
NES Office,nan,NES1,40431,NES Office (Towards ‌Yelahanka Old Town),13.09796,77.59155,,nan
NGEF,nan,NGEF,21060,NGEF (Towards Hosakote),12.98787,77.64987,,nan
NGEF,nan,NGEF,21061,NGEF (Towards Kempegowda Bus Station),12.98771,77.64986,,nan
NGEF,nan,NGEF,36781,NGEF (Towards Krishnayyana Palya NGEF),12.98738,77.64856,,nan
NGEF Layout Nagarabhavi,nan,NGB NGEF,21581,NGEF Layout Nagarabhavi (Towards AIT College),12.96097,77.50983,,nan
NGEF Layout Nagarabhavi,nan,NGB NGEF,22362,NGEF Layout Nagarabhavi (Towards Nagarabhavi Circle),12.96104,77.50972,,nan
NGV Koramangala,nan,KNGV,23822,NGV Koramangala (Towards NGV Koramangala),12.94473,77.62327,,nan
NICE Bridge,nan,NCBR,24286,NICE Bridge (Towards Vittasandra),12.86562,77.6295,,nan
NICE Bridge,nan,NCBR,24350,NICE Bridge (Towards Beguru),12.86554,77.62948,,nan
NICE Office,nan,NCOF,34154,NICE Office (Towards NICE Road 10th Stone),12.88111,77.49329,,nan
NICE Office,nan,NCOF,34155,NICE Office (Towards NICE Road 9th Stone),12.88089,77.49311,,nan
NICE Office,nan,NiceOff,27459,NICE Office (Towards Veerabhadra Nagara),12.87908,77.49359,,nan
NICE Office,nan,NiceOff,34156,NICE Office (Towards Electronic City),12.87742,77.49588,,nan
NICE Road,nan,NRCRD,22363,NICE Road (Towards Kaggalipura),12.85694,77.52685,,nan
NICE Road 10th Stane,nan,NICE10STN,29375,NICE Road 10th Stane (Towards NICE Road 11th Stone),12.87273,77.4986,,nan
NICE Road 10th Stone,nan,NICE10STN,35415,NICE Road 10th Stone (Towards NICE Office),12.87242,77.49865,,nan
NICE Road 11th Stone,nan,NICE11STN,29378,NICE Road 11th Stone (Towards NICE Road 12th Stone),12.86449,77.51125,,nan
NICE Road 11th Stone,nan,NICE11STN,35419,NICE Road 11th Stone (Towards NICE Road 10th Stone),12.86431,77.51118,,nan
NICE Road 12th Stone,nan,NICE12STN,29379,NICE Road 12th Stone (Towards NICE Road Toll Kanakapura Road),12.86008,77.52223,,nan
NICE Road 12th Stone,nan,NICE12STN,35420,NICE Road 12th Stone (Towards NICE Road 11th Stone),12.85989,77.52208,,nan
NICE Road 13th Stone,nan,NICE13STN,29380,NICE Road 13th Stone (Towards NICE Road 14th Stone),12.84954,77.55846,,nan
NICE Road 13th Stone,nan,NICE13STN,35421,NICE Road 13th Stone (Towards Poorvankara Apartment),12.84933,77.55834,,nan
NICE Road 14th Stone,nan,NICE14STN,29382,NICE Road 14th Stone (Towards NICE Road Toll Bannerughatta Road),12.84866,77.57206,,nan
NICE Road 14th Stone,nan,NICE14STN,35423,NICE Road 14th Stone (Towards NICE Road 13th Stone),12.84843,77.57191,,nan
NICE Road 15th Stone,nan,NICE15 STONE,29384,NICE Road 15th Stone (Towards NICE Road 16th Stone),12.85499,77.60959,,nan
NICE Road 15th Stone,nan,NICE15 STONE,35425,NICE Road 15th Stone (Towards NICE Road Toll Bannerughatta Road),12.85483,77.61009,,nan
NICE Road 16th Stone,nan,NICE16STN,29387,NICE Road 16th Stone (Towards NICE Road 17th Stone),12.86416,77.6253,,nan
NICE Road 16th Stone,nan,NICE16STN,35426,NICE Road 16th Stone (Towards NICE Road 15th Stone),12.864,77.62551,,nan
NICE Road 17th Stone,nan,NICE17STN,29389,NICE Road 17th Stone (Towards NICE Road Toll Electronic City),12.86481,77.64383,,nan
NICE Road 17th Stone,nan,NICE17STN,35604,NICE Road 17th Stone (Towards NICE Road 16th Stone),12.8646,77.64375,,nan
NICE Road 1st Stone,nan,NICE1STN1,29396,NICE Road 1st Stone (Towards NICE Road 1st Stone),13.04219,77.47506,,nan
NICE Road 1st Stone,nan,NICE1STN1,35597,NICE Road 1st Stone (Towards NICE Road 3rd Stone),13.04239,77.47538,,nan
NICE Road 2nd Stone,nan,2nd STNICERD,29403,NICE Road 2nd Stone (Towards Anchepalya),13.03242,77.47554,,nan
NICE Road 2nd Stone,nan,2nd STNICERD,35590,NICE Road 2nd Stone (Towards Electronic City),13.03235,77.47578,,nan
NICE Road 3rd Stone,nan,NICE3STN,29405,NICE Road 3rd Stone (Towards NICE Road 2nd Stone),13.02279,77.4754,,nan
NICE Road 3rd Stone,nan,NICE3STN,35588,NICE Road 3rd Stone (Towards NICE Road 4th Stone),13.0228,77.47563,,nan
NICE Road 4th Stone,nan,NICE4STN,29408,NICE Road 4th Stone (Towards NICE Road 3rd Stone),13.00933,77.47494,,nan
NICE Road 4th Stone,nan,NICE4STN,35586,NICE Road 4th Stone (Towards NICE Road Toll Magadi Road),13.009,77.47509,,nan
NICE Road 5th Stone,nan,NICE5STN,29412,NICE Road 5th Stone (Towards NICE Road 6th Stone),12.97116,77.47145,,nan
NICE Road 5th Stone,nan,NICE5STN,35582,NICE Road 5th Stone (Towards NICE Road Toll Magadi Road),12.97121,77.47122,,nan
NICE Road 6th Stone,nan,NICE6STN,29413,NICE Road 6th Stone (Towards NICE Road 7th Stone),12.94602,77.4701,,nan
NICE Road 6th Stone,nan,NICE6STN,35581,NICE Road 6th Stone (Towards NICE Road 5th Stone),12.94603,77.46989,,nan
NICE Road 7th Stone,nan,NICE7STN,29417,NICE Road 7th Stone (Towards NICE Road 6th Stone),12.93791,77.46939,,nan
NICE Road 7th Stone,nan,NICE7STN,35577,NICE Road 7th Stone (Towards NICE Road 8th Stone),12.93791,77.46959,,nan
NICE Road 8th Stone,nan,NICE8STN,29423,NICE Road 8th Stone (Towards NICE Road 7th Stone),12.92684,77.46932,,nan
NICE Road 8th Stone,nan,NICE8STN,35569,NICE Road 8th Stone (Towards NICE Road Toll Mysore Road),12.92684,77.46953,,nan
NICE Road 9th Stone,nan,NICE9STN,29424,NICE Road 9th Stone (Towards NICE Office),12.88789,77.48532,,nan
NICE Road 9th Stone,nan,NICE9STN,35568,NICE Road 9th Stone (Towards NICE Road Toll Mysore Road),12.88753,77.48528,,nan
NICE Road Bannerughatta Road Junction,nan,TJCLG,27461,NICE Road Bannerughatta Road Junction (Towards NICE Road 14th Stone),12.85004,77.58986,,nan
NICE Road Bannerughatta Road Junction,nan,TJCLG,34157,NICE Road Bannerughatta Road Junction (Towards NICE Road 15th Stone),12.85032,77.58619,,nan
NICE Road Bannerughatta Road Junction,nan,TJCLG,40497,NICE Road Bannerughatta Road Junction (Towards Bannerughatta),12.85078,77.58354,,nan
NICE Road Junction,nan,JTFRM,38820,NICE Road Junction (Towards Nagegowdanapalya),12.86,77.52874,,nan
NICE Road Kanakapura Road,nan,NRCRD,27463,NICE Road Kanakapura Road (Towards Electronic City),12.85836,77.52802,,nan
NICE Road Kanakapura Road Junction,nan,NCTK,27465,NICE Road Kanakapura Road Junction (Towards NICE Road 12th Stone),12.85828,77.52614,,nan
NICE Road Kanakapura Road Junction,nan,NCTK,34158,NICE Road Kanakapura Road Junction (Towards Poorvankara Apartment),12.85849,77.52611,,nan
NICE Road Kanakapura Road Junction,nan,NRCRD,22364,NICE Road Kanakapura Road Junction (Towards Banashankari Bus Stand),12.85691,77.52659,,nan
NICE Road Kengeri Road Junction,nan,NICERD1,21063,NICE Road Kengeri Road Junction (Towards Kengeri),12.90277,77.46944,,nan
NICE Road Kengeri Road Junction,nan,NICERD1,27466,NICE Road Kengeri Road Junction (Towards Electronic City),12.9036,77.47073,,nan
NICE Road Kengeri Road Junction,nan,NICERD1,35386,NICE Road Kengeri Road Junction (Towards Basava Nagara),12.90224,77.46926,,nan
NICE Road Madavara,nan,JONICER,22233,NICE Road Madavara (Towards Jalahalli Cross),13.05692,77.47395,,nan
NICE Road Magadi Road Junction,nan,NCFTL,30392,NICE Road Magadi Road Junction (Towards NICE Road 4th Stone),12.9901,77.47231,,nan
NICE Road Magadi Road Junction,nan,NCFTL,33150,NICE Road Magadi Road Junction (Towards NICE Road 5th Stone),12.99008,77.47252,,nan
NICE Road Mysore Road Junction,nan,NICERD1,27468,NICE Road Mysore Road Junction (Towards NICE Road 8th Stone),12.90175,77.47068,,nan
NICE Road Mysore Road Junction,nan,NICERD1,34159,NICE Road Mysore Road Junction (Towards NICE Road 9th Stone),12.90245,77.47062,,nan
NICE Road Tumkur Road Junction,nan,JONICERD,30394,NICE Road Tumkur Road Junction (Towards Jalahalli Cross),13.05403,77.47667,,nan
NICE Road Tumkur Road Junction,nan,JONICERD,33151,NICE Road Tumkur Road Junction (Towards NICE Road 2nd Stone),13.05351,77.47681,,nan
NICE Road Veerabhadranagara,nan,NICEVBN,27470,NICE Road Veerabhadranagara (Towards Nayandahalli Junction),12.94054,77.53121,,nan
NICE Road Veerabhadranagara,nan,NICEVBN,34160,NICE Road Veerabhadranagara (Towards Electronic City),12.93657,77.53152,,nan
NICE Toll Electronic City,nan,ELCWG,38125,NICE Toll Electronic City (Towards Gottigere),12.85879,77.65603,,nan
NIFT College,nan,NTFCG,24281,NIFT College (Towards Parangipalya),12.91191,77.65192,,nan
NIFT College,nan,NTFCG,24298,NIFT College (Towards Agara Junction),12.91197,77.65182,,nan
NITTE Meenakshi College,nan,NMKCG,27498,NITTE Meenakshi College (Towards Palanahalli Gate),13.13102,77.5901,,nan
NITTE Meenakshi College,nan,NMKCG,34172,NITTE Meenakshi College (Towards Gantaganahalli),13.1311,77.5899,,nan
NR Colony,nan,NRCN,23684,NR Colony (Towards Basavanagudi Police Station),12.93789,77.5689,,nan
NR Colony,nan,NRCN,23730,NR Colony (Towards Thyagaraja Nagara),12.93788,77.56908,,nan
NRI Layout,nan,NRI,38041,NRI Layout (Towards B Channasandra),13.0299,77.67764,,nan
NS Palya,nan,NSPL,27513,NS Palya (Towards JP Nagara 3rd Phase),12.90862,77.60332,,nan
NTTF Peenya,nan,NTFPYA,34178,NTTF Peenya (Towards HMT Layout),13.02503,77.51099,,nan
NTTF Peenya,nan,NTTF,21068,NTTF Peenya (Towards Jalahalli Cross),13.02514,77.51122,,nan
NTTF Peenya,nan,NTTF,21069,NTTF Peenya (Towards Peenya 2nd Stage),13.02461,77.51099,,nan
Naduvatti,nan,NDVT,29180,Naduvatti (Towards Makanahalli),13.00614,77.79651,,nan
Naduvatti,nan,NDVT,34028,Naduvatti (Towards Mallasandra),13.0061,77.79657,,nan
Naduvatti Colony,nan,NDVCLY,29182,Naduvatti Colony (Towards Naduvatti),12.99979,77.79968,,nan
Naduvatti Colony,nan,NDVCLY,34029,Naduvatti Colony (Towards Soukya Hospital),12.99985,77.79982,,nan
Nagadasanahalli,nan,NGDH1.,29184,Nagadasanahalli (Towards SMVIT College),13.15987,77.57783,,nan
Nagadasanahalli,nan,NGDH1.,36083,Nagadasanahalli (Towards Muddanahalli),13.15992,77.57791,,nan
Nagadenahalli,nan,NGDH2,34030,Nagadenahalli (Towards Doddaballapura),13.28484,77.59853,,nan
Nagadenahalli,nan,NGDH3,29186,Nagadenahalli (Towards Devanahalli),13.28518,77.59849,,nan
Nagadevanahalli,nan,NGDH0,22322,Nagadevanahalli (Towards Shirke),12.93588,77.49244,,nan
Nagadevanahalli,nan,NGDH0,22323,Nagadevanahalli (Towards Mariyappanahalli),12.93591,77.4923,,nan
Nagalakshmi Kalyana Mantapa,nan,BSKNAKM,29188,Nagalakshmi Kalyana Mantapa (Towards Monotype Corporation),12.92713,77.56811,,nan
Nagalakshmi Kalyana Mantapa,nan,BSKNAKM,34031,Nagalakshmi Kalyana Mantapa (Towards Devegowda Petrol Bunk),12.9274,77.56794,,nan
Nagaland Circle,nan,BLGC1,22324,Nagaland Circle (Towards BEL Circle),13.05575,77.55721,,nan
Nagaland Circle,nan,BLGC1,22325,Nagaland Circle (Towards Nanjappa Circle),13.056,77.55734,,nan
Nagamangala,nan,NGML1,29190,Nagamangala (Towards Chowdanahalli),13.21676,77.61932,,nan
Nagamangala,nan,NGML1,34032,Nagamangala (Towards Hegganahalli),13.21671,77.61932,,nan
Naganayakanahalli,nan,NGHLI,34033,Naganayakanahalli (Towards Mallipalya),12.79247,77.47749,,nan
Naganayakanahalli,nan,NGHLI,34034,Naganayakanahalli (Towards Gudipalya),12.79251,77.47747,,nan
Naganayakanahalli,nan,NGNHL,34035,Naganayakanahalli (Towards Channarayapatna),13.2261,77.79069,,nan
Naganayakanahalli,nan,NGNHL,34036,Naganayakanahalli (Towards Cheemachanahalli),13.22612,77.79073,,nan
Naganayakanahalli,nan,NGYKL,29198,Naganayakanahalli (Towards Marasura Gate),12.77,77.69376,,nan
Naganayakanahalli,nan,NGYKL,34038,Naganayakanahalli (Towards Naganayakanahalli),12.76982,77.6939,,nan
Naganayakanakote,nan,NGKT1,29199,Naganayakanakote (Towards Naganayakanakote),12.96622,77.79481,,nan
Naganayakanakote Cross,nan,NGHKc,23565,Naganayakanakote Cross (Towards Tattanuru),12.96533,77.79989,,nan
Naganayakanakote Cross,nan,NGK,23568,Naganayakanakote Cross (Towards Bodana Hosahalli),12.96515,77.79988,,nan
Nagapura,nan,NGPR1,29201,Nagapura (Towards Rajajinagara 1st Block),13.00202,77.54437,,nan
Nagarabhavi 2nd Stage 11th Block,nan,NBV2nd,29397,Nagarabhavi 2nd Stage 11th Block (Towards Nagarabhavi 2nd Stage 11th Block),12.97017,77.50909,,nan
Nagarabhavi 2nd Stage 11th Block,nan,NBV2nd,35596,Nagarabhavi 2nd Stage 11th Block (Towards Nagarabhavi BDA Complex),12.97008,77.50906,,nan
Nagarabhavi Circle,nan,MNSNGR,21577,Nagarabhavi Circle (Towards Vijayanagara),12.9601,77.51982,,nan
Nagarabhavi Circle,nan,MNSNGR,35385,Nagarabhavi Circle (Towards Chandra Layout),12.95967,77.51985,,nan
Nagarabhavi Circle,nan,NBVC2,29205,Nagarabhavi Circle (Towards Summanahalli),12.95894,77.51681,,nan
Nagarabhavi Circle,nan,NBVC2,34041,Nagarabhavi Circle (Towards Nayandahalli),12.95907,77.51686,,nan
Nagarabhavi Circle,nan,NGRCL,35384,Nagarabhavi Circle (Towards AIT College),12.95829,77.5189,,nan
Nagarabhavi Vishweshwaraiah Sports Club,nan,CSBHTNIYURB VJ,29207,Nagarabhavi Vishweshwaraiah Sports Club (Towards Last Bus Stop),12.96908,77.49946,,nan
Nagarabhavi Vishweshwaraiah Sports Club,nan,CSBHTNIYURB VJ,34042,Nagarabhavi Vishweshwaraiah Sports Club (Towards Kengeri Main Road),12.96914,77.49947,,nan
Nagaraesh Nagenahalli Dinne,nan,NNGHD,29211,Nagaraesh Nagenahalli Dinne (Towards K Narayanapura),13.07727,77.64674,,nan
Nagarahole Nagara,nan,NHN1,29213,Nagarahole Nagara (Towards Nagarahole Nagara),12.99845,77.49738,,nan
Nagarahole Nagara,nan,NHN1,34045,Nagarahole Nagara (Towards Herohalli Cross),12.99841,77.49745,,nan
Nagaraholenagara Cross,nan,NHNCRS,38617,Nagaraholenagara Cross (Towards Nilagiri Tope),12.99736,77.49682,,nan
Nagarajuna College Ananthapura,nan,NGRJNC,29215,Nagarajuna College Ananthapura (Towards Ananthapura),13.1173,77.56127,,nan
Nagarajuna College Ananthapura,nan,NGRJNC,34046,Nagarajuna College Ananthapura (Towards Ramagondanahalli),13.11722,77.56134,,nan
Nagarenahalli,nan,NGRNH,29221,Nagarenahalli (Towards Chikka Kogilu),13.16665,77.8281,,nan
Nagarenahalli,nan,NGRNH,34049,Nagarenahalli (Towards Gillahalli Gate),13.16667,77.82805,,nan
Nagaresh Nagenahalli,nan,NGRNGHN,29209,Nagaresh Nagenahalli (Towards K Narayanapura),13.07027,77.64265,,nan
Nagaresh Nagenahalli,nan,NGRNGHN,34043,Nagaresh Nagenahalli (Towards Nagaresh Nagenahalli),13.07029,77.64259,,nan
Nagaruru,nan,NGR,29217,Nagaruru (Towards Nagaruru),13.09109,77.43461,,nan
Nagaruru,nan,NGR,34047,Nagaruru (Towards Makali),13.09115,77.4346,,nan
Nagaruru Cross,nan,NGCL,29219,Nagaruru Cross (Towards Mattahalli),13.09212,77.44532,,nan
Nagaruru Cross,nan,NGRR,34048,Nagaruru Cross (Towards Makali),13.09215,77.44534,,nan
Nagasandra,nan,NGDBS,29223,Nagasandra (Towards Jalahalli Cross),13.03949,77.50001,,nan
Nagasandra,nan,NGDBS,34050,Nagasandra (Towards Rock Line Studio),13.03944,77.50002,,nan
Nagasandra Circle,nan,NGSC1,29225,Nagasandra Circle (Towards South End Circle),12.93697,77.57208,,nan
Nagasandra Circle,nan,NGSC1,34051,Nagasandra Circle (Towards Gandhi Bazaar),12.93687,77.57193,,nan
Nagasandra Cross,nan,NGSC7,34052,Nagasandra Cross (Towards Nelagadaranahalli),13.03849,77.50451,,nan
Nagasandra Cross,nan,NGSC7,36386,Nagasandra Cross (Towards 8th Mile Dasarahalli),13.03598,77.513,,nan
Nagasandra Metro Staiton,nan,NGSRMS1,29231,Nagasandra Metro Staiton (Towards Jalahalli Cross),13.04817,77.49961,,nan
Nagasandra Metro Station,nan,NGSRMS1,34055,Nagasandra Metro Station (Towards Nelamangala),13.04779,77.49947,,nan
Nagasandra Palya,nan,NGSPL,29235,Nagasandra Palya (Towards Kanuvanahalli),13.00149,77.3776,,nan
Nagasandra Palya,nan,NGSPL,34056,Nagasandra Palya (Towards Sondekoppa),13.00153,77.37757,,nan
Nagashetty halli,nan,NGH,21047,Nagashetty halli (Towards Sanjay Nagara),13.04175,77.57279,,nan
Nagashetty halli,nan,NGH,21048,Nagashetty halli (Towards Bhupasandra),13.04171,77.57273,,nan
Nagavara Junction Petrol Bunk,nan,PTRBK,22382,Nagavara Junction Petrol Bunk (Towards Nagavara junctiion),13.04189,77.62498,,nan
Nagavara Junction Petrol Bunk,nan,PTRBK,22383,Nagavara Junction Petrol Bunk (Towards Thanisandra),13.04192,77.6248,,nan
Nagavarapalya,nan,NGVPUR,29239,Nagavarapalya (Towards Bristal Quaters),12.98948,77.6639,,nan
Nagavarapalya,nan,NGVPUR,34058,Nagavarapalya (Towards Kaggadasapura),12.98946,77.66387,,nan
Nagawara,nan,NGW,22326,Nagawara (Towards Nagavara Junction),13.03728,77.62333,,nan
Nagawara,nan,NGW,22327,Nagawara (Towards Glass Factory),13.03735,77.62336,,nan
Nagawara Junction,nan,JONGV,35838,Nagawara Junction (Towards Coles Park/Hebbala),13.04042,77.62445,,nan
Nagawara Junction,nan,JONGV,36305,Nagawara Junction (Towards RK Hegade Nagara),13.04054,77.62435,,nan
Nagawara Junction,nan,JONGV,37603,Nagawara Junction (Towards Shivajinagara),13.03982,77.62421,,nan
Nagawara Junction,nan,NGVRJ,35837,Nagawara Junction (Towards Thanisandra),13.03997,77.62419,,nan
Nagawara Junction,nan,jnon,20884,Nagawara Junction (Towards Tin Factory),13.0402,77.62454,,nan
Nagawara Junction,nan,jnon,20885,Nagawara Junction (Towards Hebbala),13.04046,77.62408,,nan
Nagayyana Doddy,nan,NGYYD,29241,Nagayyana Doddy (Towards Chikka Indlawadi),12.71167,77.64148,,nan
Nagayyana Doddy,nan,NGYYD,34059,Nagayyana Doddy (Towards Chikka hosahalli),12.71169,77.64159,,nan
Nagegowdanapalya,nan,NGPLY,38822,Nagegowdanapalya (Towards Last Stop),12.86768,77.51575,,nan
Nagegowdanpalya Cross,nan,RFVGMHJYOPWERTYU,29247,Nagegowdanpalya Cross (Towards Silk Form),12.85525,77.51445,,nan
Nagegowdanpalya Cross,nan,RFVGMHJYOPWERTYU,34063,Nagegowdanpalya Cross (Towards The Valley School),12.85523,77.51448,,nan
Nagenahalli,nan,NGH-1,22332,Nagenahalli (Towards Budigere),13.17291,77.76141,,nan
Nagenahalli,nan,NGH-1,34066,Nagenahalli (Towards Bidalapura),13.17288,77.76134,,nan
Nagenahalli,nan,NGHL3,34065,Nagenahalli (Towards Harohalli),13.13116,77.57473,,nan
Nagenahalli,nan,NGHL3,34067,Nagenahalli (Towards Puttenahalli),13.13111,77.57468,,nan
Nagenahalli,nan,NGHL4,29254,Nagenahalli (Towards Railway Gollahalli),13.19894,77.40237,,nan
Nagenahalli,nan,NGNH2,22331,Nagenahalli (Towards Chikka Gubbi Cross),13.08136,77.65328,,nan
Nagenahalli,nan,NGNH2,22333,Nagenahalli (Towards Byrathi Bande),13.08139,77.65341,,nan
Nagenahalli Gate,nan,NGNH,34069,Nagenahalli Gate (Towards Doddaballapura),13.13001,77.57132,,nan
Nagenahalli Gate,nan,NGNH1,29256,Nagenahalli Gate (Towards Yalahanka NES Office),13.13004,77.57147,,nan
Nagendra Block,nan,NGNDRBL,22334,Nagendra Block (Towards Giri Nagara),12.9419,77.55322,,nan
Nagendra Block,nan,NGNDRBL,22335,Nagendra Block (Towards Hanumantha Nagara),12.94192,77.55304,,nan
Nagondanahalli,nan,NGDLI1,23561,Nagondanahalli (Towards Immadahalli),12.97524,77.77134,,nan
Nagondanahalli,nan,NGDLI1,35181,Nagondanahalli (Towards Channasandra),12.97526,77.77131,,nan
Naidu Layout,nan,NDULO,29260,Naidu Layout (Towards Jigani),12.809,77.66867,,nan
Naidu Layout,nan,NDULO,34071,Naidu Layout (Towards Bommasandra),12.80894,77.66866,,nan
Nalku Kamba,nan,NLKMB1,29265,Nalku Kamba (Towards VIT),12.85214,77.452,,nan
Nalku Kamba,nan,NLKMB1,34073,Nalku Kamba (Towards Gonipura),12.85215,77.45203,,nan
Nallakkana Doddy Cross,nan,NKLDC,29269,Nallakkana Doddy Cross (Towards CRPF Bannerughatta),12.79814,77.52598,,nan
Nallakkana Doddy Cross,nan,NKLDC,34075,Nallakkana Doddy Cross (Towards Gulakamale),12.79803,77.52601,,nan
NallakkanaDoddy,nan,NLD,29267,NallakkanaDoddy (Towards Bhoothanahalli),12.80949,77.53085,,nan
NallakkanaDoddy,nan,NLD,34074,NallakkanaDoddy (Towards Nallakkana Doddy Cross),12.80946,77.53074,,nan
Nallapanahalli Gate,nan,NLPH,29271,Nallapanahalli Gate (Towards Sulibele),13.20669,77.78127,,nan
Nallapanahalli Gate,nan,NLPH,34076,Nallapanahalli Gate (Towards I Basapura),13.20659,77.78116,,nan
Nallur,nan,NLU,22338,Nallur (Towards Bidlapura),13.187,77.76044,,nan
Nallur,nan,NLU,22339,Nallur (Towards Budigere Cross),13.187,77.76047,,nan
Nallur Cross,nan,NLRC3,29274,Nallur Cross (Towards Devanahalli),13.20214,77.77149,,nan
Nallur Cross,nan,NLRC3,34077,Nallur Cross (Towards Arishinakunte),13.20238,77.77168,,nan
Nallur Cross,nan,NLRC3,38813,Nallur Cross (Towards Nallur),13.20203,77.77148,,nan
Nallur Cross,nan,NLRG,22340,Nallur Cross (Towards Budigere),13.18514,77.75974,,nan
Nallur Cross,nan,NLRG,34078,Nallur Cross (Towards Bidalapura),13.18515,77.75971,,nan
Nallurahalli,nan,NLH,29277,Nallurahalli (Towards Siddapura),12.96926,77.73563,,nan
Nallurahalli,nan,NLRH,34080,Nallurahalli (Towards White Field Post Office),12.96934,77.73574,,nan
Nammura Sarkari School,nan,NMMSS,29279,Nammura Sarkari School (Towards Mylappanahalli),13.13415,77.53406,,nan
Nammura Sarkari School,nan,NMMSS,34081,Nammura Sarkari School (Towards Mavallipura),13.13414,77.53412,,nan
Nanda Gokula Nagara,nan,NGN12,29281,Nanda Gokula Nagara (Towards Mahadevapura),13.06096,77.31793,,nan
Nanda Gokula Nagara,nan,NGN12,34082,Nanda Gokula Nagara (Towards Motaganahalli),13.061,77.31797,,nan
Nanda Shree,nan,NDSHE,29283,Nanda Shree (Towards Makanahalli),13.06021,77.78446,,nan
Nanda Shree,nan,NDSHE,34083,Nanda Shree (Towards Hosakote),13.06017,77.78441,,nan
Nanda Talkies,nan,NDT,22341,Nanda Talkies (Towards Yadiyuru),12.93222,77.58022,,nan
Nanda Talkies,nan,NDT,22342,Nanda Talkies (Towards South End Circle),12.93327,77.58007,,nan
Nandagudi,nan,NDG1,29285,Nandagudi (Towards H Cross),13.2022,77.90111,,nan
Nandagudi,nan,NDG1,34084,Nandagudi (Towards Hosakote),13.20237,77.90143,,nan
Nandaramaiahna Palya,nan,NDMP,38922,Nandaramaiahna Palya (Towards Nagaroor),13.08949,77.42519,,nan
Nandaramaiahna Palya,nan,NDMP,38923,Nandaramaiahna Palya (Towards Binnamangala),13.08945,77.42518,,nan
Nandas Hotel,nan,Nandas,38151,Nandas Hotel (Towards Mangammanapalya),12.92173,77.64503,,nan
Nandhini Layout,nan,JBWN2,29289,Nandhini Layout (Towards Goraguntepalya),13.01473,77.53052,,nan
Nandhini Layout,nan,JBWN2,34086,Nandhini Layout (Towards Summanahalli),13.01466,77.5307,,nan
Nandhini Talkies,nan,NDNT,29292,Nandhini Talkies (Towards Rajajinagara 1st Block),13.00386,77.54344,,nan
Nandhini Talkies,nan,NDNT,34087,Nandhini Talkies (Towards Geleyara Balaga),13.00383,77.54339,,nan
Nandi Cross,nan,NDHIC1,37996,Nandi Cross (Towards Chikkaballapura),13.36842,77.72579,,nan
Nandi Cross,nan,NDHIC1,37997,Nandi Cross (Towards Venkatagirikote),13.36848,77.72596,,nan
Nandi Garden Kothanur,nan,NGN1,23362,Nandi Garden Kothanur (Towards Kothanuru Cross),12.86745,77.56561,,nan
Nandi Garden Kothanur,nan,NGN1,23365,Nandi Garden Kothanur (Towards Anjanapura),12.86748,77.56566,,nan
Nandidurga Road,nan,YMCA,34091,Nandidurga Road (Towards Munireddypalya),13.00068,77.59952,,nan
Nandidurga Road,nan,YMCA,34092,Nandidurga Road (Towards Contonment Rialway Station),13.00075,77.59959,,nan
Nandini Cool Joint,nan,HSR2SCR,38147,Nandini Cool Joint (Towards Agara),12.91264,77.64461,,nan
Nandini Cool Joint,nan,HSR2SCR,38148,Nandini Cool Joint (Towards Mangammanapalya),12.91267,77.64466,,nan
Nandini Hotel JP Nagara,nan,NDNH,34195,Nandini Hotel JP Nagara (Towards Royal School),12.90512,77.58581,,nan
Nandini Layout Bus Stand,nan,NLO1,29301,Nandini Layout Bus Stand (Towards Nandini Layout Bus Stand),13.0116,77.53569,,nan
Nandini Layout Police Station,nan,NLO1,29302,Nandini Layout Police Station (Towards Nandini Layout Police Station),13.01235,77.53666,,nan
Nandini Layout Ring Road,nan,NLORR1,27499,Nandini Layout Ring Road (Towards Goraguntepalya),13.0116,77.52853,,nan
Nandini Layout Ring Road,nan,NLORR1,29290,Nandini Layout Ring Road (Towards Summanahalli),13.01159,77.52872,,nan
Nanjappa Circle,nan,NCBS,35117,Nanjappa Circle (Towards Elgin Floor Mill),12.96064,77.60095,,nan
Nanjappa Circle,nan,NCBS,35278,Nanjappa Circle (Towards Akkithimmanahalli),12.96058,77.60095,,nan
Nanjappa Circle,nan,NJPC,22343,Nanjappa Circle (Towards BEL Circle),13.06849,77.55995,,nan
Nanjappa Circle,nan,NJPC,22344,Nanjappa Circle (Towards Vidyaranyapura),13.06837,77.56011,,nan
Nanjappa Circle,nan,NJPC1,23516,Nanjappa Circle (Towards Thindlu),13.06843,77.5603,,nan
Nanjapura,nan,NJPANKL,29305,Nanjapura (Towards Nanjapura Road),12.80974,77.64123,,nan
Nanjapura,nan,NJPANKL,34093,Nanjapura (Towards Nanjapura),12.80971,77.64137,,nan
Nanjapura Cross,nan,NJPRD,29307,Nanjapura Cross (Towards Hulimangala),12.81365,77.64231,,nan
Nanjapura Cross,nan,NJPRD,34094,Nanjapura Cross (Towards Nanjapura),12.8137,77.64233,,nan
Nanjundegowda layout,nan,NJGLT,39486,Nanjundegowda layout (Towards Ganigarahalli),13.08588,77.50509,,nan
Nanjundegowda layout,nan,NJGLT,39487,Nanjundegowda layout (Towards Chikka Banavara),13.08588,77.50515,,nan
Nanjundeshwara Stores,nan,NANJU,22345,Nanjundeshwara Stores (Towards Hosakerehalli Cross),12.93361,77.54205,,nan
Nano Hospital,nan,KRHU,22198,Nano Hospital (Towards Uttarahalli),12.90698,77.54622,,nan
Nano Hospital,nan,KRHU,23736,Nano Hospital (Towards Chikkalasandra Aralimara),12.907,77.54619,,nan
Narasaiahna Agrahara,nan,NAGH2,29309,Narasaiahna Agrahara (Towards Kadanoor),13.25458,77.454,,nan
Narasaiahna Agrahara,nan,NAGH2,34095,Narasaiahna Agrahara (Towards Last Stop),13.25463,77.45391,,nan
Narasapura,nan,NRSAPR,34098,Narasapura (Towards Malenahalli),12.80048,77.80158,,nan
Narasapura,nan,NRSPRA,34096,Narasapura (Towards Handenahalli),12.82802,77.7761,,nan
Narasapura,nan,NRSPRA,34097,Narasapura (Towards Sultanpalya),12.82806,77.7761,,nan
Narasapura (H D Devegowda Circle),nan,NRP,29315,Narasapura (H D Devegowda Circle) (Towards Narasapura),12.9772,77.49366,,nan
Narasapura (H D Devegowda Circle),nan,NRP,34099,Narasapura (H D Devegowda Circle) (Towards D Group Employees Layout),12.97731,77.49353,,nan
Narasapura 1,nan,NRSAPR,34832,Narasapura 1 (Towards Narasapura),12.80052,77.80172,,nan
Narasapura Gate,nan,NRSPG,29317,Narasapura Gate (Towards Bittasandra),13.11244,77.27348,,nan
Narasapura Gate,nan,NRSPG,34100,Narasapura Gate (Towards Kodi Basavanna Temple),13.11237,77.27337,,nan
Narasimha Temple,nan,NRSMTPL,24120,Narasimha Temple (Towards Jigani Layout),12.7762,77.63615,,nan
Narasimha Temple,nan,NRSMTPL,24277,Narasimha Temple (Towards Jigani),12.77624,77.6361,,nan
Narasipura,nan,NRSP1,29319,Narasipura (Towards Mattahalli),13.10984,77.46356,,nan
Narasipura,nan,NRSP1,34101,Narasipura (Towards Govindapura),13.10984,77.46352,,nan
Narayan Rao Palya,nan,NRP8,34102,Narayan Rao Palya (Towards Machanayakanahalli),13.14134,77.38115,,nan
Narayana Nagara Cross,nan,NRC KKC,29325,Narayana Nagara Cross (Towards Konanakunte Cross),12.87939,77.55384,,nan
Narayana Nagara Cross,nan,NRC KKC,34104,Narayana Nagara Cross (Towards Avalahalli BDA Layout),12.87999,77.55341,,nan
Narayanaghatta,nan,NRGT,29327,Narayanaghatta (Towards Narayanaghatta),12.83613,77.72525,,nan
Narayanaghatta,nan,NRGT,34105,Narayanaghatta (Towards Singena Agrahara),12.83608,77.72523,,nan
Narayanaghatta Gate,nan,NRYGT,29329,Narayanaghatta Gate (Towards Singena Agrahara),12.83786,77.72468,,nan
Narayanaghatta Gate,nan,NRYGT,34106,Narayanaghatta Gate (Towards Mutha Nalluru Cross),12.83786,77.72462,,nan
Narayanakere,nan,NYNK.,29331,Narayanakere (Towards Lakkur),12.94391,77.85785,,nan
Narayanakere,nan,NYNK.,34107,Narayanakere (Towards D Hosahalli),12.94398,77.85776,,nan
Narayananagara 3rd Stage,nan,NRN3,34108,Narayananagara 3rd Stage (Towards Last Stop),12.87911,77.55845,,nan
Narayanappanapalya Adakimaranahalli,nan,ADHCR,29335,Narayanappanapalya Adakimaranahalli (Towards Ravuttanahalli),13.06246,77.43659,,nan
Narayanappanapalya Adakimaranahalli,nan,ADHCR,34109,Narayanappanapalya Adakimaranahalli (Towards Tumkur Road),13.06252,77.43656,,nan
Narayanapura,nan,NRNBDI,29341,Narayanapura (Towards Kattalepalya),12.79262,77.46093,,nan
Narayanapura,nan,NRNBDI,34114,Narayanapura (Towards Karenahalli),12.79268,77.461,,nan
Narayanapura,nan,NRP2,34110,Narayanapura (Towards Kuduregere Colony),13.16259,77.60144,,nan
Narayanapura,nan,NRP2,34111,Narayanapura (Towards Bettahalasuru),13.16264,77.6014,,nan
Narayanapura Cross,nan,NRPCRC,39042,Narayanapura Cross (Towards Vanakanahalli),12.69588,77.69552,,nan
Narayanapura Cross,nan,NRPCRC,39043,Narayanapura Cross (Towards Homplaghatta/Anekal),12.69587,77.69551,,nan
Narendra Tent Nagawara,nan,NRT,29344,Narendra Tent Nagawara (Towards Nagavara),13.02682,77.62062,,nan
National College,nan,NC1,22347,National College (Towards Lalbagh West Gate),12.94865,77.57567,,nan
National College,nan,NTC2,37084,National College (Towards Jayanagar 6th Block),12.92467,77.57801,,nan
National College,nan,nc2,22346,National College (Towards Basavanagudi Police Station),12.94942,77.57379,,nan
National College,nan,nc2,22348,National College (Towards Mahila Seva Samaja),12.94926,77.57367,,nan
National Cricket Academy,nan,NCA,39204,National Cricket Academy (Towards Bagalur),13.16523,77.70853,,nan
National Cricket Academy,nan,NCA,39205,National Cricket Academy (Towards Bettakote),13.16511,77.70841,,nan
National Games Village Gate,nan,NGVG1,23934,National Games Village Gate (Towards Depot-15),12.94928,77.62039,,nan
National Games Village Gate,nan,NGVG1,23948,National Games Village Gate (Towards Austin Town),12.94868,77.61997,,nan
National Law College University,nan,NLC13,29345,National Law College University (Towards Nagarabhavi Circle),12.95323,77.51662,,nan
National Public School Kudlu,nan,NPSCK,40013,National Public School Kudlu (Towards Haraluru Cross),12.89009,77.66884,,nan
National Public School Kudlu,nan,NPSCL2K,40012,National Public School Kudlu (Towards Choodasandra Circle),12.89018,77.66885,,nan
National Public School Ullal Lake,nan,NPSU,29346,National Public School Ullal Lake (Towards Marutinagara),12.95588,77.47877,,nan
National Public School Ullala,nan,NPSU,29347,National Public School Ullala (Towards Ullala),12.95594,77.4786,,nan
National Public School Uttarahalli,nan,NPSUTH,38097,National Public School Uttarahalli (Towards Turahalli),12.904,77.5309,,nan
National college,nan,NTC2,37082,National college (Towards Sangam circle),12.92462,77.57804,,nan
Navarang Bar,nan,NVRGB,29349,Navarang Bar (Towards Sujatha Talkies),12.99126,77.55778,,nan
Navarang Bar,nan,NVRGB,34116,Navarang Bar (Towards Navarang Talkies),12.99126,77.55762,,nan
Navarang Theatre,nan,NVRNG4,29351,Navarang Theatre (Towards Malleshwaram Circle),12.99862,77.55298,,nan
Navarang Theatre,nan,NVRNG4,34117,Navarang Theatre (Towards Vivekananda College),12.99843,77.55288,,nan
Navarang Theatre,nan,NVRNG4,35082,Navarang Theatre (Towards ESI Hospital),12.99762,77.55113,,nan
Navarang Theatre,nan,NVRNGT,21049,Navarang Theatre (Towards Modi Hospital),12.99748,77.54884,,nan
Navarang Theatre,nan,NVRNGT,21051,Navarang Theatre (Towards Malleshwaram),12.99791,77.55159,,nan
Navarang Theatre,nan,NVRNGT,35290,Navarang Theatre (Towards Rajajinagara 1st Block),12.99825,77.55096,,nan
Navarathna Agrahara,nan,NVRAG,29353,Navarathna Agrahara (Towards Sadahalli Gate),13.1997,77.63587,,nan
Navarathna Agrahara,nan,NVRAG,34118,Navarathna Agrahara (Towards Bhovipalya),13.19963,77.6358,,nan
Navayuga Toll,nan,NVYGT3,35728,Navayuga Toll (Towards Devanahalli),13.19312,77.64887,,nan
Navayuga Toll,nan,NVYGT3,35729,Navayuga Toll (Towards Hebbala),13.19384,77.65053,,nan
Navayuga Toll  (Military Dairy Farm),nan,MDF,38168,Navayuga Toll  (Military Dairy Farm) (Towards Venkatala),13.04998,77.59277,,nan
Navayuga Toll (KIA),nan,NVYGT,35745,Navayuga Toll (KIA) (Towards Hebbala),13.19332,77.65018,,nan
Navayuga Toll (V-298MN),nan,NVYGT3,38004,Navayuga Toll (V-298MN) (Towards Devanahalli),13.19291,77.6486,,nan
Navayuga Toll (V-298MN),nan,NVYGT3,38005,Navayuga Toll (V-298MN) (Towards Venkatala),13.19411,77.6509,,nan
Navodaya Nagara,nan,NDN1,23455,Navodaya Nagara (Towards Jambu Savari Dinne),12.88137,77.58381,,nan
Navodaya Nagara,nan,NDN1,23471,Navodaya Nagara (Towards JP Nagara 15th Cross),12.88129,77.58376,,nan
Navodaya School Bagalur,nan,NVDB,29355,Navodaya School Bagalur (Towards Beguru),13.14903,77.67494,,nan
Navodaya School Bagalur,nan,NVDB,34119,Navodaya School Bagalur (Towards Bande Kodigehalli),13.14888,77.67468,,nan
Navodaya School Doddaballapura,nan,NVDYS,29357,Navodaya School Doddaballapura (Towards Rajanukunte),13.26922,77.5523,,nan
Navodaya School Doddaballapura,nan,NVDYS,34120,Navodaya School Doddaballapura (Towards Doddaballapura),13.2691,77.55217,,nan
Navya Badavane,nan,NVYBADV,29359,Navya Badavane (Towards Maruthi Nagara),12.78732,77.65385,,nan
Navya Badavane,nan,NVYBADV,34121,Navya Badavane (Towards Jigani APC Circle),12.78723,77.65396,,nan
Nawkalpalya,nan,NKP3,29361,Nawkalpalya (Towards Kaggalipura),12.79431,77.48902,,nan
Nawkalpalya,nan,NKP3,34122,Nawkalpalya (Towards Gudipalya),12.79428,77.48904,,nan
Nayakanapalya,nan,NYKNPL12,34123,Nayakanapalya (Towards Savandurga),12.90386,77.28116,,nan
Nayanahalli,nan,NYNHLL,29365,Nayanahalli (Towards Jn of Nayanahalli Cross),12.75997,77.67258,,nan
Nayanahalli,nan,NYNHLL,34124,Nayanahalli (Towards Lingapura),12.76002,77.67255,,nan
Nayanahalli Cross,nan,JNONYN,30387,Nayanahalli Cross (Towards Kumbarahalli),12.76153,77.65501,,nan
Nayanahalli Cross,nan,JNONYN,35295,Nayanahalli Cross (Towards Haragadde),12.76145,77.65493,,nan
Nayandahalli,nan,MRMS,21052,Nayandahalli (Towards Kengeri),12.94268,77.52589,,nan
Nayandahalli,nan,MRMS,21053,Nayandahalli (Towards BHEL),12.94288,77.52576,,nan
Nayandahalli Junction,nan,MRMS,34321,Nayandahalli Junction (Towards Nagarabhavi Circle),12.94552,77.52755,,nan
Nayandahalli Junction,nan,NDH1,20887,Nayandahalli Junction (Towards Kengeri),12.94509,77.52857,,nan
Nayandahalli Junction,nan,NYNDHLIII,23371,Nayandahalli Junction (Towards Veerabhadranagara),12.94381,77.53029,,nan
Nayandahalli Junction,nan,NYNDHLIII,37961,Nayandahalli Junction (Towards BHEL),12.94581,77.52832,,nan
Nayara Petrol Bunk,nan,NYRPBK1,39979,Nayara Petrol Bunk (Towards Anjanapura 1st Block),12.855,77.55423,,nan
Nayara Petrol Bunk,nan,NYRPBK1,39980,Nayara Petrol Bunk (Towards Vajragiri Estate),12.85507,77.55422,,nan
Nayara Petrol Pump Puttenahalli Lake,nan,LXMLO,31886,Nayara Petrol Pump Puttenahalli Lake (Towards JPN 24th Main Road),12.89127,77.58769,,nan
Neeladri Nagar,nan,NLDRN,23497,Neeladri Nagar (Towards Electronic City),12.84153,77.64799,,nan
Neeladri Nagar SNN Raj Neeladri Apartment,nan,NLN,29371,Neeladri Nagar SNN Raj Neeladri Apartment (Towards Neeladri Nagar),12.843,77.64426,,nan
Neeladri Nagar SNN Raj Neeladri Apartment,nan,NLN,34126,Neeladri Nagar SNN Raj Neeladri Apartment (Towards Thogur Cross),12.84285,77.6442,,nan
Neeladri Nagara,nan,NLDRN,29372,Neeladri Nagara (Towards Thoguru Cross),12.84148,77.64798,,nan
Neelagiri Thopu,nan,NLGRT,21054,Neelagiri Thopu (Towards Sunkadakatte),12.99578,77.50253,,nan
Neelagiri Thopu,nan,NLGRT,21055,Neelagiri Thopu (Towards Hegganahalli),12.99577,77.50249,,nan
Neelasandra BDA Complex,nan,NLSB1,27398,Neelasandra BDA Complex (Towards Neelasandra),12.95723,77.61498,,nan
Neelasandra Bus Stand,nan,NLSB1,22349,Neelasandra Bus Stand (Towards Austin Town),12.95766,77.61429,,nan
Neelasandra Bus Stand,nan,NLSB1,22350,Neelasandra Bus Stand (Towards Rose Garden),12.95746,77.61444,,nan
Neelasandra Rose Garden,nan,RSGN,22351,Neelasandra Rose Garden (Towards Neelasandra),12.95371,77.61752,,nan
Neelasandra Rose Garden,nan,RSGN,22352,Neelasandra Rose Garden (Towards Neelasandra Rose Garden),12.95379,77.61737,,nan
Neeleri,nan,NLR5,37991,Neeleri (Towards Last Stop),13.27327,77.71059,,nan
Neeleri Cross,nan,NLGRT1,27404,Neeleri Cross (Towards Devanahalli),13.2778,77.71253,,nan
Neeleri Cross,nan,NLGRT1,34130,Neeleri Cross (Towards Nandi),13.27775,77.71252,,nan
Neeleri Gate,nan,NERI1,27402,Neeleri Gate (Towards Devanahalli),13.25862,77.70601,,nan
Neeleri Gate,nan,NERI1,34129,Neeleri Gate (Towards Doddaballapura),13.25857,77.70602,,nan
Nekkundi Dommasandra,nan,NKDMDR,24320,Nekkundi Dommasandra (Towards Kammanahalli),12.92787,77.77594,,nan
Nekkundi Dommasandra,nan,NKDMDR,24330,Nekkundi Dommasandra (Towards Varthuru),12.92785,77.77604,,nan
Nelagadarenahalli,nan,NGH3,34131,Nelagadarenahalli (Towards Thigalarapalya),13.03155,77.50364,,nan
Nelagadarenahalli,nan,NLGH,34132,Nelagadarenahalli (Towards 8th Mile),13.03157,77.50358,,nan
Nelaguli,nan,NLGLI,27410,Nelaguli (Towards Sundaram Estate),12.77179,77.48349,,nan
Nelaguli,nan,NLGLI,34134,Nelaguli (Towards Nelaguli Cross),12.77183,77.4835,,nan
Nelagulli Cross,nan,NLC,23549,Nelagulli Cross (Towards Harohalli),12.77412,77.49242,,nan
Nelagulli Cross,nan,NLC,23629,Nelagulli Cross (Towards Banashankari Bus Stand),12.77409,77.49217,,nan
Nelamangala Bus Station,nan,NMG1,22353,Nelamangala Bus Station (Towards Departure),13.09796,77.39438,,nan
Nelamangala Bus Station,nan,NMG1,27411,Nelamangala Bus Station (Towards Arrival),13.09803,77.39387,,nan
Nelamangala Cement Factory,nan,NCF1,27413,Nelamangala Cement Factory (Towards Nelamangala),13.09212,77.37748,,nan
Nelamangala Cement Factory,nan,NCF1,34135,Nelamangala Cement Factory (Towards Yantaganahalli),13.09184,77.37756,,nan
Nelamangala Court,nan,NMGCOURT1,35813,Nelamangala Court (Towards Nelamangala),13.08797,77.39381,,nan
Nelamangala Court,nan,NMGCOURT1,35814,Nelamangala Court (Towards Sondekoppa),13.08799,77.39386,,nan
Nelamangala Hunasemara,nan,NLMHSM1,27418,Nelamangala Hunasemara (Towards Nelamangala),13.10062,77.39073,,nan
Nelamangala Hunasemara,nan,NLMHSM1,34136,Nelamangala Hunasemara (Towards Kunigal Bypass Road),13.09978,77.39083,,nan
Nelamangala Hunasemara,nan,NLMHSM1,34137,Nelamangala Hunasemara (Towards Basavanahalli),13.10054,77.39064,,nan
Nelamangala Hunasemara 1,nan,NLMHSM1,34833,Nelamangala Hunasemara 1 (Towards Nelamangala),13.09991,77.39085,,nan
Nelamangala Jass,nan,NMG Jass,40437,Nelamangala Jass (Towards Dabaspet),13.1137,77.37542,,nan
Nelamangala Jass,nan,NMG Jass,40438,Nelamangala Jass (Towards Nelamangala),13.11568,77.37378,,nan
Nelamangala Jass Toll,nan,NMG Jass,27420,Nelamangala Jass Toll (Towards Dabaspet),13.11379,77.37524,,nan
Nelamangala Jass Toll,nan,NMG Jass,34138,Nelamangala Jass Toll (Towards Nelamangala),13.11541,77.37417,,nan
Nelamangala Railway Station,nan,NMGRS,34139,Nelamangala Railway Station (Towards Last Stop),13.11213,77.39275,,nan
Nellukunte,nan,NLK,27428,Nellukunte (Towards Dodda Tumkur),13.22201,77.54179,,nan
Nellukunte,nan,NLK,34142,Nellukunte (Towards Marasandra Circle),13.22215,77.54189,,nan
Neragenahalli,nan,NRGHL,27433,Neragenahalli (Towards Sadahalli),13.23603,77.63007,,nan
Neragenahalli,nan,NRGHL,34144,Neragenahalli (Towards Kundana),13.23602,77.63003,,nan
Neragenahalli Cross,nan,NRH,27435,Neragenahalli Cross (Towards Singarahalli),13.22897,77.62986,,nan
Neragenahalli Cross,nan,NRHC,34145,Neragenahalli Cross (Towards Nerigenahalli),13.229,77.62985,,nan
Neralemarada Doddi,nan,NMDD1,27437,Neralemarada Doddi (Towards Harohalli),12.65863,77.49166,,nan
Neralemarada Doddi,nan,NMDD1,34146,Neralemarada Doddi (Towards Maralawadi),12.65868,77.49163,,nan
Neraluru Gate,nan,NRLG,22354,Neraluru Gate (Towards Attibele),12.79229,77.72844,,nan
Neraluru Gate,nan,NRLG,22355,Neraluru Gate (Towards Chandapura),12.79217,77.72813,,nan
Nerige,nan,NRGI1,24026,Nerige (Towards Kamanahalli),12.91165,77.77684,,nan
Nerige,nan,NRGI1,24035,Nerige (Towards Gunjuru),12.91177,77.7769,,nan
Neshepalya,nan,NSPLY1,27441,Neshepalya (Towards Magadi),12.93296,77.21401,,nan
Neshepalya,nan,NSPLY1,34148,Neshepalya (Towards Managal),12.93294,77.21405,,nan
Nethenalli,nan,NETH1,27443,Nethenalli (Towards Magadi),12.94226,77.22136,,nan
Nethenalli,nan,NETH1,34149,Nethenalli (Towards Managal),12.94226,77.2214,,nan
Nethravathi Block-05,nan,NTRVB,38871,Nethravathi Block-05 (Towards NGV),12.94553,77.62274,,nan
Nettakallappa Circle,nan,NKPC,23685,Nettakallappa Circle (Towards Gandhi Bazaar),12.93945,77.57204,,nan
Nettakallappa Circle,nan,NKPC,23729,Nettakallappa Circle (Towards South End Circle),12.93917,77.57175,,nan
Nettigere,nan,NTGR,23639,Nettigere (Towards Muni Nagara),12.75896,77.49443,,nan
Nettigere,nan,NTGR,24123,Nettigere (Towards Nettigere Cross),12.75892,77.49446,,nan
Nettigere Cross,nan,NTGRC,23551,Nettigere Cross (Towards Nettigere),12.76118,77.48671,,nan
Nettigere Cross,nan,NTGRC,23626,Nettigere Cross (Towards Kaggalipura),12.76129,77.48658,,nan
New Baldwin International School,nan,NBS,27447,New Baldwin International School (Towards Budigere),13.07263,77.73716,,nan
New Baldwin International School,nan,NBS,34151,New Baldwin International School (Towards Budigere Cross),13.07254,77.73721,,nan
New Baldwin School,nan,NBDNSH,22358,New Baldwin School (Towards B Channasandra),13.01456,77.65779,,nan
New Baldwin School,nan,NBDNSH,22359,New Baldwin School (Towards Shivaji Nagara),13.01433,77.65818,,nan
New Byrohalli,nan,NBRHL1,27451,New Byrohalli (Towards Hunasemaradapalya),12.91938,77.45602,,nan
New Byrohalli,nan,NBRHL1,34153,New Byrohalli (Towards Kengeri),12.91943,77.45588,,nan
New Gabbadi,nan,NWGBDI,23611,New Gabbadi (Towards Kanakapura),12.71347,77.48163,,nan
New Gabbadi,nan,NWGBDI,23620,New Gabbadi (Towards kaggalipura),12.71338,77.48144,,nan
New Guddadahalli,nan,NGUDH,21056,New Guddadahalli (Towards Sirsi Circle),12.95587,77.54596,,nan
New Guddadahalli,nan,NGUDH,21057,New Guddadahalli (Towards MCTC Bus Station),12.95641,77.54761,,nan
New Horizon College,nan,NHC3,21058,New Horizon College (Towards Central Silk Board),12.93544,77.69123,,nan
New Horizon College,nan,NHC3,21059,New Horizon College (Towards Hebbala),12.93516,77.69063,,nan
New Horizon School,nan,new,22360,New Horizon School (Towards Domlur),12.96897,77.64142,,nan
New Horizon School,nan,new,22361,New Horizon School (Towards KFC),12.9689,77.64129,,nan
New MICO Gate,nan,NMGHR,24169,New MICO Gate (Towards Hosa Road),12.87029,77.6583,,nan
New MICO Gate,nan,NMGHR,24175,New MICO Gate (Towards Bengaluru Central Jail),12.87041,77.6583,,nan
Nice Road Junction,nan,JTFRM,38821,Nice Road Junction (Towards Talaghattapura),12.86005,77.5287,,nan
Nice Road Junction Beguru,nan,BGNCRDJ1,24140,Nice Road Junction Beguru (Towards Vaddarapalya),12.8545,77.6095,,nan
Nice Road Junction Beguru,nan,BGNCRDJ1,24339,Nice Road Junction Beguru (Towards Beguru),12.8545,77.60942,,nan
Nidaghatta,nan,NDGT,27473,Nidaghatta (Towards Dodda Nallala),13.09565,77.87034,,nan
Nidaghatta,nan,NDGT,34161,Nidaghatta (Towards Kolara Road),13.09561,77.8703,,nan
Nimbekaipura,nan,NMBP,27475,Nimbekaipura (Towards Hosakote),13.05853,77.75585,,nan
Nimbekaipura Gate,nan,NMBKPR,27477,Nimbekaipura Gate (Towards KatamaNalluru Gate),13.05297,77.7598,,nan
Nimbekaipura Gate,nan,NMBKPR,34163,Nimbekaipura Gate (Towards Nimbekaipura),13.05282,77.75974,,nan
Nimhans Hospital,nan,NMH,21064,Nimhans Hospital (Towards Bengaluru Dairy Circle),12.93989,77.59775,,nan
Nimhans Hospital,nan,NMH,21065,Nimhans Hospital (Towards Shanthi Nagara),12.93871,77.59824,,nan
Nimishamba Temple,nan,NMST,27480,Nimishamba Temple (Towards RR Gate),12.92485,77.51789,,nan
Nimishamba Temple,nan,NMST,34164,Nimishamba Temple (Towards BEML Layout),12.92491,77.51788,,nan
Ningegowdana Doddy,nan,LNGND1,34165,Ningegowdana Doddy (Towards Manchanabele),12.85664,77.33391,,nan
Ningegowdana Doddy,nan,LNGND1,35857,Ningegowdana Doddy (Towards Hagalahalli),12.8566,77.33393,,nan
Niranjan Genises Apartment,nan,NICE16STN,27483,Niranjan Genises Apartment (Towards NGABGR),12.86516,77.6232,,nan
Nirmala Store,nan,NIRMS,21066,Nirmala Store (Towards Giri Nagara),12.94162,77.55957,,nan
Nisarga Badavane,nan,NSRBDVR,27486,Nisarga Badavane (Towards Koppa Gate),12.78296,77.61292,,nan
Nisarga Badavane,nan,NSRBDVR,34166,Nisarga Badavane (Towards Nisarga Badavane),12.78296,77.61296,,nan
Nisarga Badavane Cross,nan,NSRBVENE,23504,Nisarga Badavane Cross (Towards Kasuvinakunte),12.78038,77.60242,,nan
Nisarga Badavane Cross,nan,NSRBVENE,23507,Nisarga Badavane Cross (Towards Begihalli),12.78035,77.60238,,nan
Nisarga Badavane East Gate,nan,NSBDV,27488,Nisarga Badavane East Gate (Towards Harappanahalli),12.78732,77.62163,,nan
Nisarga Badavane East Gate,nan,NSBDV,34167,Nisarga Badavane East Gate (Towards Nandanavana Badavane),12.78732,77.62171,,nan
Nisarga Layout,nan,NLO,27490,Nisarga Layout (Towards Mattahalli),13.07161,77.4528,,nan
Nisarga Layout,nan,NLO,34168,Nisarga Layout (Towards Makali),13.07167,77.45283,,nan
Nishane,nan,NSNE,27492,Nishane (Towards Gottigehalli),12.73197,77.52192,,nan
Nishane,nan,NSNE,34169,Nishane (Towards Mukkodlu),12.73194,77.52191,,nan
Nithyananda Ashrama,nan,NNDA,34170,Nithyananda Ashrama (Towards Manchegowdanapalya),12.77785,77.37822,,nan
Nithyanandanagara,nan,NTN2,39912,Nithyanandanagara (Towards BGS College Gate),12.8466,77.46146,,nan
Nithyanandanagara,nan,NTN2,39913,Nithyanandanagara (Towards Devagere Colony),12.84649,77.46145,,nan
Nitte International School,nan,MDPHC1,27496,Nitte International School (Towards Mylappanahalli),13.14788,77.55096,,nan
Nitte International School,nan,NITTEIS,34171,Nitte International School (Towards Mylappanahalli Cross),13.14791,77.55089,,nan
Niviksha Arcade Yelahanka 5th phase,nan,YST5thPH,39711,Niviksha Arcade Yelahanka 5th phase (Towards Yelahanka 5th phase),13.10426,77.57004,,nan
Nobel Residency,nan,NBRSCGT,24139,Nobel Residency (Towards St Merrys School),12.85876,77.61194,,nan
Nobel Residency,nan,NBRSCGT,24340,Nobel Residency (Towards Beguru),12.85879,77.61186,,nan
Nobo Nagara,nan,NBNGR,27501,Nobo Nagara (Towards AECS Dental College),12.8682,77.59783,,nan
Nobo Nagara,nan,NBNGR,34173,Nobo Nagara (Towards Meenakshi Temple),12.86809,77.59783,,nan
Noor Nagara,nan,NRN,22365,Noor Nagara (Towards Nagavara),13.08003,77.63413,,nan
Noor Nagara,nan,NRN,22366,Noor Nagara (Towards Bellahalli Junction),13.08,77.63398,,nan
North Road,nan,NRR,21067,North Road (Towards Ramakrishna Ashrama),12.94816,77.57055,,nan
North Road,nan,NRR,22678,North Road (Towards Lalbagh West Gate),12.94828,77.57066,,nan
Nosenuru,nan,NSN2,27505,Nosenuru (Towards Nosenoor),12.74882,77.65036,,nan
Nosenuru,nan,NSN2,34175,Nosenuru (Towards Dyavasandra),12.74886,77.65034,,nan
Nosenuru Cross,nan,NSRC1,27507,Nosenuru Cross (Towards Konasandra Cross),12.74926,77.64427,,nan
Nosenuru Cross,nan,NSRC1,34176,Nosenuru Cross (Towards Aduru),12.74929,77.64431,,nan
Nrithyagrama,nan,NRG,27509,Nrithyagrama (Towards Hesarughatta Village),13.16193,77.4588,,nan
Nrupathunganagara Chandana Hospital,nan,NTR0,21583,Nrupathunganagara Chandana Hospital (Towards Nagarabhavi Village),12.95823,77.50972,,nan
Nruthyagrama Gate,nan,NGS1,27512,Nruthyagrama Gate (Towards Hesaraghatta),13.15419,77.473,,nan
Nruthyagrama Gate,nan,NGS1,34177,Nruthyagrama Gate (Towards Nrutya Grama),13.15417,77.47297,,nan
Nursery Farm,nan,NRSFM,27517,Nursery Farm (Towards Chandapura),12.829,77.71995,,nan
Nursery Farm,nan,NRSFM,34179,Nursery Farm (Towards Kammasandra),12.82884,77.71973,,nan
Nursery Maragondanahalli,nan,FRSTG3,27519,Nursery Maragondanahalli (Towards Tavarakere),12.93631,77.43851,,nan
Nursery Maragondanahalli,nan,FRSTG3,34180,Nursery Maragondanahalli (Towards Maragondanahalli),12.93633,77.43847,,nan
Nursery Nelamangala,nan,NMLN,22367,Nursery Nelamangala (Towards Jalahalli Cross),13.09008,77.40945,,nan
Nursery Nelamangala,nan,NMLN,27520,Nursery Nelamangala (Towards Nelamangala),13.09011,77.40928,,nan
Nyanappanahalli Bus Stand,nan,NYH,29368,Nyanappanahalli Bus Stand (Towards Devara Chikkanahalli),12.879,77.61656,,nan
Nyanappanahalli Bus Stand,nan,NYH,34125,Nyanappanahalli Bus Stand (Towards Yalenahalli),12.87896,77.61663,,nan
Nyaya Degula,nan,NYDGMLYC,27523,Nyaya Degula (Towards Nyaya Degula),12.95419,77.59038,,nan
OB Chudanahalli,nan,OBC,27529,OB Chudanahalli (Towards Talagere),12.81789,77.52054,,nan
OB Chudanahalli,nan,OBCAH,34184,OB Chudanahalli (Towards Udhipalya),12.81786,77.52058,,nan
OB Chudanahalli Sri Sri Ayurvedic Hospital,nan,OBCAH,39611,OB Chudanahalli Sri Sri Ayurvedic Hospital (Towards Last Stop),12.82239,77.52124,,nan
OMBR Layout,nan,OMBRL,27541,OMBR Layout (Towards B Channasandra),13.00824,77.65236,,nan
OMBR Layout,nan,OMBRL,34189,OMBR Layout (Towards Banasawadi),13.00824,77.65233,,nan
OMEX Circle,nan,OSRCL,27542,OMEX Circle (Towards APC Circle),12.79879,77.66117,,nan
OMEX Circle Sriramapura,nan,OSRCL,35235,OMEX Circle Sriramapura (Towards Srirampura),12.7992,77.66107,,nan
OTC Circle,nan,OTCLE,27554,OTC Circle (Towards Kallabala Cross /Jigani APC),12.7813,77.63085,,nan
OTC Circle,nan,OTCLE,34194,OTC Circle (Towards Jigani Tent),12.78122,77.63079,,nan
Oasis School,nan,OASIS1,27527,Oasis School (Towards Yarappana Bande),13.08934,77.66634,,nan
Oasis School,nan,OASIS2,34183,Oasis School (Towards Kannuru),13.0894,77.66676,,nan
Obalapura Anjaneyaswamy Temple,nan,OAST,39723,Obalapura Anjaneyaswamy Temple (Towards Dunnasandra Cross),12.96897,77.81824,,nan
Obalapura Anjaneyaswamy Temple,nan,OAST,39724,Obalapura Anjaneyaswamy Temple (Towards Kalkunte Agrahara),12.96896,77.81828,,nan
Obalapura Gate,nan,OBLGT,22368,Obalapura Gate (Towards Chikka Thirupathi),12.95627,77.82412,,nan
Obalapura Gate,nan,OBLGT,22369,Obalapura Gate (Towards Anugondanahalli),12.95623,77.82412,,nan
Obanayakanahalli,nan,nan,39657,Obanayakanahalli (Towards Yelachagere),13.10081,77.36407,,nan
Oil Mill Road Junction,nan,JNOMR,30396,Oil Mill Road Junction (Towards Kammanahalli),13.01278,77.63536,,nan
Oil Mill Road Junction,nan,JNOMR,33152,Oil Mill Road Junction (Towards Lingarajapura),13.01281,77.63541,,nan
Okalipura,nan,OKLPR,27532,Okalipura (Towards Gandhi School),12.98284,77.56813,,nan
Okalipura,nan,OKPRA,21071,Okalipura (Towards Kempegowda Bus Station),12.98267,77.56837,,nan
Okalipura,nan,OKPRA,35387,Okalipura (Towards Magadi Road),12.98229,77.56783,,nan
Old Baiyappanahalli,nan,OBH1,22370,Old Baiyappanahalli (Towards Banasawadi),12.99432,77.64414,,nan
Old Baiyappanahalli,nan,OBH1,22371,Old Baiyappanahalli (Towards Isolation),12.99431,77.64424,,nan
Olive Hostel jayanna Circle,nan,PTGRJC,39852,Olive Hostel jayanna Circle (Towards RR Temple),12.92484,77.51436,,nan
Om Shakthi Temple,nan,OSTVLO,27537,Om Shakthi Temple (Towards Horamavu),13.03955,77.66814,,nan
Om Shakthi Temple,nan,OSTVLO,34187,Om Shakthi Temple (Towards K Channasandra),13.03961,77.6681,,nan
Om Shree Circle,nan,OMSHC,27539,Om Shree Circle (Towards Hosakote),13.06903,77.79353,,nan
Om Shree Circle,nan,OMSHC,34188,Om Shree Circle (Towards Vagata),13.06917,77.79366,,nan
Omkar Hills,nan,OMKH,22372,Omkar Hills (Towards Uttarahalli),12.90477,77.50457,,nan
Omkar Hills,nan,OMKH,22373,Omkar Hills (Towards Kengeri),12.90473,77.50461,,nan
Omkar Hills,nan,OMKH1,27544,Omkar Hills (Towards Iskcon Vaikunta Temple (Vasanthapura)),12.90421,77.50441,,nan
Onti Mane,nan,ontm,27549,Onti Mane (Towards Vajragiri Estate),12.84383,77.55108,,nan
Onti Mane,nan,ontm,34190,Onti Mane (Towards Amruth Nagara),12.84384,77.55114,,nan
Orion Mall Malleshwaram,nan,HBNJGKIOUP,27551,Orion Mall Malleshwaram (Towards Vivekananda College),13.01072,77.55451,,nan
Out Door Clothing Company,nan,TEPLP,27555,Out Door Clothing Company (Towards TVS Cross),13.02301,77.51709,,nan
Oxford Medical College Yadavanahalli,nan,ssss,27560,Oxford Medical College Yadavanahalli (Towards Yadavanahalli),12.78964,77.75776,,nan
Ozone Apartment,nan,OZAP2,40487,Ozone Apartment (Towards Haraluru),12.90839,77.66376,,nan
Ozone Apartment,nan,OZAP2,40488,Ozone Apartment (Towards Sarjapura Road),12.9083,77.6637,,nan
P and T Colony,nan,P T C,34196,P and T Colony (Towards Puspanjali Talkies),13.02466,77.60525,,nan
P and T Quarters,nan,PTQ,21073,P and T Quarters (Towards R T Nagara Police Station),13.0215,77.6046,,nan
P and T Quarters,nan,PTQ,21074,P and T Quarters (Towards Kaval Byrasandra),13.02155,77.60454,,nan
PAPAS Trading PVT LTD,nan,PPAT,36531,PAPAS Trading PVT LTD (Towards Arakere Gate),12.89154,77.59422,,nan
PES College,nan,PESC2,21088,PES College (Towards Banashankari Bus Stand),12.93522,77.53674,,nan
PES College,nan,PESC3,21089,PES College (Towards Nayandahalli),12.93489,77.53707,,nan
PESCE College Electronic City,nan,PESIT,21090,PESCE College Electronic City (Towards Hosa Road),12.85897,77.66179,,nan
PESCE College Electronic City,nan,PESIT,22380,PESCE College Electronic City (Towards Electronic City),12.85881,77.6624,,nan
PVP School,nan,PVPS,22406,PVP School (Towards Shirke),12.94825,77.49711,,nan
PVP School,nan,PVPS,22407,PVP School (Towards Bengaluru University Quarters),12.94826,77.49697,,nan
Paaduka Mandira,nan,PAMA,34197,Paaduka Mandira (Towards Banashankari 5th Stage),12.89616,77.53164,,nan
Pachepalya,nan,PCPLY1,27568,Pachepalya (Towards Donnenahalli),12.88411,77.3608,,nan
Pachepalya,nan,PCPLY1,34199,Pachepalya (Towards Pachepalya Cross),12.88406,77.36081,,nan
Pachepalya Cross,nan,PCHPL,27570,Pachepalya Cross (Towards Manchanabele),12.88539,77.35834,,nan
Pachepalya Cross,nan,PCHPL,34200,Pachepalya Cross (Towards Pachepalya),12.88548,77.35822,,nan
Padmanabha Nagara,nan,PDMN,35088,Padmanabha Nagara (Towards Chikkalasandra),12.91824,77.55968,,nan
Padmanabha Nagara,nan,PDMN,35196,Padmanabha Nagara (Towards Devegowda Petrol Bunk),12.91811,77.55964,,nan
Padmanabha Nagara,nan,PDNGRA,35935,Padmanabha Nagara (Towards Padmanabha Nagara Rock),12.91798,77.55994,,nan
Padmanabha Nagara Rock,nan,PDMNRC,27572,Padmanabha Nagara Rock (Towards Padmanabha Nagara),12.91845,77.55737,,nan
Padmanabha Nagara Rock,nan,PDMNRC,35210,Padmanabha Nagara Rock (Towards Last Stop),12.91845,77.55743,,nan
Padmavathi Srinivasa Temple Cross,nan,PSTMPL,39643,Padmavathi Srinivasa Temple Cross (Towards Makali),13.07514,77.45139,,nan
Padmavathi Srinivasa Temple Cross,nan,PSTMPL,39644,Padmavathi Srinivasa Temple Cross (Towards Nagaroor Cross),13.07512,77.45134,,nan
Pakegowdanapalya,nan,PKGNPL,27566,Pakegowdanapalya (Towards Siluvepura),13.11442,77.51063,,nan
Pakegowdanapalya,nan,PKGNPL,34198,Pakegowdanapalya (Towards Dodda Byalakere),13.11445,77.51059,,nan
PalPaldinne,nan,PLNDN,27574,PalPaldinne (Towards Doddaballapura),13.38783,77.5424,,nan
Palace Ground,nan,PLCGR,21075,Palace Ground (Towards Palace Guttahalli),13.01061,77.58399,,nan
Palace Ground,nan,PLCGR,21076,Palace Ground (Towards Mekhri Circle),13.01057,77.58378,,nan
Palanahalli Gate,nan,PALH,27578,Palanahalli Gate (Towards Yalahanka Police Station),13.11678,77.60847,,nan
Palanahalli Gate,nan,PALH,34203,Palanahalli Gate (Towards Devanahalli),13.11708,77.60807,,nan
Palanajogahalli Church,nan,PLNJC1,27582,Palanajogahalli Church (Towards Doddaballapura),13.31993,77.53562,,nan
Palanajogahalli Church,nan,PLNJC1,34205,Palanajogahalli Church (Towards Ghati Subramanya),13.31987,77.53553,,nan
Pallavi Talkies,nan,PLVT,22667,Pallavi Talkies (Towards Kempegowda Bus Station),12.9679,77.59102,,nan
Palpaldinne,nan,PLNDN,34201,Palpaldinne (Towards Ghati Subramanya),13.3878,77.54237,,nan
Palya Gate,nan,PLGT1,34208,Palya Gate (Towards Devanahalli),13.22145,77.68232,,nan
Palya Gate,nan,PLGT1,34209,Palya Gate (Towards Yalahanka),13.22143,77.68249,,nan
Panathuru,nan,PNTR1,23705,Panathuru (Towards Bodana Hosahalli),12.93657,77.70368,,nan
Panathuru,nan,PNTR1,23708,Panathuru (Towards Kadabisanahalli),12.93652,77.7037,,nan
Panathuru Circle,nan,PNT1,23706,Panathuru Circle (Towards Gunjuru),12.93561,77.7058,,nan
Panathuru Circle,nan,PNTR2,23707,Panathuru Circle (Towards Kadabisanahalli),12.93554,77.70582,,nan
Panathuru Dinne,nan,PNTDNI4,27591,Panathuru Dinne (Towards Gunjuru),12.92931,77.71296,,nan
Panathuru Dinne,nan,PNTDNI4,34210,Panathuru Dinne (Towards Panaturu),12.92927,77.71295,,nan
Panchasheela Nagara,nan,PNCR,27593,Panchasheela Nagara (Towards Srinivasa Nagara),12.97437,77.52051,,nan
Pandithana Agrahara,nan,PDNAGRA,27595,Pandithana Agrahara (Towards Pandithana Agrahara Junction),12.88219,77.82741,,nan
Pandithana Agrahara,nan,PDNAGRA,34212,Pandithana Agrahara (Towards Pandithana Agrahara),12.88201,77.82744,,nan
Pandithana Agrahara Junction,nan,JNOF PND,23414,Pandithana Agrahara Junction (Towards Dodda Thimmasandra),12.88492,77.81582,,nan
Pandithana Agrahara Junction,nan,JNOPNDAGR,35367,Pandithana Agrahara Junction (Towards Mugaluru),12.88498,77.81579,,nan
Pandurangapura,nan,PDRPR,34214,Pandurangapura (Towards Beerasandra Chapradakallu),13.26936,77.66061,,nan
Pandurangapura,nan,PRNGPR,27600,Pandurangapura (Towards Devanahalli),13.2695,77.66056,,nan
Pankaj Dairy,nan,PKJDY3,23424,Pankaj Dairy (Towards Cox Town),12.99543,77.62348,,nan
Pankaj Dairy,nan,PKJDY3,23753,Pankaj Dairy (Towards Jeevanahalli),12.99591,77.62385,,nan
Papabhovipalya,nan,PBP1,34215,Papabhovipalya (Towards Machanayakanahalli),13.13718,77.37784,,nan
Papaiahnapalya,nan,PPNPL,27604,Papaiahnapalya (Towards Ravuttanahalli),13.06567,77.40414,,nan
Papaiahnapalya,nan,PPNPL,34216,Papaiahnapalya (Towards Mallapura),13.06565,77.40408,,nan
Papanahalli,nan,PPN,27606,Papanahalli (Towards Sulibele),13.21389,77.80222,,nan
Papanahalli,nan,PPN,34217,Papanahalli (Towards I Basapura),13.21391,77.80214,,nan
Papanahalli Gate,nan,PNG-1,38038,Papanahalli Gate (Towards I Basapura),13.18867,77.79459,,nan
Papanahalli Gate,nan,PNHC-1,27611,Papanahalli Gate (Towards Devanahalli),13.18862,77.79465,,nan
Papanahalli Gate,nan,PNHC-1,34219,Papanahalli Gate (Towards Sulibele),13.18865,77.79454,,nan
Papareddypalya,nan,PPDRP,22374,Papareddypalya (Towards Kengeri),12.97207,77.50791,,nan
Papareddypalya,nan,P[DP,21584,Papareddypalya (Towards Goraguntepalya),12.9721,77.50772,,nan
Papareddypalya Aladamara,nan,PRPAM1,21451,Papareddypalya Aladamara (Towards Kottigepalya),12.97525,77.50947,,nan
Papareddypalya Aladamara,nan,PRPAM1,21642,Papareddypalya Aladamara (Towards Kengeri),12.97518,77.5096,,nan
Parachute,nan,PRTC,38860,Parachute (Towards Start Potnt),13.01183,77.59603,,nan
Paramanahalli,nan,PRMHLI,27613,Paramanahalli (Towards Makanahalli),13.00853,77.84304,,nan
Paramanahalli,nan,PRMHLI,34220,Paramanahalli (Towards Kattigenahalli),13.00855,77.84306,,nan
Parangipalya,nan,PRGP,24053,Parangipalya (Towards Somasundarapalya),12.90873,77.64934,,nan
Parangipalya,nan,prpy,23713,Parangipalya (Towards The HSR Club),12.90868,77.64929,,nan
Parangipalya Cross,nan,PRAPC,27615,Parangipalya Cross (Towards Parangipalya Cross 1),12.90835,77.65178,,nan
Parangipalya Cross,nan,PRAPC,34221,Parangipalya Cross (Towards Somasundara Palya),12.9084,77.65182,,nan
Parasanapalya,nan,PRSNPL1,27619,Parasanapalya (Towards Thippuru),12.79938,77.43741,,nan
Parasanapalya,nan,PRSNPL1,34223,Parasanapalya (Towards Shyanumangala),12.79936,77.43749,,nan
Parishrama NEET Academy (Ramasandra Cross),nan,PNA (RC)1,39969,Parishrama NEET Academy (Ramasandra Cross) (Towards Sulikerepalya),12.94837,77.44995,,nan
Parishrama NEET Academy(Ramasandra Cross),nan,PNA (RC)1,39970,Parishrama NEET Academy(Ramasandra Cross) (Towards Kenchanapura),12.94846,77.44997,,nan
Parvatapura Devanahalli,nan,NERI1,27620,Parvatapura Devanahalli (Towards Devanahalli),13.25752,77.712,,nan
Parvatapura Devanahalli,nan,NERI1,27622,Parvatapura Devanahalli (Towards Doddaballapura),13.25749,77.71211,,nan
Parvathi Nagara,nan,PRTNR,27628,Parvathi Nagara (Towards Medahalli),13.03272,77.71471,,nan
Parvathi Nagara,nan,PRTNR,34227,Parvathi Nagara (Towards Kittaganuru),13.03257,77.71484,,nan
Parvathi Nagara,nan,PRVNL,34225,Parvathi Nagara (Towards Jalahalli Cross),13.01623,77.5203,,nan
Parvathi Nagara,nan,PRVNL,34226,Parvathi Nagara (Towards Laggere New Bus Stand),13.01629,77.52032,,nan
Parvathipura,nan,PRVTP,27630,Parvathipura (Towards Rajanukunte),13.17275,77.56638,,nan
Parvathipura,nan,PRVTPR,34228,Parvathipura (Towards Tharahunase),13.17279,77.56631,,nan
Passport Office Koramangala,nan,KRMPPO1,23823,Passport Office Koramangala (Towards Depot-15),12.94558,77.61899,,nan
Passport Office Koramangala,nan,KRMPPO1,23947,Passport Office Koramangala (Towards Austin Town),12.94595,77.61863,,nan
Patalamma Temple,nan,PTLMT,34229,Patalamma Temple (Towards Sadenahalli),13.18344,77.56988,,nan
Patalamma Temple,nan,PTLMT1,27633,Patalamma Temple (Towards Rajanukunte),13.18343,77.56991,,nan
Patalamma Temple,nan,PTLMT3,22375,Patalamma Temple (Towards Uttarahalli),12.90481,77.53011,,nan
Patalamma Temple,nan,PTLMT3,22376,Patalamma Temple (Towards Kengeri),12.90477,77.53014,,nan
Patel Pillegowda Layout,nan,BFG1,27635,Patel Pillegowda Layout (Towards BEL Market),13.06546,77.55275,,nan
Patel Pillegowda Layout,nan,PPGLO,34230,Patel Pillegowda Layout (Towards Vidyaranyapura),13.06546,77.55267,,nan
Patel Public School Kalyananagara,nan,PPSCKLY,22377,Patel Public School Kalyananagara (Towards indian Oil),13.01364,77.64251,,nan
Patel Public School Kalyananagara,nan,PPSCKLY,27636,Patel Public School Kalyananagara (Towards Kalyana Nagara),13.01387,77.64233,,nan
Patel Thota Aluru,nan,PTLTA,27638,Patel Thota Aluru (Towards Makali),13.0803,77.45971,,nan
Patel Thota Aluru,nan,PTLTA,34231,Patel Thota Aluru (Towards Aluru),13.08022,77.45962,,nan
Pattanagere,nan,PTNGR,27642,Pattanagere (Towards BHEL Layout),12.91984,77.51177,,nan
Pattanagere,nan,PTNGR,34233,Pattanagere (Towards RR Temple),12.91986,77.51167,,nan
Pattanagere Jayanna Circle,nan,PTGRJC,34234,Pattanagere Jayanna Circle (Towards Nimishamba Temple),12.92638,77.51462,,nan
Pattanagere Jayanna Circle,nan,PTGRJC,38449,Pattanagere Jayanna Circle (Towards RR Nagara Tempe),12.92637,77.51446,,nan
Pattandur Agrahara Gate,nan,PTAGC,21078,Pattandur Agrahara Gate (Towards Kempegowda Bus Station),12.98785,77.73359,,nan
Pattandur Agrahara Gate,nan,PTAGC,21079,Pattandur Agrahara Gate (Towards Hope Farm),12.98803,77.73354,,nan
Pattareddypalya,nan,PTPL,23604,Pattareddypalya (Towards Somanahalli Gate),12.79451,77.50544,,nan
Pattareddypalya,nan,PTPL,23634,Pattareddypalya (Towards Banashankari Bus Stand),12.79444,77.50537,,nan
Pattegarpalya Circle,nan,PTGP,27649,Pattegarpalya Circle (Towards Malagala),12.97628,77.52607,,nan
Pattegarpalya Circle,nan,PTGP,34236,Pattegarpalya Circle (Towards Vijayanagara),12.97632,77.52588,,nan
Peddanahalli,nan,PDHLI1,27651,Peddanahalli (Towards Sadahalli),13.24659,77.64813,,nan
Peddanahalli,nan,PDHLI1,34237,Peddanahalli (Towards Kundana),13.24693,77.64812,,nan
Peddanapalya,nan,PDNP,27654,Peddanapalya (Towards Tavarakere),12.95965,77.38911,,nan
Peddanapalya,nan,PDNPL12,34238,Peddanapalya (Towards Purudapalya),12.95873,77.38934,,nan
Peddanapalya,nan,PDNPL12,34239,Peddanapalya (Towards Magadi Road),12.95877,77.38929,,nan
Peddanapalya Cross,nan,PDNPLC,21585,Peddanapalya Cross (Towards Tavarakere),12.96762,77.38862,,nan
Peddanapalya Cross,nan,PDNPLC,21586,Peddanapalya Cross (Towards Magadi),12.96761,77.38892,,nan
Peddappanapalya,nan,PDNP,27655,Peddappanapalya (Towards Ganakal),12.9596,77.38904,,nan
Peenya 14th Cross,nan,PNY14C1,20565,Peenya 14th Cross (Towards Depot-22),13.0166,77.50539,,nan
Peenya 14th Cross,nan,PNY14C1,20566,Peenya 14th Cross (Towards NTTF),13.01663,77.50554,,nan
Peenya 14th cross,nan,PNY14C,20567,Peenya 14th cross (Towards Peenya 2nd Stage),13.01646,77.50566,,nan
Peenya 2nd Stage,nan,PSS,21080,Peenya 2nd Stage (Towards Peenya),13.01092,77.50683,,nan
Peenya 2nd stage,nan,PSS,21081,Peenya 2nd stage (Towards Hegganahalli),13.01088,77.50691,,nan
Peenya Industry Metro Station,nan,PNY1,21082,Peenya Industry Metro Station (Towards Jalahalli Cross),13.03556,77.52613,,nan
Peenya Industry Metro Station,nan,PNY1,21083,Peenya Industry Metro Station (Towards Goraguntepalya),13.03599,77.52579,,nan
Peenya Metro Station,nan,PSSMSN,38803,Peenya Metro Station (Towards Goraguntepalya),13.03299,77.53297,,nan
Peenya Satellite Bus Station,nan,PSBS1,21085,Peenya Satellite Bus Station (Towards Peenya Metro Station),13.04409,77.52554,,nan
Peenya Satellite Bus Station (Basaveshwara),nan,PSBS,21084,Peenya Satellite Bus Station (Basaveshwara) (Towards Last Stop),13.04375,77.5253,,nan
Pepsi Factory,nan,PPSF,27659,Pepsi Factory (Towards Nelamangala),13.14395,77.34502,,nan
Pepsi Factory,nan,PPSF,34241,Pepsi Factory (Towards T Begur),13.14333,77.34524,,nan
Pepsi Gate,nan,PPSI,21086,Pepsi Gate (Towards Bidadi),12.87197,77.43943,,nan
Pepsi Gate,nan,PPSI,21087,Pepsi Gate (Towards Kengeri),12.87243,77.4394,,nan
Periyar Nagara Circle,nan,PRYN,22378,Periyar Nagara Circle (Towards Muslim Colony),13.00846,77.61319,,nan
Periyar Nagara Circle,nan,PRYN,22379,Periyar Nagara Circle (Towards  Doddy),13.00848,77.61325,,nan
Pethanahalli Tank,nan,PNHTK,27669,Pethanahalli Tank (Towards Hosakote),13.04842,77.79514,,nan
Petrol Bunk Koppa begur Road,nan,PBKBR,23846,Petrol Bunk Koppa begur Road (Towards Kodichikkanahalli),12.90351,77.62713,,nan
Petrol Bunk Koppa begur Road,nan,PBKBR,24164,Petrol Bunk Koppa begur Road (Towards Bommanahalli),12.90356,77.62709,,nan
Pettanahalli,nan,PNHL,34242,Pettanahalli (Towards Hosakote),13.0513,77.79206,,nan
Pettanahalli Apartment,nan,PTAPMT,34243,Pettanahalli Apartment (Towards Hosakote),13.0512,77.78931,,nan
Pettanahalli Cross,nan,PNHC1,27667,Pettanahalli Cross (Towards Korulur),13.0515,77.78479,,nan
Pettanahalli Cross,nan,PNHC1,34244,Pettanahalli Cross (Towards Hosakote),13.05153,77.78474,,nan
Philips Millenium Halasuru,nan,PHMH,21093,Philips Millenium Halasuru (Towards Halasuru),12.98196,77.62443,,nan
Philips Millenium Halasuru,nan,PHMH,32829,Philips Millenium Halasuru (Towards Gurudwara),12.98182,77.62397,,nan
Philomenas Hospital,nan,PHLS,22385,Philomenas Hospital (Towards Austin Town),12.96506,77.61007,,nan
Philomenas Hospital,nan,PHLS,35219,Philomenas Hospital (Towards Mayohall),12.96481,77.61005,,nan
Phoenix One Bengaluru West Apartment,nan,POWA,39600,Phoenix One Bengaluru West Apartment (Towards Last Stop),13.00972,77.55267,,nan
Pichaguntarapalya,nan,PGPL,27675,Pichaguntarapalya (Towards Gollarapalya),12.80474,77.42244,,nan
Pichaguntarapalya,nan,PGPL,34248,Pichaguntarapalya (Towards Kadumane Hotel),12.80468,77.42245,,nan
Pillagumpa Factory Gate,nan,PLGPFCGT,27681,Pillagumpa Factory Gate (Towards Hosakote),13.1151,77.83521,,nan
Pillagumpa Factory Gate,nan,PLGPFCGT,34251,Pillagumpa Factory Gate (Towards H Cross),13.11518,77.83515,,nan
Pillahalli,nan,PLHL1,27683,Pillahalli (Towards Nelamangala),13.10279,77.42899,,nan
Pillahalli,nan,PLHL1,34252,Pillahalli (Towards Makali),13.10285,77.42905,,nan
Pillahalli Colony,nan,PLHLC,34253,Pillahalli Colony (Towards Pillahalli),13.10434,77.4341,,nan
Pillahalli Colony,nan,PLHLC1,27685,Pillahalli Colony (Towards Makali),13.10435,77.43402,,nan
Pillahalli Cross,nan,PLHLCR,27687,Pillahalli Cross (Towards Makali),13.11149,77.43832,,nan
Pillahalli Cross,nan,PLHLCR,34254,Pillahalli Cross (Towards Huskur),13.11143,77.43825,,nan
Pinto Bore,nan,PNTBR1,27693,Pinto Bore (Towards Kumbalagodu),12.87077,77.45046,,nan
Pinto Bore,nan,PNTBR1,34257,Pinto Bore (Towards Thagachaguppe),12.8708,77.45048,,nan
Pipe Line Park,nan,PIPEPA,27694,Pipe Line Park (Towards RPC Layout),12.97032,77.54639,,nan
Pipeline Binni Layout,nan,PIPELINE,27696,Pipeline Binni Layout (Towards RPC Layout),12.96753,77.54513,,nan
Pipeline Binni Layout,nan,PIPELINE,34258,Pipeline Binni Layout (Towards Magadi Road Tollgate),12.96775,77.54514,,nan
Pipeline ISRO Layout,nan,PPLN,22386,Pipeline ISRO Layout (Towards Konanakunte Cross),12.89515,77.5551,,nan
Pipeline ISRO Layout,nan,PPLN,23767,Pipeline ISRO Layout (Towards ISRO Layout ),12.89514,77.55502,,nan
Pipeline Park,nan,PIPEPA,27697,Pipeline Park (Towards Magadi Road Tollgate),12.97036,77.5462,,nan
Pipeline Vasanthapura,nan,PLPLN,27698,Pipeline Vasanthapura (Towards Konanakunte Cross),12.895,77.55516,,nan
Pipeline Vasanthapura,nan,PLPLN,35346,Pipeline Vasanthapura (Towards Uttarahalli),12.89496,77.55515,,nan
Pitchguntarahalli,nan,PGH1,27700,Pitchguntarahalli (Towards Kaji Hosahalli),13.00001,77.88355,,nan
Pitchguntarahalli,nan,PGH1,34259,Pitchguntarahalli (Towards Malur),13.00018,77.88352,,nan
Plegant Hotel Vahale Vaderahalli,nan,VHLVH,27703,Plegant Hotel Vahale Vaderahalli (Towards Avarehalli),12.8796,77.34086,,nan
Plegant Hotel Vahale Vaderahalli,nan,VHLVH,34260,Plegant Hotel Vahale Vaderahalli (Towards Chikkanahalli),12.8796,77.34093,,nan
Podu Cross,nan,PDOC,27705,Podu Cross (Towards Bingipura),12.82546,77.63523,,nan
Podu Cross,nan,PDOC,34261,Podu Cross (Towards Podu),12.82553,77.63524,,nan
Podu Gate,nan,PDC1,38684,Podu Gate (Towards Bettadasanapura),12.84274,77.64157,,nan
Podu Gate,nan,PDC1,38685,Podu Gate (Towards Podu Villege),12.84263,77.64162,,nan
Podu Village,nan,PDOV,27706,Podu Village (Towards Podu Village),12.83281,77.63906,,nan
Police Quarters,nan,KSTPQ,27710,Police Quarters (Towards Kengeri Satellite Town),12.92326,77.48896,,nan
Police Quarters,nan,KSTPQ,34263,Police Quarters (Towards Jnana Bharathi Layout West Side Hospital),12.9232,77.48882,,nan
Police Traning Centre,nan,PTC1,27717,Police Traning Centre (Towards PTC Last Stop),13.12421,77.60317,,nan
Pooja Garden,nan,PJGDN1,27719,Pooja Garden (Towards Horamavu),13.03889,77.67757,,nan
Pooja Garden,nan,PJGDN1,34267,Pooja Garden (Towards Rampura),13.03895,77.67745,,nan
Poojena Agahara Dinne,nan,PJNAGHDH,27721,Poojena Agahara Dinne (Towards Hosakote),13.03714,77.79574,,nan
Poojena Agahara Dinne,nan,PJNAGHDH,34268,Poojena Agahara Dinne (Towards Kodihalli),13.03714,77.79583,,nan
Poojena Agrahara,nan,PJNAGH,27723,Poojena Agrahara (Towards Hosakote),13.03202,77.79304,,nan
Poojena Agrahara,nan,PJNAGH,34269,Poojena Agrahara (Towards Bhaktharahalli),13.03198,77.79306,,nan
Poojena Agrahara Cross,nan,PJAHCR1,27725,Poojena Agrahara Cross (Towards Hosakote),13.03539,77.79277,,nan
Poojena Agrahara Cross,nan,PJAHCR1,34270,Poojena Agrahara Cross (Towards Poojena Agrahara),13.03544,77.79275,,nan
Poornaprajna Layout,nan,PRNL,22395,Poornaprajna Layout (Towards Uttarahalli),12.90882,77.53585,,nan
Poornaprajna Layout,nan,PRNL,34271,Poornaprajna Layout (Towards Kengeri),12.90877,77.53592,,nan
Poornaprajna Layout Water Tank,nan,UTHWT12,22572,Poornaprajna Layout Water Tank (Towards Uttarahalli),12.90842,77.53458,,nan
Poornaprajna Layout Water Tank,nan,UTHWT12,22573,Poornaprajna Layout Water Tank (Towards Kengeri),12.90841,77.53463,,nan
Poornaprajna School,nan,POPS,22396,Poornaprajna School (Towards Byrathi Bande),13.07534,77.65149,,nan
Poornaprajna School,nan,POPS,22397,Poornaprajna School (Towards Hennur),13.07538,77.65169,,nan
Poornaprajnalayout NEW Bus Stand,nan,PRNPL,36223,Poornaprajnalayout NEW Bus Stand (Towards Last Stop),12.90841,77.53647,,nan
Poorvankara Apartment,nan,PRVKA1,27734,Poorvankara Apartment (Towards NICE Road Toll Kanakapura Road),12.8533,77.54212,,nan
Poorvankara Apartment,nan,PRVKA1,34274,Poorvankara Apartment (Towards NICE Road 13th Stone),12.85351,77.542,,nan
Postal and Telecom Colony,nan,PTC,22401,Postal and Telecom Colony (Towards Nagavara),13.01277,77.61642,,nan
Postal and Telecom Colony,nan,PTC,22402,Postal and Telecom Colony (Towards Muslim Colony),13.01278,77.61646,,nan
Pothalappa Garden,nan,PTLPG,23892,Pothalappa Garden (Towards Nanjappa Circle),12.94962,77.60587,,nan
Pothalappa Garden,nan,PTLPG,35220,Pothalappa Garden (Towards Adugodi),12.9498,77.60597,,nan
Poultry Farm,nan,PUS,27742,Poultry Farm (Towards Kakolu),13.14925,77.47651,,nan
Poultry Farm,nan,PUS,34278,Poultry Farm (Towards Byatya),13.14919,77.47669,,nan
Prabasnagara,nan,PRBSNGR,23783,Prabasnagara (Towards Bannerughatta National Park),12.81172,77.57851,,nan
Prabasnagara,nan,PRBSNGR,24353,Prabasnagara (Towards Bannerughatta Circle),12.81157,77.57848,,nan
Prabhakaranagar,nan,PBKN,39389,Prabhakaranagar (Towards Thyamagodlu),13.1888,77.33539,,nan
Pramod Layout,nan,PRMDLT,27746,Pramod Layout (Towards Pramod Layout),12.93877,77.52878,,nan
Pramod Layout,nan,PRMDLT,34280,Pramod Layout (Towards Veerabhadra Nagara),12.93878,77.5286,,nan
Prarthana School,nan,PRNSLG,22403,Prarthana School (Towards Padmanabha Nagara),12.91166,77.5574,,nan
Prarthana School,nan,PRNSLG,22404,Prarthana School (Towards Uttarahalli),12.9116,77.55741,,nan
Prasanna Layout,nan,NHNCRS,38616,Prasanna Layout (Towards Nagarahole Cross),12.99618,77.49603,,nan
Prasanna Theatre,nan,PRSNNT,21101,Prasanna Theatre (Towards Vijayanagara),12.97401,77.55122,,nan
Prasanna Theatre,nan,PRSNNT,21102,Prasanna Theatre (Towards Magadi Road 1st Cross),12.97542,77.55288,,nan
Prasanna Theatre,nan,PRSNNT,21103,Prasanna Theatre (Towards Rajajinagara 6th Block),12.9754,77.55234,,nan
Prashanth Nagara,nan,PRSGR,34281,Prashanth Nagara (Towards Pattegarpalya),12.9762,77.531,,nan
Prashanth Nagara,nan,PSNTN,21587,Prashanth Nagara (Towards Vijayanagara),12.97551,77.53118,,nan
Prashanth Nagara,nan,PSNTN,22405,Prashanth Nagara (Towards Mudalapalya),12.97562,77.53124,,nan
Prashanthi Kuteera Main Gate,nan,GDNPK,39857,Prashanthi Kuteera Main Gate (Towards Last Stop),12.75744,77.62645,,nan
Prashanthnagara,nan,PRSGR,27748,Prashanthnagara (Towards Vijayanagara),12.97623,77.5308,,nan
Pratyangira Temple Turahalli,nan,PTGTT1,27750,Pratyangira Temple Turahalli (Towards Uttarahalli),12.89254,77.53659,,nan
Pratyangira Temple Turahalli,nan,PTGTT1,34282,Pratyangira Temple Turahalli (Towards Kanakapura Road),12.89259,77.53668,,nan
Premium Farm Mandur,nan,PFM-1,27752,Premium Farm Mandur (Towards Budigere Cross),13.0792,77.73702,,nan
Premium Farm Mandur,nan,PFM-1,34283,Premium Farm Mandur (Towards Budigere),13.07918,77.73698,,nan
Presidency University,nan,PRU1,39517,Presidency University (Towards Kakolu),13.17207,77.53577,,nan
Presidency University,nan,PRU1,39518,Presidency University (Towards Rajanukunte),13.17208,77.53569,,nan
Press Layout,nan,PRSLO1,21104,Press Layout (Towards Manganahalli),12.95032,77.49119,,nan
Press Layout,nan,PRSLO1,21105,Press Layout (Towards Bengaluru University Gate),12.9509,77.4918,,nan
Prestige Apartment,nan,PSTAP2,40489,Prestige Apartment (Towards Haraluru),12.90332,77.66171,,nan
Prestige Apartment,nan,PSTAP2,40490,Prestige Apartment (Towards Sarjapura Road),12.90341,77.66172,,nan
Prestige Jade Pavilion Apartment,nan,PJPAMT,39895,Prestige Jade Pavilion Apartment (Towards Doddakannalli),12.92129,77.69556,,nan
Prestige Jade Pavilion Apartment,nan,PJPAMT,39896,Prestige Jade Pavilion Apartment (Towards Devarabisanahalli),12.92122,77.6955,,nan
Prestige Primrose Hills,nan,PPGL,39609,Prestige Primrose Hills (Towards Nagegowdanapalya),12.868,77.52301,,nan
Prestige Primrose Hills,nan,PPGL,39610,Prestige Primrose Hills (Towards Talaghattapura),12.86802,77.52307,,nan
Prestige Shantiniketana /Manipal Hospital,nan,PSTSTK,37982,Prestige Shantiniketana /Manipal Hospital (Towards Hope Farm),12.98916,77.72667,,nan
Prestige Shantiniketana /Manipal Hospital,nan,PSTSTK,37983,Prestige Shantiniketana /Manipal Hospital (Towards Tin Factory),12.98872,77.72844,,nan
Primus Public School,nan,prmsndf,27755,Primus Public School (Towards Guttahalli),12.88849,77.69605,,nan
Primus Public School,nan,prmsndf,34284,Primus Public School (Towards Dodda Kannalli),12.8884,77.69595,,nan
Priyadarshini Layout,nan,PDLO,21588,Priyadarshini Layout (Towards Nagarabhavi Circle),12.97128,77.52681,,nan
Priyadarshini Layout,nan,PDLO,27756,Priyadarshini Layout (Towards Vijayanagara),12.97112,77.52676,,nan
Provident Sunworth Apartment,nan,PSWA,34285,Provident Sunworth Apartment (Towards Last Stop),12.8811,77.47147,,nan
Pujaganapalya,nan,PJPBS,27760,Pujaganapalya (Towards Yalammana Doddy),12.75131,77.60961,,nan
Pujaganapalya,nan,PJPBS,34286,Pujaganapalya (Towards Thattekere),12.75134,77.60966,,nan
Pujanahalli Gate,nan,PJGT1,27764,Pujanahalli Gate (Towards Devaganahalli),13.21703,77.65068,,nan
Pujanahalli Gate,nan,PJGT1,34288,Pujanahalli Gate (Towards Sadahalli),13.21702,77.65078,,nan
Puneethrajakumar Circle,nan,PRC,36756,Puneethrajakumar Circle (Towards Horamavu Agara),13.03997,77.65462,,nan
Puneethrajakumar Circle,nan,PRC,36757,Puneethrajakumar Circle (Towards Hennur Cross),13.03994,77.65461,,nan
Punugumaranahalli,nan,PMH12,27766,Punugumaranahalli (Towards Punugamaranahalli),12.91665,77.40336,,nan
Punugumaranahalli,nan,PMH12,34289,Punugumaranahalli (Towards Ganapathihalli),12.91667,77.40344,,nan
Punugumaranahalli Cross,nan,PNGMC78,27768,Punugumaranahalli Cross (Towards Tavarakere),12.92897,77.39995,,nan
Punugumaranahalli Cross,nan,PNGMC78,34290,Punugumaranahalli Cross (Towards Punugamaranahalli),12.929,77.40002,,nan
Pura,nan,PUR,27770,Pura (Towards Lakkur),12.94028,77.88498,,nan
Pura,nan,PUR-1,34291,Pura (Towards Narayanakere),12.94025,77.88498,,nan
Puradapalya Cross,nan,PRDPL1,27773,Puradapalya Cross (Towards Magadi Road),12.94694,77.3811,,nan
Puradapalya Cross,nan,PRDPL1,34292,Puradapalya Cross (Towards Jodi Aladamara),12.94698,77.38118,,nan
Purushanahalli,nan,PRSH,27775,Purushanahalli (Towards Purushanahalli),13.23742,77.39249,,nan
Purushanahalli,nan,PRSH,34293,Purushanahalli (Towards Kannamangala Gate),13.23747,77.3925,,nan
Purvankara Northern Destiny Bellahalli,nan,CSPURNDY,27778,Purvankara Northern Destiny Bellahalli (Towards Bellahalli Cross),13.09583,77.63587,,nan
Purvankara Northern Destiny Bellahalli,nan,CSPURNDY,34294,Purvankara Northern Destiny Bellahalli (Towards Ram Krishana Hegadenagara),13.09606,77.63604,,nan
Pushpanjali Talkies,nan,PSJLT,27780,Pushpanjali Talkies (Towards Shivanahalli),12.99136,77.54616,,nan
Puttaiahnapalya,nan,PTPL2,27784,Puttaiahnapalya (Towards Gulaganjhalli),12.95669,77.41065,,nan
Puttaiahnapalya,nan,PTPL2,34297,Puttaiahnapalya (Towards Tavarakere),12.95665,77.41061,,nan
Puttaiahnapalya (Vedeshi Jail),nan,PTPLY1,39930,Puttaiahnapalya (Vedeshi Jail) (Towards ‌Sondekoppa),13.01712,77.38399,,nan
Puttaiahnapalya (Vedeshi Jail),nan,PTPLY1,39931,Puttaiahnapalya (Vedeshi Jail) (Towards Tavarekere),13.0171,77.38405,,nan
Puttaiahnapalya Cross,nan,PTPLC,27786,Puttaiahnapalya Cross (Towards Tavarakere),12.95984,77.40676,,nan
Puttaiahnapalya Cross,nan,PTPLC,34298,Puttaiahnapalya Cross (Towards Dodda Aladamara),12.95985,77.40682,,nan
Puttanna Badavane,nan,PTNBN,39228,Puttanna Badavane (Towards Marasandra),13.09966,77.70782,,nan
Puttanna Badavane,nan,PTNBN,39229,Puttanna Badavane (Towards Chokkanahalli),13.09961,77.70787,,nan
Puttena Agrahara,nan,AGRHAR,38838,Puttena Agrahara (Towards Shyakaladevanapura),13.25971,77.42428,,nan
Puttena Agrahara,nan,AGRHAR,38839,Puttena Agrahara (Towards Doddahejjaji),13.25959,77.42421,,nan
Puttenahalli,nan,PTH2,35349,Puttenahalli (Towards JP Nagara 1 Phase),12.89819,77.58253,,nan
Puttenahalli,nan,PTH9,27790,Puttenahalli (Towards Jodi Ragi Thimmasandra),13.20889,77.42652,,nan
Puttenahalli,nan,PTH9,34301,Puttenahalli (Towards Kannamangala Gate),13.20894,77.42657,,nan
Puttenahalli,nan,PTNHL,34299,Puttenahalli (Towards Doddaballapura),13.10995,77.58022,,nan
Puttenahalli,nan,PTNHL1,34300,Puttenahalli (Towards Yalahanka),13.11016,77.58024,,nan
Puttenahalli,nan,PTNHL8,38505,Puttenahalli (Towards JP Nagara 6th Phase),12.89685,77.58588,,nan
Puttenahalli,nan,PTNHL8,38511,Puttenahalli (Towards Brigade Millenium),12.89688,77.58613,,nan
Puttenahallipalya,nan,PTHPL,27792,Puttenahallipalya (Towards JP Nagara),12.89562,77.58173,,nan
QFB Hotel,nan,QFBH,38694,QFB Hotel (Towards QFB Hotel),13.14822,77.71096,,nan
R T Nagara Post Office,nan,RTNPS,23344,R T Nagara Post Office (Towards R T Nagara),13.02197,77.59251,,nan
R T Nagara Post Office,nan,RTNPS,23787,R T Nagara Post Office (Towards Shivajinagara),13.02201,77.59257,,nan
R V Dental College,nan,RVCD3,23450,R V Dental College (Towards JP Nagara 15th Cross),12.90988,77.58579,,nan
R V Dental College,nan,RVDC,37837,R V Dental College (Towards Sarakki),12.91046,77.58547,,nan
R V Metro Station,nan,RVMS1,38586,R V Metro Station (Towards Jayanagara Metro Station),12.92179,77.58018,,nan
R V Metro Station,nan,RVMS1,38587,R V Metro Station (Towards Sangam Circle),12.92178,77.5803,,nan
R V Teachers College,nan,RVTC,22433,R V Teachers College (Towards South End Circle),12.94429,77.5801,,nan
R V Teachers College,nan,RVTC,22434,R V Teachers College (Towards Minerva CIrcle),12.94446,77.5799,,nan
RANGASTALA RANGANATHA TEMPLE,nan,RNGSRMTP,38886,RANGASTALA RANGANATHA TEMPLE (Towards ISHA FOUNDATION),13.45512,77.70219,,nan
RBANMS College,nan,RBANMS,28010,RBANMS College (Towards Shivajinagara),12.98074,77.61586,,nan
RBANMS College,nan,RBANMS2,35356,RBANMS College (Towards Mayohall),12.98087,77.61453,,nan
RBANMS PU College,nan,RBANMS2,28012,RBANMS PU College (Towards Halasuru),12.98273,77.61582,,nan
RBI Layout,nan,RBIL,23453,RBI Layout (Towards Jambu Savari Dinne),12.88806,77.58198,,nan
RBI Layout,nan,RBIL,23473,RBI Layout (Towards JPN 15th Cross),12.88801,77.5819,,nan
RBI Layout,nan,RBILO1,38513,RBI Layout (Towards JPN 7th Phase),12.89004,77.58191,,nan
RC College,nan,RCC,22699,RC College (Towards Vidhana Soudha),12.98416,77.58696,,nan
RC College,nan,RCC,24241,RC College (Towards Sheshadripuram),12.98398,77.58679,,nan
RH Farm,nan,RHF1,28028,RH Farm (Towards Doddaballapura),13.26718,77.49756,,nan
RH Farm,nan,RHF1,34418,RH Farm (Towards Kadanuru),13.26713,77.49761,,nan
RINAC Factory Marenahalli,nan,MRNF,21595,RINAC Factory Marenahalli (Towards Tavarakere),12.97478,77.36582,,nan
RINAC Factory Marenahalli,nan,MRNF,21596,RINAC Factory Marenahalli (Towards Magadi),12.97476,77.36603,,nan
RK Apartment,nan,RKAP,28031,RK Apartment (Towards B Channasandra),13.0145,77.66522,,nan
RK Apartment,nan,RKAP,34419,RK Apartment (Towards Kalkere),13.01465,77.66532,,nan
RK Farm,nan,RKF,23838,RK Farm (Towards Anekal),12.75921,77.70372,,nan
RK Farm,nan,RKF,23980,RK Farm (Towards Chandapura),12.75913,77.70372,,nan
RK Hegde Nagara,nan,RKHGD,22429,RK Hegde Nagara (Towards Yelahanka),13.07158,77.63362,,nan
RK Hegde Nagara,nan,RKHGD,22430,RK Hegde Nagara (Towards Nagavara),13.0719,77.63376,,nan
RK Medical,nan,RKMDL,28033,RK Medical (Towards Kalkere),13.02255,77.65781,,nan
RK Medical,nan,RKMDL,34420,RK Medical (Towards Ring Road),13.02331,77.65832,,nan
RK Township,nan,RKTS1,28035,RK Township (Towards Jigani),12.80608,77.6701,,nan
RK Township,nan,RKTS1,34421,RK Township (Towards BOmmasandra),12.80601,77.67014,,nan
RL Jalappa Campus,nan,RLJB,28037,RL Jalappa Campus (Towards Doddaballapura Tolgate),13.30056,77.52438,,nan
RL Jalappa Campus,nan,RLJB,34422,RL Jalappa Campus (Towards Kodigehalli),13.30053,77.5244,,nan
RM Guttahalli,nan,RMGTH,21129,RM Guttahalli (Towards Kempegowda Bus Station),13.00009,77.58425,,nan
RM Guttahalli,nan,RMGTH,21130,RM Guttahalli (Towards Mekhri Circle),12.99977,77.58392,,nan
RM Guttahalli Post Office,nan,RMGTH1,28039,RM Guttahalli Post Office (Towards Mekhri Circle),12.9992,77.58204,,nan
RM Guttahalli Under Pass,nan,RMGUP,39439,RM Guttahalli Under Pass (Towards Rajabhavan),12.99783,77.58455,,nan
RM Guttahalli Unedr Pass,nan,RMGTUPS,39440,RM Guttahalli Unedr Pass (Towards Jataka Stand),12.9977,77.58459,,nan
RMC Yard (Yeshawanthapura New Railway Station),nan,RMCY,21131,RMC Yard (Yeshawanthapura New Railway Station) (Towards Jalahalli Cross),13.02366,77.54877,,nan
RMC Yard (Yeshawanthapura New Railway Station),nan,RMCY,21132,RMC Yard (Yeshawanthapura New Railway Station) (Towards Yeshwanthapura‌ Bus Stand),13.02462,77.54776,,nan
RMG Factory,nan,RMGFY,34423,RMG Factory (Towards Chikka Banavara),13.07604,77.51718,,nan
RMG Factory,nan,RMGFY1,28041,RMG Factory (Towards Abbigere),13.07607,77.51722,,nan
RMS Sanjayanagara,nan,RMSSN,21133,RMS Sanjayanagara (Towards Ashwath Nagara),13.03784,77.57427,,nan
RMS Sanjayanagara,nan,RMSSN,21134,RMS Sanjayanagara (Towards Nagashatty halli),13.03778,77.57424,,nan
RMV 2nd Stage,nan,BPSD,21135,RMV 2nd Stage (Towards Ashwath Nagara),13.04245,77.5801,,nan
RMV 2nd Stage,nan,BPSD,35256,RMV 2nd Stage (Towards Bhoopasandra),13.04247,77.58006,,nan
RMV 2nd Stage,nan,RMVPL,28045,RMV 2nd Stage (Towards Sadashiva Nagara Police Station),13.04264,77.56664,,nan
RMV 2nd Stage,nan,RMVPL,34425,RMV 2nd Stage (Towards Patelappa Layout),13.04264,77.56658,,nan
RR Medical College,nan,RRMC,21142,RR Medical College (Towards Kengeri),12.89633,77.46058,,nan
RR Medical College,nan,RRMC,35812,RR Medical College (Towards Provident Sunworth Apartment),12.8969,77.46185,,nan
RR Medical College,nan,RRMC1,35390,RR Medical College (Towards Bidadi),12.89614,77.46087,,nan
RR Nagara Petrol Bunk,nan,RRNPB,27673,RR Nagara Petrol Bunk (Towards Bangarappa Nagara),12.93275,77.51626,,nan
RR Nagara Petrol Bunk,nan,RRNPB,34246,RR Nagara Petrol Bunk (Towards RR Gate),12.93281,77.51614,,nan
RR School,nan,RRS,28066,RR School (Towards RR Temple),12.92776,77.51413,,nan
RR School,nan,RRS,34434,RR School (Towards RR Gate),12.92778,77.51404,,nan
RR Temple,nan,RRT,28068,RR Temple (Towards BEML Layout 5th Stage),12.92681,77.51112,,nan
RR Temple,nan,RRT,34435,RR Temple (Towards RR Gate),12.92677,77.51103,,nan
RT Nagara Police Station,nan,RTN12,21096,RT Nagara Police Station (Towards Hebbala),13.02566,77.59301,,nan
RT Nagara Police Station,nan,RTN12,23786,RT Nagara Police Station (Towards Shivajinagara),13.02424,77.59288,,nan
RT Nagara Police Station,nan,RTNPS1,35795,RT Nagara Police Station (Towards Ganganagar),13.02496,77.59282,,nan
RT Nagara Police Station,nan,RTNPS3,21097,RT Nagara Police Station (Towards Sultanpalya),13.02495,77.59321,,nan
RV College,nan,RVC,21146,RV College (Towards Nayanadahalli),12.92529,77.49918,,nan
RV College,nan,RVC,35391,RV College (Towards Kengeri),12.92521,77.49936,,nan
RV Dental College,nan,RVCD3,24042,RV Dental College (Towards Jayanagara Bus Stand),12.91137,77.5857,,nan
RWB Gate Kengeri (Kengeri Work shop),nan,RWBG1,28081,RWB Gate Kengeri (Kengeri Work shop) (Towards Kengeri),12.904,77.4757,,nan
RWB Gate Kengeri (Kengeri Work shop),nan,RWBG1,35377,RWB Gate Kengeri (Kengeri Work shop) (Towards Doddabele),12.90405,77.47574,,nan
Rachammanahalli,nan,RMH2,34303,Rachammanahalli (Towards Samanduru),12.72289,77.73924,,nan
Rachenahalli,nan,RCNH,27797,Rachenahalli (Towards Mestripalya),13.05879,77.62404,,nan
Rachenahalli,nan,RCNH,34304,Rachenahalli (Towards Thanisandra),13.05878,77.62407,,nan
Rachenahalli Cross,nan,RNHC,27799,Rachenahalli Cross (Towards Rachenahalli),13.05913,77.61929,,nan
Rachenahalli Cross,nan,RNHC,34305,Rachenahalli Cross (Towards Mestripalya),13.0591,77.61925,,nan
Rachenalli Lake Park Dasarahalli,nan,RCNHLP,27801,Rachenalli Lake Park Dasarahalli (Towards Last Bus Stop),13.06559,77.60963,,nan
Rachenalli Lake Park Dasarahalli,nan,RCNHLP,34306,Rachenalli Lake Park Dasarahalli (Towards Jakkur),13.06556,77.60961,,nan
Radhareddy Layout,nan,RRLO,23390,Radhareddy Layout (Towards Doddakannalli),12.90883,77.6897,,nan
Radhareddy Layout,nan,RRLO,23392,Radhareddy Layout (Towards Kaikondrahalli),12.90869,77.68985,,nan
Radiant Redwood Apartment Koppa Road,nan,RRWA1,27803,Radiant Redwood Apartment Koppa Road (Towards Beguru),12.85673,77.61073,,nan
Radiant Redwood Apartment Koppa Road,nan,RRWA1,34307,Radiant Redwood Apartment Koppa Road (Towards Nice Road),12.85676,77.61084,,nan
Raghavendra Circle,nan,RGC-1,34308,Raghavendra Circle (Towards B Channasandra),13.01994,77.6745,,nan
Raghavendra Circle,nan,RGC-1,34309,Raghavendra Circle (Towards TC Palya),13.01995,77.67441,,nan
Raghavendra Colony,nan,RVC1,34311,Raghavendra Colony (Towards Raghavendra Colony),12.95773,77.55941,,nan
Raghavendra Dhama,nan,RGDM,27814,Raghavendra Dhama (Towards Dodda Byalakere),13.11473,77.51487,,nan
Raghavendra Dhama,nan,RGDM,34314,Raghavendra Dhama (Towards KondaShettyhalli),13.11472,77.51484,,nan
Raghavendra Dhama,nan,RGVDMA,34313,Raghavendra Dhama (Towards Siluvepura),13.11463,77.51473,,nan
Raghavendra Dhama 1,nan,RGVDMA,34834,Raghavendra Dhama 1 (Towards Dodda Byalakere),13.11466,77.51471,,nan
Raghavendra Layout,nan,RGVLO1,27816,Raghavendra Layout (Towards Kadabagere),12.99386,77.43858,,nan
Raghavendra Layout,nan,RGVLO1,34315,Raghavendra Layout (Towards Kadabagere Cross),12.99388,77.43866,,nan
Raghavendra Tent,nan,RGT1,27807,Raghavendra Tent (Towards Hoskote Bus Stand),13.0795,77.78217,,nan
Raghavendra Tent,nan,RGT1,34310,Raghavendra Tent (Towards Sulibele),13.07949,77.78212,,nan
Raghunathapura Doddaballapura,nan,RGNPD,34316,Raghunathapura Doddaballapura (Towards Doddaballapura),13.28862,77.57741,,nan
Raghunathapura Doddaballapura,nan,RGPR,34835,Raghunathapura Doddaballapura (Towards Devanahalli),13.28869,77.57724,,nan
Raghuvanahalli Cross,nan,RGHL,22408,Raghuvanahalli Cross (Towards Kaggalipura),12.88067,77.54621,,nan
Raghuvanahalli Cross,nan,RGHL,22409,Raghuvanahalli Cross (Towards Banashankari Bus Stand),12.88072,77.54602,,nan
Ragi Machine,nan,RGMN1,27823,Ragi Machine (Towards Uttarahalli),12.89159,77.56034,,nan
Ragi Machine,nan,RGMN1,35345,Ragi Machine (Towards Konanakunte Cross),12.89166,77.5603,,nan
Ragigudda,nan,RGGD,38588,Ragigudda (Towards B S K),12.917,77.59261,,nan
Ragigudda Temple,nan,RGD,21106,Ragigudda Temple (Towards Banashankari Bus Stand),12.91678,77.59349,,nan
Ragigudda Temple,nan,RGD,21107,Ragigudda Temple (Towards Central Central Silk Board),12.91701,77.59303,,nan
Ragihalli,nan,RGHLI,27824,Ragihalli (Towards Bannerughatta),12.73896,77.57426,,nan
Ragihalli,nan,RGHLI,35322,Ragihalli (Towards Shivanahalli),12.73881,77.57435,,nan
Ragihalli Gate,nan,RAGILG,24079,Ragihalli Gate (Towards Jigani Bus Stand),12.80036,77.59897,,nan
Ragihalli Gate,nan,RAGILG,24231,Ragihalli Gate (Towards Jangal Palya Gate),12.80026,77.5989,,nan
Rahamathnagara,nan,RHMT,23343,Rahamathnagara (Towards R T Nagara),13.01751,77.5918,,nan
Rahamathnagara,nan,RHMT,23788,Rahamathnagara (Towards Shivajinagara),13.01755,77.59187,,nan
Raheja Apartment,nan,AGHRD,40335,Raheja Apartment (Towards Magari Road toll gate),12.97969,77.53926,,nan
Railway Gate	Rajanukunte,nan,RLYG,27829,Railway Gate	Rajanukunte (Towards Rajanukunte),13.25149,77.5539,,nan
Railway Gate Bashettihalli,nan,RLYG,27832,Railway Gate Bashettihalli (Towards Doddaballapura),13.25152,77.55379,,nan
Railway Gate Gollahalli,nan,RGHA,27834,Railway Gate Gollahalli (Towards Nelamangala),13.15049,77.41184,,nan
Railway Gate Gollahalli,nan,RGHA,34320,Railway Gate Gollahalli (Towards Madhure),13.15046,77.4118,,nan
Railway Gate Kempapura,nan,KMPRURA,27835,Railway Gate Kempapura (Towards Kempapura Agarahara),12.96902,77.55934,,nan
Railway Gate Kodigehalli,nan,KRG,23521,Railway Gate Kodigehalli (Towards Kodigehalli),13.06169,77.57429,,nan
Railway Gate Kodigehalli,nan,KRG,24114,Railway Gate Kodigehalli (Towards Virupakshapura),13.06187,77.57404,,nan
Railway Gate Lakshmisagara,nan,LSG,21589,Railway Gate Lakshmisagara (Towards Bidadi),12.82418,77.41136,,nan
Railway Gate Lakshmisagara,nan,LSG,21590,Railway Gate Lakshmisagara (Towards Kengeri),12.82382,77.41081,,nan
Railway Gollahalli,nan,RLEGHI,27839,Railway Gollahalli (Towards Gopalapura),13.14667,77.4174,,nan
Railway Gollahalli,nan,RLEGHI,34322,Railway Gollahalli (Towards Nelamangala),13.14686,77.41754,,nan
Rainbow Layout,nan,RNBL,34327,Rainbow Layout (Towards Rainbow Layout),13.10122,77.5393,,nan
Raitarasanthe Yelahanka,nan,RTSNTY,27854,Raitarasanthe Yelahanka (Towards Venkatala),13.09807,77.59866,,nan
Raitarasanthe Yelahanka,nan,RTSNTY,34330,Raitarasanthe Yelahanka (Towards Hebbala),13.09749,77.59892,,nan
Raj Bhavan,nan,RJB,35302,Raj Bhavan (Towards Chalukya Hotel),12.98307,77.59206,,nan
Raj Bhavan,nan,RJBN,27855,Raj Bhavan (Towards Indian Express),12.98331,77.59229,,nan
Raj Bhavan,nan,RJBN,38455,Raj Bhavan (Towards GPO),12.98437,77.59287,,nan
Rajagopala Nagara Police Station,nan,RJPNGR2,27712,Rajagopala Nagara Police Station (Towards Jalahalli Cross),13.02356,77.52182,,nan
Rajagopala Nagara Police Station,nan,RJPNGR2,34264,Rajagopala Nagara Police Station (Towards Kanteerava Studio),13.02362,77.52196,,nan
Rajagopalanagara,nan,RJNP,21114,Rajagopalanagara (Towards Peenya 2nd Stage),13.01368,77.50881,,nan
Rajajinagara 1st Block,nan,RJN1B,20576,Rajajinagara 1st Block (Towards Yashwanthapura TTMC),13.00515,77.54887,,nan
Rajajinagara 1st Block,nan,RJN1B1,20575,Rajajinagara 1st Block (Towards Vijayanagara),13.0047,77.54909,,nan
Rajajinagara 1st Block,nan,RJN1B1,35796,Rajajinagara 1st Block (Towards ESI),13.00476,77.54923,,nan
Rajajinagara 1st Block,nan,RJNFST,39193,Rajajinagara 1st Block (Towards Soap Factory),13.00592,77.54867,,nan
Rajajinagara 2nd Block,nan,RAJ2B,22901,Rajajinagara 2nd Block (Towards Rajajinagara ESI),12.99607,77.55144,,nan
Rajajinagara 6th Block,nan,RJN6B,20586,Rajajinagara 6th Block (Towards Kempegowda Bus Station),12.97944,77.55359,,nan
Rajajinagara 6th Block,nan,RJN6B,20587,Rajajinagara 6th Block (Towards Vijayanagara),12.97953,77.55377,,nan
Rajajinagara Entrance,nan,RJRTI,27860,Rajajinagara Entrance (Towards Sujatha Talkies),12.98435,77.55723,,nan
Rajajinagara Entrance,nan,RJRTI,35263,Rajajinagara Entrance (Towards Rajajinagara),12.98428,77.55721,,nan
Rajajinagara Metro Station,nan,RMSN,21050,Rajajinagara Metro Station (Towards Rajajinagara 1st Block),12.99967,77.54976,,nan
Rajajinagara Metro Station,nan,RMSN,34333,Rajajinagara Metro Station (Towards Shivanahalli),12.99983,77.54991,,nan
Rajajinagara Old Police Station,nan,RJNOPS,24195,Rajajinagara Old Police Station (Towards Rajajinagara 6th Block),12.98992,77.55545,,nan
Rajajinagara Old Police Station,nan,RJNPS,21072,Rajajinagara Old Police Station (Towards Rajajinagara ESI),12.98928,77.55438,,nan
Rajanapalya,nan,RJNP4,27865,Rajanapalya (Towards Kothaganahalli),12.99033,77.31561,,nan
Rajanapalya,nan,RJNPL,34334,Rajanapalya (Towards Varadenahalli),12.99012,77.3155,,nan
Rajanapalya,nan,RJNPL,34335,Rajanapalya (Towards Motaganahalli),12.99027,77.31533,,nan
Rajanukunte,nan,RJNKT,27872,Rajanukunte (Towards Puttenahalli Hebbal),13.17246,77.56448,,nan
Rajanukunte,nan,RJNKT1,34337,Rajanukunte (Towards Yalahanka),13.17167,77.56446,,nan
Rajanukunte,nan,RJNKT1,34338,Rajanukunte (Towards Doddaballapura),13.17307,77.56432,,nan
Rajanukunte,nan,RJNKT1,38911,Rajanukunte (Towards Yelahanka /Doddaballapura),13.17494,77.56441,,nan
Rajanukunte,nan,RJNKT1,38912,Rajanukunte (Towards Adiganahalli Tarahunise),13.17498,77.56439,,nan
Rajanukunte,nan,RJNKT2,34340,Rajanukunte (Towards Madhure),13.17288,77.56415,,nan
Rajapalya,nan,RJPLY,22410,Rajapalya (Towards Hope Farm),12.99129,77.72123,,nan
Rajapalya,nan,RJPLY,22411,Rajapalya (Towards Kempegowda Bus Station),12.99138,77.72084,,nan
Rajapura,nan,RJPURA,27874,Rajapura (Towards seethanayakanahalli),12.77546,77.67461,,nan
Rajapura,nan,RJPURA,34341,Rajapura (Towards Hennakki),12.77551,77.6746,,nan
Rajarajeshwari nagara Gate,nan,RRJSWG,28062,Rajarajeshwari nagara Gate (Towards Rajarajeshwari Nagara),12.9357,77.51834,,nan
Rajarajeshwari nagara Gate,nan,RRN3,21140,Rajarajeshwari nagara Gate (Towards Nayandahalli),12.93649,77.51861,,nan
Rajarajeshwari nagara Gate,nan,RRN3,35389,Rajarajeshwari nagara Gate (Towards Kengeri),12.93631,77.51774,,nan
Rajarajeshwari nagara Gate,nan,RRN3,37654,Rajarajeshwari nagara Gate (Towards R R Temple),12.93554,77.51842,,nan
Rajarajeshwari nagara Metro Station,nan,RRJWG,36458,Rajarajeshwari nagara Metro Station (Towards Kengeri),12.93635,77.51948,,nan
Rajarajeshwari nagara Metro Station,nan,RRN3,35896,Rajarajeshwari nagara Metro Station (Towards KR Market),12.93689,77.5196,,nan
Rajeshwarinagara,nan,RJSN,27878,Rajeshwarinagara (Towards Kammasandra),13.04531,77.46131,,nan
Rajeshwarinagara,nan,RJSN,34342,Rajeshwarinagara (Towards Madanayakanahalli),13.04533,77.46122,,nan
Rajiv Gandhi,nan,RJGD1,22680,Rajiv Gandhi (Towards Annapoorneshwari Nagara),12.98686,77.50424,,nan
Rajiv Gandhi,nan,RJGD1,22692,Rajiv Gandhi (Towards Sunkadakatte),12.98702,77.50431,,nan
Rajiv Nagara,nan,RJVN1,27880,Rajiv Nagara (Towards Vijayapura),13.28367,77.80463,,nan
Rajiv Nagara,nan,RJVN1,34343,Rajiv Nagara (Towards Darmapura Gate),13.28381,77.80457,,nan
Rajkumar Punya Bhoomi,nan,RJKSD1,34344,Rajkumar Punya Bhoomi (Towards Goraguntepalya),13.01818,77.53163,,nan
Rajkumar Punya Bhoomi,nan,RJKSD1,34345,Rajkumar Punya Bhoomi (Towards Summanahalli),13.01859,77.5319,,nan
Ram Krishnapura Doddy,nan,RMKD,27887,Ram Krishnapura Doddy (Towards Meda Maranahalli Cross),12.68715,77.46376,,nan
Ram Krishnapura Doddy,nan,RMKD,34347,Ram Krishnapura Doddy (Towards Harohalli),12.68719,77.46379,,nan
Rama Devasthana Sarjapur,nan,RMRDVT1,23395,Rama Devasthana Sarjapur (Towards Thindlu),12.8599,77.7893,,nan
Rama Devasthana Sarjapur,nan,RMRDVT1,23419,Rama Devasthana Sarjapur (Towards Sarjapura),12.85984,77.78932,,nan
Rama Mandira Rajajinagara,nan,RM1,24196,Rama Mandira Rajajinagara (Towards Kempegowda Bus Station),12.98623,77.55636,,nan
Rama Temple,nan,SRRMTPL,38197,Rama Temple (Towards Immadahalli),12.96851,77.75597,,nan
Ramachandrapura,nan,RMCPR12,27892,Ramachandrapura (Towards Vidyaranyapura),13.06208,77.55111,,nan
Ramachandrapura,nan,RMCPR12,34349,Ramachandrapura (Towards BEL Circle),13.06208,77.55115,,nan
Ramachandrapura Cross,nan,RCPC,27893,Ramachandrapura Cross (Towards Ramachandrapura),13.05368,77.5509,,nan
Ramachandrapura Tent,nan,RMCNP,27895,Ramachandrapura Tent (Towards Dodda Bommasandra),13.05781,77.5514,,nan
Ramachandrapura Tent,nan,RMCNP,34350,Ramachandrapura Tent (Towards BEL Circle),13.05786,77.55144,,nan
Ramadevanahalli,nan,RDH7,34351,Ramadevanahalli (Towards Ramadevanahalli),13.19099,77.43302,,nan
Ramadevanahalli Cross,nan,RDHC1,27899,Ramadevanahalli Cross (Towards Madhure),13.19469,77.4229,,nan
Ramadevanahalli Cross,nan,RDHC1,34352,Ramadevanahalli Cross (Towards Railway Gollahalli),13.19463,77.42304,,nan
Ramagondanahalli,nan,RMGDLI,22412,Ramagondanahalli (Towards Varthuru Kodi),12.95704,77.74039,,nan
Ramagondanahalli,nan,RMGDLI,22413,Ramagondanahalli (Towards Marathahalli),12.95695,77.73949,,nan
Ramagondanahalli,nan,RMGHL2,27901,Ramagondanahalli (Towards Ananthapura Gate),13.11956,77.55842,,nan
Ramagondanahalli,nan,RMGHL2,34353,Ramagondanahalli (Towards Ramagondanahalli),13.11946,77.55849,,nan
Ramagovindapuram,nan,RMGP,27903,Ramagovindapuram (Towards Ramagovindapuram),13.20924,77.87895,,nan
Ramakrishna Ashrama,nan,RMKAS,21118,Ramakrishna Ashrama (Towards Nirmala Store),12.94715,77.56783,,nan
Ramakrishna Ashrama,nan,RMKAS,21119,Ramakrishna Ashrama (Towards Chamarajapet),12.94898,77.56765,,nan
Ramakrishna Ashrama,nan,RMKAS,23318,Ramakrishna Ashrama (Towards North Road),12.94822,77.56824,,nan
Ramakrishna Ashrama,nan,RMKAS,23728,Ramakrishna Ashrama (Towards Gandhi Bazaar),12.94945,77.56774,,nan
Ramakrishna Layout,nan,MLURMN,27904,Ramakrishna Layout (Towards Malagala),12.97808,77.51653,,nan
Ramakrishna Nagara,nan,RKN1,27906,Ramakrishna Nagara (Towards Jai Bhuvaneshwari Nagara),13.01763,77.53428,,nan
Ramakrishna Nagara,nan,RKN1,34355,Ramakrishna Nagara (Towards Kanteerava Nagara),13.01761,77.53422,,nan
Ramakrishnapura Circle,nan,RMKSNP1,27912,Ramakrishnapura Circle (Towards Hinnakki),12.7801,77.69461,,nan
Ramakrishnapura Circle,nan,RMKSNP1,34358,Ramakrishnapura Circle (Towards Ramakrishnapura Gate),12.7802,77.69461,,nan
Ramakrishnapura Gate,nan,RAMKRG,27913,Ramakrishnapura Gate (Towards Chandapura),12.77905,77.70195,,nan
Ramakrishnapura Gate,nan,RMKG,35163,Ramakrishnapura Gate (Towards Marasur Gate),12.77904,77.70215,,nan
Ramakrishnapura Gate,nan,RMKG,35250,Ramakrishnapura Gate (Towards Iggaluru),12.77899,77.70209,,nan
Ramalinga Reddy Estate,nan,RMLGET,27915,Ramalinga Reddy Estate (Towards Anekal),12.74575,77.74018,,nan
Ramalinga Reddy Estate,nan,RMLGET,34359,Ramalinga Reddy Estate (Towards Attibele),12.74574,77.74012,,nan
Ramamandira,nan,MDBCK,27916,Ramamandira (Towards Yeshwanthapura Bus Stand),12.99343,77.56781,,nan
Ramamurthy Nagara Alada Mara,nan,RMNALDM,22414,Ramamurthy Nagara Alada Mara (Towards KR Puram),13.01146,77.67644,,nan
Ramamurthy Nagara Alada Mara,nan,RMNALDM,22415,Ramamurthy Nagara Alada Mara (Towards B Channasandra),13.01139,77.67668,,nan
Ramamurthy Nagara Church,nan,RMNCHR,22416,Ramamurthy Nagara Church (Towards KR Puram),13.01177,77.67878,,nan
Ramamurthy Nagara Church,nan,RMNCHR,22417,Ramamurthy Nagara Church (Towards B Channasandra),13.01169,77.67891,,nan
Ramamurthy Nagara Manipal,nan,RMPMAP,22418,Ramamurthy Nagara Manipal (Towards KR Puram),13.01172,77.67031,,nan
Ramamurthy Nagara Manipal,nan,RMPMAP,22419,Ramamurthy Nagara Manipal (Towards B Channasandra),13.01167,77.67034,,nan
Ramamurthy Nagara Police Station,nan,RMPS1,22420,Ramamurthy Nagara Police Station (Towards KR Puram),13.01206,77.66785,,nan
Ramamurthy Nagara Police Station,nan,RMPS1,22421,Ramamurthy Nagara Police Station (Towards B Channasandra),13.01201,77.66788,,nan
Ramanagara Bus Stand,nan,RMNBS,39994,Ramanagara Bus Stand (Towards Last stop),12.72239,77.27494,,nan
Ramanahalli,nan,RMH-3,34361,Ramanahalli (Towards Devanahalli),13.18325,77.74411,,nan
Ramanahalli,nan,RMH-3,34362,Ramanahalli (Towards Budigere),13.18328,77.74415,,nan
Ramanahalli,nan,RMNHL1,27922,Ramanahalli (Towards M Gopahalli),12.74168,77.40167,,nan
Ramanahalli,nan,RMNHL1,34363,Ramanahalli (Towards Ittamadu),12.74181,77.40171,,nan
Ramanayakana Doddy,nan,RMND,27929,Ramanayakana Doddy (Towards Ramanayakana Doddy),12.73821,77.58881,,nan
Ramanayakana Doddy,nan,RMND1,34365,Ramanayakana Doddy (Towards Ragihalli),12.73817,77.58884,,nan
Ramanayakana Thandya,nan,RNTND,27927,Ramanayakana Thandya (Towards Dodderi),12.86039,77.38343,,nan
Ramanayakana Thandya,nan,RNTND,34364,Ramanayakana Thandya (Towards Kurubara Karenahalli),12.86041,77.38347,,nan
RamanayakanaDoddy Cross,nan,RGHJN,27930,RamanayakanaDoddy Cross (Towards Kaleshwari),12.74561,77.57576,,nan
RamanayakanaDoddy Cross,nan,RGHJN,35321,RamanayakanaDoddy Cross (Towards Ragihalli),12.74564,77.57579,,nan
Ramanayakanahalli,nan,RMKH1,27932,Ramanayakanahalli (Towards Gunjuru),12.90953,77.75587,,nan
Ramanayakanahalli,nan,RMKH1,34366,Ramanayakanahalli (Towards Katriguppe),12.90955,77.75593,,nan
Ramanjaneya Layout Chikkallasandra,nan,RLC,27933,Ramanjaneya Layout Chikkallasandra (Towards Ramanjaneya Layout Chikkallasandra),12.91062,77.54539,,nan
Ramanjaneya Layout Cross,nan,RMLC1,27935,Ramanjaneya Layout Cross (Towards Chikkalasandra),12.91464,77.54701,,nan
Ramanjaneya Layout Cross,nan,RMLC1,34367,Ramanjaneya Layout Cross (Towards Ramanjaneya Layout Chikkallasandra),12.91461,77.54702,,nan
Ramanjaneya Temple Nandhini Layout,nan,RMJT,24005,Ramanjaneya Temple Nandhini Layout (Towards Jalahalli Cross),13.02085,77.52929,,nan
Ramanjaneya Temple Nandhini Layout,nan,RMJT,24012,Ramanjaneya Temple Nandhini Layout (Towards Kanteerava Studio),13.02095,77.52924,,nan
Ramapura,nan,RMPR2,27937,Ramapura (Towards Papanahalli),13.19128,77.7951,,nan
Ramapura,nan,RMPR2,34368,Ramapura (Towards Sulibele),13.19129,77.79517,,nan
Ramapura Cross,nan,RMPRC,39183,Ramapura Cross (Towards Hagalahalli/Sugganahalli),12.83931,77.32756,,nan
Ramapura Cross,nan,RMPRC,39184,Ramapura Cross (Towards Gudadahalli Dinne),12.83934,77.32755,,nan
Ramasagara,nan,RAMSGR,34369,Ramasagara (Towards Singena Agrahara),12.82087,77.71873,,nan
Ramasagara,nan,RAMSGR,34370,Ramasagara (Towards Hilalige Gate),12.82086,77.71881,,nan
Ramasandra,nan,RMS0,27944,Ramasandra (Towards Male Nallasandra),12.80755,77.61473,,nan
Ramasandra,nan,RMS0,34372,Ramasandra (Towards Ramasandra),12.9455,77.46797,,nan
Ramasandra,nan,RMS0,35226,Ramasandra (Towards Koppa),12.80759,77.61469,,nan
Ramasandra Cross,nan,RMSC1,27946,Ramasandra Cross (Towards Tavarakere),12.93257,77.46169,,nan
Ramasandra Cross,nan,RMSC1,34374,Ramasandra Cross (Towards Kommaghatta),12.93259,77.46163,,nan
Ramaswamypalya,nan,RMSP,22423,Ramaswamypalya (Towards Kammanahalli),13.00964,77.63534,,nan
Ramesh Nagara Cross,nan,RMNCR,37770,Ramesh Nagara Cross (Towards Ramesh Nagara),12.95467,77.67995,,nan
Ramesh Nagara Cross,nan,RMNCR,37771,Ramesh Nagara Cross (Towards HAL Main Gate),12.95468,77.67999,,nan
Rameshnagara,nan,RMNG,34375,Rameshnagara (Towards Basava Nagara),12.96411,77.68213,,nan
Rameshnagara,nan,RMSNR,22426,Rameshnagara (Towards Vibhuthipura),12.96409,77.68217,,nan
Ramkrishana Layout,nan,MALUGM,27951,Ramkrishana Layout (Towards Summanahalli),12.97793,77.51647,,nan
Ramohalli,nan,RMH13,34376,Ramohalli (Towards Ramohalli Cross),12.90737,77.41812,,nan
Ramohalli,nan,RMH13,34377,Ramohalli (Towards Dodda Aladamara),12.90731,77.41816,,nan
Ramohalli,nan,RMOHLI,27955,Ramohalli (Towards Attibele),12.77405,77.77113,,nan
Ramohalli,nan,RMOHLI,34378,Ramohalli (Towards TVS Cross),12.77436,77.77124,,nan
Ramohalli Ashrama,nan,ASRMRMH,29579,Ramohalli Ashrama (Towards Bheemanakuppe Cross),12.90632,77.42885,,nan
Ramohalli Ashrama,nan,ASRMRMH,35671,Ramohalli Ashrama (Towards Ramohalli),12.90627,77.42882,,nan
Ramohalli Cross,nan,RMHLC1,27956,Ramohalli Cross (Towards Anchepalya),12.88701,77.45112,,nan
Ramohalli Cross,nan,RMHLC1,35388,Ramohalli Cross (Towards Bidadi),12.88674,77.45125,,nan
Rampura,nan,RMPR,34381,Rampura (Towards Uddandahalli),12.89027,77.3988,,nan
Rampura,nan,RMPR,34382,Rampura (Towards Koluru),12.89029,77.3988,,nan
Rampura,nan,RMPR1,34380,Rampura (Towards Bileshivale),13.05158,77.69135,,nan
Rampura,nan,RMPR11,34383,Rampura (Towards Gungarahalli),12.84127,77.32765,,nan
Rampura,nan,RMPR3,34379,Rampura (Towards Avalahalli Hoskote),13.05175,77.69124,,nan
Rampura,nan,RMPR31,27965,Rampura (Towards Nelamangala),13.01741,77.35077,,nan
Rampura,nan,RMPR31,34385,Rampura (Towards Goravanahalli),13.0174,77.35093,,nan
Rampura,nan,RMPur,36292,Rampura (Towards Malur),12.94285,77.94126,,nan
Rampura Cross,nan,KTH,34386,Rampura Cross (Towards Horamavu),13.05191,77.68109,,nan
Rampura Cross,nan,KTH-1,34387,Rampura Cross (Towards Byrathi Cross),13.05194,77.68091,,nan
Rampura Cross,nan,RMPCR1,27968,Rampura Cross (Towards Rampura),13.05212,77.68101,,nan
Ranga Jangama,nan,BGSGM,27971,Ranga Jangama (Towards K Gollahalli),12.85578,77.45274,,nan
Ranga Jangama,nan,BGSGM,34388,Ranga Jangama (Towards Gudimavu),12.85562,77.45281,,nan
Ranga Jangama,nan,BGSGM,34389,Ranga Jangama (Towards Gonipura),12.85579,77.45278,,nan
Rangaiahnapalya,nan,RNGNPL,27973,Rangaiahnapalya (Towards Belagumba),12.99188,77.2676,,nan
Rangaiahnapalya,nan,RNGNPL,34390,Rangaiahnapalya (Towards Thagachakuppe),12.99199,77.26759,,nan
Ranganathpura,nan,RNGPR,27975,Ranganathpura (Towards Tavarakere),12.9506,77.2417,,nan
Ranganathpura,nan,RNGPR,34391,Ranganathpura (Towards Magadi),12.9504,77.24167,,nan
Rangappa Circle,nan,KSBG,27977,Rangappa Circle (Towards Rajanukunte),13.28753,77.54399,,nan
Rangappa Circle,nan,KSBG,34392,Rangappa Circle (Towards Doddaballapura),13.2874,77.5439,,nan
Rangappanapalya Gate,nan,RGPGT,27979,Rangappanapalya Gate (Towards Nelamangala),12.99273,77.34936,,nan
Rangappanapalya Gate,nan,RGPGT,34393,Rangappanapalya Gate (Towards Goravanahalli),12.99279,77.34948,,nan
Rangenahalli,nan,RNGH1,27983,Rangenahalli (Towards Kuppemala),13.11319,77.28478,,nan
Rangenahalli,nan,RNGH1,34395,Rangenahalli (Towards Hemapura),13.11315,77.28473,,nan
Rangenahalli Colony,nan,RGHC1,27985,Rangenahalli Colony (Towards Kuppemala),13.11301,77.2865,,nan
Rangenahalli Colony,nan,RGHC1,34396,Rangenahalli Colony (Towards Hemapura),13.11298,77.28652,,nan
Rani Circle,nan,RNC,34398,Rani Circle (Towards Devanahalli),13.26728,77.7198,,nan
Rani Circle,nan,RNC,34399,Rani Circle (Towards Avathi),13.2674,77.71954,,nan
Rani Circle,nan,RNICR1,27989,Rani Circle (Towards Sai Baba Temple Attibele),13.26859,77.71978,,nan
Rani Saraladevi High School,nan,RSDH,21592,Rani Saraladevi High School (Towards Ashoka Pillar),12.93767,77.585,,nan
Rani Saraladevi High School,nan,RSDH,21593,Rani Saraladevi High School (Towards Jayanagara Bus Station),12.93879,77.58522,,nan
Rashi Gateway,nan,RGW1,38792,Rashi Gateway (Towards Last Stop),13.11118,77.36989,,nan
Rashi Gateway Cross,nan,RGWC,38790,Rashi Gateway Cross (Towards Rashi Gateway),13.11016,77.37806,,nan
Rashi Gateway Cross,nan,RGWC,38791,Rashi Gateway Cross (Towards Nelamangala),13.11034,77.37765,,nan
Ravagodlu,nan,RWGDL,23554,Ravagodlu (Towards Nettigere),12.74817,77.50112,,nan
Ravagodlu,nan,RWGDL,23748,Ravagodlu (Towards Ravagodlu Gate),12.74814,77.50117,,nan
Ravagodlu Gate,nan,RWDLG,23553,Ravagodlu Gate (Towards Gandakana Doddy Cross),12.74897,77.4865,,nan
Ravagodlu Gate,nan,RWDLG,23606,Ravagodlu Gate (Towards Kaggalipura),12.74895,77.48633,,nan
Ravi Badavane Jai Maruthi Nagara,nan,JRB,27990,Ravi Badavane Jai Maruthi Nagara (Towards Jai Maruthi Nagara),13.00673,77.5323,,nan
Ravi Tent,nan,RVT,34400,Ravi Tent (Towards Vivekanagara Cross),12.95166,77.62138,,nan
Ravi Tent,nan,RVT,35059,Ravi Tent (Towards Passport Office Koramangala),12.95169,77.62148,,nan
Ravindra Nagara,nan,RVNDR,27994,Ravindra Nagara (Towards Ayyappa Temple),13.04995,77.51654,,nan
Ravindra Nagara,nan,RVNDR,34401,Ravindra Nagara (Towards Bagalagunte),13.04995,77.51634,,nan
Ravuthanahalli,nan,RVTH,27996,Ravuthanahalli (Towards Kittanahalli),13.02676,77.42388,,nan
Ravuthanahalli,nan,RVTH,34402,Ravuthanahalli (Towards Tumkur Road),13.02673,77.42384,,nan
Ravuthanahalli Cross,nan,RVHC,34403,Ravuthanahalli Cross (Towards Adakimaranahalli Cross),13.0734,77.43899,,nan
Ravuthanahalli Cross,nan,RVHC,38537,Ravuthanahalli Cross (Towards Nelamangala),13.07334,77.43938,,nan
Ravuthanahalli Cross,nan,RVHC,38538,Ravuthanahalli Cross (Towards Jalahalli Cross),13.07362,77.43959,,nan
Rayal Layout,nan,RLYTG,36538,Rayal Layout (Towards Jambu savari Dinne),12.86928,77.57587,,nan
Rayan Circle,nan,RYNC,21123,Rayan Circle (Towards Sirsi Circle),12.96047,77.5679,,nan
Rayan Circle,nan,RYNC,21124,Rayan Circle (Towards KR Market),12.96136,77.56889,,nan
Rayan International School,nan,RIYNISC,23780,Rayan International School (Towards Bannerughatta Circle),12.81956,77.58481,,nan
Rayan International School,nan,RIYNISC,24132,Rayan International School (Towards AMC College),12.81953,77.58471,,nan
Rayara Doddy,nan,RYRDI,28000,Rayara Doddy (Towards Girigowdana Doddy Cross),12.76694,77.51327,,nan
Rayara Doddy,nan,RYRDI,34404,Rayara Doddy (Towards Mukkodlu),12.76715,77.51368,,nan
Rayasandra,nan,RYSNC,28003,Rayasandra (Towards Hosa Road),12.87934,77.67212,,nan
Rayasandra,nan,RYSNC,35371,Rayasandra (Towards ACTS College),12.87942,77.67203,,nan
Rayasandra,nan,RYSNDA,34405,Rayasandra (Towards Channenahalli Gate),13.21882,77.7256,,nan
Rayasandra,nan,RYSNDA,34406,Rayasandra (Towards Bychapura),13.21876,77.72563,,nan
Rayasandra Circle,nan,RYSNC,28004,Rayasandra Circle (Towards Jn of Hosa Road),12.87569,77.67126,,nan
Rayasandra Circle,nan,RYSNC,35372,Rayasandra Circle (Towards Rayasandra KSRP),12.8757,77.67112,,nan
Rayasandra Cross (Channahalli Gate),nan,CHNG,24425,Rayasandra Cross (Channahalli Gate) (Towards Bettakote),13.21176,77.74142,,nan
Rayasandra Cross (Channahalli Gate),nan,CHNG,28005,Rayasandra Cross (Channahalli Gate) (Towards Devanahalli),13.21175,77.74139,,nan
Rayasandra Gate,nan,RAYGT,28007,Rayasandra Gate (Towards Southegowdanahalli),13.23358,77.72709,,nan
Rayasandra Gate,nan,RAYGT,34407,Rayasandra Gate (Towards Devanahalli),13.23351,77.72712,,nan
Razakpalya,nan,RPLA,28009,Razakpalya (Towards Razakpalya),13.14594,77.65823,,nan
Razakpalya,nan,RPLA,34408,Razakpalya (Towards Bagaluru),13.14592,77.65818,,nan
Razakpalya Cross,nan,RZKPC,38891,Razakpalya Cross (Towards Depot-52),13.14965,77.65882,,nan
Razakpalya Cross,nan,RZKPLC,38892,Razakpalya Cross (Towards Bagaluru),13.14968,77.65884,,nan
Reddyhalli,nan,REH,34411,Reddyhalli (Towards Nalluru Cross),13.18957,77.75477,,nan
Reddyhalli,nan,REH,34412,Reddyhalli (Towards Dodda Hosahalli Devanahalli),13.18941,77.7545,,nan
Reliance Petrol Bunk Goraguntepalya,nan,RLIPBG,24002,Reliance Petrol Bunk Goraguntepalya (Towards Summanahalli),13.02866,77.5363,,nan
Reliance Petrol Bunk Goraguntepalya,nan,RLIPBG,24015,Reliance Petrol Bunk Goraguntepalya (Towards Goraguntepalya),13.02861,77.53612,,nan
Renaissance prosperio apartment,nan,RPA1,36787,Renaissance prosperio apartment (Towards Last Stop),13.06426,77.59362,,nan
Renuka Nagara,nan,BSHRNKN,28021,Renuka Nagara (Towards Nelamangala),13.10569,77.38815,,nan
Renuka Nagara,nan,BSHRNKN,34414,Renuka Nagara (Towards Madhure),13.10573,77.38811,,nan
Reva College,nan,REVC,28023,Reva College (Towards Bellahalli Cross),13.11542,77.63428,,nan
Reva College,nan,REVC,34415,Reva College (Towards Country Club),13.11538,77.63416,,nan
Reva College Gate,nan,RVCLR,28026,Reva College Gate (Towards Reva College),13.12207,77.63066,,nan
Reva College Gate,nan,RVCLR,34416,Reva College Gate (Towards Bagaluru),13.12228,77.63051,,nan
Reva College Gate,nan,RVCLR,34417,Reva College Gate (Towards Yalahanka),13.12218,77.63043,,nan
Richard Farm,nan,RCF,22427,Richard Farm (Towards Tataguppe),12.77774,77.52525,,nan
Richard Farm,nan,RCF,22428,Richard Farm (Towards Tharalu Estate),12.77769,77.52521,,nan
Richmond Circle,nan,RCHMDCR,21126,Richmond Circle (Towards Kempegowda Bus Station),12.9658,77.60433,,nan
Richmond Circle,nan,RICHMD,21125,Richmond Circle (Towards HAL),12.96738,77.59946,,nan
Richmond Circle,nan,RICHMD,23674,Richmond Circle (Towards Shanthi Nagara),12.96366,77.5964,,nan
Richmond Circle UFLY,nan,RICHMD,36131,Richmond Circle UFLY (Towards Kempegowda Inernational Airport),12.96485,77.59661,,nan
Robin Theatre,nan,RBNT1,28049,Robin Theatre (Towards Kommaghatta),12.91601,77.4798,,nan
Robin Theatre,nan,RBNT1,34427,Robin Theatre (Towards Kengeri),12.91605,77.47982,,nan
Rock Colony,nan,RKCNL,28051,Rock Colony (Towards Kaggalahalli),12.72252,77.50242,,nan
Rock Colony,nan,RKCNL,34428,Rock Colony (Towards Ankegowdana Doddy),12.72256,77.50237,,nan
Rock Line Studio,nan,STDU3,28053,Rock Line Studio (Towards Thippenahalli),13.04055,77.49628,,nan
Rock Line Studio,nan,STDU3,34429,Rock Line Studio (Towards Nagasandra),13.0406,77.49634,,nan
Rolling Mill,nan,RLNGM,21136,Rolling Mill (Towards Jalahalli Cross),13.02655,77.51468,,nan
Rolling Mill,nan,RLNGM,21137,Rolling Mill (Towards NTTF),13.02648,77.51478,,nan
Roopena Agrahara,nan,RPNA,21138,Roopena Agrahara (Towards Bommanahalli),12.91197,77.62613,,nan
Roopena Agrahara,nan,RPNA,21143,Roopena Agrahara (Towards Madivala),12.91158,77.62579,,nan
Roopena Agrahara,nan,RPNA,37600,Roopena Agrahara (Towards Begur),12.91185,77.626,,nan
Roopena Agrahara FLY,nan,ROPAG,37868,Roopena Agrahara FLY (Towards Bangalore Dairy Circle),12.9116,77.62604,,nan
Roopena Agrahara FLY,nan,RPNA,35774,Roopena Agrahara FLY (Towards Chandapura),12.91212,77.62589,,nan
Roopena Agrahara Toll,nan,RPNA,37735,Roopena Agrahara Toll (Towards Electronic City),12.91166,77.62617,,nan
Roopena Agrahara Toll (Volvo),nan,ROPAG,39466,Roopena Agrahara Toll (Volvo) (Towards Hebbagodi),12.91139,77.62635,,nan
Royal Enclave,nan,RLE,28057,Royal Enclave (Towards Srirampura),13.06575,77.61693,,nan
Royal Enclave,nan,RLE,34430,Royal Enclave (Towards Srirampura Cross),13.06572,77.61698,,nan
Royal Layout,nan,RLTG,23461,Royal Layout (Towards Konanakunte),12.86919,77.57581,,nan
Royal Layout,nan,RLTG,23465,Royal Layout (Towards Gottigere),12.86932,77.5758,,nan
Royal Meenakshi Mall,nan,MJKKGIJUYO,34431,Royal Meenakshi Mall (Towards Hulimavu Gate),12.87642,77.59564,,nan
Royal Meenakshi Mall BG Road,nan,MJKKGIJUYO,28059,Royal Meenakshi Mall BG Road (Towards Royal Meenakshi Mall BG Road Last Bus Stop),12.8765,77.59615,,nan
Royal Meenakshi Mall BG Road (KIA-14A),nan,MJKKGIJUYO,40336,Royal Meenakshi Mall BG Road (KIA-14A) (Towards Bilekahalli),12.87682,77.59507,,nan
Royal Meenakshi Mall BG Road (KIA-14A),nan,MJKKGIJUYO,40337,Royal Meenakshi Mall BG Road (KIA-14A) (Towards Gottigere),12.87682,77.59522,,nan
Rukmini Nagara,nan,RKMN1,28076,Rukmini Nagara (Towards 8th Mile),13.04099,77.50482,,nan
Rukmini Nagara,nan,RKMN1,34439,Rukmini Nagara (Towards Nelagadaranahalli),13.041,77.50488,,nan
Rupesh Hotel,nan,JOSRMPUR,23877,Rupesh Hotel (Towards Jigani),12.81165,77.66601,,nan
Rupesh Hotel,nan,JOSRMPUR,23888,Rupesh Hotel (Towards Bommasandra),12.81176,77.66589,,nan
Rural High School Devanahalli,nan,RGHS,39731,Rural High School Devanahalli (Towards Sulibele),13.24339,77.71982,,nan
Rural High School Devanahalli,nan,RGHS,39732,Rural High School Devanahalli (Towards devanahalli),13.24334,77.71986,,nan
Russell Market,nan,RSLMKT,37965,Russell Market (Towards Coles Park),12.98486,77.60518,,nan
S Gollahalli,nan,SGLHL,28083,S Gollahalli (Towards Sulivara Cross),12.89388,77.36136,,nan
S Gollahalli,nan,SGLHL,34441,S Gollahalli (Towards Pachepalya),12.89375,77.36146,,nan
S J R College,nan,SJT1,21199,S J R College (Towards Kempegowda Bus Station),12.98262,77.56234,,nan
S J R College,nan,SJT1,21200,S J R College (Towards Rajajinagara 6th Block),12.98246,77.56208,,nan
S Medahalli,nan,SMDLI1,22435,S Medahalli (Towards Attibele),12.82365,77.78618,,nan
S Medahalli,nan,SMDLI1,22436,S Medahalli (Towards Sarjapura),12.82387,77.78611,,nan
S Nagenahalli Gate,nan,SNHGT,38707,S Nagenahalli Gate (Towards Tubagere),13.37151,77.55774,,nan
S Nagenahalli Gate,nan,SNHGT,38708,S Nagenahalli Gate (Towards Hadonahalli),13.37149,77.55778,,nan
S R S Mathikere,nan,SRS3,26683,S R S Mathikere (Towards Kammagondanahalli),13.06145,77.53112,,nan
S R S Mathikere,nan,SRS3,34701,S R S Mathikere (Towards Abbigere),13.06144,77.53109,,nan
SAP Labs,nan,SAPL,21152,SAP Labs (Towards Kundalahalli Gate),12.97765,77.71448,,nan
SAP Labs,nan,SAPL,21153,SAP Labs (Towards ITPL),12.9778,77.7144,,nan
SBI Bank,nan,SBIB,22467,SBI Bank (Towards Jalahalli East),13.07239,77.54625,,nan
SBI Bank,nan,SBIB,22468,SBI Bank (Towards MS Palya),13.07237,77.5461,,nan
SBM Gayathri Nagara,nan,SBMGN1,28189,SBM Gayathri Nagara (Towards Subramanyapura),12.99993,77.56035,,nan
SBM Gayathri Nagara,nan,SBMGN1,34484,SBM Gayathri Nagara (Towards Malleshwaram),12.99991,77.5604,,nan
SEZ Amada Circle,nan,SEZA,28230,SEZ Amada Circle (Towards BK Palya),13.17841,77.72064,,nan
SEZ Amada Circle,nan,SEZAC,28231,SEZ Amada Circle (Towards Hunasur),13.17853,77.72045,,nan
SFS High School Hebbagodi,nan,SFSCH,39202,SFS High School Hebbagodi (Towards Chandapura),12.83378,77.68021,,nan
SFS High School Hebbagodi,nan,SFSCH,39203,SFS High School Hebbagodi (Towards Bommanahalli),12.83359,77.68,,nan
SI Apartment HSR Layout,nan,SIA HSRLO,21176,SI Apartment HSR Layout (Towards Central Silk Board),12.91668,77.6294,,nan
SI Apartment HSR Layout,nan,SIA HSRLO,21177,SI Apartment HSR Layout (Towards Hebbala),12.91677,77.62942,,nan
SIR M VISHWESHWARAYYA MUSEUM AND SAMADI,nan,SRMVSMD,38885,SIR M VISHWESHWARAYYA MUSEUM AND SAMADI (Towards RANGASTALA RANGANATHA TEMPLE),13.40749,77.69589,,nan
SJES College,nan,SJESC,22495,SJES College (Towards Kempegowda Bus Station),13.023,77.715,,nan
SJES College,nan,SJESC,22496,SJES College (Towards Hoskote),13.02393,77.71589,,nan
SJM Polytechnic,nan,SJMPT,26501,SJM Polytechnic (Towards Nelamangala),13.08532,77.41196,,nan
SJM Polytechnic,nan,SJMPT,34620,SJM Polytechnic (Towards Vishwashanthi Ashrama),13.08561,77.41217,,nan
SKF Factory,nan,CPK-1,26503,SKF Factory (Towards Budigere),13.06116,77.74189,,nan
SKF Factory,nan,CPK-1,34621,SKF Factory (Towards Budigere Cross),13.06124,77.74195,,nan
SLV Bakery,nan,SLVBR,23968,SLV Bakery (Towards Ittamadu),12.92127,77.54322,,nan
SLV Bakery,nan,SLVBR,24344,SLV Bakery (Towards Janatha Bazar),12.92117,77.54316,,nan
SLV Petrol Bunk,nan,SLVPB1,38155,SLV Petrol Bunk (Towards Kundana),13.16054,77.59547,,nan
SLV Petrol Bunk,nan,SLVPB1,38156,SLV Petrol Bunk (Towards MVIT Collage),13.16058,77.59551,,nan
SM Gollahalli,nan,SMGH,26510,SM Gollahalli (Towards Aralumallige),13.25835,77.50612,,nan
SM Gollahalli,nan,SMGH,34624,SM Gollahalli (Towards Gowdahalli),13.25832,77.50626,,nan
SMV 5th Stage (Manganahalli Cross),nan,SMV5MC,39884,ಎಸ್‌ ಎಮ್‌ ವಿ 5ನೇ ಹಂತ (ಮಂಗನಹಳ್ಳಿ ಕ್ರಾಸ್) (ಟುವರ್ಡ್ಸ್  ನ್ಯಾಷನಲ್‌ ಪಬ್ಲಿಕ್‌ ಸ್ಕೂಲ್),12.95172,77.47733,,nan
SMV 5th Stage (Manganahalli Cross),nan,SMV5MC,39885,SMV 5th Stage (Manganahalli Cross) (Towards Junjappa Aladamara),12.95174,77.47752,,nan
SMV 5th Stage (Revive Hospital),nan,ಶಂಔ5ಋಃ,39908,SMV 5th Stage (Revive Hospital) (Towards KLE Law Collage),12.96698,77.48368,,nan
SMV 5th Stage (Revive Hospital),nan,ಶಂಔ5ಋಃ,39909,SMV 5th Stage (Revive Hospital) (Towards Muddaiahanapalya),12.96704,77.4837,,nan
SMVIT College,nan,SMVITC,26513,SMVIT College (Towards Suggatta),13.15169,77.61168,,nan
SMVIT College,nan,SMVITC,34625,SMVIT College (Towards SMVIT College Cross),13.15178,77.61167,,nan
SMVIT Cross,nan,SMVIT-1,34626,SMVIT Cross (Towards Devanahalli),13.15209,77.62015,,nan
SMVIT Cross,nan,SMVIT-1,34628,SMVIT Cross (Towards Suggatta),13.15191,77.61988,,nan
SMVIT Cross,nan,SMVIT-2,34627,SMVIT Cross (Towards Yalahanka),13.15197,77.62063,,nan
SNN Raj Serenity Apartment Yelenahalli,nan,SNNRAJAP,26520,SNN Raj Serenity Apartment Yelenahalli (Towards Akshayanagara),12.85995,77.61255,,nan
SNN Raj Serenity Apartment Yelenahalli,nan,SNNRAJAP,34629,SNN Raj Serenity Apartment Yelenahalli (Towards Nobel Residency),12.85986,77.61259,,nan
SRR Kalyana Mantapa,nan,SRRKMPT,26681,SRR Kalyana Mantapa (Towards Banasawadi),13.00744,77.65464,,nan
SRR Kalyana Mantapa,nan,SRRKMPT,34699,SRR Kalyana Mantapa (Towards B Channasandra),13.00906,77.65604,,nan
SRR Kalyana Mantapa,nan,SRRKMPT,34700,SRR Kalyana Mantapa (Towards OMBR Layout),13.00902,77.65617,,nan
SRR Kalyana Mantapa 1,nan,SRRKMPT,34841,SRR Kalyana Mantapa 1 (Towards B Channasandra),13.00747,77.6546,,nan
SRS Peenya,nan,SRS,21189,SRS Peenya (Towards Jalahalli Cross),13.03428,77.53032,,nan
SRS Peenya,nan,SRS,21190,SRS Peenya (Towards Yashwanthapura TTMC),13.03471,77.52987,,nan
SSVB Bakery Kanteerava Studio,nan,SSVB,26685,SSVB Bakery Kanteerava Studio (Towards Kanteerava Studio),13.01371,77.53391,,nan
SSVB Bakery Kanteerava Studio,nan,SSVBK,34702,SSVB Bakery Kanteerava Studio (Towards Jai Bhuvaneshwari Nagara),13.01365,77.53397,,nan
STRR Devanahalli Toll,nan,CHKGTE,38542,STRR Devanahalli Toll (Towards Hosakote),13.20764,77.76237,,nan
STRR Devanahalli Toll,nan,CHKGTE,38543,STRR Devanahalli Toll (Towards Devanahalli),13.20732,77.76248,,nan
SVR College,nan,PLYT,23712,SVR College (Towards Parangipalya),12.90225,77.65058,,nan
SVR College,nan,PLYT,24054,SVR College (Towards Somasandra Palya),12.90217,77.65071,,nan
Saalu Doddy,nan,SLDY,22437,Saalu Doddy (Towards Kaggalipura),12.83067,77.51313,,nan
Saalu Doddy,nan,SLDY,22438,Saalu Doddy (Towards Banashankari Bus Stand),12.83065,77.51297,,nan
Sadahalli,nan,SDH,34442,Sadahalli (Towards Chowdanahalli),13.21204,77.64729,,nan
Sadahalli,nan,SDHL,28086,Sadahalli (Towards Sadahalli Gate),13.21207,77.64734,,nan
Sadahalli Gate,nan,SDHG2,28088,Sadahalli Gate (Towards Yalahanka),13.19051,77.64626,,nan
Sadahalli Gate,nan,SDHG2,34443,Sadahalli Gate (Towards Devanahalli),13.19072,77.64583,,nan
Sadananda Nagara,nan,SDNN,28090,Sadananda Nagara (Towards Kasturi Nagara),12.99442,77.65799,,nan
Sadananda Nagara,nan,SDNN,34444,Sadananda Nagara (Towards NGEF),12.99446,77.65825,,nan
Sadaramangala,nan,SMLA,28091,Sadaramangala (Towards Kadugodi Bus Station),12.99921,77.73677,,nan
Sadaramangala Lake Gate,nan,SDMGLG1,40032,Sadaramangala Lake Gate (Towards Depot-51 Gate),12.99895,77.72218,,nan
Sadaramangala Lake Gate,nan,SDMGLG1,40034,Sadaramangala Lake Gate (Towards Kodigehalli Gate),12.99893,77.72211,,nan
Sadashivanagara,nan,SDSN-2,21147,Sadashivanagara (Towards Sadashiva Nagara Police Station),13.0086,77.58016,,nan
Sadashivanagara,nan,SDSN-2,28095,Sadashivanagara (Towards Bashyam Circle),13.00864,77.58029,,nan
Sadashivanagara Police Station,nan,SSN2,21098,Sadashivanagara Police Station (Towards MS Ramaiah Hospital),13.01553,77.57269,,nan
Sadashivanagara Police Station,nan,SSN2,21099,Sadashivanagara Police Station (Towards Malleshwara),13.01587,77.57277,,nan
Sadenahalli,nan,SDNHL1,28098,Sadenahalli (Towards Sadenahalli),13.19463,77.57269,,nan
Sadenahalli,nan,SDNHL1,34446,Sadenahalli (Towards Rajanukunte),13.19467,77.57277,,nan
Sadhanapalya,nan,SDP2,28100,Sadhanapalya (Towards Sadhanapalya Gate),12.76873,77.48298,,nan
Sadhanapalya,nan,SDP2,34447,Sadhanapalya (Towards Sadhanapalya Last Stop),12.76858,77.48288,,nan
Sadhanapalya Gate,nan,SNPG1,23605,Sadhanapalya Gate (Towards Bolare),12.76808,77.48878,,nan
Sadhanapalya Gate,nan,SNPG1,23627,Sadhanapalya Gate (Towards Nelaguli),12.76805,77.48861,,nan
Sadhapanalli Gate,nan,SADGT,28102,Sadhapanalli Gate (Towards Hoskote),13.16299,77.79286,,nan
Sadhapanalli Gate,nan,SADGT,34448,Sadhapanalli Gate (Towards Vijayapura),13.16294,77.7928,,nan
Safal Market,nan,SMT,22439,Safal Market (Towards Hoskote),13.03799,77.75976,,nan
Safal Market,nan,SMT,22440,Safal Market (Towards Kadugodi Bus Station ),13.03799,77.75986,,nan
Sagar Hospital,nan,SRHL,28104,Sagar Hospital (Towards Bengaluru Dairy Circle),12.92848,77.59962,,nan
Sagar Hospital,nan,SRHL,34449,Sagar Hospital (Towards Sagar Hospital (BG Road)),12.92832,77.59936,,nan
Sahakara Nagara,nan,SHKRN,34450,Sahakara Nagara (Towards Kodigehalli Gate),13.06473,77.58385,,nan
Sahakara Nagara Police Station,nan,SNPS1,23523,Sahakara Nagara Police Station (Towards Kodigehalli Gate),13.06414,77.58336,,nan
Sahakara Nagara Police Station,nan,SNPS1,24113,Sahakara Nagara Police Station (Towards Kodigehalli),13.06409,77.58348,,nan
Sahakara Nagara Post Office,nan,SHNGR1,23525,Sahakara Nagara Post Office (Towards Kodigehalli Sahakara Nagara),13.06133,77.58736,,nan
Sahukarapalya,nan,SKRP1,28108,Sahukarapalya (Towards Lakkenahalli Cross),13.06533,77.28899,,nan
Sahukarapalya,nan,SKRP1,34451,Sahukarapalya (Towards Gudemaranahalli Hand Post),13.06512,77.28903,,nan
Sahyadribalaga Layout,nan,SBL,34452,Sahyadribalaga Layout (Towards Soundrya Layout),13.06592,77.49912,,nan
Sai Baba General Hospital,nan,SIBH,22441,Sai Baba General Hospital (Towards Varthuru),12.97454,77.75065,,nan
Sai Baba General Hospital,nan,SIBH,22442,Sai Baba General Hospital (Towards Hope Farm),12.97383,77.75042,,nan
Sai Baba Temple (Avathi),nan,SBTA,28112,Sai Baba Temple (Avathi) (Towards Devanahalli),13.2829,77.72301,,nan
Sai Baba Temple (Avathi),nan,SBTA,34453,Sai Baba Temple (Avathi) (Towards Avathi),13.2829,77.72277,,nan
Sai Lakshmi Industries,nan,SLM,22443,Sai Lakshmi Industries (Towards Hoskote),13.02454,77.76162,,nan
Sai Lakshmi Industries,nan,SLM,22444,Sai Lakshmi Industries (Towards Kadugodi Bus Station ),13.02458,77.76173,,nan
Sajjan Rao Circle,nan,SJJNRCR,22445,Sajjan Rao Circle (Towards KR Market),12.95262,77.57653,,nan
Sajjan Rao Circle,nan,SJJNRCR,22679,Sajjan Rao Circle (Towards Kempegowda Bus Station),12.95301,77.57738,,nan
Sajjan Rao Circle,nan,SJJNRCR,28115,Sajjan Rao Circle (Towards South End Circle),12.95233,77.57713,,nan
Sakalavara,nan,SKLVR,28116,Sakalavara (Towards Sakalavara Gate),12.8207,77.60905,,nan
Sakalavara,nan,SKLVR,35224,Sakalavara (Towards Sakalavara),12.82073,77.60909,,nan
Sakamma Layout,nan,SKMOT,28118,Sakamma Layout (Towards Jai Maruthi Nagara),13.00723,77.52867,,nan
Sakamma Layout,nan,SKMOT,34455,Sakamma Layout (Towards Sakamma Layout),13.00719,77.52873,,nan
Salarpuria Apartment,nan,SLRPR,38140,Salarpuria Apartment (Towards Agara),12.90692,77.63254,,nan
Salarpuria Apartment,nan,SLRPR,38141,Salarpuria Apartment (Towards Mangammanapalya),12.90696,77.63256,,nan
Saluhunase,nan,SLHS,22446,Saluhunase (Towards Kaggalipura),12.81092,77.51158,,nan
Saluhunase,nan,SLHS,22447,Saluhunase (Towards Banashankari Bus Stand),12.81088,77.51151,,nan
Samanahalli,nan,SAMHLI,28123,Samanahalli (Towards MuthaNalluru Colony),12.83263,77.7477,,nan
Samanahalli,nan,SAMHLI,31408,Samanahalli (Towards Sollepura),12.83272,77.74773,,nan
Samanduru,nan,SMND,28125,Samanduru (Towards Rachammanahalli),12.71526,77.753,,nan
Samanduru,nan,SMND,34458,Samanduru (Towards Muneshwara Temple),12.71526,77.75291,,nan
Sambhram College,nan,smbc-1,28127,Sambhram College (Towards Shivakote),13.08824,77.54663,,nan
Sambhram College,nan,smbc-1,34459,Sambhram College (Towards MS Palya),13.08826,77.54666,,nan
Samethanahalli,nan,SMTH,22448,Samethanahalli (Towards Chikka Thirupathi),12.9803,77.79019,,nan
Samethanahalli,nan,SMTH,22449,Samethanahalli (Towards Hope Farm),12.98018,77.7902,,nan
Sampangere,nan,SMPGR,28129,Sampangere (Towards Alambadi),12.87447,77.88289,,nan
Sampangere,nan,SMPGR,34460,Sampangere (Towards Sampangere),12.87444,77.88294,,nan
Sampangiram Nagara,nan,SMPNGR,23779,Sampangiram Nagara (Towards Bannerughatta National Park),12.82533,77.58621,,nan
Sampangiram Nagara,nan,SMPNGR,24133,Sampangiram Nagara (Towards AMC College),12.82495,77.58593,,nan
Sampige Nagara,nan,SMPGNR,28131,Sampige Nagara (Towards Huskur Gate),12.83447,77.69733,,nan
Sampige Nagara,nan,SMPGNR,35305,Sampige Nagara (Towards Ittina Neela Apartment),12.83451,77.69732,,nan
Sampige Nagara Gate,nan,SMPNGT,24248,Sampige Nagara Gate (Towards Singena Agrahara),12.83937,77.69797,,nan
Sampige Nagara Gate,nan,SMPNN,35681,Sampige Nagara Gate (Towards Huskur Gate),12.83931,77.698,,nan
Sampige Talkies,nan,SMPTKS,39445,Sampige Talkies (Towards Malleshwaram Circle),12.99331,77.57145,,nan
Sampigehalli,nan,SMGVIL,28133,Sampigehalli (Towards Agrahara Layout Cross),13.08187,77.61784,,nan
Sampigehalli,nan,SMGVIL,34462,Sampigehalli (Towards Sampigehalli),13.08187,77.61792,,nan
Sampigehalli Bannerughatta,nan,SMPHL1,35054,Sampigehalli Bannerughatta (Towards Bannerughatta National Park),12.80536,77.57887,,nan
Sampigehalli Bannerughatta,nan,SMPHL1,35280,Sampigehalli Bannerughatta (Towards Bannerughatta Circle),12.80519,77.57879,,nan
Sangam Circle,nan,SGMC,21148,Sangam Circle (Towards Banashankari Bus Stand),12.91704,77.57875,,nan
Sangam Circle,nan,SGMC,21149,Sangam Circle (Towards Jayanagara),12.91763,77.57733,,nan
Sangam Circle,nan,SGMC,37083,Sangam Circle (Towards Banashankari),12.91756,77.57789,,nan
Sanjay Gandhi Hospital,nan,SJGHSPL,38115,Sanjay Gandhi Hospital (Towards Depot-4),12.92687,77.5936,,nan
Sanjay Gandhi Hospital,nan,SJNDHOP,35099,Sanjay Gandhi Hospital (Towards Cormel Convent School),12.92707,77.59309,,nan
Sanjay Gandhi Hospital,nan,SJNDHOP,35205,Sanjay Gandhi Hospital (Towards Jayanagara Bus Stand),12.927,77.59299,,nan
Sanjay Gandhi Nagara,nan,SGN1,24010,Sanjay Gandhi Nagara (Towards Sonal Garments),13.01871,77.52626,,nan
Sanjayanagara,nan,SJN1,21150,Sanjayanagara (Towards Ashwath Nagara),13.03425,77.57569,,nan
Sanjayanagara,nan,SJN1,21151,Sanjayanagara (Towards NagaShetty halli),13.03418,77.57566,,nan
Sanjeeva Nagara,nan,SNJVN,28138,Sanjeeva Nagara (Towards Doddaballapura),13.28569,77.53651,,nan
Sanjeeva Nagara,nan,SNJVN,34464,Sanjeeva Nagara (Towards Aralumallige),13.28564,77.53654,,nan
Sanjeevanapalya,nan,SNJVNPL,34465,Sanjeevanapalya (Towards Marur),13.08085,77.15461,,nan
Sanjeevini Nagara,nan,SJNGR,35275,Sanjeevini Nagara (Towards Kodigehalli Gate),13.05757,77.59062,,nan
SanjeeviniNagara,nan,SJNGR,28141,SanjeeviniNagara (Towards Kodigehalli),13.05747,77.59072,,nan
Sanna Amanikere,nan,SNAMKR,28143,Sanna Amanikere (Towards Devanahalli),13.23419,77.6946,,nan
Sanna Amanikere,nan,SNAMKR,34466,Sanna Amanikere (Towards Airport Trumpet),13.23411,77.69477,,nan
Sannathammanahalli,nan,STMH-1,22452,Sannathammanahalli (Towards Hoskote),13.04803,77.76052,,nan
Sannathammanahalli,nan,STMH-1,22453,Sannathammanahalli (Towards Kadugodi Bus Station ),13.04786,77.76068,,nan
Santekatte,nan,TNKTE,23603,Santekatte (Towards Banashankari Bus Stand),12.80664,77.51056,,nan
Santekatte,nan,TNKTE,23635,Santekatte (Towards Kaggalipura),12.8067,77.51063,,nan
Santhe Devanagondhi,nan,DVHCR1,28145,Santhe Devanagondhi (Towards Dunnasandra),12.96581,77.83936,,nan
Santhe Devanagondhi,nan,DVHCR1,34467,Santhe Devanagondhi (Towards Somalapura),12.96585,77.83932,,nan
Santhe Gate,nan,STHGT,22454,Santhe Gate (Towards Hoskote),13.07669,77.79532,,nan
Santhe Gate,nan,STHGT,28146,Santhe Gate (Towards Kolara),13.07696,77.79507,,nan
Sapalamma Devi Temple,nan,SDT01,34468,Sapalamma Devi Temple (Towards Dodda Nallala),13.09789,77.91117,,nan
Sapthagiri Badavane,nan,SPGB1,37325,Sapthagiri Badavane (Towards Last Stop),12.92218,77.53451,,nan
Sapthagiri Badavane,nan,SPGB1,37326,Sapthagiri Badavane (Towards Ittamadu),12.9222,77.53457,,nan
Sapthagiri College,nan,SGC1,21154,Sapthagiri College (Towards Chikkabanavara),13.06685,77.50328,,nan
Sapthagiri College,nan,SGC1,21155,Sapthagiri College (Towards Jalahalli Cross),13.06675,77.50335,,nan
Sapthagiri College,nan,SGC1,28149,Sapthagiri College (Towards Kirloskar Badawane),13.06678,77.503,,nan
Sapthagiri Convention Hall,nan,SCH,22455,Sapthagiri Convention Hall (Towards Kempegowda Bus Station),13.05027,77.75648,,nan
Sapthagiri Convention Hall,nan,SCH,22456,Sapthagiri Convention Hall (Towards Hoskote),13.0509,77.75676,,nan
Sapthagiri Hospital,nan,SGHSPL,21156,Sapthagiri Hospital (Towards Chikkabanavara),13.07067,77.50387,,nan
Sapthagiri Hospital,nan,SGHSPL,21157,Sapthagiri Hospital (Towards Bagalagunte),13.07066,77.50395,,nan
Sapthagiri Layout,nan,SPTLO,22457,Sapthagiri Layout (Towards Kogilu),13.10457,77.61045,,nan
Sapthagiri Layout,nan,SPTLO,22458,Sapthagiri Layout (Towards Maruthi Nagara),13.10449,77.61054,,nan
Sapthagiri Vidya Mandir Opp Carmelaram Station,nan,CMRS1,28151,Sapthagiri Vidya Mandir Opp Carmelaram Station (Towards ಕೊನೇಯ ನಿಲ್ದಾಣ),12.90716,77.70549,,nan
Sarada Math (Nandidurga Road),nan,SRDMT,39926,Sarada Math (Nandidurga Road) (Towards Munireddy Palya),13.00321,77.59646,,nan
Sarada Math (Nandidurga Road),nan,SRDMT,39927,Sarada Math (Nandidurga Road) (Towards Millers Road),13.00333,77.59643,,nan
Sarakari Guttahalli Cross,nan,SKGTC,28157,Sarakari Guttahalli Cross (Towards Mallasandra),13.04637,77.7849,,nan
Sarakari Guttahalli Cross,nan,SKGTC,34470,Sarakari Guttahalli Cross (Towards Hoskote),13.04632,77.78485,,nan
Sarakki,nan,SRK1,22459,Sarakki (Towards Konanakunte Cross),12.9097,77.57299,,nan
Sarakki,nan,SRK1,22460,Sarakki (Towards Banashankari Bus Stand),12.90966,77.57288,,nan
Sarakki Market,nan,SRK,39240,Sarakki Market (Towards Banashankari /JP Nagara Metro Station),12.91137,77.57307,,nan
Sarakki Market,nan,SRK,39241,Sarakki Market (Towards Indiragandhi Circle),12.91148,77.57302,,nan
Sarakki Signal,nan,KUJHMYNJBHYT,28162,Sarakki Signal (Towards Konanakunte Cross),12.9067,77.57334,,nan
Sarakki Signal,nan,KUJHMYNJBHYT,34472,Sarakki Signal (Towards JP Nagara 6th Phase),12.90657,77.57367,,nan
Sarakki Signal,nan,SRKG,34473,Sarakki Signal (Towards Kadirenahalli Cross),12.90639,77.57373,,nan
Sarala Birla Academy,nan,SRLBRAC,24076,Sarala Birla Academy (Towards Jangal Palya Gate),12.8117,77.58446,,nan
Sarala Birla Academy,nan,SRLBRAC,24234,Sarala Birla Academy (Towards Bannerughatta Circle),12.81158,77.58449,,nan
Sarapura Cross,nan,nan,39659,Sarapura Cross (Towards Obanayakanahalli),13.10111,77.37262,,nan
Saraswathi Nagara,nan,SWTHN,21597,Saraswathi Nagara (Towards Vijayanagara),12.9738,77.53041,,nan
Saraswathi Nagara,nan,SWTHN,28163,Saraswathi Nagara (Towards Nagarabhavi Circle),12.9736,77.53031,,nan
Saraswathipuram,nan,SRSPRM,28165,Saraswathipuram (Towards Nandini Layout),13.00913,77.53821,,nan
Saraswathipuram,nan,SRSPRM,34474,Saraswathipuram (Towards Rajajinagara),13.00918,77.53818,,nan
Sarathi Nagara,nan,SRTNK1,28166,Sarathi Nagara (Towards Konanakunte Cross),12.87382,77.57316,,nan
Sarathi Nagara,nan,SRTNK1,35344,Sarathi Nagara (Towards Jambusavari Dinne),12.87402,77.57312,,nan
Sarayipalya,nan,SPL,22461,Sarayipalya (Towards Thanisandra),13.04746,77.62858,,nan
Sarayipalya,nan,SPL,28167,Sarayipalya (Towards Nagavara),13.04745,77.62868,,nan
Sarjapura,nan,SJPC,22462,Sarjapura (Towards Sarjapura Circle),12.86125,77.78568,,nan
Sarjapura,nan,SJPC,23907,Sarjapura (Towards Chikka Thirupathi),12.86136,77.7856,,nan
Sarjapura Circle,nan,SJPC,22391,Sarjapura Circle (Towards Sarjapura),12.86102,77.78352,,nan
Sarjapura Circle,nan,SJPC,22392,Sarjapura Circle (Towards Sompura Gate),12.86089,77.78331,,nan
Sarjapura Circle,nan,SJPPS2,23570,Sarjapura Circle (Towards Attibele),12.86066,77.78366,,nan
Sarjapura Ring Road Junction,nan,IBLR,20888,Sarjapura Ring Road Junction (Towards Central Silk Board),12.92203,77.66825,,nan
Sarjapura Ring Road Junction,nan,IBLR,20889,Sarjapura Ring Road Junction (Towards Marathahalli Bridge),12.92113,77.66604,,nan
Sarjapura Road Ibbaluru Junction,nan,SJPIBJN,30401,Sarjapura Road Ibbaluru Junction (Towards Kaikondrahalli),12.9204,77.66585,,nan
Sarjapura Road Ibbaluru Junction,nan,SJPIBJN,38204,Sarjapura Road Ibbaluru Junction (Towards Jakkasandra),12.92043,77.66518,,nan
Sarvajna College/Vijayanagara,nan,VJN2,28170,Sarvajna College/Vijayanagara (Towards Nagarabhavi Circle),12.97572,77.5391,,nan
Sasuveghatta,nan,SVCG,28172,Sasuveghatta (Towards Tharabanahalli),13.09251,77.47537,,nan
Sasuveghatta,nan,SVCG,34476,Sasuveghatta (Towards Acharya College),13.09275,77.47534,,nan
Sasuveghatta Cross,nan,SVGC1,28174,Sasuveghatta Cross (Towards Sasuveghatta),13.0847,77.47534,,nan
Sasuveghatta Cross,nan,SVGC1,34477,Sasuveghatta Cross (Towards Acharya College),13.08473,77.47535,,nan
Sathanur,nan,STNR,28176,Sathanur (Towards Bagaluru),13.13186,77.6474,,nan
Sathanur,nan,STNR,34478,Sathanur (Towards Yalahanka),13.13183,77.6474,,nan
Sathanur Colony,nan,STNC1,28178,Sathanur Colony (Towards Yalahanka),13.12786,77.64662,,nan
Sathanur Colony,nan,STNC1,34479,Sathanur Colony (Towards Bagaluru),13.12788,77.64651,,nan
Sathya Nagara,nan,SNRIL,28180,Sathya Nagara (Towards Old Bayyappanahalli),13.00047,77.63991,,nan
Sathya Nagara,nan,STNRA,34480,Sathya Nagara (Towards Indian Oil),13.00038,77.63984,,nan
Sathya Sai Baba Mandir,nan,SSBM-1,22464,Sathya Sai Baba Mandir (Towards Hoskote),13.00118,77.75753,,nan
Sathya Sai Baba Mandir,nan,SSBM-1,22465,Sathya Sai Baba Mandir (Towards Hope Farm),13.00124,77.75765,,nan
Sathya Sai Hospital,nan,SJRH,21161,Sathya Sai Hospital (Towards ITPL),12.9823,77.72773,,nan
Sathya Sai Hospital,nan,SJRHS,21160,Sathya Sai Hospital (Towards Whitefield  Bus Stand),12.98267,77.72815,,nan
Sattva Anugraha Apartment,nan,SAPM,39782,Sattva Anugraha Apartment (Towards Malagala),12.98291,77.51833,,nan
Savandarbar Ashrama,nan,SDA,21665,Savandarbar Ashrama (Towards Uttarahalli),12.90938,77.49244,,nan
Savandarbar Ashrama,nan,SDA,22466,Savandarbar Ashrama (Towards Kengeri),12.90934,77.49249,,nan
Savandurga,nan,SVNDG,28181,Savandurga (Towards Savandurga),12.91561,77.29748,,nan
Savandurga Cross,nan,SVNDRGC,34481,Savandurga Cross (Towards Savandurga),12.90483,77.27795,,nan
Savandurga Cross,nan,SVNDRGC,35845,Savandurga Cross (Towards Magadi),12.90475,77.27793,,nan
Savukanahalli,nan,SVKHL,28185,Savukanahalli (Towards Devanahalli),13.2674,77.69459,,nan
Savukanahalli,nan,SVKHL,34482,Savukanahalli (Towards Bidaluru),13.26741,77.69453,,nan
Savukanahalli Gate,nan,SKDCMGT,28187,Savukanahalli Gate (Towards Devanahalli),13.25813,77.69537,,nan
Savukanahalli Gate,nan,SKDCMGT,34483,Savukanahalli Gate (Towards Doddaballapura),13.25801,77.6956,,nan
Seebekatte,nan,SBKTT,28195,Seebekatte (Towards Manchegowdanapalya),12.72904,77.38181,,nan
Seebekatte,nan,SBKTT,34487,Seebekatte (Towards Heggadagere),12.72898,77.38179,,nan
Seegehalli,nan,SEGHL,34492,Seegehalli (Towards Bhattrahalli),13.01426,77.71697,,nan
Seegehalli,nan,SGH9,34490,Seegehalli (Towards Dodda Kuntanahalli),12.81845,77.45252,,nan
Seegehalli,nan,SGH9,34491,Seegehalli (Towards Gonipura),12.81844,77.45246,,nan
Seegehalli,nan,SGHL143,28202,Seegehalli (Towards Magadi Road),12.97325,77.44906,,nan
Seegehalli Cross,nan,SGHCRS,39940,Seegehalli Cross (Towards Seegehalli Gate),12.97946,77.4442,,nan
Seegehalli Cross,nan,SGHCRS,39941,Seegehalli Cross (Towards Depot-35),12.97946,77.44428,,nan
Seegehalli Cross,nan,SGHLC,28204,Seegehalli Cross (Towards K Gollahalli),12.82536,77.44927,,nan
Seegehalli Cross,nan,SGHLC,34494,Seegehalli Cross (Towards Thippuru),12.82536,77.44934,,nan
Seegehalli Gate,nan,SGHG0,21598,Seegehalli Gate (Towards Gollarahatti),12.98408,77.44376,,nan
Seegehalli Gate,nan,SGHLG,21599,Seegehalli Gate (Towards Tavarakere),12.98401,77.44389,,nan
Seegehalli Gate Kadugodi,nan,SEGGT,28205,Seegehalli Gate Kadugodi (Towards Hoskote),13.01331,77.76101,,nan
Seegehalli Gate Kadugodi,nan,SEGGT,28206,Seegehalli Gate Kadugodi (Towards Kadugodi),13.0131,77.76109,,nan
Seegehalli Junction,nan,SGH2T,28208,Seegehalli Junction (Towards Seegehalli),13.01628,77.71696,,nan
Seegehalli Junction,nan,SGH2T,34495,Seegehalli Junction (Towards Bhattarahalli),13.01627,77.71693,,nan
Seeresandra,nan,SRSD,28210,Seeresandra (Towards Byatha),13.19185,77.48337,,nan
Seeresandra,nan,SRSD,34496,Seeresandra (Towards Kodipalya),13.19185,77.48341,,nan
Seetanayakanahalli,nan,STNH1,39102,Seetanayakanahalli (Towards Hulimangala),12.95457,77.91071,,nan
Seetanayakanahalli,nan,STNH1,39103,Seetanayakanahalli (Towards Malur Road),12.95462,77.91081,,nan
Seetanayakanahalli Gate Malur Road,nan,SNH,36226,Seetanayakanahalli Gate Malur Road (Towards MALUR),12.9537,77.91509,,nan
Seetanayakanahalli Gate Malur Road,nan,SNH,36227,Seetanayakanahalli Gate Malur Road (Towards Kodihalli),12.95368,77.91541,,nan
Seetha Circle,nan,STHACL,22471,Seetha Circle (Towards Bank Colony),12.93705,77.54882,,nan
Seetha Circle,nan,STHACL,22472,Seetha Circle (Towards Hoskerehalli Cross),12.93779,77.54968,,nan
Seethakempanahalli,nan,STKBHG,28212,Seethakempanahalli (Towards Kakolu),13.17125,77.5186,,nan
Seethakempanahalli,nan,STKBHG,34497,Seethakempanahalli (Towards Seethakempanahalli),13.17132,77.51868,,nan
Seethakempanahalli Cross,nan,STKBHG,28214,Seethakempanahalli Cross (Towards Mathkur),13.16883,77.52107,,nan
Seethakempanahalli Cross,nan,STKBHG,34498,Seethakempanahalli Cross (Towards Seethakempanahalli Gate),13.16885,77.52102,,nan
Seethakempanahalli Gate,nan,SKMPHG,28216,Seethakempanahalli Gate (Towards Rajanukunte),13.17377,77.52541,,nan
Seethakempanahalli Gate,nan,SKMPHG,34499,Seethakempanahalli Gate (Towards Byatha),13.17362,77.52539,,nan
Seethanayakanahalli,nan,STHNYKL,28218,Seethanayakanahalli (Towards Haragadde),12.76923,77.65995,,nan
Seethanayakanahalli,nan,STHNYKL,34500,Seethanayakanahalli (Towards Rajapura),12.76926,77.65996,,nan
Seetharam Bhattarapalya,nan,SRBP,28220,Seetharam Bhattarapalya (Towards Yantaganahalli Hospital),13.06111,77.33447,,nan
Seetharam Bhattarapalya,nan,SRBP,34501,Seetharam Bhattarapalya (Towards Cadburys Factory),13.06088,77.33455,,nan
Seetharampalya,nan,STMPLY1,28222,Seetharampalya (Towards Hoodi),12.98044,77.7219,,nan
Seetharampalya,nan,STMPLY1,34502,Seetharampalya (Towards Marathahalli),12.98042,77.72192,,nan
Seetharampalya Metro Station,nan,SRPMS2,37984,Seetharampalya Metro Station (Towards Hoodi),12.98025,77.70886,,nan
Seetharampalya Metro Station,nan,SRPMS2,37988,Seetharampalya Metro Station (Towards Graphite India),12.98077,77.70891,,nan
Selection Corner Mallasandra,nan,RVNDR,28224,Selection Corner Mallasandra (Towards Ayyappa Temple Jalahalli),13.04991,77.51666,,nan
Senior Officers Quaters,nan,SAQ,38215,Senior Officers Quaters (Towards Indiranagara Police Station),12.96812,77.65477,,nan
Senior Officers Quaters,nan,SOQ,38217,Senior Officers Quaters (Towards Jeevanabeema nagara),12.96816,77.65469,,nan
Sevanagara Varadenahalli,nan,SVNVDH1,28227,Sevanagara Varadenahalli (Towards Motaganahalli),12.97008,77.31384,,nan
Sevanagara Varadenahalli,nan,SVNVDH1,34504,Sevanagara Varadenahalli (Towards Varadenahalli),12.97011,77.3139,,nan
Sevanayakanahalli,nan,SVKDDI,28229,Sevanayakanahalli (Towards Ragihalli Gate),12.74039,77.5832,,nan
Sevanayakanahalli,nan,SVKDDI,34505,Sevanayakanahalli (Towards Ramanayakana Doddy),12.74033,77.5837,,nan
Seventh Day School (Coles Park),nan,SVSDS1,36720,Seventh Day School (Coles Park) (Towards ITC Factory),12.9956,77.61107,,nan
Shamarajapura,nan,SMRJP,28238,Shamarajapura (Towards Sambhram College),13.10427,77.54666,,nan
Shamarajapura,nan,SMRJP,34507,Shamarajapura (Towards Shamarajapura),13.1043,77.54661,,nan
Shamarajapura Cross,nan,SMRC1,38709,Shamarajapura Cross (Towards Doddabyalakere),13.1062,77.54676,,nan
Shamarajapura Cross,nan,SMRC1,38710,Shamarajapura Cross (Towards Veerasagara),13.10623,77.54676,,nan
Shampura,nan,SMB2,28241,Shampura (Towards Kaval Byrasandra),13.02637,77.61431,,nan
Shampura,nan,SMB2,34509,Shampura (Towards Kadugondanahalli),13.02639,77.61427,,nan
Shaneshwara Temple Hoskerehalli,nan,SNTHSK,28245,Shaneshwara Temple Hoskerehalli (Towards Hoskerehalli Cross),12.92611,77.53131,,nan
Shaneshwara Temple Hoskerehalli,nan,SNTHSK,34511,Shaneshwara Temple Hoskerehalli (Towards Krishna Garden BHEL Layout),12.92619,77.53138,,nan
Shaneshwaraswamy Temple Sheshagirihalli,nan,ANPTS,38784,Shaneshwaraswamy Temple Sheshagirihalli (Towards Bidadi),12.84289,77.42114,,nan
Shanimahathma Temple,nan,SHNMHTDN,35136,Shanimahathma Temple (Towards Anekal Circle),12.7162,77.69523,,nan
Shanimahathma Temple,nan,SHNMHTDN,35294,Shanimahathma Temple (Towards Mutyalamadu Cross),12.71611,77.69522,,nan
Shanimahathma Temple,nan,SMT2,28251,Shanimahathma Temple (Towards Bidadi),12.78633,77.39983,,nan
Shanimahathma Temple,nan,SMTPL,34515,Shanimahathma Temple (Towards Abbanakuppe),12.78641,77.39989,,nan
Shanimahathma Temple,nan,SMTPL2,38664,Shanimahathma Temple (Towards Vijayapura),13.3043,77.7888,,nan
Shanimahathma Temple,nan,SMTPL2,38665,Shanimahathma Temple (Towards Dandiganahalli),13.30425,77.78885,,nan
Shanimahathma Temple,nan,SMTVN1,34512,Shanimahathma Temple (Towards Subramanyapura),12.89315,77.54314,,nan
Shanimahathma Temple,nan,SMTVN1,34513,Shanimahathma Temple (Towards Karishma Hills Cross),12.8934,77.54338,,nan
Shanimahathma Temple,nan,SNMT,22473,Shanimahathma Temple (Towards Banashankari),12.83721,77.51608,,nan
Shanimahathma Temple,nan,SNMT,22474,Shanimahathma Temple (Towards Kaggalipura),12.8372,77.51626,,nan
Shanimahathma Temple,nan,SNMTL1,31042,Shanimahathma Temple (Towards Muni Nagara),12.74251,77.52744,,nan
Shanimahathma Temple,nan,SNMTL1,33468,Shanimahathma Temple (Towards Nishane),12.74265,77.52776,,nan
Shanimahathma Temple,nan,SNTPL1,35067,Shanimahathma Temple (Towards Varthuru),12.94948,77.77044,,nan
Shankanadasana Doddi Cross,nan,SKDDC2,39952,Shankanadasana Doddi Cross (Towards Harohalli),12.67289,77.51878,,nan
Shankanadasana Doddi Cross,nan,SKDDC2,39953,Shankanadasana Doddi Cross (Towards Thattekere),12.67294,77.51881,,nan
Shankanipura Gate,nan,SKLPR,28253,Shankanipura Gate (Towards Hoskote),13.10697,77.7762,,nan
Shankanipura Gate,nan,SKLPR,34516,Shankanipura Gate (Towards Devanahalli),13.10692,77.77618,,nan
Shankar Mutt,nan,SHKRM,34517,Shankar Mutt (Towards Basaveshwara Nagara),12.99945,77.54095,,nan
Shankar Mutt,nan,SHKRMT,21164,Shankar Mutt (Towards Kamala Nagara),12.99897,77.5417,,nan
Shankar Mutt,nan,SHKRMT,21165,Shankar Mutt (Towards Navarang),12.99915,77.54161,,nan
Shankar Mutt,nan,SKRMT,35808,Shankar Mutt (Towards Kurubarahalli),12.99939,77.54103,,nan
Shankara Nagara,nan,SNKR2,28257,Shankara Nagara (Towards Mahalakshmi Layout),13.01594,77.54378,,nan
Shankara Nagara,nan,SNKR2,34518,Shankara Nagara (Towards Goraguntepalya Ring Road),13.01598,77.54372,,nan
Shankarnagh Bus Stand,nan,SNB,28258,Shankarnagh Bus Stand (Towards Kamala Nagara),12.99472,77.52677,,nan
Shankarnagh Circle,nan,SNKRCR2,28260,Shankarnagh Circle (Towards Vidyapeeta Circle),12.93657,77.55949,,nan
Shankarnagh Circle,nan,SNKRCR2,34519,Shankarnagh Circle (Towards Srinivasa Nagara),12.93651,77.55954,,nan
Shanthi Talkies,nan,SEC3,28268,Shanthi Talkies (Towards Jayanagara 4th Block),12.93686,77.57724,,nan
Shanthi Talkies,nan,SEC3,34523,Shanthi Talkies (Towards Nagasandra Circle),12.93673,77.57744,,nan
Shanthinagara,nan,SNTN8,28270,Shanthinagara (Towards Gangondanahalli),13.02626,77.47343,,nan
Shanthinagara,nan,SNTN8,34524,Shanthinagara (Towards Nelagadaranahalli),13.02631,77.47336,,nan
Shanthinagara Bus Station,nan,nan,21166_ST,nan,12.954565,77.59263,1.0,nan
Shanthinagara Bus Station,nan,SNTTMC,21166,Shanthinagara Bus Station (Towards Wilson Garden),12.95449,77.59258,,nan
Shanthinagara Bus Station,nan,SNTTMC1,21167,Shanthinagara Bus Station (Towards KH Road),12.95483,77.59235,,nan
Shanthinagara Bus Station - Platform 1,21166_ST,SNTTMC,21166_PF1,nan,12.954421,77.59242,,1
Shanthinagara Bus Station - Platform 2,21166_ST,SNTTMC,21166_PF2,nan,12.954526,77.59248,,2
Shanthinagara Bus Station - Platform 8,21166_ST,SNTTMC,21166_PF8,nan,12.954738,77.59284,,8
Shanthinagara KH Road,nan,SNTTMC,23640,Shanthinagara KH Road (Towards Lalbagh),12.95501,77.59193,,nan
Shanthinagara KH Road,nan,SNTTMC,23667,Shanthinagara KH Road (Towards Richmond Circle),12.95505,77.59178,,nan
Shanthinagara Manchanabele,nan,SNTNGR,28271,Shanthinagara Manchanabele (Towards Chikkanahalli),12.87955,77.34722,,nan
Shanthinagara Manchanabele,nan,SNTNGR,28272,Shanthinagara Manchanabele (Towards Manchanabele),12.87952,77.34728,,nan
Shanthinagara Nelamangala,nan,SNTNML,27424,Shanthinagara Nelamangala (Towards Nelamangala),13.07879,77.36703,,nan
Shanthinagara Nelamangala,nan,SNTNML,34140,Shanthinagara Nelamangala (Towards Yantaganahalli),13.07899,77.36737,,nan
Shanthinagara Ravuttanahalli,nan,SNTN,28274,Shanthinagara Ravuttanahalli (Towards Kittanahalli),13.01994,77.42194,,nan
Shanthinagara Ravuttanahalli,nan,SNTN,34525,Shanthinagara Ravuttanahalli (Towards Ravuttanahalli),13.01993,77.42188,,nan
Shanthiniketan Layout,nan,SHNK1,23581,Shanthiniketan Layout (Towards Shanthiniketan Layout),12.88283,77.60348,,nan
Shanthiniketan Layout,nan,SHNK1,24236,Shanthiniketan Layout (Towards Govt Hospital),12.88282,77.60342,,nan
Shanthiniketan School,nan,SEIH,39772,Shanthiniketan School (Towards Shiradi Sai Temple Arakere),12.88449,77.60165,,nan
Shanthiniketan School,nan,SEIH,39773,Shanthiniketan School (Towards Hulimavu Gate 80 Feet Road),12.88459,77.60161,,nan
Shanubhoganahalli,nan,SBGH,21600,Shanubhoganahalli (Towards Tavarakere),12.96147,77.32488,,nan
Shanubhoganahalli,nan,SBGH,21601,Shanubhoganahalli (Towards Magadi),12.96149,77.32508,,nan
Shanubhoganahalli,nan,SBHL,28281,Shanubhoganahalli (Towards Budumanahalli),13.17915,77.53126,,nan
Shanubhoganahalli,nan,SBHL,34528,Shanubhoganahalli (Towards Rajanukunte),13.17917,77.5313,,nan
Shanubhoganahalli 1st Cross,nan,SHNUIST,23742,Shanubhoganahalli 1st Cross (Towards Shanubhoganahalli),12.828,77.56254,,nan
Shanubhoganahalli 1st Cross,nan,SHNUIST,23856,Shanubhoganahalli 1st Cross (Towards Bilavaradahalli),12.82804,77.56248,,nan
Shanubhoganahalli Bannerughatta,nan,SHNUIST,23743,Shanubhoganahalli Bannerughatta (Towards Byatarayana Doddy),12.8267,77.56146,,nan
Shanubhoganahalli Bannerughatta,nan,SHNUIST,23855,Shanubhoganahalli Bannerughatta (Towards Bilavaradahalli),12.82672,77.56141,,nan
Shanubhoganahalli Colony,nan,SBHLC,28283,Shanubhoganahalli Colony (Towards Rajanukunte),13.17391,77.53005,,nan
Shanubhoganahalli Colony,nan,SBHLC,34529,Shanubhoganahalli Colony (Towards Shanubhoganahalli),13.17388,77.53001,,nan
Shanubhoganahalli Gate (Dibbur Cross),nan,SNBH1,24985,Shanubhoganahalli Gate (Dibbur Cross) (Towards Kakolu),13.1726,77.53019,,nan
Shanubhoganahalli Gate (Dibbur Cross),nan,SNHB3,32484,Shanubhoganahalli Gate (Dibbur Cross) (Towards Rajanukunte),13.17262,77.53023,,nan
Sharada Colony,nan,KMLDOLDS,24060,Sharada Colony (Towards Kamala Nagara BEML Layout),12.99232,77.53408,,nan
Sharada Colony,nan,KMLDOLDS,24065,Sharada Colony (Towards Basaveshwara Nagara 8th main),12.9922,77.53454,,nan
Sharadamba Nagara,nan,SDMN1,28285,Sharadamba Nagara (Towards Peenya),13.04588,77.5413,,nan
Sharadamba Nagara,nan,SDMN1,34530,Sharadamba Nagara (Towards HMT Auditorium),13.04588,77.54125,,nan
Sharadanagara,nan,VSPL,22586,Sharadanagara (Towards Konanakunte Cross),12.89261,77.55948,,nan
Sharadanagara,nan,VSPL,22587,Sharadanagara (Towards Uttarahalli),12.89257,77.55945,,nan
Sharadha Colony,nan,SHRDG,33289,Sharadha Colony (Towards Basaveshwara Nagara),12.99184,77.53436,,nan
Sharavathi Hotel,nan,SVHTL,22475,Sharavathi Hotel (Towards Yalahanka Satellite Town),13.09797,77.58442,,nan
Sharavathi Hotel,nan,SVHTL,22476,Sharavathi Hotel (Towards Yalahanka NES Office),13.09794,77.58437,,nan
Shastri Bakery,nan,SBKR,22477,Shastri Bakery (Towards Monotype Corporation),12.92369,77.57365,,nan
Shastri Bakery,nan,SBKR,22478,Shastri Bakery (Towards Basavanagudi Police Station),12.92347,77.57353,,nan
Shastri Palya,nan,STPLY1,28289,Shastri Palya (Towards Kallodu),13.17157,77.43596,,nan
Shastri Palya,nan,STPLY1,34532,Shastri Palya (Towards Hesaraghatta),13.17158,77.43601,,nan
Sheganayakanahalli,nan,SHN1,35330,Sheganayakanahalli (Towards Sheganayakanahalli),12.9263,77.80927,,nan
Sheganayakanahalli Cross,nan,SGCR1,24324,Sheganayakanahalli Cross (Towards Madappanahalli),12.92269,77.80882,,nan
Sheganayakanahalli Cross,nan,SGCR1,24326,Sheganayakanahalli Cross (Towards Varthuru),12.9227,77.80893,,nan
Shell Company,nan,SHLC,28292,Shell Company (Towards Hoovinayakanahalli Cross),13.15406,77.70048,,nan
Shell Company,nan,SHLC,34533,Shell Company (Towards IT Park),13.15422,77.70052,,nan
Shell Petrol Bunk,nan,SPB,22479,Shell Petrol Bunk (Towards Hoskote),13.01756,77.7621,,nan
Shell Petrol Bunk,nan,SPB,22480,Shell Petrol Bunk (Towards Kadugodi Bus Station ),13.01774,77.76225,,nan
Sheshadri Nagara,nan,SSDRNGR,28294,Sheshadri Nagara (Towards Sheshadri Nagara),13.06396,77.48857,,nan
Sheshadripuram College,nan,asfasdfas,22481,Sheshadripuram College (Towards Yalahanka Satellite Town),13.09951,77.58834,,nan
Sheshadripuram College,nan,asfasdfas,22482,Sheshadripuram College (Towards Yalahanka NES Office),13.09943,77.58817,,nan
Sheshadripuram College,nan,asfasdfas,28297,Sheshadripuram College (Towards Yelahanka NES Office),13.10041,77.58864,,nan
Sheshadripuram College,nan,asfasdfas,34534,Sheshadripuram College (Towards Puttenahalli),13.10022,77.58866,,nan
Sheshagirihalli,nan,SGHL2,21168,Sheshagirihalli (Towards Bidadi),12.84352,77.4215,,nan
Sheshagirihalli,nan,SGHL2,21169,Sheshagirihalli (Towards Kengeri),12.84359,77.42102,,nan
Sheshagiripura,nan,SGH14,28299,Sheshagiripura (Towards Subbarayanapalya),12.88088,77.41809,,nan
Sheshagiripura,nan,SGH14,34535,Sheshagiripura (Towards Subbarayappanapalya Cross),12.88086,77.418,,nan
Shettarahalli Cross,nan,SHRC,28303,Shettarahalli Cross (Towards Solur Gate),13.26615,77.67635,,nan
Shettarahalli Cross,nan,SHRC,34537,Shettarahalli Cross (Towards Dorekavalu),13.26652,77.67638,,nan
Shettigere,nan,STGRI,28306,Shettigere (Towards Beguru),13.17921,77.66688,,nan
Shettigere,nan,STGRI,34539,Shettigere (Towards Doddajala),13.1798,77.66724,,nan
Shettigowdanahalli,nan,SGHL78,28307,Shettigowdanahalli (Towards Bidadi),12.81143,77.36831,,nan
Shettigowdanahalli,nan,SGHL78,28308,Shettigowdanahalli (Towards Kaka Ramanahalli),12.81137,77.36829,,nan
Shettyhalli,nan,STHL,28311,Shettyhalli (Towards Shettyhalli Cross),13.06465,77.51582,,nan
Shettyhalli,nan,STHL,34540,Shettyhalli (Towards Medarahalli Railway Gate),13.06493,77.51583,,nan
Shettyhalli Anekal Road,nan,SHTYHLIE,28313,Shettyhalli Anekal Road (Towards Mayasandra),12.75312,77.7309,,nan
Shettyhalli Anekal Road,nan,SHTYHLIE,34541,Shettyhalli Anekal Road (Towards Marasur),12.75303,77.73077,,nan
Shettyhalli Cross,nan,SHC,22483,Shettyhalli Cross (Towards Jalahalli Cross),13.05024,77.52568,,nan
Shettyhalli Cross,nan,SHC,22484,Shettyhalli Cross (Towards Kammagondanahalli),13.05011,77.52546,,nan
Shettyhalli Cross,nan,STHC1,34542,Shettyhalli Cross (Towards Shettyhalli),13.05034,77.52554,,nan
Shettyhalli Cross,nan,STHC1,38804,Shettyhalli Cross (Towards Ayyappa Temple),13.05019,77.52561,,nan
Shikaripalya,nan,SKRPL,28319,Shikaripalya (Towards Electronic City Wipro Gate),12.83388,77.65573,,nan
Shikaripalya,nan,SKRPL,34544,Shikaripalya (Towards Veerasandra Village),12.83386,77.65582,,nan
Shilpa Bakery Horamavu Road,nan,SHPB,28321,Shilpa Bakery Horamavu Road (Towards Hennur),13.03778,77.65063,,nan
Shilpa Bakery Horamavu Road,nan,SHPB,34545,Shilpa Bakery Horamavu Road (Towards Kalkere),13.03782,77.65059,,nan
Shine Bakery,nan,SHNB1,28323,Shine Bakery (Towards Ejipura),12.95074,77.62375,,nan
Shine Bakery,nan,SHNB1,34546,Shine Bakery (Towards Vivekangara),12.95067,77.6239,,nan
Shiradi Sai Temple Arakere,nan,SRDST,28325,Shiradi Sai Temple Arakere (Towards Yalenahalli),12.88304,77.61011,,nan
Shiradi Sai Temple Arakere,nan,SRDST,34547,Shiradi Sai Temple Arakere (Towards Bilekahalli),12.88302,77.61003,,nan
Shirdi Sai Nagara,nan,SRDI,24098,Shirdi Sai Nagara (Towards Thanisandra),13.06672,77.63807,,nan
Shirdi Sai Nagara,nan,SRDI,35158,Shirdi Sai Nagara (Towards K Narayanapura Cross),13.06676,77.63803,,nan
Shirke KHB Quarters,nan,KGT3q,22664,Shirke KHB Quarters (Towards Kengeri),12.93193,77.48776,,nan
Shirke KHB Quarters,nan,KGT3q,22665,Shirke KHB Quarters (Towards Nagarabhavi BDA Complex),12.93193,77.48762,,nan
Shiva Ittige Factory,nan,SIFY,28328,Shiva Ittige Factory (Towards Dunnasandra Cross),12.92745,77.85012,,nan
Shiva Ittige Factory,nan,SIFY,34548,Shiva Ittige Factory (Towards Chikka Thirupathi),12.92749,77.85015,,nan
Shivaji Hotel,nan,SVJHL,22733,Shivaji Hotel (Towards Dodda Basti),12.94311,77.47649,,nan
Shivaji Hotel,nan,SVJHL,28331,Shivaji Hotel (Towards Sonnenahalli),12.943,77.4766,,nan
Shivajinagara Bus Station,nan,nan,21172_ST,nan,12.983356,77.60302,1.0,nan
Shivajinagara Bus Station,nan,SBS0,21172,Shivajinagara Bus Station (Towards Departure),12.98396,77.60323,,nan
Shivajinagara Bus Station,nan,SBS0,35779,Shivajinagara Bus Station (Towards Mayohall ),12.98328,77.60341,,nan
Shivajinagara Bus Station,nan,SBS1,21173,Shivajinagara Bus Station (Towards Arrival),12.98328,77.60304,,nan
Shivajinagara Bus Station - Platform 1,21172_ST,SBS0,21172_PF1,nan,12.98301,77.60308,,1
Shivajinagara Bus Station - Platform 10,21172_ST,SBS0,21172_PF10,nan,12.98337,77.60292,,10
Shivajinagara Bus Station - Platform 2,21172_ST,SBS0,21172_PF2,nan,12.983285,77.60316,,2
Shivajinagara Bus Station - Platform 3,21172_ST,SBS0,21172_PF3,nan,12.983526,77.60323,,3
Shivajinagara Bus Station - Platform 4,21172_ST,SBS0,21172_PF4,nan,12.983741,77.603294,,4
Shivajinagara Bus Station - Platform 5,21172_ST,SBS0,21172_PF5,nan,12.983067,77.60294,,5
Shivajinagara Bus Station - Platform 8,21172_ST,SBS0,21172_PF8,nan,12.983799,77.60318,,8
Shivajinagara Bus Station - Platform 9,21172_ST,SBS0,21172_PF9,nan,12.983127,77.60283,,9
Shivakote,nan,SHIV1,28337,Shivakote (Towards Hesarughatta TB Cross),13.13334,77.51474,,nan
Shivakote,nan,SHVK,34550,Shivakote (Towards Dodda Byalakere),13.13393,77.51471,,nan
Shivakote,nan,SHVK,34553,Shivakote (Towards Madhugirihalli),13.13333,77.51478,,nan
Shivakote,nan,SVKT1,34551,Shivakote (Towards Ivarukandapura),13.13401,77.51473,,nan
Shivakote,nan,SVKT1,34552,Shivakote (Towards Muthukadahalli),13.13403,77.51476,,nan
Shivakote Cross,nan,SHVKT,28339,Shivakote Cross (Towards Shivakote),13.13555,77.51331,,nan
Shivakote Cross,nan,SHVKT,34554,Shivakote Cross (Towards Ivarukandapura),13.13552,77.51326,,nan
Shivakumara Swamiji Layout,nan,SVKSB,39750,Shivakumara Swamiji Layout (Towards Gangondanahalli),13.0178,77.46704,,nan
Shivakumara Swamiji Layout,nan,SVKSB,39751,Shivakumara Swamiji Layout (Towards Kachohalli),13.01781,77.46711,,nan
Shivanaapura,nan,SNPR1,28341,Shivanaapura (Towards Hoskote),13.15356,77.90411,,nan
Shivanaapura,nan,SNPR1,34555,Shivanaapura (Towards Gullanahalli),13.15356,77.90404,,nan
Shivanahalli,nan,HGMR,34556,Shivanahalli (Towards Ragihalli),12.72333,77.57245,,nan
Shivanahalli,nan,HGMR,35324,Shivanahalli (Towards Jaypura Doddy),12.72333,77.57256,,nan
Shivanahalli,nan,SVNHL8,28344,Shivanahalli (Towards Kengeri Satellite Town),12.92844,77.49061,,nan
Shivanahalli,nan,SVNHL8,34557,Shivanahalli (Towards Jnana Bharathi Layout West Side Hospital),12.9283,77.4906,,nan
Shivanahalli 4th Main,nan,SHL4,28346,Shivanahalli 4th Main (Towards West of Chord Road),12.98895,77.54683,,nan
Shivanahalli 4th Main,nan,SHL4,34558,Shivanahalli 4th Main (Towards Basaveshwara Nagara 3rd Stage),12.98886,77.54683,,nan
Shivanahalli Hongemara,nan,HGMR,25916,Shivanahalli Hongemara (Towards Ragihalli),12.72445,77.56985,,nan
Shivanahalli Hongemara,nan,HGMR,35323,Shivanahalli Hongemara (Towards Shivanahalli),12.72442,77.5699,,nan
Shivananda Store,nan,SVNDS,21175,Shivananda Store (Towards Rajmahal Guttahalli),12.98735,77.58022,,nan
Shivananda Store,nan,SVNDS,23354,Shivananda Store (Towards Ananda Rao Circle),12.98755,77.58039,,nan
Shivananda Store,nan,SVNDS2,21174,Shivananda Store (Towards Kempegowda Bus Station),12.98666,77.57938,,nan
Shivananda Store,nan,SVNDS2,24239,Shivananda Store (Towards RC College),12.98724,77.57873,,nan
Shivanapura,nan,SVNPR,28350,Shivanapura (Towards Thimmabhovipalya),13.04924,77.42153,,nan
Shivanapura,nan,SVNPR,34559,Shivanapura (Towards Kenganahalli Cross),13.04928,77.42154,,nan
Shivanapura,nan,SVPR3,34560,Shivanapura (Towards Sampangere),12.87417,77.85416,,nan
Shivanapura,nan,SVPR3,34561,Shivanapura (Towards Chikka Thirupathi),12.874,77.85405,,nan
Shivanapura Colony,nan,SVPC8,34562,Shivanapura Colony (Towards Kenganahalli),13.04503,77.42277,,nan
Shivanapura Colony 1,nan,SVPC9,34838,Shivanapura Colony 1 (Towards Shivanapura),13.04501,77.4227,,nan
Shivanapura Colony Cross,nan,SVNPRC1,34567,Shivanapura Colony Cross (Towards Ravuttanahalli),13.04341,77.42922,,nan
Shivanapura Colony Cross,nan,SVNPRC1,34568,Shivanapura Colony Cross (Towards Tumkur Road),13.04342,77.42916,,nan
Shivanapura Cross,nan,SVNPC,34564,Shivanapura Cross (Towards H Cross),13.17693,77.88456,,nan
Shivanapura Cross,nan,SVNPC,34565,Shivanapura Cross (Towards Hosakote),13.17689,77.88459,,nan
Shivanapura Cross,nan,SVPC1,28362,Shivanapura Cross (Towards Kenganahalli),13.04139,77.42228,,nan
Shivanapura Cross 1,nan,SVPC,34840,Shivanapura Cross 1 (Towards Shivanapura),13.04142,77.42223,,nan
Shivanapura Cross Hosakote,nan,SNPC1,34566,Shivanapura Cross Hosakote (Towards Shivanapura),13.15329,77.89664,,nan
Shivanapura Cross Hosakote,nan,SNPC1,34839,Shivanapura Cross Hosakote (Towards Hosakote),13.15327,77.8967,,nan
Shivanasandra,nan,SVNSD,34569,Shivanasandra (Towards Biskur),13.02359,77.16401,,nan
Shivaparvathi Kalyanamantapa,nan,SPRKMT,28366,Shivaparvathi Kalyanamantapa (Towards Banasawadi Fire Station),13.00861,77.65134,,nan
Shivaparvathi Kalyanamantapa,nan,SPRKMT,34570,Shivaparvathi Kalyanamantapa (Towards Channasandra Bridge),13.00861,77.65142,,nan
Shobha Apartment,nan,SBAPT,28370,Shobha Apartment (Towards Anekal),12.73952,77.73455,,nan
Shobha Apartment,nan,SBAPT,34572,Shobha Apartment (Towards Attibele),12.73958,77.73447,,nan
Shobha Hills View Apartment,nan,SHVA,34574,Shobha Hills View Apartment (Towards Shobha Hills View Apartment),12.86634,77.52045,,nan
Shobha Tulip JP Nagara,nan,SHBTLP,28376,Shobha Tulip JP Nagara (Towards Brigade Millenium),12.89805,77.58591,,nan
Shobha Tulip JP Nagara,nan,SHBTLP,34575,Shobha Tulip JP Nagara (Towards JPN 15th Cross),12.89458,77.59138,,nan
Shoolay Circle Brigade Road,nan,SLOCR2,23797,Shoolay Circle Brigade Road (Towards Adugodi),12.96586,77.60689,,nan
Shoolay Circle Brigade Road,nan,SLYC,22486,Shoolay Circle Brigade Road (Towards Brigade Road),12.96656,77.6066,,nan
Shopping Complex HMT,nan,HMTSC,22701,Shopping Complex HMT (Towards Jalahalli Cross),13.04964,77.53772,,nan
Shopping Complex HMT,nan,HMTSC,22710,Shopping Complex HMT (Towards BEL Circle),13.04962,77.53739,,nan
Shreeram Public School,nan,SRMPSCL,39152,Shreeram Public School (Towards Marison Factory),13.04619,77.49136,,nan
Shreeram Public School,nan,SRMPSCL,39153,Shreeram Public School (Towards Thippenahalli),13.04625,77.49143,,nan
Shri Rama Temple,nan,TPL1,28382,Shri Rama Temple (Towards Girigowdana Doddy),12.744,77.52307,,nan
Shri Rama Temple,nan,TPL1,34576,Shri Rama Temple (Towards Gottigehalii),12.744,77.52313,,nan
Shri Shanthamurthy Ayyappa Temple,nan,SSMAT,39641,Shri Shanthamurthy Ayyappa Temple (Towards Gangondanahalli),13.02445,77.4666,,nan
Shri Shanthamurthy Ayyappa Temple,nan,SSMAT,39642,Shri Shanthamurthy Ayyappa Temple (Towards Madanayakanahalli),13.02442,77.46657,,nan
Shri Vidhyanagara,nan,SHVDH,22675,Shri Vidhyanagara (Towards Banashankari 3rd Stage 2nd Phase),12.93431,77.53985,,nan
Shri Vishnu Garden,nan,SVGRD,28383,Shri Vishnu Garden (Towards Kenchanapura),12.94548,77.45743,,nan
Shri Vishnu Garden,nan,SVGRD,34577,Shri Vishnu Garden (Towards Ramasandra),12.94573,77.45761,,nan
Shrinivagilu Bus Stand,nan,GJGJKKG,26644,Shrinivagilu Bus Stand (Towards  Last Stop),12.93759,77.63319,,nan
Shrinivagilu Ejipura,nan,SRIVG,22509,Shrinivagilu Ejipura (Towards Koramangala Bus Stand),12.93842,77.63291,,nan
Shrinivagilu Ejipura,nan,SRIVG,22510,Shrinivagilu Ejipura (Towards Domlur),12.93859,77.63265,,nan
Shrinivagilu Junction,nan,SN,26646,Shrinivagilu Junction (Towards shrinivagilu),12.93927,77.63235,,nan
Shrinivagilu Junction,nan,SN,34683,Shrinivagilu Junction (Towards Ejipura),12.93917,77.63229,,nan
Shrinivasa Temple,nan,SRNVT,24189,Shrinivasa Temple (Towards Mahalakshmi Layout),13.00833,77.54506,,nan
Shrinivasa Temple,nan,SRNVT,24192,Shrinivasa Temple (Towards Rajajinagara),13.00838,77.54501,,nan
Shrunga School Devanagondi,nan,DVHC1,26409,Shrunga School Devanagondi (Towards Hosahalli Cross),12.97411,77.8326,,nan
Shrunga School Devanagundi,nan,DVHC1,34578,Shrunga School Devanagundi (Towards Devanagundi),12.97416,77.83259,,nan
Shrungagiri Sri Shanmukha Swami Temple,nan,SSSST,39582,Shrungagiri Sri Shanmukha Swami Temple (Towards Sri Devi Karumaari Ammanvara Temple),12.91274,77.52817,,nan
Shrusti School Yelahanka,nan,YLKS,26411,Shrusti School Yelahanka (Towards Yelahanka Bekary),13.10706,77.57596,,nan
Shrusti School Yelahanka,nan,YLKSC,34579,Shrusti School Yelahanka (Towards Yelahanka 5th Phase),13.10703,77.57594,,nan
Shyanumangala,nan,SNMNGL,26413,Shyanumangala (Towards Gollarapalya),12.79432,77.43282,,nan
Shyanumangala,nan,SNMNGL,34580,Shyanumangala (Towards Kodiyala),12.79482,77.43213,,nan
Shykaladevanapura,nan,SKLDP,38840,Shykaladevanapura (Towards Kanasawadi),13.24788,77.42803,,nan
Shykaladevanapura,nan,SKLDP,38841,Shykaladevanapura (Towards Dodda hejjajji),13.2476,77.42778,,nan
Shylendra Doddy,nan,SYLDDI1,26415,Shylendra Doddy (Towards Kaggalipura),12.80071,77.55289,,nan
Shylendra Doddy,nan,SYLDDI1,34581,Shylendra Doddy (Towards Bannerughatta),12.80117,77.55338,,nan
Siddabhovipalya,nan,SBPL1,26419,Siddabhovipalya (Towards Muthurayanagudipalya),12.85467,77.37176,,nan
Siddabhovipalya,nan,SBPL1,34583,Siddabhovipalya (Towards Kurubara Karenahalli),12.85472,77.37178,,nan
Siddaganga College,nan,SDCL12,26421,Siddaganga College (Towards Sondekoppa),13.08227,77.39278,,nan
Siddaganga College,nan,SDCL12,34584,Siddaganga College (Towards Nelamangala),13.08213,77.39274,,nan
Siddaiah Puranik Road Junction,nan,JOSPR1,20890,Siddaiah Puranik Road Junction (Towards KHB Colony),12.98217,77.5373,,nan
Siddaiah Puranik Road Junction,nan,JOSPR1,20891,Siddaiah Puranik Road Junction (Towards Pavitra Paradise),12.98212,77.53716,,nan
Siddana Hosahalli,nan,SHH1,26426,Siddana Hosahalli (Towards Kammasandra),13.05685,77.46017,,nan
Siddana Hosahalli,nan,SHH1,34586,Siddana Hosahalli (Towards Madanayakanahalli),13.05682,77.46014,,nan
Siddanapalya,nan,SDP6,26434,Siddanapalya (Towards Chinnaiahnapalya),12.7247,77.65966,,nan
Siddanapalya,nan,SDP6,34591,Siddanapalya (Towards Aduru),12.72474,77.65947,,nan
Siddanayakanahalli,nan,SNH31,26436,Siddanayakanahalli (Towards D Cross),13.2982,77.54978,,nan
Siddanayakanahalli,nan,SNH31,34592,Siddanayakanahalli (Towards Doddaballapura Railway Station),13.29816,77.54992,,nan
Siddapura,nan,SDAPRA,22487,Siddapura (Towards Varthuru Kodi),12.95634,77.73191,,nan
Siddapura,nan,SDAPRA,22488,Siddapura (Towards Marathahalli),12.95607,77.73057,,nan
Siddapura,nan,SDPRA,26437,Siddapura (Towards Nalluruahalli),12.95637,77.73108,,nan
Siddapura Ashoka Pillar,nan,SDDPURA,21602,Siddapura Ashoka Pillar (Towards Wilson Garden),12.94633,77.58873,,nan
Siddapura Ashoka Pillar,nan,SDDPURA,21603,Siddapura Ashoka Pillar (Towards Ashoka Pillar),12.94621,77.58879,,nan
Siddapura Cross,nan,SDPRCS,26438,Siddapura Cross (Towards Ram Krishnapura Doddy),12.69298,77.45818,,nan
Siddapura Cross,nan,SDPRCS,35975,Siddapura Cross (Towards Mede Marenahalli),12.69293,77.45819,,nan
Siddapura Naknalhalli,nan,SDPR1,26440,Siddapura Naknalhalli (Towards Kempaliganahalli),13.12949,77.86873,,nan
Siddapura Nallurhalli,nan,SDPR1,34593,Siddapura Nallurhalli (Towards Bhimakanahalli Gate),13.12947,77.86869,,nan
Siddartha Badavane,nan,SDTB1,26442,Siddartha Badavane (Towards Maruthi Markandeya Nagara),12.99557,77.50862,,nan
Siddartha Badavane,nan,SDTB1,34594,Siddartha Badavane (Towards Sunkadakatte),12.99552,77.50865,,nan
Siddartha International School,nan,SIS,26444,Siddartha International School (Towards Nelagadaranahalli),13.02854,77.48842,,nan
Siddartha International School,nan,SIS,34595,Siddartha International School (Towards Thippenahalli),13.02848,77.48843,,nan
Siddartha Nagara,nan,SDTN,26446,Siddartha Nagara (Towards H Cross),13.08098,77.80616,,nan
Siddartha Nagara,nan,SDTN,34596,Siddartha Nagara (Towards Hoskote),13.08105,77.80643,,nan
Siddartha School Cross,nan,SSC12,26448,Siddartha School Cross (Towards 8th Mile),13.02615,77.48901,,nan
Siddartha School Cross,nan,SSC12,34597,Siddartha School Cross (Towards Thigalarapalya),13.02611,77.48905,,nan
Sidedahalli,nan,SDDH,21178,Sidedahalli (Towards Thotada Guddadahalli),13.06256,77.49523,,nan
Sidedahalli,nan,SDDH,21179,Sidedahalli (Towards Bone Mill),13.06258,77.49527,,nan
Sidi Hoskote,nan,SIDHSKT,34601,Sidi Hoskote (Towards Sidi Hoskote),12.72971,77.68767,,nan
Siemens,nan,SMSNS,21180,Siemens (Towards Electronic City),12.84556,77.66215,,nan
Siemens,nan,SMSNS,23992,Siemens (Towards Electronic City Wipro Gate),12.84542,77.66228,,nan
Siemens Bank,nan,SMNSB,26456,Siemens Bank (Towards Hesaraghatta TB Cross),13.14916,77.49674,,nan
Siemens ‌ Bank,nan,SMNSB,34602,ಸೀಮೆನ್ಸ್ ಬ್ಯಾಂಕ್ (ಟುವರ್ಡ್ಸ್  ಕೆಎಂಎಫ್),13.14911,77.49667,,nan
Sikayanahalli,nan,KNDCL,26458,Sikayanahalli (Towards Sadahalli),13.2556,77.64544,,nan
Sikayanahalli,nan,KNDCL,34603,Sikayanahalli (Towards Kundana),13.25555,77.64546,,nan
Silk Farm,nan,BNRTLY,21758,Silk Farm (Towards Attibele),12.81704,77.78543,,nan
Silk Farm,nan,BNRTLY,22490,Silk Farm (Towards Sarjapura),12.81695,77.78539,,nan
Silk Institute Metro Station,nan,SIMS1,35891,Silk Institute Metro Station (Towards Kaggalipura),12.8616,77.52993,,nan
Silk Institute metro station,nan,SIMS1,36170,Silk Institute metro station (Towards Banashankari  Bus Stand),12.86182,77.52985,,nan
Siluvepura,nan,SLVPR1,26464,Siluvepura (Towards Kumbarahalli),13.11424,77.50108,,nan
Siluvepura,nan,SLVPR1,34605,Siluvepura (Towards Dodda Byalakere),13.11427,77.50106,,nan
Simpadipura,nan,SMPDR,26465,Simpadipura (Towards Last Bus Stop),13.2275,77.41276,,nan
Sinclair High School,nan,SINC1,26467,Sinclair High School (Towards Hennur Bande),13.03166,77.64357,,nan
Sinclair High School,nan,SINC1,34606,Sinclair High School (Towards Kalyana Nagara),13.03165,77.64361,,nan
Sindhi Colony,nan,SDYCL1,36722,Sindhi Colony (Towards Cox Town),12.99557,77.61708,,nan
Sindhi Colony,nan,SNDCLY,23437,Sindhi Colony (Towards Coles Park),12.99562,77.61663,,nan
Sindhi Colony,nan,SNDCLY,23752,Sindhi Colony (Towards Banasawadi),12.9962,77.6177,,nan
Sindhi High School Kuvempu Road,nan,SSKR,26471,Sindhi High School Kuvempu Road (Towards Hebbala),13.04994,77.59846,,nan
Sindhi High School Kuvempu Road,nan,SSKR,34608,Sindhi High School Kuvempu Road (Towards Hebbala Kempapura),13.05,77.59837,,nan
Singahalli,nan,SNGH-4,26473,Singahalli (Towards Hunasuru),13.1616,77.72401,,nan
Singahalli,nan,SNGH-4,34609,Singahalli (Towards Budigere),13.16164,77.72406,,nan
Singaianapalya Phoenix,nan,SNPX,22492,Singaianapalya Phoenix (Towards Hoodi),12.99554,77.69541,,nan
Singaianapalya Phoenix,nan,SNPX,22493,Singaianapalya Phoenix (Towards KR Puram),12.99534,77.69543,,nan
Singanayakanahalli,nan,SNKH1,26476,Singanayakanahalli (Towards Mylappanahalli),13.1476,77.56535,,nan
Singanayakanahalli,nan,SNKH1,34610,Singanayakanahalli (Towards Yalahanka),13.14764,77.5653,,nan
Singanayakanahalli Gate,nan,SNGHLG,26477,Singanayakanahalli Gate (Towards Doddaballapura),13.1476,77.56967,,nan
Singanayakanahalli Gate,nan,SNGHLG,35778,Singanayakanahalli Gate (Towards Yelahanka NES),13.14759,77.56985,,nan
Singapura,nan,SNGP1,26479,Singapura (Towards Kuvempu Nagara),13.07965,77.53834,,nan
Singapura,nan,SNGP1,34611,Singapura (Towards MS Palya),13.07975,77.53823,,nan
Singapura LT,nan,SNG,26481,Singapura LT (Towards Kuvempu Nagara),13.07498,77.53999,,nan
Singapura LT,nan,SNGL,34612,Singapura LT (Towards MS Palya),13.07501,77.53983,,nan
Singarahalli,nan,SNGH2,26483,Singarahalli (Towards Nagamangala),13.22688,77.6254,,nan
Singarahalli,nan,SNGH2,34613,Singarahalli (Towards Nerigenahalli),13.22683,77.62534,,nan
Singarapura,nan,SGP-1,26487,Singarapura (Towards Budigere),13.09958,77.74374,,nan
Singarapura,nan,SGP-1,34615,Singarapura (Towards Budigere Cross),13.09961,77.74378,,nan
Singasandra,nan,SSNDRA,21181,Singasandra (Towards Electronic City),12.87886,77.64651,,nan
Singasandra,nan,SSNDRA,21182,Singasandra (Towards Bommanahalli),12.87729,77.64686,,nan
Singasandra FLY,nan,SSNDRA,35786,Singasandra FLY (Towards Electronic City),12.87879,77.64633,,nan
Singasandra FLY,nan,SSNDRA,35787,Singasandra FLY (Towards Bommanahalli),12.87741,77.64708,,nan
Singasandra Koli Farm,nan,SKLFRM,39044,Singasandra Koli Farm (Towards Vanakanahalli),12.68518,77.69714,,nan
Singasandra Kolifarm,nan,SKLFRM,39045,Singasandra Kolifarm (Towards Hompalaghatta),12.68526,77.69715,,nan
Singasandra Metro Station,nan,SGSMS,39870,Singasandra Metro Station (Towards Mawivala),12.88064,77.64486,,nan
Singasandra Metro Station,nan,SGSMS,39871,Singasandra Metro Station (Towards Chanadpura),12.88106,77.64508,,nan
Singena Agrahara,nan,SGNHRA,26489,Singena Agrahara (Towards MuthaNalluru Cross),12.83771,77.71615,,nan
Singena Agrahara,nan,SGNHRA,34616,Singena Agrahara (Towards Singena Agrahara Cross),12.83768,77.71611,,nan
Singena Agrahara Cross,nan,SGNAGRC,26474,Singena Agrahara Cross (Towards Singena Agrahara/Ramasagara),12.83497,77.71904,,nan
Singena Agrahara Cross,nan,SGNAGRC,26490,Singena Agrahara Cross (Towards Narayanaghatta Gate/Singena Agrahara),12.83498,77.71896,,nan
Singena Agrahara Cross Fruits Market,nan,SGHNA12,26491,Singena Agrahara Cross Fruits Market (Towards Huskur),12.84257,77.68718,,nan
Singena Agrahara Cross Fruits Market,nan,SGHNA12,35058,Singena Agrahara Cross Fruits Market (Towards Huskur Gate),12.84235,77.68709,,nan
Singena Agrahara Cross Fruits Market,nan,SGHNAG,35304,Singena Agrahara Cross Fruits Market (Towards Gulimangala),12.84243,77.68732,,nan
Sipgere Gate,nan,SPGT3,26493,Sipgere Gate (Towards Kaggalipura),12.82227,77.57717,,nan
Sipgere Gate,nan,SPGT3,34617,Sipgere Gate (Towards Bannerughatta),12.82223,77.57723,,nan
Sir M Vishweshwaraiah Layout 9th Blk Mallathahalli,nan,VSL-9,26495,Sir M Vishweshwaraiah Layout 9th Blk Mallathahalli (Towards Kengunte Circle),12.96233,77.49634,,nan
Sir M Vishweshwaraiah Layout 9th Blk Mallathahalli,nan,VSL-9,34618,Sir M Vishweshwaraiah Layout 9th Blk Mallathahalli (Towards Mallathahalli Lake),12.96228,77.49636,,nan
Sir M Visvesvaraya Terminal,nan,SMVRS,37713,Sir M Visvesvaraya Terminal (Towards Last Stop),12.99966,77.64099,,nan
Sir M Visvesvaraya Terminal,nan,SMVT,35955,Sir M Visvesvaraya Terminal (Towards Sathyanagara),13.02209,77.63469,,nan
Sir M Visvesvaraya Terminal,nan,SMVT,35956,Sir M Visvesvaraya Terminal (Towards Isolation),12.99835,77.64109,,nan
Siri Convention Hall,nan,SCHL,39776,Siri Convention Hall (Towards Kodichikkanahalli),12.89727,77.61101,,nan
Siri Convention Hall,nan,SCHL,39777,Siri Convention Hall (Towards Vijaya bank Layout),12.89729,77.61105,,nan
Sirsi Circle,nan,SRSC,21495,Sirsi Circle (Towards Magadi Road 1st Cross),12.96258,77.5601,,nan
Sirsi Circle,nan,SRSC,21605,Sirsi Circle (Towards KR Market),12.96223,77.55995,,nan
Sirsi Circle,nan,SRSC,35393,Sirsi Circle (Towards Kempegowda Bus Station),12.96036,77.55687,,nan
Sirsi Circle,nan,SRSC,35403,Sirsi Circle (Towards MCTC Bus Station),12.96022,77.55921,,nan
Sirsi Circle 1,nan,SRSC5,23761,Sirsi Circle 1 (Towards Nayandahalli),12.9603,77.55696,,nan
Sivanchetty Gardens,nan,SVTGD2,26499,Sivanchetty Gardens (Towards Coles Park),12.98966,77.61539,,nan
Sivanchetty Gardens,nan,SVTGD2,35358,Sivanchetty Gardens (Towards Halasuru),12.9898,77.61549,,nan
Skylark Arcadia Sadaramangala,nan,SDRMA,26505,Skylark Arcadia Sadaramangala (Towards Kempegowda Bus Station),13.00634,77.73552,,nan
Skylark Arcadia Sadaramangala,nan,SDRMA,34622,Skylark Arcadia Sadaramangala (Towards Kadugodi Bus Station),13.00641,77.7355,,nan
Smondo 3 Apartment,nan,SAM1,39513,Smondo 3 Apartment (Towards Last Stop),12.82026,77.66052,,nan
Soladevanahalli,nan,SDVHLI,26522,Soladevanahalli (Towards Nelamangala),13.00771,77.35088,,nan
Soladevanahalli,nan,SDVHLI,34630,Soladevanahalli (Towards Goravanahalli),13.00808,77.3509,,nan
Soladevanahalli Police Station,nan,SLDH,21187,Soladevanahalli Police Station (Towards Hesaraghatta),13.09342,77.48882,,nan
Soladevanahalli Police Station,nan,SLDH,21607,Soladevanahalli Police Station (Towards Chikkabanavara),13.09344,77.48885,,nan
Sollepura,nan,SOLLPR,26528,Sollepura (Towards Sollepura),12.83008,77.75638,,nan
Sollepura,nan,SOLLPR,34631,Sollepura (Towards Adigondanahalli),12.83007,77.75644,,nan
Solur,nan,SLR2,26532,Solur (Towards Appasandra),13.07085,77.84313,,nan
Solur,nan,SLR2,34635,Solur (Towards Hoskote),13.07078,77.84309,,nan
Solur,nan,SLR3,34633,Solur (Towards Vishwanathapura),13.26464,77.65552,,nan
Solur,nan,SLR3,34634,Solur (Towards Devanahalli),13.26464,77.65558,,nan
Solur Gate,nan,SLRGT,39257,Solur Gate (Towards Byadarahalli),13.27009,77.65704,,nan
Solur Gate,nan,SLRGT,39258,Solur Gate (Towards Bommavara Gate),13.27005,77.65705,,nan
Solur Gate,nan,SLRGT3,26534,Solur Gate (Towards Vishwanathapura),13.26996,77.6563,,nan
Solur Gate,nan,SLRGT3,34636,Solur Gate (Towards Devanahalli),13.27013,77.65629,,nan
Solur Hassan Road,nan,SLRH1,36371,Solur Hassan Road (Towards Kudur),13.07317,77.24471,,nan
Solur Hassan Road,nan,SLRH1,36372,Solur Hassan Road (Towards Gudemaranahalli Hand Post),13.07326,77.24483,,nan
Solur Railway Station,nan,SLRRSH,36373,Solur Railway Station (Towards Solur),13.06492,77.25694,,nan
Solur Railway Station,nan,SLRRSH,36374,Solur Railway Station (Towards Nelamangala),13.06514,77.25698,,nan
Somalapura,nan,SMLPR,26550,Somalapura (Towards Domlur),12.9689,77.86114,,nan
Somalapura,nan,SMLPR,34644,Somalapura (Towards D Hosahalli),12.9688,77.8613,,nan
Somanahalli,nan,SMNH,23725,Somanahalli (Towards Somanahalli Gate),12.77258,77.50358,,nan
Somanahalli,nan,SMNH,23727,Somanahalli (Towards Somanahalli Last Stop),12.77267,77.50359,,nan
Somanahalli Gate,nan,SMHGT,35171,Somanahalli Gate (Towards Harohalli),12.78049,77.49674,,nan
Somanahalli Gate,nan,SMHGT,35187,Somanahalli Gate (Towards Banashankari ),12.78058,77.49663,,nan
Somanahalli Toll,nan,APSCG,39557,Somanahalli Toll (Towards Kaggalipura),12.78338,77.50034,,nan
Somanahalli Toll,nan,APSCG,39558,Somanahalli Toll (Towards Harohalli),12.78337,77.50044,,nan
Somasandarpalya,nan,SSP,24055,Somasandarpalya (Towards Somasundrapalya Grama Panchayat),12.8988,77.6513,,nan
Somasandra Palya,nan,SSP1,23711,Somasandra Palya (Towards Somasundarapalya),12.89881,77.65121,,nan
Somasandra palya  Lake,nan,SSPL1,26541,Somasandra palya  Lake (Towards Parangipalya),12.89949,77.64863,,nan
Somashettyhalli,nan,SSH1,34637,Somashettyhalli (Towards Somashettahalli),13.08733,77.52117,,nan
Somashettyhalli Cross,nan,SMSHLI,26540,Somashettyhalli Cross (Towards Kere Guddadahalli),13.08147,77.51724,,nan
Somashettyhalli Cross,nan,SMSHLI,34640,Somashettyhalli Cross (Towards Janapriya Greenwood Apartments),13.08142,77.51721,,nan
Somashettyhalli Cross,nan,SSHC1,34638,Somashettyhalli Cross (Towards Lakshmipura Cross),13.09288,77.52358,,nan
Somashettyhalli Cross,nan,SSHC1,34639,Somashettyhalli Cross (Towards Chikkabanavara),13.09282,77.52357,,nan
Somasundra Palya Lake,nan,SSPL1,26542,Somasundra Palya Lake (Towards Somasundrapalya),12.89955,77.64881,,nan
Somathanahalli,nan,SMTH1,26544,Somathanahalli (Towards Nalluru),13.16917,77.76858,,nan
Somathanahalli,nan,SMTH1,34641,Somathanahalli (Towards Somathanahalli Gate),13.16917,77.76864,,nan
Somathanahalli Circle,nan,SMTHC,26546,Somathanahalli Circle (Towards Budigere),13.16939,77.76708,,nan
Somathanahalli Circle,nan,SMTHC,34642,Somathanahalli Circle (Towards Somathanahalli),13.16947,77.7669,,nan
Somathanahalli Gate,nan,SMTHG,22498,Somathanahalli Gate (Towards Bidalapura),13.1711,77.76016,,nan
Somathanahalli Gate,nan,SMTHG,22499,Somathanahalli Gate (Towards Budigere),13.17112,77.76021,,nan
Someshwara Colony Magadi,nan,MGDSC,26548,Someshwara Colony Magadi (Towards Magadi),12.96423,77.20785,,nan
Someshwara Colony Magadi,nan,MGDSC,34643,Someshwara Colony Magadi (Towards Biskur),12.96417,77.20795,,nan
Sompura,nan,SMPR11,26552,Sompura (Towards Sompura),12.87766,77.4966,,nan
Sompura Gate,nan,SOPG,34645,Sompura Gate (Towards Bikkanahosahalli),12.86187,77.77186,,nan
Sompura Gate,nan,SOPG1,22497,Sompura Gate (Towards Sarjapura),12.86207,77.77213,,nan
Sompura Gate,nan,SOPG1,22500,Sompura Gate (Towards Dommasandra),12.86209,77.77196,,nan
Sompura Tumakur Road,nan,SMPRA,26556,Sompura Tumakur Road (Towards T Begur),13.21814,77.25163,,nan
Sompura Tumakur Road,nan,SMPRA,34646,Sompura Tumakur Road (Towards Dabaspete),13.21807,77.25141,,nan
Sonadenahalli Gate,nan,SDHG-3,26559,Sonadenahalli Gate (Towards Hoskote),13.08776,77.80763,,nan
Sonadenahalli Gate,nan,SDHG-3,34647,Sonadenahalli Gate (Towards H Cross),13.08779,77.80761,,nan
Sonadenahalli Hosakote,nan,SDH-1,26557,Sonadenahalli Hosakote (Towards Hoskote),13.08997,77.80614,,nan
Sonadenahalli Hosakote,nan,SDH-1,26571,Sonadenahalli Hosakote (Towards Kurubarahalli),13.08995,77.80607,,nan
Sonal Garments Laggere Cross,nan,SNLG,26560,Sonal Garments Laggere Cross (Towards Jalahalli Cross),13.0215,77.52652,,nan
Sonal Garments Laggere Cross,nan,SNLG,35253,Sonal Garments Laggere Cross (Towards Kanteerava Studio),13.02163,77.52674,,nan
Sonare Doddy,nan,SNRD,26562,Sonare Doddy (Towards Indor Doddy),12.70958,77.51944,,nan
Sonare Doddy,nan,SNRD,34648,Sonare Doddy (Towards Ankegowdana Doddy),12.70958,77.51949,,nan
Sondekoppa,nan,HSSNDKP,26564,Sondekoppa (Towards Tavarakere),13.02102,77.38432,,nan
Sondekoppa,nan,HSSNDKP,34649,Sondekoppa (Towards Nelamangala),13.02089,77.3843,,nan
Sondekoppa Circle,nan,SNDCNML,26565,Sondekoppa Circle (Towards Arishinakunte),13.09289,77.39476,,nan
Sondekoppa Circle,nan,SNDCNML,39656,Sondekoppa Circle (Towards T Begur),13.09244,77.39496,,nan
Sondekoppa Circle Nelamangala,nan,SNDKPC1,26567,Sondekoppa Circle Nelamangala (Towards Nelamangala),13.09228,77.39483,,nan
Sondekoppa Circle Nelamangala,nan,SNDKPC1,34650,Sondekoppa Circle Nelamangala (Towards Sondekoppa),13.09226,77.39486,,nan
Sondekoppa Cross,nan,SNDKPC4,26569,Sondekoppa Cross (Towards Sondekoppa),13.0194,77.35082,,nan
Sondekoppa Cross,nan,SNDKPC4,34651,Sondekoppa Cross (Towards Goraguntepalya),13.01946,77.35086,,nan
Sondekoppa High School,nan,HSSNDKP,25875,Sondekoppa High School (Towards Nelamangala),13.02562,77.38461,,nan
Sondekoppa High School,nan,HSSNDKP,32917,Sondekoppa High School (Towards Sondekoppa),13.02564,77.38464,,nan
Sonnallipura,nan,SLP,26573,Sonnallipura (Towards Hasigala),13.13597,77.78986,,nan
Sonnallipura,nan,SLP,34652,Sonnallipura (Towards E Muthasandra),13.136,77.78982,,nan
Sonnallipura,nan,SNP,39175,Sonnallipura (Towards Kamblipura Cross),13.13464,77.7898,,nan
Sonnallipura,nan,SNP,39176,Sonnallipura (Towards Kambalipura),13.13467,77.7898,,nan
Sonnappanahalli,nan,SNPNHL7,22501,Sonnappanahalli (Towards Hosur Bande),13.10764,77.66576,,nan
Sonnappanahalli,nan,SPH,26575,Sonnappanahalli (Towards Kuduregere Colony),13.15612,77.6172,,nan
Sonnappanahalli,nan,SPH,34653,Sonnappanahalli (Towards Yalahanka),13.15615,77.61716,,nan
Sonnappanahalli(Hamsa Farm),nan,SNPNHL7,22014,Sonnappanahalli(Hamsa Farm) (Towards Bagaluru),13.10772,77.66564,,nan
Sonnenahalli,nan,SNH2,36239,Sonnenahalli (Towards Bidaluru),13.30982,77.68272,,nan
Sonnenahalli,nan,SNHL,34656,Sonnenahalli (Towards Hesaraghatta),13.19768,77.50036,,nan
Sonnenahalli,nan,SNHL,34657,Sonnenahalli (Towards Rajanukunte),13.19773,77.50035,,nan
Sonnenahalli,nan,SNNH,26582,Sonnenahalli (Towards Vishweshwaraiah Layout),12.94218,77.47922,,nan
Sonnenahalli,nan,SNNH,34658,Sonnenahalli (Towards Sunkadakatte),12.94205,77.4791,,nan
Sonnenahalli Bridge,nan,SNHB,22735,Sonnenahalli Bridge (Towards Sonnenahalli),12.94197,77.48357,,nan
Sonnenahalli Bridge,nan,SNHB,30196,Sonnenahalli Bridge (Towards Kenchanapura Cross),12.94208,77.48285,,nan
Sonnenahalli Govt Hospital,nan,SNNHGH,26584,Sonnenahalli Govt Hospital (Towards Hesaraghatta),13.19311,77.50265,,nan
Sonnenahalli Govt Hospital,nan,SNNHGH,34659,Sonnenahalli Govt Hospital (Towards Rajanukunte),13.19325,77.50281,,nan
Sonnur Gate,nan,SNRG1,26586,Sonnur Gate (Towards Chikka Thirupathi),12.89106,77.89368,,nan
Sony World 100ft Road  Koramangala,nan,SWS,22502,Sony World 100ft Road  Koramangala (Towards Koramangala Water Tank),12.93685,77.62659,,nan
Sony World 100ft Road  Koramangala,nan,krmsyw80,22503,Sony World 100ft Road  Koramangala (Towards Indira Nagara),12.93793,77.62766,,nan
Sony World 80ft Road Koramangala,nan,SNYW,35137,Sony World 80ft Road Koramangala (Towards Koramangala ),12.93782,77.62639,,nan
Sony World 80ft Road Koramangala,nan,SYWD3,35103,Sony World 80ft Road Koramangala (Towards Koramangala 1st Block),12.93694,77.62734,,nan
Sophiya School,nan,SPHS2,23356,Sophiya School (Towards Guttahalli),12.98609,77.58864,,nan
Sophiya School,nan,SPHS2,24174,Sophiya School (Towards Vidhana Soudha),12.98573,77.58934,,nan
Sophiya School (KIA),nan,SPS,36180,Sophiya School (KIA) (Towards Shivajinagara),12.98586,77.58971,,nan
Soppahalli,nan,SPHLI,26589,Soppahalli (Towards Soppahalli),12.74718,77.67972,,nan
Soppahalli,nan,SPHLI,34661,Soppahalli (Towards Lingapura Cross),12.74717,77.67967,,nan
Sorahunse,nan,SROSU1,26591,Sorahunse (Towards Varthuru),12.94665,77.75426,,nan
Sorahunse,nan,SROSU1,34662,Sorahunse (Towards Valepura),12.94666,77.75421,,nan
Sorahunse Gate,nan,SRNSGT,24198,Sorahunse Gate (Towards Muthsandra),12.94337,77.75098,,nan
Sorahunse Gate,nan,SRNSGT,24212,Sorahunse Gate (Towards Varthuru),12.94332,77.75098,,nan
Soukya Hospital Junction,nan,JSHTL,30404,Soukya Hospital Junction (Towards Koraluru),12.98811,77.78194,,nan
Soukya Hospital Junction,nan,JSHTL,33156,Soukya Hospital Junction (Towards Thirumashattihalli),12.98795,77.78205,,nan
Soundarya Collage,nan,SDN2,39218,Soundarya Collage (Towards Kuduregere Colony),13.07015,77.4946,,nan
Soundarya Collage,nan,SDN2,39219,Soundarya Collage (Towards 8th Mile),13.07019,77.49469,,nan
South End Circle,nan,SECRL,22504,South End Circle (Towards Nanda Talkies),12.93625,77.58016,,nan
South End Circle,nan,SECRL,22505,South End Circle (Towards Chamarajapet),12.93717,77.57965,,nan
South End Circle,nan,SECRL,23483,South End Circle (Towards Jayanagara 3rd Block),12.9368,77.58128,,nan
South End Circle Metro Station,nan,SECMS,39976,South End Circle Metro Station (Towards Jayanagara Metro Station),12.93827,77.58024,,nan
Sowdamini Kalyana Mantapa,nan,SDMKMT,22506,Sowdamini Kalyana Mantapa (Towards Kothanuru Cross),12.88387,77.56657,,nan
Sowdamini Kalyana Mantapa,nan,SDMKMT,22507,Sowdamini Kalyana Mantapa (Towards Glass Factory),12.88387,77.56663,,nan
Sowparnika Apartment,nan,SWPAPT,40025,Sowparnika Apartment (Towards Hoodi),12.99574,77.72265,,nan
Sowparnika Apartment,nan,SWPAPT,40026,Sowparnika Apartment (Towards DEPOT-51),12.99578,77.72265,,nan
Sowthegowdanahalli,nan,SOWHLLY,26597,Sowthegowdanahalli (Towards Budihal Gate),13.23108,77.73036,,nan
Sowthegowdanahalli,nan,SOWHLLY,34665,Sowthegowdanahalli (Towards Devanahalli),13.23103,77.7304,,nan
Spriling School,nan,SORHSH,22508,Spriling School (Towards Devanahalli),13.13765,77.74421,,nan
Spriling School,nan,SORHSH,26600,Spriling School (Towards Budigere),13.1377,77.74422,,nan
Sri Adishakthi Temple,nan,ADSKT,23360,Sri Adishakthi Temple (Towards Kembathalli Cross),12.85514,77.58484,,nan
Sri Adishakthi Temple,nan,ADSKT,23368,Sri Adishakthi Temple (Towards Gottigere),12.8556,77.58514,,nan
Sri Banashankari Layout,nan,SBSKL1,26602,Sri Banashankari Layout (Towards Rajanukunte),13.17155,77.55795,,nan
Sri Banashankari Layout,nan,SBSKL1,34666,Sri Banashankari Layout (Towards Madhure),13.17153,77.558,,nan
Sri Bayalu Basaveshwara Circle,nan,SBBSVRT,39837,Sri Bayalu Basaveshwara Circle (Towards Last Stop),12.90831,77.46289,,nan
Sri Bhuvaneshwari Nagara,nan,SBN1,26604,Sri Bhuvaneshwari Nagara (Towards Military Dairy Farm),13.0552,77.60257,,nan
Sri Bhuvaneshwari Nagara,nan,SBN1,34667,Sri Bhuvaneshwari Nagara (Towards Dasarahalli Hebbal),13.05519,77.60245,,nan
Sri Devi Karumaari Ammanvara Temple,nan,ಶಧಖಾಥ,39583,Sri Devi Karumaari Ammanvara Temple (Towards Omkar Hills Temple),12.91396,77.52922,,nan
Sri Dharmaraya Circle,nan,BRM1,23452,Sri Dharmaraya Circle (Towards Jambu Savari Dinne),12.89213,77.58192,,nan
Sri Dharmaraya Circle,nan,BRM1,38507,Sri Dharmaraya Circle (Towards Nayara Petrol Pump),12.89217,77.58329,,nan
Sri Dharmaraya Circle,nan,BRM2,23474,Sri Dharmaraya Circle (Towards JP Nagara 15th Cross),12.89226,77.5818,,nan
Sri Gali Anjaneya Swami Temple,nan,SGAT,39580,Sri Gali Anjaneya Swami Temple (Towards R R Gate),12.9525,77.54123,,nan
Sri Kamadhenu Kshetra,nan,SKDK1,38094,Sri Kamadhenu Kshetra (Towards Last Stop),13.02419,77.4488,,nan
Sri Rajarajeshwari Temple,nan,SRRT,39581,Sri Rajarajeshwari Temple (Towards Shrungagiri Sri Shanmukha Swami Temple),12.92676,77.51119,,nan
Sri Rama Devastan Vanakanahalli,nan,SRMDNVH,39048,Sri Rama Devastan Vanakanahalli (Towards Menasiganahalli),12.67168,77.69514,,nan
Sri Rama Devastan Vanakanahalli,nan,SRMDNVH,39049,Sri Rama Devastan Vanakanahalli (Towards Hompalaghatta),12.67164,77.69517,,nan
Sri Ramadevasthana,nan,SRDN,39036,Sri Ramadevasthana (Towards Hompalaghatta),12.70916,77.69834,,nan
Sri Ramadevasthana,nan,SRDN,39037,Sri Ramadevasthana (Towards Anekal),12.70912,77.69837,,nan
Sri Ramanahalli,nan,SRH,26613,Sri Ramanahalli (Towards Doddaballapura),13.19505,77.56285,,nan
Sri Ramanahalli,nan,SRH,34670,Sri Ramanahalli (Towards Rajanukunte),13.19517,77.56296,,nan
Sri Ramapura,nan,SRMP,26615,Sri Ramapura (Towards Rayal Enclave),13.06586,77.62003,,nan
Sri Ramapura,nan,SRMP,34671,Sri Ramapura (Towards Mestripalya),13.06593,77.62003,,nan
Sri Renuka Yellamma Layout,nan,SRYL,39877,Sri Renuka Yellamma Layout (Towards Begur),12.83919,77.6142,,nan
Sri Sai Packaging Company,nan,SSPC3,34673,Sri Sai Packaging Company (Towards Chikkagollarahatti),12.99762,77.46325,,nan
Sri Shiradi Sai Temple,nan,SSST1,26622,Sri Shiradi Sai Temple (Towards New Byrohalli),12.91364,77.45057,,nan
Sri Shiradi Sai Temple,nan,SSST1,34674,Sri Shiradi Sai Temple (Towards Bettanapalya),12.91352,77.45054,,nan
Sri Swananda Ashrama,nan,SWND,26624,Sri Swananda Ashrama (Towards Banashankari),12.84397,77.49425,,nan
Sri Swananda Ashrama,nan,SWND,34675,Sri Swananda Ashrama (Towards Agara),12.84398,77.49432,,nan
Sri Venkateshwara Layout,nan,SVLT1,39733,Sri Venkateshwara Layout (Towards Dodda byalakere),13.10661,77.53902,,nan
Sri Venkateshwara Layout,nan,SVLT1,39734,Sri Venkateshwara Layout (Towards Shamarajapura Cross),13.10664,77.53921,,nan
Sri Venkateshwara Nagara,nan,SV2,26630,Sri Venkateshwara Nagara (Towards Sampigehalli),13.07478,77.6189,,nan
Sri Venkateshwara Nagara,nan,SV2,34677,Sri Venkateshwara Nagara (Towards Shivaram Karanth Nagara),13.07482,77.61888,,nan
Sridhara Gudda,nan,SDRG,26633,Sridhara Gudda (Towards Kengeri),12.89926,77.48761,,nan
Sridhara Gudda,nan,SDRG,34678,Sridhara Gudda (Towards Karubele),12.89926,77.48766,,nan
Srigandha Nagara,nan,SGDN,26635,Srigandha Nagara (Towards Hegganahalli),13.00399,77.51009,,nan
Srigandha Nagara,nan,SGDN,34679,Srigandha Nagara (Towards Srigandha Nagara),13.00404,77.5101,,nan
Srigandhada Kaval,nan,SGK1,22689,Srigandhada Kaval (Towards Sunkadakatte),12.97871,77.50174,,nan
Srigandhada Kaval,nan,SGK1,26636,Srigandhada Kaval (Towards D Group Employees Layout),12.97868,77.50174,,nan
Srikanteshwara Park,nan,SKTS,22726,Srikanteshwara Park (Towards Channammanakere Achukattu),12.92643,77.55369,,nan
Srikanteshwara Park,nan,SKTS,35930,Srikanteshwara Park (Towards Kamakya Talkies),12.92648,77.55377,,nan
Srinagara Bus Station,nan,SNR,21188,Srinagara Bus Station (Towards Kempegowda Bus Station),12.94425,77.55479,,nan
Srinidhi Hotel,nan,SRNH,34681,Srinidhi Hotel (Towards OMBR Layout),13.01162,77.6474,,nan
Srinidhi Hotel,nan,SRNH,34682,Srinidhi Hotel (Towards SRR Kalyanamantapa),13.01175,77.64725,,nan
Srinivasa Kalyana Mantapa,nan,SRIKM1,23966,Srinivasa Kalyana Mantapa (Towards Ittamadu),12.926,77.54438,,nan
Srinivasa Kalyana Mantapa,nan,SRIKM1,24346,Srinivasa Kalyana Mantapa (Towards Janatha Bazar),12.92585,77.54428,,nan
Srinivasa Nagara,nan,SRNN,22511,Srinivasa Nagara (Towards Maruthi Circle),12.93816,77.55687,,nan
Srinivasa Nagara,nan,SRVN,22512,Srinivasa Nagara (Towards Bank Colony),12.93787,77.55717,,nan
Srinivasa Nagara PattegarPalya,nan,SNPLY,26652,Srinivasa Nagara PattegarPalya (Towards Ramkrishnappa Layout),12.97645,77.52365,,nan
Srinivasa Nagara PattegarPalya,nan,SNPLY,34686,Srinivasa Nagara PattegarPalya (Towards Prashantha Nagara),12.97649,77.52346,,nan
Srinivasa Saligrama,nan,SSD,35965,Srinivasa Saligrama (Towards Ramohalli),12.90122,77.41071,,nan
Srinivasapura Colony,nan,SVPC5,34689,Srinivasapura Colony (Towards Kunigal Main Road),13.08125,77.35051,,nan
Srinivasapura Cross,nan,IAHF,36801,Srinivasapura Cross (Towards Omkar Hills),12.90404,77.51074,,nan
Srinivasapura Cross,nan,IAHF,36802,Srinivasapura Cross (Towards Channasandra),12.90408,77.51069,,nan
Srinivasapura Cross,nan,SRVC,34690,Srinivasapura Cross (Towards Bagaluru),13.12602,77.64512,,nan
Srinivasapura Cross,nan,SRVC,34691,Srinivasapura Cross (Towards Yalahanka),13.12599,77.64522,,nan
Srinivasapura Cross,nan,SVC1,26662,Srinivasapura Cross (Towards Srinivasapura),13.07502,77.36488,,nan
Srinivasapura Cross,nan,SVC1,34693,Srinivasapura Cross (Towards Yantaganahalli),13.07494,77.36505,,nan
Srinivasapura Cross,nan,SVPC0,34692,Srinivasapura Cross (Towards Nelamangala),13.07511,77.36469,,nan
Srinivasapura Kogilu,nan,SRVP,22513,Srinivasapura Kogilu (Towards Ittige Factory),13.10347,77.62349,,nan
Srinivasapura Kogilu,nan,SRVP,22514,Srinivasapura Kogilu (Towards Kogilu ),13.10338,77.62356,,nan
Srinivasapura Kullegowdanapalya,nan,SVPR45,26654,Srinivasapura Kullegowdanapalya (Towards Kullegowdanapalya),12.85122,77.4433,,nan
Srinivasapura Kullegowdanapalya,nan,SVPR45,34687,Srinivasapura Kullegowdanapalya (Towards Srinivasapura),12.85125,77.44323,,nan
Srinivasapura Nelamangala,nan,SVP3,34694,Srinivasapura Nelamangala (Towards Srinivasapura),13.08512,77.34075,,nan
Srinivasapura Uttarahalli Road,nan,SVPUR1,26666,Srinivasapura Uttarahalli Road (Towards Kengeri),12.90086,77.51092,,nan
Srinivasapura Uttarahalli Road,nan,SVPUR1,34695,Srinivasapura Uttarahalli Road (Towards Gubbalala Gate),12.90129,77.51091,,nan
Sripathihalli,nan,SRPTH,34696,Sripathihalli (Towards Devarahatti),12.96262,77.16667,,nan
Sripathihalli,nan,SRPTH,39515,Sripathihalli (Towards Kalya),12.96265,77.16667,,nan
Sriram Properties,nan,SRMPRPTS,22515,Sriram Properties (Towards Attibele),12.81068,77.78464,,nan
Sriram Properties,nan,SRMPRPTS,22516,Sriram Properties (Towards Sarjapura),12.81145,77.78476,,nan
Srirama Layout Avalahalli Road,nan,SRML-1,26611,Srirama Layout Avalahalli Road (Towards Avalahalli Hosakote),13.03981,77.72938,,nan
Srirama Layout Avalahalli Road,nan,SRML-1,26670,Srirama Layout Avalahalli Road (Towards Ramapura),13.03967,77.72937,,nan
Srirama Reddy Layout,nan,SRMLO,22517,Srirama Reddy Layout (Towards Malleshpalya),12.97172,77.68152,,nan
Srirama Reddy Layout,nan,SRMLO,24154,Srirama Reddy Layout (Towards Basava Nagara),12.97176,77.6815,,nan
Sriramapura 5th Cross,nan,SRRM5,22923,Sriramapura 5th Cross (Towards Okalipuram),12.99214,77.56647,,nan
Sriramapura Bommasandra Road,nan,SRIBMS,26673,Sriramapura Bommasandra Road (Towards Bommasandra),12.80229,77.66208,,nan
Sriramapura Bommasandra Road,nan,SRIBMS,34697,Sriramapura Bommasandra Road (Towards Srirampura),12.80231,77.66218,,nan
Sriramapura Circle,nan,RCNHLP,26617,Sriramapura Circle (Towards Veerannapalya Hebbala),13.06657,77.60977,,nan
Sriramapura Circle,nan,RCNHLP,34672,Sriramapura Circle (Towards Jakkur Layout),13.06658,77.60966,,nan
Sriramapura Circle,nan,RCNHLP,35174,Sriramapura Circle (Towards Srirampura),13.06668,77.60981,,nan
Sriramapura Colony,nan,SRPC1,26675,Sriramapura Colony (Towards Gejjagalpalya),13.02284,77.31237,,nan
Sriramapura Colony,nan,SRPC1,34698,Sriramapura Colony (Towards Motaganahalli Bishop Cotton School),13.0229,77.31241,,nan
Sriramapura Cross,nan,SRMP1,26618,Sriramapura Cross (Towards Jn of Srirampura),13.06767,77.61321,,nan
Sriramapura Cross,nan,SRMP1,35175,Sriramapura Cross (Towards Srirampura),13.06771,77.61311,,nan
Sriramapura OMEX,nan,SRMPUR,26671,Sriramapura OMEX (Towards Navya Badavane),12.80328,77.66602,,nan
Sriramapura OMEX,nan,SRMPUR,26676,Sriramapura OMEX (Towards Srirampura),12.80323,77.66592,,nan
Sriramapura Police Station,nan,SRMPS,26677,Sriramapura Police Station (Towards Last Point),12.9899,77.56502,,nan
Srirampura 7th Cross,nan,SRMP2,29414,Srirampura 7th Cross (Towards Yashwanthapura TTMC),12.99051,77.56787,,nan
Srirampura 7th Cross,nan,SRMP2,29415,Srirampura 7th Cross (Towards Okalipuram),12.99057,77.56655,,nan
Srirangam Silk House HSR Layout,nan,SRNGSH,26124,Srirangam Silk House HSR Layout (Towards Mangammanapalya),12.9124,77.63527,,nan
Srirangam Silk House HSR Layout,nan,SRNGSH,38144,Srirangam Silk House HSR Layout (Towards Agara),12.91245,77.63521,,nan
St Benedict's Church,nan,STBCRCH,39251,St Benedict's Church (Towards Good Earth Malhar School),12.88463,77.46253,,nan
St Bentic School,nan,STBS1,26687,St Bentic School (Towards Kengeri),12.88709,77.45876,,nan
St Bentic School,nan,STBS1,34703,St Bentic School (Towards Kambipura),12.88689,77.45889,,nan
St Clare School,nan,SCS1,26688,St Clare School (Towards Hosapalya),12.91462,77.44773,,nan
St Francis School,nan,STFCSC2,23808,St Francis School (Towards Beguru),12.88898,77.62568,,nan
St Francis School,nan,STFCSC2,23816,St Francis School (Towards Galaxy Paradise),12.8888,77.62563,,nan
St Johns High School Thomas Cafe,nan,STJHS2,37046,St Johns High School Thomas Cafe (Towards Last Stop),12.99458,77.60995,,nan
St Johns Hospital,nan,STJH,21191,St Johns Hospital (Towards Sarjapura),12.92959,77.61584,,nan
St Johns Hospital,nan,STJH,21192,St Johns Hospital (Towards Bengaluru Dairy Circle),12.92907,77.61527,,nan
St Johns Hospital,nan,STJH,35369,St Johns Hospital (Towards Dairy Circle),12.92933,77.61594,,nan
St Johns School Thamos Cafe,nan,TMSFE,26692,St Johns School Thamos Cafe (Towards Ulsoor Lake),12.99165,77.61155,,nan
St Johns Wood Apartment Tavarekere,nan,STWAP,26693,St Johns Wood Apartment Tavarekere (Towards Last Point),12.93022,77.60969,,nan
St Joseph Boys High School Musuem Road,nan,MLYHPT,23433,St Joseph Boys High School Musuem Road (Towards MG Road Shivajinagara),12.97176,77.60441,,nan
St Joseph College,nan,STJC,21194,St Joseph College (Towards HAL‌  ),12.97036,77.60368,,nan
St Joseph's High School,nan,STJSEFC,39040,St Joseph's High School (Towards Anekal),12.69718,77.70552,,nan
St Joseph's High School,nan,STJSEFC,39041,St Joseph's High School (Towards Hompalaghatta),12.69729,77.70559,,nan
St Josephine School Annapoorneshwarinagara,nan,ANPNC1,22685,St Josephine School Annapoorneshwarinagara (Towards Annapoorneshwari Nagara),12.97784,77.50569,,nan
St Josephine School Annapoorneshwarinagara,nan,ANPNC1,22695,St Josephine School Annapoorneshwarinagara (Towards Annapoorneshwari 3rd Main Road),12.9778,77.50574,,nan
St Josephs Indian School/ Malya Hospital,nan,SJHS1,21193,St Josephs Indian School/ Malya Hospital (Towards Richmond Circle),12.97052,77.5943,,nan
St Marthas Hospital,nan,STMH,21195,St Marthas Hospital (Towards Corporation),12.96945,77.58716,,nan
St Marys School,nan,STMSC,24141,St Marys School (Towards Bettadasanapura),12.84594,77.60942,,nan
St Marys School,nan,STMSC,24338,St Marys School (Towards Hommadevanahalli),12.84573,77.60954,,nan
St Patrick Church,nan,STJC,22518,St Patrick Church (Towards Shivaji Nagara),12.97029,77.60512,,nan
St francis College,nan,SFC,23893,St francis College (Towards Sarjapura),12.92441,77.63086,,nan
St francis College,nan,SFC,23921,St francis College (Towards Dairy Circle),12.92432,77.63124,,nan
St joseph CBSE Gate-2,nan,MLYHPT,38982,St joseph CBSE Gate-2 (Towards Last Stop),12.97164,77.59523,,nan
St. Xavier's School,nan,STXSC,40472,St. Xavier's School (Towards Podu Cross),12.84341,77.63822,,nan
St. Xavier's School,nan,STXSC,40473,St. Xavier's School (Towards Vittasandra Gate),12.84334,77.63827,,nan
State Bank India Garage,nan,INDG,21608,State Bank India Garage (Towards Shivaji Nagara),12.97465,77.60154,,nan
State Bank of India,nan,SBI-2,22519,State Bank of India (Towards Gangamma Circle),13.04999,77.55345,,nan
State Bank of India,nan,SBIBEL,39538,State Bank of India (Towards BEL Circle),13.05042,77.55315,,nan
Steel Factory Banasawadi,nan,BNSW2,22661,Steel Factory Banasawadi (Towards  Banasawadi),13.01328,77.64958,,nan
Steel Factory Banasawadi,nan,BNSW2,36246,Steel Factory Banasawadi (Towards SBS),13.01318,77.64955,,nan
Sterling Apartment,nan,STRAP,26703,Sterling Apartment (Towards Kodigehalli Gate),13.05783,77.58845,,nan
Sterling Apartment,nan,STRAP,34706,Sterling Apartment (Towards Kodigehalli),13.05778,77.58834,,nan
Stone Factory,nan,STNF,26707,Stone Factory (Towards Gangasandra),12.84424,77.49762,,nan
Stone Factory,nan,STNF,34708,Stone Factory (Towards Banashankari Bus Station),12.84428,77.49759,,nan
Sub-Registrar Office,nan,SUB REO,39446,Sub-Registrar Office (Towards RM Guttahalli Under Pass),12.99926,77.57838,,nan
Subbaiah Circle,nan,SBCC,21196,Subbaiah Circle (Towards K H Road),12.96262,77.59111,,nan
Subbaiah Circle,nan,SBCC,23999,Subbaiah Circle (Towards Poornima Talkies),12.96255,77.5911,,nan
Subbanna Garden,nan,SBNGDN,34709,Subbanna Garden (Towards Vijayanagara TTMC),12.96468,77.5322,,nan
Subbanna Garden,nan,SBNGDN,36351,Subbanna Garden (Towards G K W Layout),12.96464,77.53225,,nan
Subbarayappanapalya,nan,SRP2,26710,Subbarayappanapalya (Towards Subbarayanapalya),12.87866,77.42027,,nan
Subbarayappanapalya 1,nan,SRP2,31413,Subbarayappanapalya 1 (Towards Subbarayanapalya),12.87871,77.42019,,nan
Subbarayappanapalya Cross,nan,SRYPC,26712,Subbarayappanapalya Cross (Towards Gerupalya ),12.88927,77.43773,,nan
Subbarayappanapalya Cross,nan,SRYPC,34710,Subbarayappanapalya Cross (Towards Bheemanakuppe ),12.88923,77.4377,,nan
Subhashnagara Hosa Road,nan,SBHHRD,34711,Subhashnagara Hosa Road (Towards Subhash Nagara Hosa Road),12.87083,77.63833,,nan
Subhashnagara Hosa Road,nan,SBHHSR,26714,Subhashnagara Hosa Road (Towards Singsandra),12.87084,77.63828,,nan
Subramanya Swamy Temple,nan,SSTL,39632,Subramanya Swamy Temple (Towards Dommasandra Circle),12.88672,77.74249,,nan
Subramanya Swamy Temple,nan,SUBS,21197,Subramanya Swamy Temple (Towards Giri Nagara),12.94171,77.562,,nan
Subramanya Swamy Temple,nan,SUBST,21198,Subramanya Swamy Temple (Towards Ganesh Bhavana),12.94359,77.56165,,nan
Subramanya swamy Temple,nan,SSTL,39633,Subramanya swamy Temple (Towards Muttanallur Cross),12.88657,77.74248,,nan
Subramanyanagara Cross,nan,SMNGR,26716,Subramanyanagara Cross (Towards Yashwanthapura TTMC),13.00409,77.56133,,nan
Subramanyanagara Cross,nan,SMNGR,34712,Subramanyanagara Cross (Towards Okalipuram),13.00415,77.56136,,nan
Subramanyanagara Police Station,nan,SBMNPS,27714,Subramanyanagara Police Station (Towards Yeshwanthapura Bus Stand),13.0034,77.55341,,nan
Subramanyanagara Police Station,nan,SBMNPS,34265,Subramanyanagara Police Station (Towards Navarang),13.00347,77.55356,,nan
Subramanyanagara Thyamagondlu,nan,SBMN1,26718,Subramanyanagara Thyamagondlu (Towards T Begur),13.21185,77.31256,,nan
Subramanyanagara Thyamagondlu,nan,SBMN1,34713,Subramanyanagara Thyamagondlu (Towards Thyamagondlu),13.21171,77.31246,,nan
Subramanyapura KEB,nan,SBRKEB,22159,Subramanyapura KEB (Towards Vasanthapura),12.89766,77.5463,,nan
Subramanyapura KEB,nan,SBRKEB,22160,Subramanyapura KEB (Towards Uttarahalli),12.89759,77.54631,,nan
Subramanyapura Police Station,nan,SRMPLSN,22393,Subramanyapura Police Station (Towards Vasanthapura),12.90149,77.54417,,nan
Subramanyapura Police Station,nan,SRMPLSN,22394,Subramanyapura Police Station (Towards Uttarahalli),12.90146,77.54411,,nan
Subramanyapura Post Office,nan,SBMPO,34276,Subramanyapura Post Office (Towards Uttarahalli),12.89878,77.54389,,nan
Subramanyapura Post Office,nan,SPR PSTO,22398,Subramanyapura Post Office (Towards Vasanthapura),12.89883,77.54391,,nan
Sudduguntepalya,nan,SDPY3,23957,Sudduguntepalya (Towards Tavarakere),12.93123,77.60988,,nan
Sudduguntepalya,nan,SDPY3,23964,Sudduguntepalya (Towards Bengaluru Diary Circle),12.9312,77.60985,,nan
Sugalla,nan,SGL1,26720,Sugalla (Towards Kundana),13.2574,77.63232,,nan
Sugalla,nan,SGL1,34714,Sugalla (Towards Sadahalli),13.25756,77.63244,,nan
Sugaturu,nan,SGTR1,26722,Sugaturu (Towards Jangamakote),13.25698,77.83276,,nan
Sugaturu,nan,SGTR1,34715,Sugaturu (Towards I Basapura),13.25697,77.83283,,nan
Sugganahalli,nan,SGH30,26724,Sugganahalli (Towards Thimmegowdana Doddy),12.79946,77.31889,,nan
Sugganahalli Circle,nan,SGHC5,26726,Sugganahalli Circle (Towards Thimmegowdana Doddy),12.80091,77.31467,,nan
Sugganahalli Circle,nan,SGHC5,38486,Sugganahalli Circle (Towards Ramapura),12.8009,77.31466,,nan
Suggatta,nan,SGT,26728,Suggatta (Towards Gantaganahalli),13.14464,77.60332,,nan
Suggatta,nan,SGT,34718,Suggatta (Towards SMVIT College),13.14482,77.60357,,nan
Sulibele,nan,SLB1,26730,Sulibele (Towards Vijayapura),13.18673,77.80293,,nan
Sulibele,nan,SLB1,34719,Sulibele (Towards Hoskote),13.18673,77.80311,,nan
Sulibele KEB,nan,SLBKEB-1,26732,Sulibele KEB (Towards Hoskote),13.18553,77.80024,,nan
Sulibele KEB,nan,SLBKEB-1,34720,Sulibele KEB (Towards Jangamakote),13.18563,77.80042,,nan
Sulibele Quarters,nan,SLBQTS,26734,Sulibele Quarters (Towards Hoskote),13.18893,77.80546,,nan
Sulibele Quarters,nan,SLBQTS,34721,Sulibele Quarters (Towards Vijayapura),13.18895,77.80541,,nan
Sulikere,nan,SLK,26736,Sulikere (Towards Sulikere Cross),12.93913,77.4481,,nan
Sulikere,nan,SLK,34722,Sulikere (Towards Ramasandra),12.93913,77.44806,,nan
Sulikere Cross,nan,SLKRC,26738,Sulikere Cross (Towards Kommaghatta ),12.93484,77.44647,,nan
Sulikere Cross,nan,SLKRC,34723,Sulikere Cross (Towards Tavarakere ),12.93479,77.44652,,nan
Sulikere Palya,nan,SLKRPL1,26740,Sulikere Palya (Towards Ramasandra),12.94457,77.44959,,nan
Sulikunte,nan,SLKT1,26742,Sulikunte (Towards Jalige),13.25409,77.59933,,nan
Sulikunte,nan,SLKT2,35124,Sulikunte (Towards Sarjapura),12.89246,77.72846,,nan
Sulikunte,nan,SLKT2,35238,Sulikunte (Towards Kempegowda Bus Station),12.89228,77.72851,,nan
Sulivara,nan,SLV1,26744,Sulivara (Towards Gollahalli),12.90299,77.36218,,nan
Sulivara,nan,SLV1,34726,Sulivara (Towards Kurubarapalya),12.90297,77.36215,,nan
Sulivara Cross,nan,SLVRC,26746,Sulivara Cross (Towards Sulivara),12.90252,77.36757,,nan
Sulivara Cross,nan,SLVRC,34727,Sulivara Cross (Towards Chandrappa Circle),12.90253,77.36752,,nan
Sultan palya,nan,SLTPL,35078,Sultan palya (Towards Bhuvaneshwari Nagara),13.02661,77.604,,nan
Sultan palya,nan,STP,35285,Sultan palya (Towards R T Nagara),13.02662,77.60404,,nan
Sultanpalya,nan,SULTNP,26749,Sultanpalya (Towards Thyavakanahalli Gate),12.82755,77.77873,,nan
Sultanpalya,nan,SULTNP,34728,Sultanpalya (Towards Narasapura),12.82749,77.77868,,nan
Sultanpalya Ashwathkatte,nan,ASKTSTP,23345,Sultanpalya Ashwathkatte (Towards Sultanpalya),13.02463,77.60335,,nan
Sultanpalya Ashwathkatte,nan,ASKTSTP1,23197,Sultanpalya Ashwathkatte (Towards R T Nagara),13.02463,77.60339,,nan
Sultanpalya Cross Pushpanjali Talkies,nan,STPCR1,21201,Sultanpalya Cross Pushpanjali Talkies (Towards R T Nagara Police Station),13.02213,77.60242,,nan
Sultanpalya Cross Pushpanjali Talkies,nan,STPCR1,21202,Sultanpalya Cross Pushpanjali Talkies (Towards Kaval Byrasandra),13.02217,77.60241,,nan
Summanahalli,nan,D31G1,26750,Summanahalli (Towards Malagala),12.98631,77.51934,,nan
Summanahalli,nan,D31G1,35413,Summanahalli (Towards Goraguntepalya),12.98814,77.51951,,nan
Summanahalli,nan,SMH,21203,Summanahalli (Towards Kamakshipalya),12.98682,77.52077,,nan
Summanahalli,nan,SMH3,21204,Summanahalli (Towards Sunkadakatte),12.98739,77.51914,,nan
Sumuka Layout,nan,SUMKL,26754,Sumuka Layout (Towards Depot-38),12.8548,77.70004,,nan
Sumuka Layout,nan,SUMKL,34730,Sumuka Layout (Towards Huskur),12.85483,77.69997,,nan
Sun Shine School,nan,SSSCH,26756,Sun Shine School (Towards Ring Road),13.03088,77.66821,,nan
Sun Shine School,nan,SSSCH,34731,Sun Shine School (Towards Kalkere),13.03098,77.66837,,nan
Sun Valley Public School Thimmsandra,nan,PUBLSC,26758,Sun Valley Public School Thimmsandra (Towards Hoskote),13.12852,77.77387,,nan
Sun Valley Public School Thimmsandra,nan,PUBLSC,34732,Sun Valley Public School Thimmsandra (Towards Sulibele),13.12839,77.77382,,nan
Suncity Apartment ORR Road,nan,SCAORR,36762,Suncity Apartment ORR Road (Towards Jn Of Sarjapur),12.92379,77.66535,,nan
Sundara Nagara,nan,SNDN,26760,Sundara Nagara (Towards Depot-43),13.07151,77.42296,,nan
Sundara Nagara,nan,SNDN,34733,Sundara Nagara (Towards Arishinakunte),13.07147,77.42291,,nan
Sundaram Estate,nan,SDE1,26762,Sundaram Estate (Towards Karenahalli),12.77732,77.47597,,nan
Sundaram Estate,nan,SDE1,34734,Sundaram Estate (Towards Nelaguli),12.77736,77.47598,,nan
Sunkadakatte,nan,SKDKT1,22524,Sunkadakatte (Towards ITI Layout),12.98931,77.50583,,nan
Sunkadakatte,nan,SKK,21205,Sunkadakatte (Towards Summanahalli),12.98946,77.50638,,nan
Sunkadakatte,nan,SKK,21206,Sunkadakatte (Towards Gollarahatti),12.99018,77.5038,,nan
Sunkadakatte,nan,SKK,36607,Sunkadakatte (Towards Hegganahalli),12.98989,77.50154,,nan
Sunkadakatte Junction,nan,SKK,35966,Sunkadakatte Junction (Towards Siddartha Badavane),12.98936,77.50768,,nan
Super Talkies (Cottonpet Hospital),nan,CTNPTH,20729,Super Talkies (Cottonpet Hospital) (Towards Royan Circle),12.96808,77.57023,,nan
Surabhi Layout,nan,SRL1,35114,Surabhi Layout (Towards Jambu Savari Dinne),12.8675,77.58184,,nan
Surabhi Layout,nan,SRL1,35351,Surabhi Layout (Towards Kothanuru Dinne),12.86759,77.58183,,nan
Suradenapura Gate,nan,SRDP1,26767,Suradenapura Gate (Towards Rajanukunte),13.20445,77.55912,,nan
Suradenapura Gate,nan,SRDP1,34736,Suradenapura Gate (Towards Doddaballapura),13.20426,77.55907,,nan
Suragajakkanahalli,nan,SRGJKL,24091,Suragajakkanahalli (Towards Indlawadi Cross),12.73968,77.66913,,nan
Suragajakkanahalli,nan,SRGJKL,24218,Suragajakkanahalli (Towards Kumbaranahalli),12.73965,77.66906,,nan
Suranjan Das Road/NGEF,nan,NGEF,23421,Suranjan Das Road/NGEF (Towards Swamy Vivekananda Metro Station),12.98648,77.64797,,nan
Suranjan Das Road/NGEF,nan,NGEF,26771,Suranjan Das Road/NGEF (Towards ‌H A L Main Gate),12.98643,77.6481,,nan
Surdenapura Gate,nan,SDPG,26770,Surdenapura Gate (Towards Sadenahalli),13.20635,77.56287,,nan
Surya Nagara,nan,SURNR,23833,Surya Nagara (Towards Iggaluru),12.79081,77.70578,,nan
Surya Nagara,nan,SURNR,23984,Surya Nagara (Towards Chandapura),12.79071,77.70562,,nan
Surya Nagara Apartment,nan,SRYAPT,24318,Surya Nagara Apartment (Towards Janthagondanahalli),12.9314,77.76252,,nan
Surya Nagara Apartment,nan,SRYAPT,24331,Surya Nagara Apartment (Towards Varthuru),12.9313,77.76268,,nan
Suryacity Gate,nan,SCG,26775,Suryacity Gate (Towards Chandapura KEB),12.79258,77.70601,,nan
Suryacity Gate,nan,SCG,35227,Suryacity Gate (Towards Iggaluru),12.79265,77.70614,,nan
Suryanagara 2nd Stage B Block,nan,SNCT,39303,Suryanagara 2nd Stage B Block (Towards Last Stop),12.77274,77.6862,,nan
Suvarna Karnataka Bus Stand,nan,SVRNB,26778,Suvarna Karnataka Bus Stand (Towards Kodigehalli),13.06185,77.58719,,nan
Suvarna Karnataka Bus Stand,nan,SVRNB,34739,Suvarna Karnataka Bus Stand (Towards Sanjivininagara),13.06186,77.58724,,nan
Suvarna Nagara,nan,SVRN1,26779,Suvarna Nagara (Towards Doddabidarakallu),13.03327,77.49453,,nan
Suvarna Nagara,nan,SVRN1,26780,Suvarna Nagara (Towards 8th mile),13.03324,77.49491,,nan
Swabhiman Park,nan,SBMNP1,38146,Swabhiman Park (Towards Mangammanapalya),12.9122,77.64151,,nan
Swabiman Park,nan,SBMNP1,38145,Swabiman Park (Towards Agara),12.91229,77.6414,,nan
Swami Narayana Gurukula,nan,SNGRKL1,21207,Swami Narayana Gurukula (Towards Bidadi),12.86656,77.43692,,nan
Swami Narayana Gurukula,nan,SNGRKL1,21208,Swami Narayana Gurukula (Towards Kengeri),12.8667,77.43659,,nan
Swamy Vivekananda Metro Station Resurectio Church,nan,ISOLH,39708,Swamy Vivekananda Metro Station Resurectio Church (Towards CV Raman Nagara Hospital),12.98513,77.64527,,nan
Swamy Vivekananda Metro Station/Isolation Hospital,nan,SVMS,20862,Swamy Vivekananda Metro Station/Isolation Hospital (Towards Kempegowda Bus Station),12.98507,77.6434,,nan
Swamy Vivekananda Metro Station/Isolation Hospital,nan,SVMS2,22527,Swamy Vivekananda Metro Station/Isolation Hospital (Towards Tin Factory),12.9858,77.64501,,nan
Swastik Sheshadripuram,nan,SWSTK1,28295,Swastik Sheshadripuram (Towards Central),12.98784,77.57449,,nan
Swastik Sheshadripuram College,nan,SWSTK1,26782,Swastik Sheshadripuram College (Towards Ananda Rao Circle),12.98851,77.57414,,nan
Swastik Sheshadripuram College,nan,SWSTK1,35073,Swastik Sheshadripuram College (Towards Shivananda Circle),12.98916,77.57416,,nan
Swastik Sheshadripuram College,nan,SWSTK1,35303,Swastik Sheshadripuram College (Towards Central),12.98798,77.57422,,nan
Syndicate Bank,nan,SYNDB,20809,Syndicate Bank (Towards Ramakrishna Ashrama),12.9466,77.56423,,nan
Syndicate Bank Layout,nan,SNDBLO1,26786,Syndicate Bank Layout (Towards Herohalli Cross),12.99796,77.48947,,nan
Syndicate Bank Layout,nan,SNDBLO1,34741,Syndicate Bank Layout (Towards Andrahalli),12.99801,77.4894,,nan
Systems Peenya,nan,SSTM,21209,Systems Peenya (Towards Jalahalli Cross),13.03497,77.51794,,nan
Systems Peenya,nan,SSTM,21210,Systems Peenya (Towards Peenya 2nd Stage),13.03506,77.51806,,nan
T Agrahara,nan,TAGR12,34745,T Agrahara (Towards Bavapura),13.19031,77.85221,,nan
T Agrahara,nan,TAGR12,34746,T Agrahara (Towards Dodda Haralegere),13.19026,77.85222,,nan
T Agrahara,nan,TAGRA,34743,T Agrahara (Towards Patalamma Temple),13.18141,77.57877,,nan
T Agrahara,nan,TAGRA,34744,T Agrahara (Towards Tharahunase),13.18151,77.57876,,nan
T Begur,nan,TBGR,26796,T Begur (Towards Nelamangala),13.15005,77.33952,,nan
T Begur,nan,TBGR,34748,T Begur (Towards Thyamagondlu),13.14859,77.33898,,nan
T Dasarahalli,nan,TDSH,21211,T Dasarahalli (Towards Nelamangala),13.04283,77.51276,,nan
T Dasarahalli,nan,TDSH,21212,T Dasarahalli (Towards Jalahalli Cross),13.04309,77.51288,,nan
T Hosahalli,nan,THSH2,38062,T Hosahalli (Towards Kempa Lingapura),13.23604,77.67014,,nan
T Hosahalli,nan,THSH2,38063,T Hosahalli (Towards Palya Gate),13.23602,77.67022,,nan
T John College,nan,TJCLG,35130,T John College (Towards Basavanapura Gate),12.84984,77.58834,,nan
T John College,nan,TJCLG,35230,T John College (Towards Gottigere),12.84936,77.5883,,nan
TATA Advance Jigani Industrial Area,nan,TATAA,26809,TATA Advance Jigani Industrial Area (Towards Jigani),12.77498,77.64136,,nan
TATA Advance Jigani Industrial Area,nan,TATAA,34753,TATA Advance Jigani Industrial Area (Towards Vaddarapalya),12.77495,77.64143,,nan
TB Gate Thippagondanahalli,nan,TTBG,21611,TB Gate Thippagondanahalli (Towards Tavarakere),12.96245,77.34291,,nan
TB Nelamangala,nan,TBN,22534,TB Nelamangala (Towards Jalahalli Cross),13.09718,77.40144,,nan
TB Nelamangala,nan,TBN,26838,TB Nelamangala (Towards Nelamangala),13.09706,77.40148,,nan
TC Palya,nan,SAC,26840,TC Palya (Towards B Channasandra),13.02161,77.69986,,nan
TC Palya,nan,SAC,34768,TC Palya (Towards TC Palya Cross),13.0216,77.69998,,nan
TC Palya  Gate Hosakote Road,nan,TAMPLYA,22535,TC Palya  Gate Hosakote Road (Towards Kempegowda Bus Station),13.01705,77.7045,,nan
TC Palya  Gate Hosakote Road,nan,TAMPLYA,22536,TC Palya  Gate Hosakote Road (Towards Hosakote),13.01734,77.70475,,nan
TC Palya  Gate Hosakote Road,nan,TMBTY,26841,TC Palya  Gate Hosakote Road (Towards Kittaganuru),13.01738,77.70438,,nan
TC Palya Cross,nan,TCPC,26843,TC Palya Cross (Towards TC Palya),13.02084,77.7049,,nan
TC Palya Cross,nan,TCPC,34769,TC Palya Cross (Towards Kittagunuru),13.02087,77.70493,,nan
TCI,nan,TCI1,22537,TCI (Towards Jalahalli Cross),13.05924,77.46527,,nan
TCI,nan,TCI1,26844,TCI (Towards Nelamangala),13.05906,77.46474,,nan
TG Halli Quarters,nan,TGHTBG,21612,TG Halli Quarters (Towards Tavarakere),12.95244,77.33529,,nan
TG Halli Quarters,nan,TGHTBG,21613,TG Halli Quarters (Towards Magadi),12.95256,77.33555,,nan
TISB Boys Hostel,nan,TIBYHS,22562,TISB Boys Hostel (Towards Sarjapura),12.89213,77.74957,,nan
TISB Boys Hostel,nan,TIBYHS,22563,TISB Boys Hostel (Towards Varthuru),12.89198,77.74945,,nan
TP Gate Thippagondanahalli,nan,TTBG,21618,TP Gate Thippagondanahalli (Towards Magadi),12.96238,77.34318,,nan
TR Mill,nan,TRM,21233,TR Mill (Towards Jinke Park),12.95683,77.55921,,nan
TR Mill,nan,TRM,21234,TR Mill (Towards Sirsi Circle),12.9574,77.55926,,nan
TV Tower,nan,TVT,23790,TV Tower (Towards Shivaji Nagara),13.01002,77.5906,,nan
TV Tower,nan,TVT,24020,TV Tower (Towards Mekhri Circle),13.00999,77.59058,,nan
TVS Cross Peenya,nan,TVSC1,21236,TVS Cross Peenya (Towards Jalahalli Cross),13.02868,77.51957,,nan
TVS Cross Peenya,nan,TVSC1,21237,TVS Cross Peenya (Towards NTTF),13.02835,77.51953,,nan
TVS Cross Peenya,nan,TVSC5,27085,TVS Cross Peenya (Towards Kanteerava Studio),13.02837,77.51984,,nan
Talaguppe,nan,TLGP1,34749,Talaguppe (Towards Talaguppe),12.81141,77.43324,,nan
Talaguppe,nan,TLGP2,26801,Talaguppe (Towards Gollarapalya),12.81135,77.43327,,nan
Talegere,nan,TLREG,26805,Talegere (Towards O B Chudanahalli),12.8314,77.52934,,nan
Talegere,nan,TLREG,34751,Talegere (Towards Vaderahalli),12.83117,77.52948,,nan
Tamara Residencial Layout Kachmaranhalli,nan,TRLKM1,40415,Tamara Residencial Layout Kachmaranhalli (Towards Kachmaranhalli),12.91116,77.73248,,nan
Tarabahalli,nan,TBHGT,26807,Tarabahalli (Towards H Cross),13.23722,77.92617,,nan
Tarabahalli,nan,TBHGT,34752,Tarabahalli (Towards Hoskote),13.23708,77.92619,,nan
Target Shooting Academy,nan,nan,40333,Target Shooting Academy (Towards Bagaluru),13.11442,77.66776,,nan
Target Shooting Academy,nan,nan,40334,Target Shooting Academy (Towards Hennuru Cross),13.11442,77.66789,,nan
Tata Institute,nan,TTI1,21213,Tata Institute (Towards Yashwanthapura),13.01514,77.56382,,nan
Tata Institute,nan,TTI1,21214,Tata Institute (Towards Malleshwara  Sankey tank),13.01313,77.56755,,nan
Tata Institute,nan,TTI1,21215,Tata Institute (Towards Mekhri Circle),13.01437,77.56803,,nan
Tata Nagara Entrance,nan,TNREC,26820,Tata Nagara Entrance (Towards Hebbala),13.05341,77.57525,,nan
Tata Nagara Entrance,nan,TNREC,34758,Tata Nagara Entrance (Towards TATA Nagara),13.0534,77.57516,,nan
Tata Silk Farm,nan,TSF,22528,Tata Silk Farm (Towards Shanthi Talkies),12.93583,77.57379,,nan
Tata Silk Farm,nan,TSF,22529,Tata Silk Farm (Towards Banashankari Bus Station),12.93589,77.57384,,nan
Tata Values Homes Apartments,nan,TVA,36392,Tata Values Homes Apartments (Towards Last Stop),13.10127,77.44443,,nan
Tataguni,nan,THGNI,26821,Tataguni (Towards Banashankari ),12.84373,77.5092,,nan
Tataguni,nan,THGNI,26900,Tataguni (Towards Gangasandra),12.84369,77.50916,,nan
Tatanagara,nan,TNREC,39680,Tatanagara (Towards Last Stop),13.05519,77.57318,,nan
Tattaguppe,nan,TGPUPE,22530,Tattaguppe (Towards Mukkodlu),12.7737,77.52934,,nan
Tattaguppe,nan,TGPUPE,22531,Tattaguppe (Towards Tharalu),12.77368,77.52926,,nan
Tattanalli Gate,nan,TTGT1,26822,Tattanalli Gate (Towards Attibele),12.73549,77.73079,,nan
Tattanuru,nan,TTNUR4,26824,Tattanuru (Towards Mugaluru),12.91531,77.82413,,nan
Tattanuru,nan,TTNUR4,34759,Tattanuru (Towards Muthkur),12.91515,77.82413,,nan
Tattekere,nan,TTKR,26826,Tattekere (Towards Harohalli),12.67309,77.57266,,nan
Tattekere,nan,TTKR,34760,Tattekere (Towards Kanivemadhapura),12.67304,77.57257,,nan
Tavakkal Hospital,nan,TVKLH1,22532,Tavakkal Hospital (Towards Mittaganahalli),13.10594,77.66442,,nan
Tavakkal Hospital,nan,TVKLH1,22533,Tavakkal Hospital (Towards Kannuru),13.10578,77.66442,,nan
Tavarekatte,nan,TVRKT2,26828,Tavarekatte (Towards Dodda Aladamara),12.91145,77.38282,,nan
Tavarekatte,nan,TVRKT2,34761,Tavarekatte (Towards Chandrappa Circle),12.91142,77.3828,,nan
Tavarekere,nan,TVK3,39650,Tavarekere (Towards Deva Machohalli Cross),12.96566,77.39987,,nan
Tavarekere,nan,TVKGT,21610,Tavarekere (Towards Magadi),12.96581,77.40014,,nan
Tavarekere,nan,TVKGT,34765,Tavarekere (Towards Yalachakuppe),12.96567,77.4001,,nan
Tavarekere,nan,TVKGT1,21609,Tavarekere (Towards Gollarahatti),12.9658,77.40008,,nan
Tavarekere Aladamara,nan,TVKAM1,23960,Tavarekere Aladamara (Towards Jai Bhima Nagara),12.92215,77.61054,,nan
Tavarekere Aladamara,nan,TVKAM1,23961,Tavarekere Aladamara (Towards Muneshwar Devastan),12.92211,77.61055,,nan
Tavarekere Mori,nan,TVKMRI,23959,Tavarekere Mori (Towards Jai Bhima Nagara),12.92504,77.60886,,nan
Tavarekere Mori,nan,TVKMRI,23962,Tavarekere Mori (Towards Dairy Circle),12.925,77.60886,,nan
Teachers Colony Geddalahalli,nan,TCHR1,38711,Teachers Colony Geddalahalli (Towards Last Stop),13.05521,77.63908,,nan
Telecom Layout,nan,TLC,34772,Telecom Layout (Towards Kalidasa Layout),12.94843,77.54937,,nan
Telecom Layout,nan,TLCML,35055,Telecom Layout (Towards Srirampura),13.06793,77.61654,,nan
Telecom Layout,nan,TLCML,35270,Telecom Layout (Towards Jakkur Layout),13.06791,77.61657,,nan
Telecom Layout,nan,TLCMLO,26850,Telecom Layout (Towards Srinagara),12.94844,77.54928,,nan
Telecom Layout Ashwath Nagara,nan,TLCLT,26852,Telecom Layout Ashwath Nagara (Towards Nagavara),13.05152,77.63151,,nan
Telecom Layout Ashwath Nagara,nan,TLCLT,34773,Telecom Layout Ashwath Nagara (Towards Telecom Layout Ashwath Nagara),13.05156,77.63151,,nan
Telephone Exchange AGO/VSD,nan,AGS,21216,Telephone Exchange AGO/VSD (Towards Palace Guttahalli),12.98225,77.58852,,nan
Telephone Exchange AGO/VSD,nan,AGS,21217,Telephone Exchange AGO/VSD (Towards Maharani College),12.98219,77.58869,,nan
Tennis Court Thindlu,nan,TCRT1,23519,Tennis Court Thindlu (Towards Kodigehalli Railway Gate),13.06835,77.56952,,nan
Tennis Court Thindlu,nan,TCRT1,24116,Tennis Court Thindlu (Towards Thindlu),13.06825,77.56946,,nan
Thabarahalli,nan,TRH,26856,Thabarahalli (Towards Yalahanka),13.18848,77.64475,,nan
Thabarahalli,nan,TRH,34774,Thabarahalli (Towards Devanahalli),13.18861,77.64427,,nan
Thabarahalli Gate,nan,THBH,26857,Thabarahalli Gate (Towards Tharabanahalli),13.18856,77.64409,,nan
Thagachaguppe,nan,TGCGP,26861,Thagachaguppe (Towards Magadi),12.96006,77.28965,,nan
Thagachaguppe,nan,TGCGP,34777,Thagachaguppe (Towards Thippagondanahalli),12.96017,77.28956,,nan
Thagachaguppe,nan,TGCKP1,34775,Thagachaguppe (Towards Devagere Cross),12.86647,77.45507,,nan
Thagachaguppe,nan,TGCKP1,34776,Thagachaguppe (Towards Kumbalagodu),12.86645,77.45504,,nan
Thalagattapura,nan,TAGP,22538,Thalagattapura (Towards Kaggalipura),12.86958,77.53705,,nan
Thalagattapura,nan,TAGP,22539,Thalagattapura (Towards Banashankari Bus Station),12.86958,77.53685,,nan
Thalaghattapura Metro Station,nan,TGPMS,35890,Thalaghattapura Metro Station (Towards Banashankari Bus Station),12.87143,77.53833,,nan
Thalaghattapura Metro Station,nan,TGPMS,37739,Thalaghattapura Metro Station (Towards Kaggalipura),12.87128,77.53854,,nan
Thalaker Cross,nan,THLRCS,26866,Thalaker Cross (Towards T Begur),13.15853,77.32531,,nan
Thalaker Cross,nan,THLRCS,34779,Thalaker Cross (Towards Halkuru),13.15833,77.32524,,nan
Thalakunte,nan,TLKT,36290,Thalakunte (Towards Ramapura),12.9289,77.91897,,nan
Thammanayakanahalli,nan,TAMNYKL,34781,Thammanayakanahalli (Towards Thammanayakanahalli),12.69564,77.63534,,nan
Thammarasanahalli,nan,TMHLI1,34782,Thammarasanahalli (Towards Teneyuru),13.19528,77.8335,,nan
Thammarasanahalli,nan,TMHLI1,34783,Thammarasanahalli (Towards Dodda Haralagere),13.19525,77.83355,,nan
Thammarasanahalli Madhugirihalli,nan,TMAH,26874,Thammarasanahalli Madhugirihalli (Towards Thammarasanahalli),13.12633,77.49753,,nan
Thammenahalli,nan,TMHP1,21218,Thammenahalli (Towards Thotada Guddadahalli),13.07818,77.4893,,nan
Thammenahalli,nan,TMNHL1,21219,Thammenahalli (Towards Thammenahalli Station),13.07823,77.48927,,nan
Thammenahalli Cross,nan,TMNHC,26878,Thammenahalli Cross (Towards Janapriya Appartment),13.08435,77.48874,,nan
Thammenahalli Cross,nan,TMNHC,34786,Thammenahalli Cross (Towards Acharya College),13.08431,77.48872,,nan
Thammenahalli Palya,nan,TMHP1,26880,Thammenahalli Palya (Towards Thammenahalli),13.07598,77.48819,,nan
Thammenahalli Palya,nan,TMHP1,34787,Thammenahalli Palya (Towards Thotada Guddadahalli),13.07597,77.48823,,nan
Thandya,nan,TNDY,26882,Thandya (Towards Thippagondanahalli),12.9459,77.26576,,nan
Thandya,nan,TNDY1,34788,Thandya (Towards Magadi),12.94578,77.26601,,nan
Thandya Dabaspete,nan,THNDYA,26884,Thandya Dabaspete (Towards Kengal Grama),13.2132,77.2399,,nan
Thandya Junction,nan,JCKT1,30410,Thandya Junction (Towards Sheshagiripura),12.87616,77.40108,,nan
Thanisandra,nan,TLBSD,22540,Thanisandra (Towards RK Hegadenagara),13.05614,77.6328,,nan
Thanisandra,nan,TLBSD,22541,Thanisandra (Towards Nagavara Junction),13.0561,77.63291,,nan
Thanisandra,nan,TLBSD,26886,Thanisandra (Towards Junction of Nagawara),13.05598,77.63222,,nan
Thanisandra,nan,TLBSD,34790,Thanisandra (Towards Sri Rampura),13.05588,77.63225,,nan
Tharabanahalli,nan,TBHLY,26890,Tharabanahalli (Towards Thindlu),12.99654,77.84406,,nan
Tharabanahalli,nan,TBHLY,34793,Tharabanahalli (Towards Makanahalli),12.99641,77.84401,,nan
Tharabanahalli,nan,TBRH,21614,Tharabanahalli (Towards Chikka Banavara),13.10126,77.48088,,nan
Tharabanahalli,nan,TRBH,21220,Tharabanahalli (Towards Hesaraghatta),13.10124,77.48081,,nan
Tharabanahalli,nan,TRBH,36328,Tharabanahalli (Towards Shiluvepura),13.10129,77.48083,,nan
Tharabanahalli,nan,TRBH1,34791,Tharabanahalli (Towards Tharabanahalli Gate),13.19046,77.62767,,nan
Tharabanahalli,nan,TRBH1,34792,Tharabanahalli (Towards Tharabanahalli Colony),13.19037,77.62759,,nan
Tharabanahalli Choultry,nan,TRBHC,21221,Tharabanahalli Choultry (Towards Hesaraghatta),13.10535,77.47916,,nan
Tharabanahalli Choultry,nan,TRBHC,21615,Tharabanahalli Choultry (Towards Chikkabanavara),13.10537,77.47922,,nan
Tharabanahalli Colony,nan,TBCS 1,26892,Tharabanahalli Colony (Towards Gadigenahalli),13.19084,77.62535,,nan
Tharabanahalli Colony,nan,TBCS 1,34794,Tharabanahalli Colony (Towards Tharabanahalli),13.19116,77.62524,,nan
Tharabanahalli Gate,nan,THBH,34796,Tharabanahalli Gate (Towards Venkatala),13.1886,77.64397,,nan
Tharahunase,nan,THASDD,26899,Tharahunase (Towards Bettahalasuru),13.17863,77.58859,,nan
Tharahunase,nan,THASDD,34798,Tharahunase (Towards Thimmasandra),13.17859,77.58859,,nan
Tharalu,nan,TRL1,22542,Tharalu (Towards Tataguppe),12.78933,77.52241,,nan
Tharalu,nan,TRL1,22543,Tharalu (Towards Gulakamale),12.7893,77.52234,,nan
Tharalu Estate,nan,TRL5,22544,Tharalu Estate (Towards Guttepalya),12.78729,77.53539,,nan
Tharalu Estate,nan,TRL5,22545,Tharalu Estate (Towards Tharalu),12.78726,77.53541,,nan
Thataguni BWSSB,nan,TTG BBSB,34799,Thataguni BWSSB (Towards Banashankari Bus Station),12.84858,77.516,,nan
Thataguni BWSSB,nan,TTGNI BWSSB,26902,Thataguni BWSSB (Towards Gangasandra),12.84854,77.5161,,nan
Thattanahalli,nan,THN,26904,Thattanahalli (Towards Avadadenahalli),12.74541,77.72471,,nan
Thattanahalli,nan,THN,34800,Thattanahalli (Towards Thattanahalli),12.74546,77.72474,,nan
Thattanalli Gate,nan,TTGT1,26905,Thattanalli Gate (Towards Anekal),12.73535,77.7308,,nan
Thavatahalli,nan,TVTH1,26907,Thavatahalli (Towards Ambalipura),13.07707,77.86954,,nan
Thavatahalli,nan,TVTH1,34801,Thavatahalli (Towards Kolara Road),13.07706,77.86952,,nan
Thayappana Doddy,nan,TYPD5,26908,Thayappana Doddy (Towards Thayappana Doddy),12.7105,77.4261,,nan
The Golden Palm Resort Nagarur colony Nelamangala,nan,GLDPLMNLM,26910,The Golden Palm Resort Nagarur colony Nelamangala (Towards Last Bus Stop),13.08893,77.44564,,nan
The HSR Club,nan,THSRC1,24283,The HSR Club (Towards HSR Layout 17th Cross),12.90905,77.64467,,nan
The HSR Club,nan,THSRC1,24296,The HSR Club (Towards Parangipalya),12.90907,77.64464,,nan
The Light House International Academy,nan,LHIA,37989,The Light House International Academy (Towards Last Stop),13.13364,77.72209,,nan
Thellahalli Gate,nan,THEGATE,26923,Thellahalli Gate (Towards Devanahalli),13.22041,77.74816,,nan
Thellahalli Gate,nan,THEGATE,34802,Thellahalli Gate (Towards Haraluru Gate),13.22072,77.74818,,nan
Theneyuru,nan,TNR,35018,Theneyuru (Towards Sulibele),13.22634,77.83664,,nan
Theneyuru,nan,TNR2,31422,Theneyuru (Towards Byrasandra Dinne),13.22635,77.8366,,nan
Therelek Engineers PVT LTD Peenya,nan,TEPLP,27556,Therelek Engineers PVT LTD Peenya (Towards Peenya 2nd Stage),13.02386,77.51844,,nan
Thigalara Chowdenahalli Cross,nan,CWDHLI,22546,Thigalara Chowdenahalli Cross (Towards Sarjapura),12.88181,77.75681,,nan
Thigalara Chowdenahalli Cross,nan,CWDHLI,22547,Thigalara Chowdenahalli Cross (Towards Dommasandra),12.88176,77.75683,,nan
Thigalarapalya,nan,TGP1,31425,Thigalarapalya (Towards 8th Mile),13.01675,77.48307,,nan
Thigalarapalya,nan,TGP1,35015,Thigalarapalya (Towards Magadi Road),13.0168,77.48309,,nan
Thigularapalya (Isuvanahalli),nan,TGLRP,37795,Thigularapalya (Isuvanahalli) (Towards Isuvanahalli),13.20862,77.34045,,nan
Thimmabhovipalya Shivanapura,nan,TBP1,31426,Thimmabhovipalya Shivanapura (Towards Shivanapura),13.05962,77.41933,,nan
Thimmabhovipalya Shivanapura,nan,TBP1,35014,Thimmabhovipalya Shivanapura (Towards Arishinakunte),13.05961,77.41928,,nan
Thimmadanahalli Gate,nan,TMDGT2,31427,Thimmadanahalli Gate (Towards Harohalli),12.95769,77.7754,,nan
Thimmadanahalli Gate,nan,TMDGT2,35013,Thimmadanahalli Gate (Towards Varthuru),12.95762,77.77544,,nan
Thimmaiahna Doddi Cross,nan,TMDI2,39964,Thimmaiahna Doddi Cross (Towards Tattigere),12.73532,77.60278,,nan
Thimmaiahna Doddi Cross,nan,TMDI2,39965,Thimmaiahna Doddi Cross (Towards Kallabalu),12.73532,77.60273,,nan
Thimmappana Palya,nan,TMPNPL,31429,Thimmappana Palya (Towards Thimmappanapalya),12.84165,77.39244,,nan
Thimmasandra,nan,BLKR,31803,Thimmasandra (Towards Hospete Gate),12.97337,77.24174,,nan
Thimmasandra,nan,BLKR,31804,Thimmasandra (Towards Belagumba),12.97302,77.24158,,nan
Thimmasandra,nan,THMS,35009,Thimmasandra (Towards Hosakote),13.12475,77.76944,,nan
Thimmasandra,nan,THMS,35704,Thimmasandra (Towards Budigere),13.12475,77.7694,,nan
Thimmasandra,nan,TMSDC,31801,Thimmasandra (Towards Tharahunase),13.17198,77.58129,,nan
Thimmasandra,nan,TMSDC,31802,Thimmasandra (Towards Rajanukunte),13.17202,77.58133,,nan
Thimmasandra Circle,nan,TMSDC,31436,Thimmasandra Circle (Towards Tharahunase),13.1699,77.58039,,nan
Thimmasandra Circle,nan,TMSDC,35008,Thimmasandra Circle (Towards Rajanukunte),13.16981,77.58048,,nan
Thimmasandra Gate,nan,TMSDRG,38496,Thimmasandra Gate (Towards Sugganahalli),12.80981,77.28479,,nan
Thimmasandra Gate,nan,TMSGT,31437,Thimmasandra Gate (Towards Devanahalli),13.12416,77.77332,,nan
Thimmasandra Gate,nan,TMSGT,35007,Thimmasandra Gate (Towards Hosakote),13.12419,77.77336,,nan
Thimmayya Garden,nan,TMYG,35005,Thimmayya Garden (Towards Sultanpalya Cross),13.01838,77.59867,,nan
Thimmayya Garden,nan,TMYGN,31439,Thimmayya Garden (Towards JC Nagara),13.01825,77.59872,,nan
Thimmegowdana Doddy,nan,TGD8,35004,Thimmegowdana Doddy (Towards Sugganahalli),12.78319,77.30844,,nan
Thimmegowdana Doddy,nan,TGD8,38483,Thimmegowdana Doddy (Towards Madapura),12.78319,77.3085,,nan
Thimmegowdana Doddy,nan,TGDND1,31805,Thimmegowdana Doddy (Towards Byramangala),12.76223,77.41606,,nan
Thimmegowdana Doddy,nan,TGDND1,31806,Thimmegowdana Doddy (Towards Mysore Road),12.76217,77.41598,,nan
Thimmegowdarapalya,nan,TMRPLU,31443,Thimmegowdarapalya (Towards Uttari),12.82437,77.49,,nan
Thimmegowdarapalya,nan,TMRPLU,35003,Thimmegowdarapalya (Towards Banjarapalya),12.8243,77.48999,,nan
Thindlu,nan,TDL2,31807,Thindlu (Towards Devarahalli),13.23438,77.59394,,nan
Thindlu,nan,TDL2,31808,Thindlu (Towards Jalige),13.23444,77.59397,,nan
Thindlu,nan,TNDL1,35002,Thindlu (Towards Tharabanahalli),12.99049,77.86492,,nan
Thindlu,nan,TNDL1,35702,Thindlu (Towards Pichaguntrahalli),12.99053,77.86493,,nan
Thindlu,nan,TNDUL1,23518,Thindlu (Towards Tennis Court Thindlu),13.07348,77.56684,,nan
Thindlu,nan,TNDUL1,35277,Thindlu (Towards Nanjappa Circle),13.07339,77.56674,,nan
Thindlu Cross,nan,TDLC1,31447,Thindlu Cross (Towards Thindlu),13.22855,77.59992,,nan
Thindlu Cross,nan,TDLC1,35001,Thindlu Cross (Towards Jalige),13.22853,77.59998,,nan
Thindlu Gate,nan,THINLUG,23397,Thindlu Gate (Towards Mahal Chowdadenahalli),12.86042,77.79879,,nan
Thindlu Gate,nan,THINLUG,23417,Thindlu Gate (Towards Sarjapur),12.86038,77.79881,,nan
Thindlu Gate Penesola Park,nan,THINLUG,37214,Thindlu Gate Penesola Park (Towards Last Stop),12.86359,77.79456,,nan
Thindlu Sarjapura,nan,TNDLU,31448,Thindlu Sarjapura (Towards Thindlu),12.86346,77.80806,,nan
Thindlu Sarjapura,nan,TNDLU,35000,Thindlu Sarjapura (Towards Sarjapura),12.86332,77.80812,,nan
Thippagondanahalli,nan,TPGDH,26971,Thippagondanahalli (Towards Magadi Road),12.96193,77.33628,,nan
Thippagondanahalli Tumkur Road,nan,TGHL,31449,Thippagondanahalli Tumkur Road (Towards Dabaspete),13.16007,77.3227,,nan
Thippagondanahalli Tumkur Road,nan,TGHL,34999,Thippagondanahalli Tumkur Road (Towards Nelamangala),13.1602,77.32295,,nan
Thippasandra,nan,TPS1,22548,Thippasandra (Towards Domlur),12.97371,77.6469,,nan
Thippasandra,nan,TPS2,22549,Thippasandra (Towards Halasuru),12.97361,77.64689,,nan
Thippasandra,nan,TPS4,34998,Thippasandra (Towards Avalahalli),12.87355,77.55638,,nan
Thippasandra,nan,TPS4,35701,Thippasandra (Towards Narayana Nagara),12.87351,77.55638,,nan
Thippasandra,nan,TPSDR1,31809,Thippasandra (Towards Ganjur),12.913,77.75308,,nan
Thippasandra,nan,TPSDR1,31810,Thippasandra (Towards Ramanayakanhalli),12.91287,77.75307,,nan
Thippasandra Gate,nan,TPSGT1,24024,Thippasandra Gate (Towards Nerige),12.91824,77.75456,,nan
Thippasandra Gate,nan,TPSGT1,24037,Thippasandra Gate (Towards Gunjuru),12.9182,77.75454,,nan
Thippasandra Market,nan,TPS2,26978,Thippasandra Market (Towards Ganesha Temple),12.97249,77.65099,,nan
Thippasandra Theatre Anjanapur,nan,TPSTKS,26979,Thippasandra Theatre Anjanapur (Towards Anjanapura 2nd Block),12.87358,77.55874,,nan
Thippasandra Theatre Anjanapura,nan,TPSTKS,26980,Thippasandra Theatre Anjanapura (Towards Avalahalli BDA Layout),12.87335,77.55851,,nan
Thippenahalli Anjaneya Temple,nan,TAT1,29535,Thippenahalli Anjaneya Temple (Towards 8th Mile),13.03574,77.4845,,nan
Thippenahalli Anjaneya Temple,nan,TAT1,35467,Thippenahalli Anjaneya Temple (Towards Thippenahalli Cross),13.03571,77.48451,,nan
Thippennahalli,nan,TPH,31453,Thippennahalli (Towards 8th Mile),13.0367,77.48707,,nan
Thippennahalli,nan,TPH,34997,Thippennahalli (Towards Indira Nagara),13.03662,77.48706,,nan
Thippennahalli Cross,nan,TPHC,31454,Thippennahalli Cross (Towards Nelagadaranahalli),13.02943,77.48362,,nan
Thippennahalli Cross,nan,TPHC,34996,Thippennahalli Cross (Towards Thippenahalli),13.02936,77.48361,,nan
Thippuru,nan,TPR1,31455,Thippuru (Towards Lingapura),12.8151,77.44123,,nan
Thippuru,nan,TPR1,34995,Thippuru (Towards Parasanapalya),12.81505,77.44129,,nan
Thirumala Dhaba,nan,TMLDC,22551,Thirumala Dhaba (Towards Bettahalli),13.09762,77.563,,nan
Thirumala Dhaba,nan,TMLDC,22552,Thirumala Dhaba (Towards Attur Layout),13.09774,77.56304,,nan
Thirumala Gate,nan,TMG,31456,Thirumala Gate (Towards Magadi),12.95104,77.24054,,nan
Thirumala Gate,nan,TMG,34994,Thirumala Gate (Towards Thippagondanahalli),12.95118,77.2404,,nan
Thirumala Theatre,nan,HSRLOVKG,26021,Thirumala Theatre (Towards Petrol Bunk HSR Layout),12.91946,77.64899,,nan
Thirumalapura,nan,TMLP,21222,Thirumalapura (Towards Hesaraghatta),13.12539,77.48362,,nan
Thirumalapura,nan,TMLP,21616,Thirumalapura (Towards Chikka Banavara),13.12536,77.48364,,nan
Thirumalapura,nan,TRMLP5,35700,Thirumalapura (Towards Katammana Doddy),12.82674,77.31201,,nan
Thirumalapura,nan,TRMLPR,31811,Thirumalapura (Towards Marikuppe),13.02041,77.29358,,nan
Thirumalapura,nan,TRMLPR,31812,Thirumalapura (Towards Motaganahalli),13.02042,77.29363,,nan
Thirumalashettyhalli Cross,nan,TRSHC,22553,Thirumalashettyhalli Cross (Towards Chikka Thirupathi),12.98602,77.78128,,nan
Thirumalashettyhalli Cross,nan,TRSHC,22554,Thirumalashettyhalli Cross (Towards Hope Farm),12.9862,77.7811,,nan
Thirumalashettyhalli Cross,nan,TRSHC,31460,Thirumalashettyhalli Cross (Towards Hosakote),12.98638,77.78122,,nan
Thirumenahalli,nan,TMH-1,31462,Thirumenahalli (Towards Jyothipura),13.11069,77.7536,,nan
Thirumenahalli Circle,nan,TMHC-4,34989,Thirumenahalli Circle (Towards Thirumenahalli),13.11115,77.75189,,nan
Thirumenahalli Cross (KNS College),nan,THRHC,22555,Thirumenahalli Cross (KNS College) (Towards Chokkanahalli),13.08871,77.6355,,nan
Thirumenahalli Cross (KNS College),nan,THRHC,22556,Thirumenahalli Cross (KNS College) (Towards Bellahalli Cross),13.08853,77.63531,,nan
Thirumenahalli Gate,nan,TMHG,31464,Thirumenahalli Gate (Towards Budigere Cross),13.11051,77.74517,,nan
Thirumenahalli Gate,nan,TMHG,34988,Thirumenahalli Gate (Towards Budigere),13.11048,77.74509,,nan
Thirupalya,nan,TIPLY,31465,Thirupalya (Towards Thirupalya),12.82316,77.66572,,nan
Thirupalya,nan,TIPLY,34987,Thirupalya (Towards Thirupalya Circle),12.82323,77.6658,,nan
Thirupalya Circle,nan,TUPLYA,31466,Thirupalya Circle (Towards Thirupalya),12.82337,77.66897,,nan
Thirupalya Circle,nan,TUPLYA,34986,Thirupalya Circle (Towards Muneshwara Temple),12.82341,77.66906,,nan
Thirupalya Govt Hospital,nan,TIPLYA,31467,Thirupalya Govt Hospital (Towards Muneshwara Temple),12.81801,77.66858,,nan
Thirupalya Govt Hospital,nan,TIPLYA,34985,Thirupalya Govt Hospital (Towards Bommasandra),12.8174,77.66853,,nan
Thirupalya Muneshwara Temple,nan,TIUPLY,34984,Thirupalya Muneshwara Temple (Towards Bommasandra),12.82321,77.66967,,nan
Thiruvaranga,nan,THVRG4,34981,Thiruvaranga (Towards Mugaluru),12.90181,77.8266,,nan
Thiruvaranga Gate,nan,TRVGGT1,31470,Thiruvaranga Gate (Towards Muthkur),12.89596,77.82872,,nan
Thiruvaranga Gate,nan,TVGR5,23402,Thiruvaranga Gate (Towards Chikka Thirupathi),12.89593,77.82876,,nan
Thiruvaranga Gate,nan,TVGR5,23412,Thiruvaranga Gate (Towards Mugaluru),12.89588,77.8288,,nan
Thittahalli,nan,TTHL,31472,Thittahalli (Towards Uttari),12.82179,77.46053,,nan
Thittahalli,nan,TTHL,34980,Thittahalli (Towards Gonipura),12.82176,77.46049,,nan
Thogur Cross,nan,TGRC,27019,Thogur Cross (Towards Bettadasanapura),12.84346,77.64425,,nan
Thogur Cross,nan,TGRC,35338,Thogur Cross (Towards Electronic City),12.84356,77.64427,,nan
Thokathimmana Doddy,nan,THKC,27020,Thokathimmana Doddy (Towards Thokathimmana Doddy),12.7483,77.47984,,nan
Thokathimmana Doddy Cross,nan,THKC,31473,Thokathimmana Doddy Cross (Towards Vaderahalli),12.74401,77.47878,,nan
Thokathimmana Doddy Cross,nan,THKC,34979,Thokathimmana Doddy Cross (Towards Bokipura),12.74399,77.47896,,nan
Thomas Cafe,nan,TMSB,31474,Thomas Cafe (Towards Nandidurga Road),12.99065,77.61371,,nan
Thonachinakuppe,nan,TCGP,31475,Thonachinakuppe (Towards T Begur),13.14163,77.34737,,nan
Thonachinakuppe,nan,TCGP,34977,Thonachinakuppe (Towards Nelamangala),13.14218,77.34763,,nan
Thore Byrasandra,nan,TNS12,31813,Thore Byrasandra (Towards Thore Kempohalli),13.11037,77.32961,,nan
Thore Byrasandra,nan,TNS12,35699,Thore Byrasandra (Towards Nelamangala),13.11038,77.32966,,nan
Thore Doddy High School,nan,TDHSL,27031,Thore Doddy High School (Towards Thore Doddy High School),12.75862,77.39134,,nan
Thore Hosapalya,nan,THP,31814,Thore Hosapalya (Towards Thore Hosapalya),13.02583,77.32927,,nan
Thore Hosapalya,nan,THPC,34975,Thore Hosapalya (Towards Thore Byrasandra),13.09971,77.32735,,nan
Thore Hosapalya,nan,THPC,35698,Thore Hosapalya (Towards Nelamangala),13.0997,77.32738,,nan
Thore Hosapalya Cross,nan,THPC1,31480,Thore Hosapalya Cross (Towards Kuppemala),13.09588,77.32572,,nan
Thore Hosapalya Cross,nan,THPC1,34974,Thore Hosapalya Cross (Towards Nelamangala),13.09592,77.32576,,nan
Thore Kempahalli,nan,TKH,31481,Thore Kempahalli (Towards Thore Hosapalya),13.12016,77.33024,,nan
Thore Kempahalli,nan,TKH,34973,Thore Kempahalli (Towards Modalakote),13.12013,77.33019,,nan
Thore Nagasandra,nan,TNGS,31482,Thore Nagasandra (Towards Thore Nagasandra),13.11457,77.47461,,nan
Thore Nagasandra,nan,TNGS,34972,Thore Nagasandra (Towards Hesaraghatta Road),13.11458,77.4747,,nan
Thore Nagasandra Cross,nan,TNSC,21223,Thore Nagasandra Cross (Towards Hesaraghatta),13.11196,77.48188,,nan
Thore Nagasandra Cross,nan,TNSC,21617,Thore Nagasandra Cross (Towards Chikkabanavara),13.11201,77.48192,,nan
ThoreDoddy,nan,THRD,31483,ThoreDoddy (Towards Ittamadu),12.75743,77.39736,,nan
ThoreDoddy,nan,THRD,34971,ThoreDoddy (Towards Heggadagere),12.75738,77.39737,,nan
Thorechannahalli,nan,TCH4,27041,Thorechannahalli (Towards Belagumba),12.99786,77.27104,,nan
Thorepalya,nan,TRP,31815,Thorepalya (Towards Kuppemala),13.09478,77.33834,,nan
Thorepalya,nan,TRP,34970,Thorepalya (Towards Nelamangala),13.09482,77.33839,,nan
Thorepalya,nan,TRPL,31816,Thorepalya (Towards Hospete Gate),12.99098,77.2436,,nan
Thorepalya,nan,TRPL,35697,Thorepalya (Towards Belagumba),12.99099,77.24355,,nan
Thotada Guddadahalli,nan,TGH,21224,Thotada Guddadahalli (Towards Kuduregere),13.06819,77.48944,,nan
Thotada Guddadahalli,nan,TGH,21225,Thotada Guddadahalli (Towards Bagalagunte),13.06819,77.48948,,nan
Thotagere Basavanna Devastana,nan,TBD,21226,Thotagere Basavanna Devastana (Towards Gopalapura),13.13818,77.45363,,nan
Thotagere Basavanna Devastana,nan,TBD,27053,Thotagere Basavanna Devastana (Towards Hesaraghatta),13.13821,77.45361,,nan
Thotagere Village,nan,THV1,31489,Thotagere Village (Towards Hesaraghatta),13.13615,77.44599,,nan
Thotagere Village,nan,THV1,34967,Thotagere Village (Towards Gopalapura),13.1361,77.446,,nan
Thubarahalli,nan,TBRHL3,22557,Thubarahalli (Towards Varthuru Kodi),12.95592,77.72057,,nan
Thubarahalli,nan,TBRHL3,22558,Thubarahalli (Towards Marathahalli),12.95575,77.72042,,nan
Thunga Nagara,nan,TNGN,31490,Thunga Nagara (Towards Vidyamanyanagara),12.99192,77.48526,,nan
Thunga Nagara,nan,TNGN,34966,Thunga Nagara (Towards Sunkadakatte),12.99195,77.4853,,nan
Thunganagara Cross,nan,EWCC9,31500,Thunganagara Cross (Towards Thunganagara),12.98551,77.48501,,nan
Thunganagara Cross,nan,EWCC9,34956,Thunganagara Cross (Towards Sunkadakatte),12.9856,77.485,,nan
Thyagadahalli,nan,TGH5,31492,Thyagadahalli (Towards Byranayakanahalli),13.17425,77.39482,,nan
Thyagadahalli,nan,TGH5,34964,Thyagadahalli (Towards Railway Gollahalli),13.17427,77.39488,,nan
Thyagaraja Nagara,nan,TGRJ,23682,Thyagaraja Nagara (Towards NR Colony),12.93203,77.56755,,nan
Thyagaraja Nagara,nan,TGRJ,23732,Thyagaraja Nagara (Towards Indira Nursing Home),12.93215,77.56764,,nan
Thyagaraja Nagara KEB Quarters,nan,KEBQT,23683,Thyagaraja Nagara KEB Quarters (Towards NR Colony),12.93504,77.56842,,nan
Thyagaraja Nagara KEB Quarters,nan,KEBQT,23731,Thyagaraja Nagara KEB Quarters (Towards Thyagaraja Nagara),12.93515,77.56845,,nan
Thyamagondlu,nan,TMG2,31493,Thyamagondlu (Towards Thyamagondlu),13.21573,77.30067,,nan
Thyamagondlu,nan,TMG3,34963,Thyamagondlu (Towards T Begur),13.2158,77.30064,,nan
Thyamagondlu Cross,nan,TGLC,31494,Thyamagondlu Cross (Towards Thyamagondlu),13.15183,77.33767,,nan
Thyamagondlu Cross,nan,TGLC,34962,Thyamagondlu Cross (Towards T Begur),13.15178,77.33772,,nan
Thyavakanahalli Gate,nan,TYKHGT1,27066,Thyavakanahalli Gate (Towards Sollepura),12.82769,77.78598,,nan
Thyavakanahalli Gate,nan,TYKHT2,22559,Thyavakanahalli Gate (Towards Sarjapura),12.82758,77.78623,,nan
Thyavakanahalli Gate,nan,TYKHT2,35183,Thyavakanahalli Gate (Towards Attibele),12.82794,77.78634,,nan
Tin Factory,nan,TNF1,21228,Tin Factory (Towards Kempegowda Bus Station),12.99645,77.66857,,nan
Tin Factory,nan,TNF1,21229,Tin Factory (Towards KR Pura Railway Station),12.99698,77.66937,,nan
Tippu Palace,nan,KRMA,36640,Tippu Palace (Towards KR Market),12.95997,77.5737,,nan
Tirumagondanahalli,nan,TRMGH,22560,Tirumagondanahalli (Towards Attibele),12.79407,77.72165,,nan
Tirumagondanahalli,nan,TRMGH,22561,Tirumagondanahalli (Towards Chandapura),12.79438,77.72032,,nan
Tirumagondanahalli Ghati Subramanya,nan,TRMGH2,31496,Tirumagondanahalli Ghati Subramanya (Towards Ghati SUbramanya),13.35289,77.53889,,nan
Tirumagondanahalli Ghati Subramanya,nan,TRMGH2,34960,Tirumagondanahalli Ghati Subramanya (Towards Doddaballapura),13.35293,77.53895,,nan
Town Hall,nan,TWNHG,21231,Town Hall (Towards Corporation),12.96384,77.58434,,nan
Town Hall,nan,TWNHG,21232,Town Hall (Towards KR Market),12.96355,77.58375,,nan
Town Hall,nan,TWNHG,31416,Town Hall (Towards Corporation.),12.96409,77.58404,,nan
Town Hall,nan,TWNHL,22565,Town Hall (Towards Kempegowda Bus Station),12.96353,77.58507,,nan
Trinity Circle,nan,TRTCR,22693,Trinity Circle (Towards Shivaji Nagara),12.97071,77.61959,,nan
Trinity Circle,nan,TRTCR,22756,Trinity Circle (Towards HAL),12.97093,77.6197,,nan
Trinity Metro Station,nan,TMS1,38187,Trinity Metro Station (Towards Mayohall/Shivajinagara),12.97295,77.61689,,nan
Trinity Metro Station,nan,TMS1,39974,Trinity Metro Station (Towards Halasuru),12.97315,77.61685,,nan
Trumpet (KIA),nan,AIRTP,35806,Trumpet (KIA) (Towards Kempegowda international Airport),13.19762,77.65547,,nan
Trumpet (KIA),nan,AIRTP,35807,Trumpet (KIA) (Towards Sadahalli Gate),13.19655,77.65464,,nan
Tubagere,nan,TBG,38706,Tubagere (Towards Last Stop),13.37522,77.57194,,nan
Tulasipura,nan,TLP3,31499,Tulasipura (Towards Last Stop),12.845,77.55786,,nan
Tulips Resort,nan,TLIPRES,27082,Tulips Resort (Towards Sakalavara Gate),12.82857,77.59552,,nan
Tulips Resort,nan,TLIPRES,35223,Tulips Resort (Towards Sakalavara),12.8286,77.59556,,nan
Tumakuru Bus Stand,nan,TMKR,40395,Tumakuru Bus Stand (Towards Last Stop),13.34097,77.102,,nan
Tumkur Road Junction,nan,JOTR1,30415,Tumkur Road Junction (Towards Nelamangala),13.09816,77.38615,,nan
Tumkur Road Junction,nan,JOTR1,33158,Tumkur Road Junction (Towards Yantaganahalli),13.09758,77.38535,,nan
Tumkur Road Junction,nan,JOTR1,33159,Tumkur Road Junction (Towards T Begur),13.09812,77.38544,,nan
Tumkur Road Junction,nan,NMG5,40496,Tumkur Road Junction (Towards Madavara),13.09776,77.38619,,nan
Turahalli,nan,TRHL,31491,Turahalli (Towards Pratyangira Temple),12.89752,77.53952,,nan
Turahalli,nan,TRHL,34965,Turahalli (Towards Uttarahalli),12.89751,77.53948,,nan
Turahalli Cross,nan,TRHCRS,39647,Turahalli Cross (Towards Pratyangira Temple),12.89339,77.53819,,nan
Turahalli Cross,nan,TRHCRS,39648,Turahalli Cross (Towards Uttarahalli),12.89342,77.53819,,nan
Tyamasandra,nan,TYMS,39362,Tyamasandra (Towards Kanakapura),12.67542,77.46342,,nan
Tyamasandra,nan,TYMS,39363,Tyamasandra (Towards Harohalli),12.67542,77.46327,,nan
Udakunte,nan,UDKT,37780,Udakunte (Towards Last Stop),13.13218,77.23564,,nan
Udakunte,nan,UDKT,37781,Udakunte (Towards Mudalapalya),13.13214,77.23562,,nan
Udaya Badavane,nan,UDB,31501,Udaya Badavane (Towards Udaya Badavane),12.96165,77.46698,,nan
Udaya Badavane,nan,UDB,34955,Udaya Badavane (Towards Manganahalli),12.9617,77.467,,nan
Udayapura,nan,UP,22566,Udayapura (Towards Saluhunase),12.81324,77.51201,,nan
Udayapura,nan,UP,22567,Udayapura (Towards Udipalya),12.8131,77.51197,,nan
Uddandahalli,nan,DNNHL,31503,Uddandahalli (Towards Pachepalya),12.88646,77.3838,,nan
Uddandahalli,nan,DNNHL,34953,Uddandahalli (Towards Rampura),12.88637,77.38375,,nan
Uddandahalli Cross,nan,UDHC,39378,Uddandahalli Cross (Towards Chunchanakuppe/Byalalu),12.88717,77.3765,,nan
Uddandahalli Cross,nan,UNDHC,31504,Uddandahalli Cross (Towards Byalalu),12.88717,77.37655,,nan
Uddandahalli Cross,nan,UNDHC,34952,Uddandahalli Cross (Towards Koluru),12.88722,77.37655,,nan
Udhbhava School,nan,UDBV,38152,Udhbhava School (Towards Gulaganjanahalli),12.92668,77.41741,,nan
Udichikkanahalli,nan,UCH1,31505,Udichikkanahalli (Towards Byranayakanahalli),13.17702,77.4001,,nan
Udichikkanahalli,nan,UCH1,34951,Udichikkanahalli (Towards Railway Gollahalli),13.17706,77.40012,,nan
Udipalya,nan,UDPL,23636,Udipalya (Towards Banashankari Bus Station),12.82039,77.51401,,nan
Udipalya,nan,UDYP,23602,Udipalya (Towards Kaggalipura),12.82044,77.5142,,nan
Udupi Garden Petrol Bunk,nan,BTM16th,31506,Udupi Garden Petrol Bunk (Towards Tavarakere),12.91717,77.61007,,nan
Udupi Garden Petrol Bunk,nan,BTM16th,34950,Udupi Garden Petrol Bunk (Towards BTM Water Tank),12.91714,77.61023,,nan
Uduvegere,nan,UDVGR,31507,Uduvegere (Towards Magadi),12.93322,77.21639,,nan
Uduvegere,nan,UDVGR,34949,Uduvegere (Towards Managal),12.93318,77.21641,,nan
Uganawadi,nan,HUGD,31508,Uganawadi (Towards Sadahalli Gate),13.23901,77.65698,,nan
Uganawadi,nan,HUGD,34948,Uganawadi (Towards Solur),13.23921,77.6569,,nan
Uganawadi Cross,nan,UGNCROS,31818,Uganawadi Cross (Towards Kannamangalapalya),13.2319,77.65594,,nan
Uganawadi Cross,nan,UGNWDI,34947,Uganawadi Cross (Towards Peddanahalli),13.23208,77.65594,,nan
Uganawadi Cross,nan,UGNWDI,35696,Uganawadi Cross (Towards Eltheri Milk Dairy Circle),13.23219,77.65601,,nan
UjinappanaDoddy,nan,UJNPDI,27106,UjinappanaDoddy (Towards Kariyappana Doddy),12.71754,77.58787,,nan
UjinappanaDoddy,nan,UJNPDI,35327,UjinappanaDoddy (Towards Ujinappana Doddy),12.71749,77.58762,,nan
Ullala Lake,nan,UPKRLOC2,27107,Ullala Lake (Towards Upkar Layout Cross),12.95872,77.47928,,nan
Ullala Lake,nan,UPKRLOC2,27108,Ullala Lake (Towards Marutinagara),12.95874,77.47942,,nan
Ullala Satelite Town,nan,UPKRLOC2,21238,Ullala Satelite Town (Towards Ullala Satelite Town),12.96283,77.47502,,nan
Ullala Satellite Town Cross,nan,UPKRLOC2,21239,Ullala Satellite Town Cross (Towards Ullala),12.96215,77.47858,,nan
Ullala Satellite Town Cross,nan,UPKRLOC2,35914,Ullala Satellite Town Cross (Towards Manganahalli Cross),12.96212,77.4785,,nan
Ullalu,nan,HLL,21240,Ullalu (Towards Hullalu Sattelite Town),12.95568,77.48014,,nan
Ullalu Basti,nan,SMV5MC,40383,Ullalu Basti (Towards Manganahalli),12.95174,77.47544,,nan
Ullalu Basti,nan,SMV5MC,40384,Ullalu Basti (Towards AGS Layout),12.95188,77.47539,,nan
Ullalu Village,nan,HLL,21241,Ullalu Village (Towards Vidyaniketan Public School),12.95591,77.48012,,nan
Ummalu,nan,UML1,31512,Ummalu (Towards Ummalu),13.07389,77.93865,,nan
Ummalu Gate,nan,umlkh,27109,Ummalu Gate (Towards Guttahalli),13.07826,77.91775,,nan
Ummulu Gate,nan,umlkh,27113,Ummulu Gate (Towards Doddadenahalli),13.07828,77.91783,,nan
Univesity Quarters,nan,BUQ5,21747,Univesity Quarters (Towards AIT College),12.9528,77.50008,,nan
Upadhyaya Badavane,nan,UPYB,31513,Upadhyaya Badavane (Towards Upadhyaya Badavane),12.9353,77.49909,,nan
Upkar Layout Cross,nan,UPKRLOC2,21242,Upkar Layout Cross (Towards Ullala),12.96375,77.47989,,nan
Upkar Layout Cross,nan,UPKRLOC2,35915,Upkar Layout Cross (Towards Ullala Satellite Town),12.96371,77.48,,nan
Upkar Residency Layout,nan,UPKRLO,31515,Upkar Residency Layout (Towards Upkar Layout Cross),12.96052,77.48327,,nan
Upkar Residency Layout,nan,UPKRLO,34943,Upkar Residency Layout (Towards Balaji Layout),12.96058,77.48326,,nan
Upparahalli (Kumbalahalli Gate),nan,KMBLHLG,31338,Upparahalli (Kumbalahalli Gate) (Towards Hosakote),13.08858,77.78078,,nan
Upparahalli (Kumbalahalli Gate),nan,KMBLHLG,33618,Upparahalli (Kumbalahalli Gate) (Towards Sulibele),13.08851,77.78079,,nan
Uragahalli Bidadi,nan,URGHLB,31516,Uragahalli Bidadi (Towards Heggadagere),12.74357,77.37747,,nan
Uragahalli Bidadi,nan,URGHLB,34942,Uragahalli Bidadi (Towards Manchegowdanapalya),12.74362,77.37748,,nan
Uragana Doddy,nan,URND,31517,Uragana Doddy (Towards Siddayyana Doddy),12.71741,77.59427,,nan
Uragana Doddy,nan,URND,34941,Uragana Doddy (Towards Kuppa Siddana Doddy),12.71748,77.59427,,nan
Uttarahalli,nan,UTRC,22568,Uttarahalli (Towards Banashankari),12.90621,77.54337,,nan
Uttarahalli,nan,UTRC,22571,Uttarahalli (Towards Kengeri),12.90575,77.54257,,nan
Uttarahalli Bus Stand,nan,UTRC,22569,Uttarahalli Bus Stand (Towards Konanakunte Cross),12.90535,77.54327,,nan
Uttarahalli Bus Stand,nan,UTRC,22570,Uttarahalli Bus Stand (Towards Kengeri Chikkalasandra),12.90521,77.5432,,nan
Uttari Cross,nan,UTRI1,36200,Uttari Cross (Towards Uttari),12.80837,77.51047,,nan
Uttari Cross,nan,UTRI1,36201,Uttari Cross (Towards Udayapalya),12.80843,77.51047,,nan
Utthari,nan,UTIRI,31519,Utthari (Towards Banjarapalya),12.81793,77.49323,,nan
Utthari,nan,UTIRI,34939,Utthari (Towards Kaggalipura Junction),12.81798,77.49322,,nan
V CARE HOSPITAL,nan,VCH3,38977,V CARE HOSPITAL (Towards Last Stop),13.01594,77.5976,,nan
VBHC Apartment Gate,nan,VBHCG,31564,VBHC Apartment Gate (Towards Anekal),12.75747,77.70462,,nan
VBHC Apartment Gate,nan,VBHCG,34911,VBHC Apartment Gate (Towards Chandapura),12.75752,77.70463,,nan
Vabasandra,nan,VBS,34938,Vabasandra (Towards Hulimangala),12.81462,77.65048,,nan
Vabasandra,nan,VBS,35695,Vabasandra (Towards Shikaripalya),12.81454,77.65059,,nan
Vabasandra Gate,nan,TMSGT,31523,Vabasandra Gate (Towards Vabasandra),13.12358,77.77325,,nan
Vabasandra Gate,nan,TMSGT,34937,Vabasandra Gate (Towards Hosakote),13.12358,77.77328,,nan
Vaddahalli Gate,nan,MDHGT2,34936,Vaddahalli Gate (Towards Nandagudi),13.20078,77.91485,,nan
Vaddarahalli Cross,nan,VDC,31525,Vaddarahalli Cross (Towards BMTC Training Centre),13.01496,77.44694,,nan
Vaddarahalli Cross,nan,VDC,34935,Vaddarahalli Cross (Towards Bettahalli Colony),13.01494,77.44696,,nan
Vaddarapalya,nan,VDP,35112,Vaddarapalya (Towards Vaddarapalya),12.76405,77.64472,,nan
Vaddarapalya,nan,VDP,35135,Vaddarapalya (Towards Jagini APC Circle),12.76407,77.64468,,nan
Vaddarapalya,nan,VDPL,34934,Vaddarapalya (Towards Hennur),13.03865,77.64638,,nan
Vaddarapalya,nan,VDPL,35694,Vaddarapalya (Towards Kalkere),13.0387,77.64635,,nan
Vaddarapalya,nan,VDRPL,35172,Vaddarapalya (Towards St Merrys School),12.8438,77.612,,nan
Vaddarapalya,nan,VDRPL,35282,Vaddarapalya (Towards Mylasandra Cross),12.84387,77.61194,,nan
Vaddarapalya JP Nagara 8th Phase,nan,VDRP,23462,Vaddarapalya JP Nagara 8th Phase (Towards Brook Heaven),12.86405,77.57513,,nan
Vaddarapalya JP Nagara 8th Phase,nan,VDRP,23464,Vaddarapalya JP Nagara 8th Phase (Towards Vaddarapalya JP Nagara 8th Phase),12.86412,77.57524,,nan
Vaderahalli,nan,VDH1,31827,Vaderahalli (Towards O B Chudanahalli),12.83541,77.52681,,nan
Vaderahalli,nan,VDH1,35716,Vaderahalli (Towards Last Stop),12.83538,77.52685,,nan
Vaderahalli,nan,VDRL,31822,Vaderahalli (Towards Thokathimmana Doddy Cross),12.74075,77.48076,,nan
Vaderahalli,nan,VDRL,31823,Vaderahalli (Towards Gantagana Doddy Cross),12.74088,77.4808,,nan
Vaderahalli Cross,nan,VDHC1,31536,Vaderahalli Cross (Towards Mattahalli),13.09932,77.44484,,nan
Vaderahalli Cross,nan,VDHC1,34931,Vaderahalli Cross (Towards Makali),13.0993,77.44488,,nan
Vaderamanchanahalli Jigani,nan,WDRMCH,24121,Vaderamanchanahalli Jigani (Towards  Jigani APC Circle),12.76836,77.63027,,nan
Vaderamanchanahalli Jigani,nan,WDRMCH,24276,Vaderamanchanahalli Jigani (Towards Kallabala Cross),12.7683,77.63028,,nan
Vagata,nan,VGT,31537,Vagata (Towards Makanahalli),13.02308,77.83578,,nan
Vagata,nan,VGT,34930,Vagata (Towards Hosakote),13.02304,77.83572,,nan
Vagdevi Vilas School,nan,VGS,24317,Vagdevi Vilas School (Towards Surya Nagara Apartment),12.93238,77.7606,,nan
Vagdevi Vilas School,nan,VGS,24332,Vagdevi Vilas School (Towards Varthuru),12.93227,77.76075,,nan
Vahale Gate,nan,VHLG,31538,Vahale Gate (Towards Shanthi Nagara),12.87696,77.34209,,nan
Vahale Gate,nan,VHLG,34929,Vahale Gate (Towards Manchanabele),12.87692,77.34209,,nan
Vajarahalli,nan,VJH0,31828,Vajarahalli (Towards Kethaganahalli),12.82392,77.39154,,nan
Vajarahalli,nan,VJH0,31829,Vajarahalli (Towards Bidadi),12.82396,77.39157,,nan
Vajarahalli Colony,nan,VJRHLC,31542,Vajarahalli Colony (Towards Vajarahalli),12.82303,77.39717,,nan
Vajarahalli Colony,nan,VJRHLC,34927,Vajarahalli Colony (Towards Lakshmisagara),12.82308,77.39719,,nan
Vajarahalli Junction,nan,JNOV1,30417,Vajarahalli Junction (Towards Avaragere),12.82511,77.38214,,nan
Vajarahalli Junction,nan,JNOV1,33160,Vajarahalli Junction (Towards Bannikuppe),12.82512,77.38208,,nan
Vajarahalli Metro Station,nan,VMSN,38360,Vajarahalli Metro Station (Towards Kaggalipura),12.87768,77.54498,,nan
Vajarahalli Metro Station,nan,VMSN,38361,Vajarahalli Metro Station (Towards Banashankari),12.8773,77.54459,,nan
Vajragiri Estate,nan,VJRGS,31543,Vajragiri Estate (Towards Kulumepalya),12.85769,77.55663,,nan
Vajragiri Estate,nan,VJRGS,34926,Vajragiri Estate (Towards Konanakunte),12.85767,77.55657,,nan
Vajrakattepalya,nan,VKP,31544,Vajrakattepalya (Towards Vajrakattepalya),13.15792,77.38126,,nan
Vajrakattepalya,nan,VKP,34925,Vajrakattepalya (Towards Bolamaranahalli),13.15804,77.38128,,nan
Vajramuneshwara Gate,nan,VJMG,22574,Vajramuneshwara Gate (Towards Kaggalipura),12.86481,77.53334,,nan
Vajramuneshwara Gate,nan,VJMG,22575,Vajramuneshwara Gate (Towards Banashankari),12.86483,77.53314,,nan
Valagere Kallahalli,nan,VGHLLI,31546,Valagere Kallahalli (Towards Valagere Kallahalli),12.88243,77.77592,,nan
Valagere Kallahalli,nan,VGHLLI,34923,Valagere Kallahalli (Towards Valagere Kallahalli Cross),12.88242,77.77587,,nan
Valagere Kallahalli Cross,nan,VGHC,31547,Valagere Kallahalli Cross (Towards Valagere Kallahalli),12.88182,77.76551,,nan
Valagere Kallahalli Cross,nan,VGHC,34922,Valagere Kallahalli Cross (Towards Dommasandra),12.8818,77.76555,,nan
Valepura,nan,VLP2,31830,Valepura (Towards Harohalli),12.95576,77.76635,,nan
Valepura,nan,VLP2,34921,Valepura (Towards Varthuru),12.9562,77.76519,,nan
Valepura 1,nan,VLP2,35715,Valepura 1 (Towards Harohalli),12.95622,77.76516,,nan
Valepura Cross,nan,VLPCR1,27183,Valepura Cross (Towards Varthuru),12.94648,77.76694,,nan
Valepura Cross,nan,VLPCR1,35291,Valepura Cross (Towards Muthsandra),12.94649,77.76688,,nan
Valepura Gate,nan,VLTGT4,27184,Valepura Gate (Towards Muthsandra),12.94896,77.77234,,nan
Valepura Gate,nan,VLTGT4,35293,Valepura Gate (Towards Varthuru),12.94894,77.7724,,nan
Vallaba Education Trust School,nan,VLBET,31832,Vallaba Education Trust School (Towards Gubbala‌la Gate),12.89051,77.55146,,nan
Vallaba Education Trust School,nan,VLBET,31833,Vallaba Education Trust School (Towards Vasanthapura),12.89055,77.55138,,nan
Valley School Kanakapura Road,nan,VLSL,27189,Valley School Kanakapura Road (Towards Silk Farm Kanakapura Road),12.85436,77.51004,,nan
Vanakanahalli,nan,VNSGH,38436,Vanakanahalli (Towards Menashiganahalli),12.67272,77.69458,,nan
Vanakanahalli,nan,VNSGH,38437,Vanakanahalli (Towards Hompalaghatta),12.6727,77.69454,,nan
Vannarapet,nan,VANPT,23931,Vannarapet (Towards Vivekanagara),12.95645,77.6211,,nan
Vannarapet,nan,VANPT,23951,Vannarapet (Towards ASC Centre),12.95625,77.62095,,nan
Varadanayakanahalli,nan,VDHL1,31556,Varadanayakanahalli (Towards NH-4),13.17031,77.35547,,nan
Varadenahalli,nan,VDKH,31835,Varadenahalli (Towards Sulibele),13.21643,77.80343,,nan
Varadenahalli,nan,VRDNH,34916,Varadenahalli (Towards Varadenahalli Handpost),12.96097,77.31245,,nan
Varadenahalli,nan,VRDNH,35692,Varadenahalli (Towards Motaganahalli),12.96098,77.31238,,nan
Varadenahalli Handpost,nan,VDHP,21619,Varadenahalli Handpost (Towards Thippagondanahalli),12.95535,77.31204,,nan
Varadenahalli Handpost,nan,VDHP,21620,Varadenahalli Handpost (Towards Magadi),12.95535,77.31193,,nan
Varahasandra,nan,VRHS,31560,Varahasandra (Towards Varahasandra),12.87403,77.48672,,nan
Varthur Kodi,nan,VKRD,38603,Varthur Kodi (Towards Last Stop),12.95679,77.74555,,nan
Varthur Kodi,nan,VRTKD1,22578,Varthur Kodi (Towards Sarjapura),12.95642,77.74524,,nan
Varthur Kodi,nan,VRTKD2,22829,Varthur Kodi (Towards Marathahalli Bridge),12.95664,77.74472,,nan
Varthur kodi,nan,VRTKD1,22577,Varthur kodi (Towards Hope Farm),12.95897,77.74642,,nan
Varthuru,nan,VRTBS,22579,Varthuru (Towards Sarjapura),12.94011,77.74735,,nan
Varthuru,nan,VRTBS,22580,Varthuru (Towards Varthuru Kodi),12.94016,77.74727,,nan
Varthuru,nan,VRTR1,31561,Varthuru (Towards Sondekoppa),12.98557,77.40216,,nan
Varthuru,nan,VRTR1,34914,Varthuru (Towards Tavarakere),12.98568,77.40221,,nan
Varthuru Govt College,nan,VRTU,36312,Varthuru Govt College (Towards Harohalli),12.94257,77.74708,,nan
Varthuru Govt College,nan,VRTU1,22581,Varthuru Govt College (Towards Sarjapura),12.94221,77.74711,,nan
Varthuru Govt College,nan,VRTU1,22582,Varthuru Govt College (Towards Varthuru Kodi),12.94276,77.74697,,nan
Varthuru Police Station,nan,VRTPST5,31562,Varthuru Police Station (Towards Sarjapura),12.93773,77.74638,,nan
Varthuru Police Station,nan,VRTPST5,34913,Varthuru Police Station (Towards Panaturu),12.93828,77.74692,,nan
Varthuru Police Station,nan,VRTPST5,36306,Varthuru Police Station (Towards Nekkundi Dommasandra),12.93798,77.74674,,nan
Vasantavihar Colony Billamaranahalli,nan,VVC,27209,Vasantavihar Colony Billamaranahalli (Towards VVC Last Stop),13.14952,77.6352,,nan
Vasantavihar Colony Billamaranahalli,nan,VVC,35712,Vasantavihar Colony Billamaranahalli (Towards Billamaranahalli),13.14961,77.6352,,nan
Vasanth Enclave,nan,CQL1,38863,Vasanth Enclave (Towards Start Point),13.01161,77.59353,,nan
Vasantha Nagara,nan,VSN1,31563,Vasantha Nagara (Towards Guravanahalli),13.05359,77.36033,,nan
Vasantha Nagara,nan,VSN1,34912,Vasantha Nagara (Towards Guravanahalli Cross),13.05356,77.36028,,nan
Vasantha Nagara,nan,VSNTN,22585,Vasantha Nagara (Towards Mekhri Circle),12.99278,77.59503,,nan
Vasantha Vallabha Nagara City Engineering College,nan,CECV,24700,Vasantha Vallabha Nagara City Engineering College (Towards Kanakapura Road),12.8875,77.55042,,nan
Vasantha Vallabha Nagara City Engineering College,nan,CECV,32369,Vasantha Vallabha Nagara City Engineering College (Towards Gubblala),12.88746,77.55039,,nan
Vasanthanagara,nan,VSNTN,23340,Vasanthanagara (Towards JC Nagar),12.99395,77.59547,,nan
Vasanthappa Block,nan,VSPB,21246,Vasanthappa Block (Towards CBI),13.02624,77.58909,,nan
Vasanthappa Block,nan,VSPB,21247,Vasanthappa Block (Towards R T Nagara),13.02627,77.58904,,nan
Vasanthapura,nan,VSNTP,22588,Vasanthapura (Towards Konanakunte Cross),12.89635,77.55242,,nan
Vasanthapura,nan,VSNTP,22589,Vasanthapura (Towards Yadalam Nagara),12.89626,77.55244,,nan
Vasavi Vidya Mandira,nan,VSVVM,21248,Vasavi Vidya Mandira (Towards Lalbagh West Gate),12.94832,77.57564,,nan
Vasudev Adigas Hotel,nan,VSDA,38143,Vasudev Adigas Hotel (Towards Mangammanapalya),12.91069,77.63247,,nan
Vasudev Adigas Hotel,nan,VSDA1,38142,Vasudev Adigas Hotel (Towards Agara),12.91066,77.63244,,nan
Vasudevapura,nan,VSDP,22590,Vasudevapura (Towards Gulakamale),12.79809,77.52029,,nan
Vasudevapura,nan,VSDP,22591,Vasudevapura (Towards Kaggalipura),12.79801,77.52034,,nan
Veerabhadranagara,nan,VBN1,21249,Veerabhadranagara (Towards Banashankari),12.93807,77.53368,,nan
Veerabhadranagara,nan,VERB,21250,Veerabhadranagara (Towards Nayandahalli),12.93828,77.53343,,nan
Veeraiah Enclave Arishinakunte,nan,VECA,31566,Veeraiah Enclave Arishinakunte (Towards Arishinakunte),13.07406,77.42326,,nan
Veeraiah Enclave Arishinakunte,nan,VECA,34909,Veeraiah Enclave Arishinakunte (Towards Depot-43),13.07408,77.4233,,nan
Veeranahalli,nan,VRNHLI,31567,Veeranahalli (Towards Doddabanahalli),13.02735,77.73639,,nan
Veeranahalli,nan,VRNHLI,34908,Veeranahalli (Towards KR Puram),13.0273,77.73631,,nan
Veerananjipura,nan,VNPHT1,31568,Veerananjipura (Towards Papabhovipalya),13.13068,77.36841,,nan
Veeranjaneya Temple,nan,VANJNT1,21621,Veeranjaneya Temple (Towards Bidadi),12.82864,77.41254,,nan
Veeranjaneya Temple,nan,VANJNT1,21622,Veeranjaneya Temple (Towards Kengeri),12.82904,77.41214,,nan
Veerannapalya,nan,VEPL,21252,Veerannapalya (Towards Hebbala),13.04217,77.61352,,nan
Veerannapalya,nan,VEPL,22593,Veerannapalya (Towards Tin Factory),13.04231,77.61382,,nan
Veerannapalya,nan,VRPLY,35839,Veerannapalya (Towards Nagavara),13.04257,77.61369,,nan
Veerannapalya,nan,VRPLY,37852,Veerannapalya (Towards Mariyannanapalya),13.0425,77.61357,,nan
Veerasagara,nan,VRSG,31572,Veerasagara (Towards Atturu),13.10482,77.55408,,nan
Veerasagara,nan,VRSG,34903,Veerasagara (Towards Dodda Byalakere),13.10478,77.55406,,nan
Veerasandra,nan,VRSND,22594,Veerasandra (Towards Attibele),12.83997,77.67709,,nan
Veerasandra,nan,VRSND,22595,Veerasandra (Towards Electronic City),12.84012,77.67674,,nan
Veeregowdana doddy,nan,MTG2,31577,Veeregowdana doddy (Towards Manchanabele),12.89447,77.27848,,nan
Veeregowdana doddy,nan,MTG2,35847,Veeregowdana doddy (Towards Magadi),12.89442,77.27842,,nan
Velankani Drive,nan,VLKDR,23330,Velankani Drive (Towards Dodda Thoguru),12.85104,77.65748,,nan
Velankani Drive,nan,VLKDR1,23998,Velankani Drive (Towards Konappana Agrahara),12.85116,77.65763,,nan
Venkatagiri Kote,nan,VGK1,31578,Venkatagiri Kote (Towards Chikkaballapura),13.32716,77.72547,,nan
Venkatagiri Kote,nan,VGK1,34898,Venkatagiri Kote (Towards Avathi),13.32732,77.72567,,nan
Venkatala,nan,VTHL1,31579,Venkatala (Towards Devanahalli),13.11139,77.60456,,nan
Venkatala,nan,VTHL1,34897,Venkatala (Towards Hebbala),13.1111,77.60498,,nan
Venkatala FLY,nan,VNTF1,39274,Venkatala FLY (Towards Kempegowda International Airport),13.11138,77.6047,,nan
Venkatala FLY,nan,VNTF1,39275,Venkatala FLY (Towards Hebbala),13.1113,77.60488,,nan
Venkatapura,nan,VTPR1,31581,Venkatapura (Towards Vijayapura),13.27979,77.82066,,nan
Venkatapura,nan,VTPR1,34895,Venkatapura (Towards Jangamakote),13.2798,77.82075,,nan
Venkatapura Gate Lakkondahalli,nan,LKD,27250,Venkatapura Gate Lakkondahalli (Towards Hosakote),13.1146,77.77367,,nan
Venkatapura Gate Lakkondahalli,nan,LKD,27251,Venkatapura Gate Lakkondahalli (Towards Sulibele),13.11453,77.77365,,nan
Venkateshapura,nan,VKPM,22596,Venkateshapura (Towards Kadugondanahalli Police Station),13.01537,77.61749,,nan
Venkateshapura,nan,VKPM,22597,Venkateshapura (Towards Muslim Colony),13.01544,77.61757,,nan
Venkateshwara College,nan,VKTC,31582,Venkateshwara College (Towards Vidya Nagara),13.16039,77.63637,,nan
Venkateshwara College,nan,VKTC,34894,Venkateshwara College (Towards Vidya Nagara Cross),13.16037,77.63641,,nan
Venkateshwara Layout,nan,VNKTLO,31583,Venkateshwara Layout (Towards Magadi Road),12.99335,77.4886,,nan
Venkateshwara Layout,nan,VNKTLO,34893,Venkateshwara Layout (Towards Andrahalli),12.99331,77.48856,,nan
Venkateshwara Nagara Cross,nan,VNTSHWR,27257,Venkateshwara Nagara Cross (Towards K Narayanpura Cross),13.07185,77.61906,,nan
Venkateshwara Nagara Cross,nan,VNTSHWR,35176,Venkateshwara Nagara Cross (Towards Sri Venkateshwara nagara),13.07181,77.61905,,nan
Venkateshwara Nagara Cross,nan,VTNC1,38165,Venkateshwara Nagara Cross (Towards Sriramapura),13.07056,77.62066,,nan
Venugopala Nagara,nan,VNGPL1,31584,Venugopala Nagara (Towards Thippanahalli),13.03973,77.49415,,nan
Venugopala Nagara,nan,VNGPL1,34892,Venugopala Nagara (Towards Nagasandra),13.03968,77.49407,,nan
Venugopala Temple Devasandra,nan,VNGT,24256,Venugopala Temple Devasandra (Towards Sadaramangala),13.00525,77.70229,,nan
Venugopala Temple Devasandra,nan,VNGT,24261,Venugopala Temple Devasandra (Towards Kempegowda Bus Station),13.00518,77.7023,,nan
Veterinary Hospital,nan,VTRNC1,21253,Veterinary Hospital (Towards Mekhri Circle),13.03018,77.58697,,nan
Veterinary Hospital,nan,VTRNC1,21254,Veterinary Hospital (Towards Hebbala),13.03242,77.58777,,nan
Vidhana Soudha,nan,VSD AGO,27263,Vidhana Soudha (Towards Basavehwara Circle),12.98104,77.58853,,nan
Vidhana Soudha Karnataka High Court,nan,KHC,21258,Vidhana Soudha Karnataka High Court (Towards KR Circle),12.97821,77.59135,,nan
Vidhana Soudha Karnataka High Court,nan,VSD8,21259,Vidhana Soudha Karnataka High Court (Towards Indian Express),12.9802,77.59296,,nan
Vidhana Soudha Layout,nan,VSDLOTUR,31586,Vidhana Soudha Layout (Towards Vidhana Soudha Layout),13.01564,77.52353,,nan
Vidhana Soudha Layout,nan,VSDLOTUR,34890,Vidhana Soudha Layout (Towards Lakshmidevi Nagara),13.01557,77.5236,,nan
Vidyamanyanagara,nan,VMN1,31588,Vidyamanyanagara (Towards Herohalli Cross),13.0046,77.48746,,nan
Vidyamanyanagara,nan,VMN1,34888,Vidyamanyanagara (Towards Andrahalli),13.00461,77.48742,,nan
Vidyanagara Chikkajala,nan,VDGR1,31589,Vidyanagara Chikkajala (Towards Venkateshwara College),13.16001,77.64073,,nan
Vidyanagara Chikkajala,nan,VDGRN,34887,Vidyanagara Chikkajala (Towards Akkayamma Betta),13.15958,77.64073,,nan
Vidyanagara Chikkajala 1,nan,VDGR1,31417,Vidyanagara Chikkajala 1 (Towards Akkayamma Betta),13.15991,77.64068,,nan
Vidyanagara Cross,nan,VDHC-3,27274,Vidyanagara Cross (Towards Yalahanka),13.161,77.6269,,nan
Vidyanagara Cross Chikkajala,nan,VDHC-1,31590,Vidyanagara Cross Chikkajala (Towards Devanahalli),13.16139,77.6265,,nan
Vidyanagara Cross Chikkajala,nan,VDHC-3,34886,Vidyanagara Cross Chikkajala (Towards Vidya Nagara),13.16101,77.62724,,nan
Vidyaniketan Public School,nan,VPS,21260,Vidyaniketan Public School (Towards Manganahalli),12.95111,77.4862,,nan
Vidyaniketan Public School,nan,VPS,21261,Vidyaniketan Public School (Towards Bengaluru University Quarters),12.95118,77.48631,,nan
Vidyapeeta Circle,nan,VDYPTC,34884,Vidyapeeta Circle (Towards Vidyapeeta Circle),12.9352,77.56073,,nan
Vidyapeeta Circle,nan,VDYPTC,35690,Vidyapeeta Circle (Towards Srinivasa Nagara),12.93521,77.56066,,nan
Vidyaranyapura,nan,VPRA,22603,Vidyaranyapura (Towards Jally Machine),13.08391,77.56024,,nan
Vidyaranyapura,nan,VRP,22602,Vidyaranyapura (Towards Nanjappa Circle),13.08381,77.56027,,nan
Vidyaranyapura 1st Block,nan,VRP1B1,21631,Vidyaranyapura 1st Block (Towards BEL Circle),13.07024,77.55543,,nan
Vidyaranyapura 1st Block,nan,VRP1B1,21632,Vidyaranyapura 1st Block (Towards Vidyaranyapura),13.07023,77.55539,,nan
Vidyaranyapura 3rd Block,nan,VRP3B,21633,Vidyaranyapura 3rd Block (Towards Dodda Bommasandra),13.0723,77.55641,,nan
Vidyaranyapura 3rd Block,nan,VRP3B,21634,Vidyaranyapura 3rd Block (Towards Vidyaranyapura),13.07226,77.55635,,nan
Vidyaranyapura Bus Station,nan,VDPRA,22604,Vidyaranyapura Bus Station (Towards Vidyaranyapura Last Stop),13.08374,77.5607,,nan
Vidyaranyapura Post Office,nan,VPRAPOST,22399,Vidyaranyapura Post Office (Towards BEL Circle),13.07654,77.55829,,nan
Vidyaranyapura Post Office,nan,VPRAPOST,22400,Vidyaranyapura Post Office (Towards Vidyaranyapura),13.07651,77.55825,,nan
Vidyasagara,nan,SRYP,22600,Vidyasagara (Towards Ashwath Nagara),13.04563,77.62747,,nan
Vidyasagara,nan,SRYP,22601,Vidyasagara (Towards Nagavara Junction),13.04559,77.62759,,nan
Vigneshwara Nagara,nan,VGN,21262,Vigneshwara Nagara (Towards Hegganahalli),12.99255,77.4993,,nan
Vijaya Bank Bannerughatta,nan,VIJBBAR,23781,Vijaya Bank Bannerughatta (Towards Bannerughatta Circle),12.81559,77.58317,,nan
Vijaya Bank Bannerughatta,nan,VIJBBAR,24131,Vijaya Bank Bannerughatta (Towards Sampangiram Nagara),12.81549,77.58299,,nan
Vijaya Bank Colony Ayyappa Temple,nan,AYPTVYBL,35310,Vijaya Bank Colony Ayyappa Temple (Towards Vijaya Bank Layout),12.89128,77.60629,,nan
Vijaya Bank Colony Ayyappa Temple,nan,AYYTEM,27284,Vijaya Bank Colony Ayyappa Temple (Towards HSBC),12.89125,77.60631,,nan
Vijaya Bank Colony Ring Road,nan,VJBC1,21263,Vijaya Bank Colony Ring Road (Towards Tin Factory),13.01726,77.65992,,nan
Vijaya Bank Colony Ring Road,nan,VJBC1,21264,Vijaya Bank Colony Ring Road (Towards Hebbala),13.01695,77.66021,,nan
Vijaya Bank Layout Devarachikkanahalli,nan,VJNLA,35311,Vijaya Bank Layout Devarachikkanahalli (Towards Devara Chikkanahalli),12.89283,77.61046,,nan
Vijaya Bank Layout Devarachikkanahalli,nan,VJYBNKPTR,27286,Vijaya Bank Layout Devarachikkanahalli (Towards Bilekahalli),12.89276,77.61049,,nan
Vijaya Bank Layout Petrol Bunk,nan,VBLA,34882,Vijaya Bank Layout Petrol Bunk (Towards Kodichikkanahalli),12.89229,77.61167,,nan
Vijaya Bank Layout Petrol Bunk,nan,VJNLA,35312,Vijaya Bank Layout Petrol Bunk (Towards Devara Chikkanahalli),12.89206,77.61172,,nan
Vijaya Bank Layout Petrol Bunk,nan,VJYBNKPTR,31595,Vijaya Bank Layout Petrol Bunk (Towards Ayyappa Temple),12.89223,77.61162,,nan
Vijaya College,nan,RVROD,24269,Vijaya College (Towards Lalbagh West Gate),12.93958,77.57996,,nan
Vijaya College,nan,RVROD,27289,Vijaya College (Towards Jayanagara Bus Station),12.94076,77.5803,,nan
Vijaya School,nan,VJYSCL,31597,Vijaya School (Towards Marenahalli),13.13048,77.6725,,nan
Vijaya School,nan,VJYSCL,34880,Vijaya School (Towards Bagaluru),13.13045,77.67249,,nan
Vijayanagara,nan,VJN1,21266,Vijayanagara (Towards Magadi Road Tollgate),12.97192,77.53766,,nan
Vijayanagara,nan,VJN2,21623,Vijayanagara (Towards Vijayanagara Bus Station),12.97197,77.53786,,nan
Vijayanagara,nan,VJN3,35407,Vijayanagara (Towards Nagarabhavi Circle),12.97311,77.53816,,nan
Vijayanagara,nan,VJN3,37817,Vijayanagara (Towards Kempegowda Bus Station),12.97433,77.53843,,nan
Vijayanagara Bus Station,nan,nan,35395_ST,nan,12.965652,77.534836,1.0,nan
Vijayanagara Bus Station,nan,VJNTTMC9,34878,Vijayanagara Bus Station (Towards GKW Layout),12.96449,77.53437,,nan
Vijayanagara Bus Station,nan,VTTMC,21267,Vijayanagara Bus Station (Towards Mysore Road),12.966,77.53555,,nan
Vijayanagara Bus Station,nan,VTTMC,35395,Vijayanagara Bus Station (Towards Vijayanagara),12.96558,77.53492,,nan
Vijayanagara Bus Station,nan,VTTMC,39061,Vijayanagara Bus Station (Towards Vijayanagara Garage),12.96599,77.53477,,nan
Vijayanagara Bus Station - Platform 1,35395_ST,VTTMC,35395_PF1,nan,12.965845,77.53486,,1
Vijayanagara Bus Station - Platform 3,35395_ST,VTTMC,35395_PF3,nan,12.965923,77.53497,,3
Vijayanagara Bus Station - Platform 4,35395_ST,VTTMC,35395_PF4,nan,12.965808,77.53492,,4
Vijayanagara Bus Station - Platform 5,35395_ST,VTTMC,35395_PF5,nan,12.965483,77.53478,,5
Vijayanagara Vijaya Bank,nan,MCL1,21269,Vijayanagara Vijaya Bank (Towards Vijayanagara),12.97359,77.54155,,nan
Vijayapura Anjanaya Temple (Ashoka Nagara),nan,VJPAJPT,25534,Vijayapura Anjanaya Temple (Ashoka Nagara) (Towards Devanahalli),13.29577,77.79465,,nan
Vijayapura Anjanaya Temple (Ashoka Nagara),nan,VJPAJPT,32752,Vijayapura Anjanaya Temple (Ashoka Nagara) (Towards Vijayapura),13.29585,77.79493,,nan
Vijayapura Bus Stand,nan,VJP1,22608,Vijayapura Bus Stand (Towards Devanahalli),13.29479,77.80199,,nan
Vijayapura Bus Stand,nan,VJP1,22609,Vijayapura Bus Stand (Towards Jangamakote),13.29499,77.80215,,nan
Vijayapura Cross,nan,VJPCR2,31600,Vijayapura Cross (Towards Devanahalli Govt Hospital),13.25678,77.71718,,nan
Vijayapura Cross,nan,VJPCR2,34877,Vijayapura Cross (Towards Devanahalli),13.25686,77.7173,,nan
Vijayapura Gate,nan,VJPG,31601,Vijayapura Gate (Towards Hosakote),13.03924,77.88166,,nan
Vijayapura Gate,nan,VJPG,34876,Vijayapura Gate (Towards Kattagenahalli Gate),13.03928,77.88171,,nan
Vijayapura Kere Kodi,nan,VJPKRKD1,31602,Vijayapura Kere Kodi (Towards Vijayapura),13.3034,77.79136,,nan
Vijayapura Kere Kodi,nan,VJPKRKD1,34875,Vijayapura Kere Kodi (Towards Avathi),13.30336,77.79135,,nan
Vijayapura Muncipal Office,nan,VGPMUPOF,29081,Vijayapura Muncipal Office (Towards Vijayapura Govt Hospital),13.29602,77.8004,,nan
Vijayapura Muncipal Office,nan,VGPMUPOF,33972,Vijayapura Muncipal Office (Towards Vijayapura Bus Stand),13.29599,77.80052,,nan
Vijayapura Toll Gate,nan,VJPTGT,31604,Vijayapura Toll Gate (Towards Jangamakote),13.29156,77.80606,,nan
Vijayapura Toll Gate,nan,VJPTGT,34873,Vijayapura Toll Gate (Towards Vijayapura),13.2915,77.80605,,nan
Vijyapura Govt Hospital,nan,VJPGH,28330,Vijyapura Govt Hospital (Towards Devanahalli),13.29274,77.78708,,nan
Vijyapura Govt Hospital,nan,VJPGH,34549,Vijyapura Govt Hospital (Towards Vijayapura),13.29286,77.78729,,nan
Vinayaka Layout,nan,VNLO,31606,Vinayaka Layout (Towards Vijayanagara),12.96491,77.53041,,nan
Vinayaka Layout,nan,VNLO,36352,Vinayaka Layout (Towards GKW Layout),12.96486,77.53038,,nan
Vinayaka Layout Nagarabhavi,nan,NGBVL,21624,Vinayaka Layout Nagarabhavi (Towards Kengunte),12.96069,77.50759,,nan
Vinayaka Layout Nagarabhavi,nan,NGBVL,22610,Vinayaka Layout Nagarabhavi (Towards Nagarabhavi Circle),12.96076,77.50745,,nan
Vinayaka Nagara,nan,VNKNG,31842,Vinayaka Nagara (Towards MS Palya),13.0827,77.54308,,nan
Vinayaka Nagara,nan,VNKNG,35689,Vinayaka Nagara (Towards Kuvempu Nagara),13.08258,77.5433,,nan
Vinayaka Nagara,nan,VNKNG3,31840,Vinayaka Nagara (Towards Varthuru Kodi),12.96463,77.75518,,nan
Vinayaka Nagara,nan,VNKNG3,31841,Vinayaka Nagara (Towards Immadahalli),12.96466,77.75514,,nan
Vinayaka Nagara,nan,VNN1,34870,Vinayaka Nagara (Towards Shivanapura),13.06746,77.42082,,nan
Vinayaka Nagara Arishinakunte,nan,VNN1,27320,Vinayaka Nagara Arishinakunte (Towards Arishinakunte),13.06747,77.42076,,nan
Vinayaka Nagara Cross,nan,VNC1,31614,Vinayaka Nagara Cross (Towards Arishinakunte),13.06754,77.4224,,nan
Vinayaka Nagara Cross,nan,VNC1,34868,Vinayaka Nagara Cross (Towards Depot-43),13.06756,77.42245,,nan
Vinayaka Nagara Hesarghatta,nan,VNKGR2,21625,Vinayaka Nagara Hesarghatta (Towards Railway Gollahalli),13.13859,77.47477,,nan
Vinayaka Nagara Hesarghatta,nan,VNKGR2,21626,Vinayaka Nagara Hesarghatta (Towards Hesaraghatta),13.13865,77.47451,,nan
Vinayaka Nagara JP Nagara,nan,VNYKR,34867,Vinayaka Nagara JP Nagara (Towards Vinayaka Nagara),12.89928,77.59141,,nan
Vinayaka Nagara Old Gudadahalli,nan,VOGDL,27327,Vinayaka Nagara Old Gudadahalli (Towards Vinayaka Nagara),12.96087,77.55068,,nan
Vinayaka Nagara Old Gudadahalli,nan,VOLDLI,27329,Vinayaka Nagara Old Gudadahalli (Towards MCTC Bus Station),12.96092,77.55069,,nan
Vinayaka Nagara Rachammanahalli,nan,VNK,27328,Vinayaka Nagara Rachammanahalli (Towards Rachammanahalli),12.71645,77.73146,,nan
Vinayaka Talkies,nan,VNKC1,23488,Vinayaka Talkies (Towards Sarathi Nagara (Konanakunte)),12.87498,77.56983,,nan
Vinayaka Talkies,nan,VNKC1,31616,Vinayaka Talkies (Towards Glass Factory (Konanakunte)),12.87488,77.56985,,nan
Vinayaka Talkies,nan,VNYKT78,34866,Vinayaka Talkies (Towards Sirsi Circle),12.96333,77.56779,,nan
Vinayaka Talkies,nan,VNYKTl,35396,Vinayaka Talkies (Towards KR Market),12.96374,77.56825,,nan
Vinayaka Talkies Sunkadakatte,nan,VNYKT,31617,Vinayaka Talkies Sunkadakatte (Towards Siddartha Badavane),12.9929,77.50829,,nan
Vinayaka Talkies Sunkadakatte,nan,VNYKT,34865,Vinayaka Talkies Sunkadakatte (Towards Sunkadakatte),12.99265,77.50811,,nan
Vinayakanagara Ramohalli,nan,VNYKNG,31838,Vinayakanagara Ramohalli (Towards Ramohalli Cross),12.90324,77.43007,,nan
Vinayakanagara Ramohalli,nan,VNYKNG,31839,Vinayakanagara Ramohalli (Towards Ramohalli),12.90319,77.43002,,nan
Vinayakanagara Varthur,nan,VNKGR,22611,Vinayakanagara Varthur (Towards Sarjapura),12.92864,77.73954,,nan
Vinayakanagara Varthur,nan,VNKGR,22612,Vinayakanagara Varthur (Towards Varthuru Kodi),12.92883,77.73962,,nan
Vindyagiri BDA Nivasa,nan,VNDA,27336,Vindyagiri BDA Nivasa (Towards Vindyagiri BDA Nivasa),13.03414,77.75152,,nan
Vindyagiri BDA Nivasa,nan,VNDA,27337,Vindyagiri BDA Nivasa (Towards Doddabanahalli),13.03417,77.75163,,nan
Virat Nagara Cross,nan,VIRTNCR,31619,Virat Nagara Cross (Towards Nayanappanahalli Cross),12.90301,77.6242,,nan
Virupakshapura,nan,VRPR1,23520,Virupakshapura (Towards Kodigehalli),13.06383,77.57179,,nan
Virupakshapura,nan,VRPR1,24115,Virupakshapura (Towards Thindlu),13.06378,77.57179,,nan
Vishal Mart 4th Phase Yelahanka,nan,VISHAL M,27342,Vishal Mart 4th Phase Yelahanka (Towards Mother Dairy Yelahanka),13.10367,77.57695,,nan
Vishwa Chethana College,nan,VCHC,39038,Vishwa Chethana College (Towards Homplaghatta),12.70081,77.70334,,nan
Vishwa Chethana College,nan,VCHC,39039,Vishwa Chethana College (Towards Anekal),12.70076,77.70327,,nan
Vishwa Okkaligara Mata Basavanagara,nan,BSVN1,20627,Vishwa Okkaligara Mata Basavanagara (Towards Bidadi),12.90099,77.46746,,nan
Vishwa Okkaligara Mata Basavanagara,nan,BSVN1,20628,Vishwa Okkaligara Mata Basavanagara (Towards Kengeri),12.90109,77.46733,,nan
Vishwa Shanti Ashrama,nan,VSA,22613,Vishwa Shanti Ashrama (Towards Jalahalli Cross),13.08378,77.41777,,nan
Vishwa Shanti Ashrama,nan,VSA,27343,Vishwa Shanti Ashrama (Towards Nelamangala),13.08402,77.41724,,nan
Vishwanath Nagenahalli,nan,VNH,34862,Vishwanath Nagenahalli (Towards Bhuvaneshwari Nagara),13.03952,77.60496,,nan
Vishwanath Nagenahalli,nan,VNH1,31620,Vishwanath Nagenahalli (Towards kanaka Nagara),13.03957,77.60496,,nan
Vishwanathapura,nan,VSTPR1,34861,Vishwanathapura (Towards Devanahalli),13.27199,77.64898,,nan
Vishwanathapura,nan,VSWHPR,31621,Vishwanathapura (Towards Doddaballapura),13.27181,77.64928,,nan
Vishwapriya Layout Cross,nan,VPLT,23850,Vishwapriya Layout Cross (Towards Vishwapriya Layout),12.88203,77.62475,,nan
Vishwapriya Layout Cross,nan,VPLT,29837,Vishwapriya Layout Cross (Towards School Ground Point),12.88185,77.62471,,nan
Vishweshwaraiah Layout 1st Block,nan,VSLO1B1,29392,Vishweshwaraiah Layout 1st Block (Towards Sonnenahalli),12.93746,77.47873,,nan
Vishweshwaraiah Layout 1st Block,nan,VSLO1B1,35600,Vishweshwaraiah Layout 1st Block (Towards Shirke),12.93748,77.47888,,nan
Vishweshwaraiah Layout 5th Block,nan,VSLO5B1,35584,Vishweshwaraiah Layout 5th Block (Towards Ullalu),12.95838,77.4816,,nan
Vishweshwaraiah Layout RTO Office,nan,RTVSL,28072,Vishweshwaraiah Layout RTO Office (Towards Vishweshwaraiah Layout RTO Office),12.9613,77.4868,,nan
Vishweshwaraiah Layout RTO Office,nan,RTVSL,34437,Vishweshwaraiah Layout RTO Office (Towards Mallathahalli Cross),12.96133,77.48685,,nan
Visthar Gate,nan,VSTRG,31624,Visthar Gate (Towards Dodda Gubbi),13.06655,77.66016,,nan
Visthar Gate,nan,VSTRG,34858,Visthar Gate (Towards Kothanuru),13.06652,77.66016,,nan
Vittal Nagara,nan,VTLN,31625,Vittal Nagara (Towards Brundavana Nagara),12.95464,77.55713,,nan
Vittal Nagara,nan,VTLN,34857,Vittal Nagara (Towards Chamarajapet),12.95414,77.55696,,nan
Vittasandra Bettadasanapura,nan,BTSVTS,24287,Vittasandra Bettadasanapura (Towards Bettadasanapura),12.85737,77.6357,,nan
Vittasandra Bettadasanapura,nan,BTSVTS,24349,Vittasandra Bettadasanapura (Towards Beguru),12.85724,77.63575,,nan
Vittasandra Cross,nan,BTSCRO,24288,Vittasandra Cross (Towards Bettadasanapura),12.84382,77.63482,,nan
Vittasandra Cross,nan,BTSCRO,24348,Vittasandra Cross (Towards Vittasandra),12.84379,77.63471,,nan
Vivek Nagara,nan,VVKN,31626,Vivek Nagara (Towards Vivek nagara),12.95443,77.62302,,nan
Vivek Nagara,nan,VVKN,34856,Vivek Nagara (Towards Vannarpet),12.95417,77.62303,,nan
Vivek Nagara Cross,nan,VVKC2,23932,Vivek Nagara Cross (Towards Passport Office Koramangala),12.95469,77.62074,,nan
Vivek Nagara Cross,nan,VVKC2,23950,Vivek Nagara Cross (Towards Austin Town),12.95457,77.62069,,nan
Vivekananda College,nan,VVKC1,23324,Vivekananda College (Towards Govardhan Talkies),13.00804,77.55431,,nan
Vivekananda College,nan,VVKC1,23326,Vivekananda College (Towards Navarang),13.00927,77.55449,,nan
Vivekananda Nagara,nan,VVKND43A,31628,Vivekananda Nagara (Towards Vidyapeeta Circle),12.9304,77.55325,,nan
Vivekananda Nagara,nan,VVKNDN,34854,Vivekananda Nagara (Towards Vivekananda Nagara),12.93036,77.55344,,nan
Vivekananda School,nan,VVKNDSH,31629,Vivekananda School (Towards Vagata),13.06917,77.79127,,nan
Vivekananda School,nan,VVKNDSH,34853,Vivekananda School (Towards Hosakote),13.0691,77.7914,,nan
Vivekananda Vidyavardhaka School,nan,VNVVKD,21271,Vivekananda Vidyavardhaka School (Towards Railway Gollahalli),13.13955,77.46977,,nan
Vivekananda Vidyavardhaka School,nan,VNVVKD,27367,Vivekananda Vidyavardhaka School (Towards Hesaraghatta),13.13958,77.46978,,nan
Vokkaliga School Kottigepalya,nan,VKS2,22614,Vokkaliga School Kottigepalya (Towards Nagarabhavi BDA Complex),12.98622,77.51176,,nan
Vokkaliga School Kottigepalya,nan,VKS2,22615,Vokkaliga School Kottigepalya (Towards Kottigepalya),12.98604,77.51153,,nan
Vrishabavatipura,nan,VRSBVTP,31630,Vrishabavatipura (Towards Byramangala),12.7663,77.41567,,nan
Vrishabavatipura,nan,VRSBVTP,34852,Vrishabavatipura (Towards Mysore Road),12.76621,77.41559,,nan
WIMAC Junction,nan,WMKJ1,31636,WIMAC Junction (Towards Kammagondanahalli),13.06876,77.52998,,nan
WIMAC Junction,nan,WMKJ1,34846,WIMAC Junction (Towards Abbigere),13.06872,77.52996,,nan
WSL Officers Layout(Puttaiahna Palya),nan,WSLOL,39967,WSL Officers Layout(Puttaiahna Palya) (Towards Chunchanakuppe),12.90158,77.38331,,nan
WSL Officers Layout(Puttaiahna Palya),nan,WSLOL,39968,WSL Officers Layout(Puttaiahna Palya) (Towards Bylalu),12.90154,77.38341,,nan
Water Tank,nan,WTR,23744,Water Tank (Towards Dayananda Sagar College),12.90835,77.56143,,nan
Water Tank,nan,WTR,23758,Water Tank (Towards Kumaraswamy Layout),12.90847,77.56169,,nan
Water Tank,nan,WTRTK,22728,Water Tank (Towards Hoskerehalli Cross),12.93063,77.54705,,nan
Water Tank,nan,WTRTK,22769,Water Tank (Towards Katriguppe),12.93043,77.54734,,nan
Water Tank Chamarajapet,nan,CMWT,21272,Water Tank Chamarajapet (Towards Sirsi Circle),12.96038,77.56493,,nan
Water Tank Kamalanagara,nan,WTRTANK,21274,Water Tank Kamalanagara (Towards Shankar Mutt),12.99546,77.53977,,nan
Weavers Colony,nan,WEVRCL,23738,Weavers Colony (Towards Bilavaradahalli),12.84445,77.58379,,nan
Weavers Colony,nan,WEVRCL,23860,Weavers Colony (Towards Koli Form Gate),12.84446,77.58375,,nan
Weavers Colony Nelamangala,nan,WCN,22618,Weavers Colony Nelamangala (Towards Jalahalli Cross),13.09416,77.40559,,nan
Weavers Colony Nelamangala,nan,WCN,27377,Weavers Colony Nelamangala (Towards Nelamangala),13.09403,77.40561,,nan
West Cross Kumaraswamy Layout,nan,KML 2 C,22619,West Cross Kumaraswamy Layout (Towards ISRO Layout),12.90094,77.55993,,nan
West Cross Kumaraswamy Layout,nan,KML 2 C,23641,West Cross Kumaraswamy Layout (Towards Kumaraswamy Layout),12.90087,77.55981,,nan
Wheel And Axle Plant,nan,WEL,34849,Wheel And Axle Plant (Towards Yalahanka NES Office),13.10603,77.58227,,nan
Wheel And Axle Plant,nan,WHEL,31633,Wheel And Axle Plant (Towards Puttenahalli),13.10572,77.58241,,nan
White Field Bus Station (Vydehi Hospital),nan,VYDHS,23656,White Field Bus Station (Vydehi Hospital) (Towards ITPL),12.9774,77.72693,,nan
White Field Bus Station (Vydehi Hospital),nan,WFTTMC,21277,White Field Bus Station (Vydehi Hospital) (Towards Graphite India),12.97642,77.72684,,nan
White Field Post Office,nan,WFPO1,22620,White Field Post Office (Towards Varthuru Kodi),12.96932,77.74996,,nan
White Field Post Office,nan,WFPO1,22621,White Field Post Office (Towards Hope Farm),12.97056,77.75,,nan
White Field Post Office,nan,WFPO1,35180,White Field Post Office (Towards Nagondanahalli),12.96982,77.75016,,nan
Whitefiled ACP Police Station,nan,POLKINMJKUIO,31635,Whitefiled ACP Police Station (Towards Last Bus Stop),12.97533,77.75079,,nan
Whitefiled ACP Police Station,nan,POLKINMJKUIO,34847,Whitefiled ACP Police Station (Towards Hope Form),12.97538,77.7507,,nan
Widia Factory,nan,WF,22622,Widia Factory (Towards Jalahalli Cross),13.04907,77.497,,nan
Widia Factory,nan,WF,23313,Widia Factory (Towards Nelamangala),13.04877,77.49664,,nan
Widia School,nan,WDAS,21278,Widia School (Towards Chikkabanavara),13.0511,77.50773,,nan
Widia School,nan,WDAS,21279,Widia School (Towards 8th Mile),13.05126,77.50786,,nan
Wilson Garden 10th Cross,nan,WG12C,20563,Wilson Garden 10th Cross (Towards Shanthi Nagara),12.94645,77.59596,,nan
Wilson Garden 12th Cross,nan,WG10C,20560,Wilson Garden 12th Cross (Towards Lakkasandra),12.94725,77.59794,,nan
Wilson Garden 12th Cross,nan,WG10C1,23599,Wilson Garden 12th Cross (Towards Wilson Garden Police Station),12.94743,77.59814,,nan
Wilson Garden 14th Main,nan,WG14M,22877,Wilson Garden 14th Main (Towards Wilson Garden Police Station),12.94659,77.60052,,nan
Wilson Garden 7th Cross,nan,WG7,22929,Wilson Garden 7th Cross (Towards Lalbagh Main Gate),12.94699,77.59436,,nan
Wilson Garden 7th Cross,nan,WG7,23661,Wilson Garden 7th Cross (Towards Lakkasandra),12.94684,77.59465,,nan
Wilson Garden Police Station,nan,WGPC,21280,Wilson Garden Police Station (Towards Lakkasandra),12.95141,77.5951,,nan
Wilson Garden Police Station,nan,WGPC,21281,Wilson Garden Police Station (Towards Shanthi Nagara),12.95064,77.59558,,nan
Wind Tunnel Road (Murugeshpalya),nan,WTRM,31637,Wind Tunnel Road (Murugeshpalya) (Towards Challaghatta),12.9592,77.65427,,nan
Wind Tunnel Road (Murugeshpalya),nan,WTRM,34845,Wind Tunnel Road (Murugeshpalya) (Towards NAL),12.95911,77.65417,,nan
Wipro Campus Sarjapura Road,nan,SJPWPCAM,28169,Wipro Campus Sarjapura Road (Towards Carmelram Gate),12.89885,77.71371,,nan
Wipro Campus Sarjapura Road,nan,SJPWPCAM,34475,Wipro Campus Sarjapura Road (Towards Kodathi Gate),12.89903,77.71354,,nan
Wipro Gate Shikaripalya Cross,nan,WPTGT1,21282,Wipro Gate Shikaripalya Cross (Towards Neeladri Water Park),12.83905,77.6591,,nan
Wipro Gate Shikaripalya Cross,nan,WPTGT1,21283,Wipro Gate Shikaripalya Cross (Towards Electronic City),12.83902,77.659,,nan
Wipro Park Koramangala,nan,KRMWP,23939,Wipro Park Koramangala (Towards Koramangala 1st Block),12.92945,77.63327,,nan
Wipro Park Koramangala,nan,KRMWP,23942,Wipro Park Koramangala (Towards Sony World Signal),12.92897,77.63319,,nan
Wonderla Amusement Park,nan,WNDRLP1,21286,Wonderla Amusement Park (Towards Wonder La Amusement Park),12.8365,77.40206,,nan
YAPB Toll,nan,ADHG1,35748,YAPB Toll (Towards Doddaballapura),13.21317,77.55414,,nan
YAPB Toll,nan,ADHG1,35749,YAPB Toll (Towards NES Office),13.21339,77.55423,,nan
YAPB Toll (Volvo),nan,ADHG1,38372,YAPB Toll (Volvo) (Towards Doddaballapura),13.21285,77.55423,,nan
YAPB Toll (Volvo),nan,ADHG1,38373,YAPB Toll (Volvo) (Towards Rajanukunte),13.21308,77.55444,,nan
YHK Hospital,nan,YKHL,22842,YHK Hospital (Towards APC Circle),12.77955,77.63659,,nan
YHK Hospital,nan,YKHL,22843,YHK Hospital (Towards Jigani),12.77945,77.63652,,nan
YMC Nandhidurga Road,nan,CNRBMLR,22847,YMC Nandhidurga Road (Towards Chinnappa Garden),12.99585,77.60181,,nan
YMC Nandhidurga Road,nan,CNRBMLRD,22846,YMC Nandhidurga Road (Towards Shivaji Nagara),12.99596,77.60178,,nan
YMCA Public School,nan,YMCAPS,22849,YMCA Public School (Towards Pinto Bore),12.87354,77.44835,,nan
YMCA Public School,nan,YMCAPS,22850,YMCA Public School (Towards Kumbalagodu),12.87351,77.44832,,nan
Yadagondanahalli,nan,YDKGLI1,31640,Yadagondanahalli (Towards Tattanuru),12.9497,77.81089,,nan
Yadagondanahalli,nan,YDKGLI1,35019,Yadagondanahalli (Towards Muthkur),12.94952,77.81091,,nan
Yadala,nan,YDL,35020,Yadala (Towards Thimmenahalli),13.25169,77.78949,,nan
Yadalam Nagara,nan,YDLNR,22623,Yadalam Nagara (Towards Vasanthapura),12.89647,77.54825,,nan
Yadalam Nagara,nan,YDLNR,22624,Yadalam Nagara (Towards Uttarahalli),12.89639,77.54827,,nan
Yadamadu Kanakapura Road,nan,EDM,23608,Yadamadu Kanakapura Road (Towards Kaggalahalli),12.73537,77.48809,,nan
Yadamadu Kanakapura Road,nan,EDM,23623,Yadamadu Kanakapura Road (Towards Gantagana Doddy Cross),12.7351,77.48788,,nan
Yadavanahalli,nan,YDHL,22625,Yadavanahalli (Towards Attibele),12.78558,77.75079,,nan
Yadavanahalli,nan,YDHL,22626,Yadavanahalli (Towards Chandapura),12.78543,77.75071,,nan
Yadehalli Dabaspete,nan,YDHLID,26398,Yadehalli Dabaspete (Towards T Beguru),13.21378,77.25618,,nan
Yadehalli Dabaspete,nan,YDHLID,26399,Yadehalli Dabaspete (Towards Dabasapete),13.2137,77.25601,,nan
Yadiyurappa Nagara,nan,YDRPN1,31662,Yadiyurappa Nagara (Towards Yalahanka NES Office),13.15119,77.55896,,nan
Yadiyurappa Nagara,nan,YDRPN1,35039,Yadiyurappa Nagara (Towards Mylappanahalli),13.15116,77.55899,,nan
Yadiyuru,nan,YDR,22634,Yadiyuru (Towards Banashankari Bus Station),12.93085,77.57646,,nan
Yadiyuru,nan,YDR,22635,Yadiyuru (Towards South End Circle),12.93067,77.57623,,nan
Yadiyuru,nan,YDR,24361,Yadiyuru (Towards Banashankari),12.93071,77.5763,,nan
Yadiyuru Bagalur,nan,YDYRB,22636,Yadiyuru Bagalur (Towards Budigere),13.13091,77.69547,,nan
Yadiyuru Bagalur,nan,YDYRB,22637,Yadiyuru Bagalur (Towards Bagaluru),13.13085,77.6955,,nan
Yalachagere Colony,nan,YLGC5,22810,Yalachagere Colony (Towards Nelamangala),13.09647,77.35798,,nan
Yalachagere Cross,nan,YLGC,22811,Yalachagere Cross (Towards Hanumanthegowdanapalya),13.09266,77.35927,,nan
Yalachagere Cross,nan,YLGC,22812,Yalachagere Cross (Towards Nelamangala),13.0927,77.35932,,nan
Yalachagere Temple,nan,YLGT1,24960,Yalachagere Temple (Towards Nelamangala),13.10178,77.35828,,nan
Yalachaguppe,nan,YCH0,31642,Yalachaguppe (Towards Kengeri),12.95933,77.42103,,nan
Yalachaguppe,nan,YCH0,35021,Yalachaguppe (Towards Tavarakere),12.95926,77.42103,,nan
Yalachammanahalli,nan,YLCH,22813,Yalachammanahalli (Towards Umalu),13.06551,77.91099,,nan
Yalachammanahalli,nan,YLCH,22814,Yalachammanahalli (Towards Hosakote),13.06521,77.911,,nan
Yalachenahalli,nan,YLCH2,22638,Yalachenahalli (Towards Konanakunte Cross),12.89654,77.57076,,nan
Yalachenahalli,nan,YLCH2,22639,Yalachenahalli (Towards Banashankari),12.89655,77.57062,,nan
Yale Doddy,nan,ELD,26364,Yale Doddy (Towards Bidadi),12.78977,77.31341,,nan
Yale Doddy,nan,ELD,38479,Yale Doddy (Towards Sugganahalli),12.78976,77.31337,,nan
Yale Kodigehalli,nan,YLKDH,31645,Yale Kodigehalli (Towards Kenchanapura),12.9774,77.46529,,nan
Yale Kodigehalli,nan,YLKDH,35024,Yale Kodigehalli (Towards Gollarahatti),12.97734,77.46513,,nan
Yale Kodigehalli Colony,nan,YKDGHC1,31646,Yale Kodigehalli Colony (Towards Kenchanapura),12.98291,77.46846,,nan
Yale Kodigehalli Colony,nan,YKDGHC1,35025,Yale Kodigehalli Colony (Towards Gollarahatti),12.98286,77.4683,,nan
Yallammana doddi,nan,YLMD1,31644,Yallammana doddi (Towards Krishna Doddy),12.74708,77.6082,,nan
Yallammana doddi,nan,YLMD1,35023,Yallammana doddi (Towards Mahadevana Doddy),12.74702,77.60822,,nan
Yallammanapalya,nan,YLMPL,39536,Yallammanapalya (Towards Soppahalli),12.75208,77.68233,,nan
Yallammanapalya,nan,YLMPL,39537,Yallammanapalya (Towards Naga Nayakanahalli),12.75195,77.68212,,nan
Yamalur,nan,YML1,23703,Yamalur (Towards Kempapura),12.94844,77.68076,,nan
Yamalur,nan,YML1,23710,Yamalur (Towards HAL),12.94846,77.68069,,nan
Yamalur Cross,nan,YMLRCS,22627,Yamalur Cross (Towards Varthuru),12.95525,77.68829,,nan
Yamalur Cross,nan,YMLRCS,22628,Yamalur Cross (Towards Kempegowda Bus Station),12.95498,77.68756,,nan
Yamarahalli Nagara,nan,YMH1,31648,Yamarahalli Nagara (Towards Devanahalli),13.30799,77.69782,,nan
Yamarahalli Nagara,nan,YMH1,35027,Yamarahalli Nagara (Towards Nandi Hills),13.30782,77.69771,,nan
Yamare,nan,YMRE,22629,Yamare (Towards Sarjapura),12.87225,77.76649,,nan
Yamare,nan,YMRE,22630,Yamare (Towards Dommasandra),12.87208,77.76646,,nan
Yanagunte,nan,YNGTE1,31649,Yanagunte (Towards Sulibele),13.15786,77.79077,,nan
Yanagunte,nan,YNGTE1,35028,Yanagunte (Towards Hosakote),13.1578,77.79079,,nan
Yanasandra,nan,YNSD,31650,Yanasandra (Towards Muni Nagara),12.75188,77.5348,,nan
Yanasandra,nan,YNSD,35029,Yanasandra (Towards Mukkodlu),12.75184,77.5348,,nan
Yantaganahalli,nan,YGH,31651,Yantaganahalli (Towards Mahadevapura),13.06298,77.34655,,nan
Yantaganahalli,nan,YGH,35030,Yantaganahalli (Towards Nelamangala),13.06275,77.34554,,nan
Yantaganahalli  Toll,nan,KNGLT,33352,Yantaganahalli  Toll (Towards Yantaganahalli),13.06859,77.36108,,nan
Yantaganahalli Hospital,nan,YGHH,31652,Yantaganahalli Hospital (Towards Motaganahalli),13.0614,77.3423,,nan
Yantaganahalli Hospital,nan,YGHH,35031,Yantaganahalli Hospital (Towards Nelamangala),13.06159,77.34219,,nan
Yantaganahalli Palya,nan,YGHP1,31653,Yantaganahalli Palya (Towards Nelamangala),13.0642,77.34908,,nan
Yantaganahalli Palya,nan,YGHP1,35032,Yantaganahalli Palya (Towards Yantaganahalli),13.06405,77.34931,,nan
Yantaganahalli Toll,nan,KNGLT,30812,Yantaganahalli Toll (Towards Nelamangala),13.06799,77.3601,,nan
Yarab Nagara,nan,YRBN2,22631,Yarab Nagara (Towards Kadirenahalli Cross),12.91657,77.56914,,nan
Yarab Nagara,nan,YRBN2,23642,Yarab Nagara (Towards Monotype Corporation),12.91628,77.56917,,nan
Yarahalli,nan,YRHL1,26383,Yarahalli (Towards Jalamangala),12.80174,77.25469,,nan
Yarandahalli,nan,YRH,35075,Yarandahalli (Towards Jigani APC Circle),12.80818,77.66391,,nan
Yarandahalli,nan,YRH,35236,Yarandahalli (Towards Bommasandra),12.80815,77.66378,,nan
Yarandahalli,nan,YRNDHLII,31655,Yarandahalli (Towards Sriramapura),12.80849,77.66556,,nan
Yarandahalli,nan,YRNDHLII,35034,Yarandahalli (Towards Hebbagodi),12.80848,77.66552,,nan
Yarappana Bande,nan,YRPHB1,31656,Yarappana Bande (Towards D Group Employees Layout),13.09434,77.68535,,nan
Yarappana Bande,nan,YRPHB1,35035,Yarappana Bande (Towards Kannur),13.09432,77.68537,,nan
Yarappanahalli,nan,YRNHLI,31844,Yarappanahalli (Towards Kada Agarahara Cross),13.08535,77.68716,,nan
Yarappanahalli,nan,YRPH,31843,Yarappanahalli (Towards D Group Employees Layout),13.08523,77.68714,,nan
Yarappanahalli,nan,YRPHN,35036,Yarappanahalli (Towards Doddasanne),13.21781,77.70255,,nan
Yarappanahalli,nan,YRPHN,35705,Yarappanahalli (Towards Anneshwara),13.2178,77.70269,,nan
Yarayyanapalya,nan,YYPLY,22632,Yarayyanapalya (Towards KR Puram),13.01157,77.67326,,nan
Yarayyanapalya,nan,YYPLY,22633,Yarayyanapalya (Towards B Channasandra),13.01149,77.67349,,nan
Yarthiganahalli,nan,YRGNH BS,35038,Yarthiganahalli (Towards Muthugadahalli),13.19304,77.67265,,nan
Yekashipura,nan,YKSP,31663,Yekashipura (Towards Doddaballapura),13.2581,77.51453,,nan
Yekashipura,nan,YKSP,35040,Yekashipura (Towards Gowdahalli),13.25812,77.51457,,nan
Yekashipura Cross,nan,YPRCS,22805,Yekashipura Cross (Towards Aralumallige),13.27006,77.50986,,nan
Yekashipura Cross,nan,YPRCS,22806,Yekashipura Cross (Towards SM Gollahalli),13.27012,77.50978,,nan
Yelachagere,nan,YLCG,22808,Yelachagere (Towards Yalachagere),13.10383,77.34842,,nan
Yelahanka 5th Phase,nan,YST5thPH,22925,Yelahanka 5th Phase (Towards Mother Dairy Cross),13.10575,77.57251,,nan
Yelahanka Bakery,nan,YLKB,22819,Yelahanka Bakery (Towards Yelahanka Satilite Town 5th Phase),13.10329,77.57689,,nan
Yelahanka Bakery,nan,YLKB,22820,Yelahanka Bakery (Towards Mother Dariy),13.10345,77.57685,,nan
Yelahanka Old Town,nan,YHK,22641,Yelahanka Old Town (Towards Yalahanka Old Town),13.10063,77.59453,,nan
Yelahanka Old Town,nan,YHKSAC,22640,Yelahanka Old Town (Towards Yalahanka Santhe Circle),13.10091,77.59436,,nan
Yelahanka Police Station,nan,YHKPS,22844,Yelahanka Police Station (Towards Yelahanka),13.09462,77.59425,,nan
Yelahanka Police Station,nan,YHKPS,22845,Yelahanka Police Station (Towards Hebbala),13.09478,77.59442,,nan
Yelahanka RTO Office,nan,RTO1,28074,Yelahanka RTO Office (Towards Yalahanka NES Office),13.15117,77.55614,,nan
Yelahanka RTO Office,nan,RTO1,34438,Yelahanka RTO Office (Towards Mylappanahalli),13.15113,77.55618,,nan
Yelahanka Santhe Circle,nan,nan,22645_ST,nan,13.100964,77.59479,1.0,nan
Yelahanka Santhe Circle,nan,RTSNTY,22642,Yelahanka Santhe Circle (Towards Devanahalli),13.09844,77.5968,,nan
Yelahanka Santhe Circle,nan,YHK,22643,Yelahanka Santhe Circle (Towards Kogilu Cross),13.09919,77.59731,,nan
Yelahanka Santhe Circle,nan,YHK,22644,Yelahanka Santhe Circle (Towards Yalahanka Old Town),13.0992,77.59712,,nan
Yelahanka Santhe Circle,nan,YLKSTC,22645,Yelahanka Santhe Circle (Towards Mekhri Circle),13.09852,77.59698,,nan
Yelahanka Santhe Circle - Platform 1,22645_ST,YLKSTC,22645_PF1,nan,13.101021,77.5948,,1
Yelahanka Santhe Circle - Platform 3,22645_ST,YLKSTC,22645_PF3,nan,13.100905,77.594765,,3
Yelahanka Satellite Town,nan,YST,22646,Yelahanka Satellite Town (Towards Mother Dairy Cross),13.0958,77.57921,,nan
Yelahanka Satellite Town,nan,YST,22821,Yelahanka Satellite Town (Towards Chikkabommasandra Cross),13.09596,77.5791,,nan
Yelenahalli,nan,YLNHLI,22822,Yelenahalli (Towards Beguru Road),12.86791,77.61622,,nan
Yelenahalli,nan,YLNHLI,22823,Yelenahalli (Towards Yelenahalli),12.86787,77.61623,,nan
Yeliyur,nan,YLR23,22824,Yeliyur (Towards Devanahalli),13.25947,77.7653,,nan
Yeliyur,nan,YLR23,22825,Yeliyur (Towards Thimmanahalli),13.25947,77.7653,,nan
Yeliyur Cross,nan,YLC,36671,Yeliyur Cross (Towards Channarayapatna),13.25277,77.76266,,nan
Yeliyur Cross,nan,YLC,36672,Yeliyur Cross (Towards Devanahalli),13.25271,77.76262,,nan
Yennigere,nan,YNG1,22832,Yennigere (Towards Yannigere),13.09561,77.30072,,nan
Yeshawanthapura,nan,YPR1,22835,Yeshawanthapura (Towards Malleshwara),13.01888,77.55766,,nan
Yeshawanthapura,nan,YTTMC1,22836,Yeshawanthapura (Towards  Yeshwanthapura Railway Station),13.01878,77.55758,,nan
Yeshawanthapura ACP Office,nan,YPR1,22706,Yeshawanthapura ACP Office (Towards Bombay Dyeing),13.01782,77.558,,nan
Yeshawanthapura ACP Office,nan,YTTMC1,21289,Yeshawanthapura ACP Office (Towards Mysore Lamps),13.01792,77.55812,,nan
Yeshawanthapura Ayyappa Temple,nan,YPRAT,21690,Yeshawanthapura Ayyappa Temple (Towards Yeshwanthapura TTMC),13.02164,77.56317,,nan
Yeshawanthapura Ayyappa Temple,nan,YPRAT,21691,Yeshawanthapura Ayyappa Temple (Towards Mathikere),13.02162,77.56312,,nan
Yeshawanthapura Bus Station,nan,nan,21288_ST,nan,13.017959,77.55656,1.0,nan
Yeshawanthapura Bus Station,nan,YTTMC,21288,Yeshawanthapura Bus Station (Towards Jalahalli Cross),13.01801,77.55662,,nan
Yeshawanthapura Bus Station,nan,YTTMC1,24016,Yeshawanthapura Bus Station (Towards Malleshwaram),13.01771,77.55657,,nan
Yeshawanthapura Bus Station - Platform 1,21288_ST,YTTMC,21288_PF1,nan,13.017886,77.556755,,1
Yeshawanthapura Bus Station - Platform 2,21288_ST,YTTMC,21288_PF2,nan,13.017938,77.55665,,2
Yeshawanthapura Bus Station - Platform 3,21288_ST,YTTMC,21288_PF3,nan,13.017996,77.55656,,3
Yeshawanthapura Bus Station - Platform 4,21288_ST,YTTMC,21288_PF4,nan,13.01804,77.55647,,4
Yeshawanthapura Circle,nan,YPR,36187,Yeshawanthapura Circle (Towards Yeshawanthapura Tollgate),13.0186,77.55827,,nan
Yeshawanthapura Market,nan,YPRMRK,23334,Yeshawanthapura Market (Towards Mathikere),13.01991,77.55553,,nan
Yeshawanthapura Market,nan,YPRMRK,24273,Yeshawanthapura Market (Towards Yeshawanthapura),13.02003,77.55568,,nan
Yeshawanthapura Market,nan,YPRMRK,37921,Yeshawanthapura Market (Towards Bombay Dyeing),13.02014,77.55559,,nan
Yeshawanthapura New Railway Station,nan,YPRNRS,27453,Yeshawanthapura New Railway Station (Towards Yeshawanthapura New Railway Station),13.02349,77.55066,,nan
Yeshawanthapura Railway Station,nan,YPRSTN,27535,Yeshawanthapura Railway Station (Towards Yeshwanthapura Railway Station),13.0216,77.55331,,nan
Yeshawanthapura Tollgate,nan,YPRTG,22564,Yeshawanthapura Tollgate (Towards Mathikere),13.01788,77.56092,,nan
Yeshawanthapura Tollgate,nan,YPRTG,22647,Yeshawanthapura Tollgate (Towards Yeshawanthapura),13.0179,77.56099,,nan
Yettu Kodi,nan,ETKD,22840,Yettu Kodi (Towards Chikka Thirupathi),12.92116,77.85567,,nan
Yettu Kodi,nan,ETKD,22841,Yettu Kodi (Towards Dunnasandra Cross),12.92118,77.85556,,nan
Yoga Gangothri Trust,nan,YGT,22851,Yoga Gangothri Trust (Towards Sugganahalli),12.80137,77.30082,,nan
Zudio R T Nagara,nan,RHMT,40469,Zudio R T Nagara (Towards Hebbala),13.01683,77.59162,,nan
lnoorDoddy,nan,INRDI,28547,lnoorDoddy (Towards Kaada Jakkasandra),12.71708,77.52504,,nan
