{
  "modelVersion": 1784020194943,
  "trainSamples": 35570,
  "testSamples": 14228,
  "forecast": {
    "rmse": 5.52759485227724,
    "mae": 4.151882394707329
  },
  "anomaly": {
    "precision": 0.4144329896907217,
    "recall": 0.4626006904487917,
    "f1": 0.43719412724306694,
    "tp": 402,
    "fp": 568,
    "tn": 12791,
    "fn": 467
  },
  "totalTimeMs": 4863
}