alert_id,timestamp,route_id,trip_id,risk_level,risk_score,alert_title,summary,key_findings,evidence,affected_route,affected_trip,affected_segment,estimated_revenue_impact_inr,confidence,recommended_action,dominant_explanation_type,status,version
ALT-08FD7E7DD1FE,2026-08-31T04:21:56.071602+00:00,991,1,SUSPICIOUS,0.7029,Localized Segment Discrepancy Alert — Route 991,Graph analysis localized a concentrated revenue and passenger deficit along 20921_PF5 -> 32209 (Seq 1-12) with 79.8% spatial confidence (estimated impact: ₹321.55).,"['Expected Revenue: ₹441.55 | Reported Revenue: ₹120.00 (Deficit: ₹321.55, 72.8%)', 'Expected Passengers: 40 | Reported Passengers: 13 (Difference: 27, 67.3%)', 'Multi-factor Risk Score: 0.7029 (SUSPICIOUS)', 'Statistical Isolation Anomaly Score: 0.9916', 'Graph Discrepancy Localized Subpath: 20921_PF5 -> 32209 (Seq 1-12) (Confidence: 0.80)']","{'expected_passengers': 39.7, 'reported_passengers': 13.0, 'passenger_difference': 26.7, 'passenger_pct_difference': 67.28, 'expected_revenue_inr': 441.55, 'reported_revenue_inr': 120.0, 'revenue_difference_inr': 321.55, 'revenue_pct_difference': 72.82, 'anomaly_score': 0.9916, 'risk_score': 0.7029, 'localization_confidence': 0.7975, 'localized_subpath': '20921_PF5 -> 32209 (Seq 1-12)', 'is_repeated_pattern': False, 'historical_anomaly_rate': 0.0}",991,1,20921_PF5 -> 32209 (Seq 1-12),321.55,0.9916,Audit trip ticketing logs and conductor waypoint reconciliations for Trip 1 on Route 991.,SEGMENT_ANOMALY,OPEN,1.0.0
ALT-0266B3C9DCD7,2026-08-31T04:21:56.071730+00:00,991,10,MONITOR,0.3705,Operational Review Alert — Route 991,Trip 10 on Route 991 triggered operational monitoring with composite risk score 0.37.,"['Expected Revenue: ₹441.55 | Reported Revenue: ₹384.00 (Deficit: ₹57.55, 13.0%)', 'Expected Passengers: 44 | Reported Passengers: 39 (Difference: 5, 10.9%)', 'Multi-factor Risk Score: 0.3705 (MONITOR)', 'Statistical Isolation Anomaly Score: 0.9889', 'Graph Discrepancy Localized Subpath: 20921_PF5 -> 20702 (Seq 1-3) (Confidence: 0.58)']","{'expected_passengers': 43.8, 'reported_passengers': 39.0, 'passenger_difference': 4.8, 'passenger_pct_difference': 10.93, 'expected_revenue_inr': 441.55, 'reported_revenue_inr': 384.0, 'revenue_difference_inr': 57.55, 'revenue_pct_difference': 13.03, 'anomaly_score': 0.9889, 'risk_score': 0.3705, 'localization_confidence': 0.5756, 'localized_subpath': '20921_PF5 -> 20702 (Seq 1-3)', 'is_repeated_pattern': False, 'historical_anomaly_rate': 0.0}",991,10,20921_PF5 -> 20702 (Seq 1-3),57.55,0.9889,Include Route 991 Trip 10 in automated telemetry monitoring queue for subsequent schedules.,COMPOSITE_ANOMALY,OPEN,1.0.0
ALT-FC2A795D513F,2026-08-31T04:21:56.071817+00:00,991,100,HIGH_RISK,0.8164,Localized Segment Discrepancy Alert — Route 991,Graph analysis localized a concentrated revenue and passenger deficit along 24379 -> 20921_PF5 (Seq 1-11) with 99.0% spatial confidence (estimated impact: ₹389.22).,"['Expected Revenue: ₹424.22 | Reported Revenue: ₹35.00 (Deficit: ₹389.22, 91.7%)', 'Expected Passengers: 39 | Reported Passengers: 7 (Difference: 32, 82.2%)', 'Multi-factor Risk Score: 0.8164 (HIGH_RISK)', 'Statistical Isolation Anomaly Score: 0.9961', 'Graph Discrepancy Localized Subpath: 24379 -> 20921_PF5 (Seq 1-11) (Confidence: 0.99)']","{'expected_passengers': 39.4, 'reported_passengers': 7.0, 'passenger_difference': 32.4, 'passenger_pct_difference': 82.21, 'expected_revenue_inr': 424.22, 'reported_revenue_inr': 35.0, 'revenue_difference_inr': 389.22, 'revenue_pct_difference': 91.75, 'anomaly_score': 0.9961, 'risk_score': 0.8164, 'localization_confidence': 0.99, 'localized_subpath': '24379 -> 20921_PF5 (Seq 1-11)', 'is_repeated_pattern': False, 'historical_anomaly_rate': 0.0}",991,100,24379 -> 20921_PF5 (Seq 1-11),389.22,0.9961,"Schedule immediate operational inspection of Electronic Ticketing Machine (ETM) device telemetry, verify conductor trip sheet against segment boardings on Route 991, and audit reconciliation records.",SEGMENT_ANOMALY,OPEN,1.0.0
ALT-1441E8B95608,2026-08-31T04:21:56.071889+00:00,998,1000,MONITOR,0.3598,Operational Review Alert — Route 998,Trip 1000 on Route 998 triggered operational monitoring with composite risk score 0.36.,"['Expected Revenue: ₹445.42 | Reported Revenue: ₹365.00 (Deficit: ₹80.42, 18.1%)', 'Expected Passengers: 59 | Reported Passengers: 52 (Difference: 7, 11.4%)', 'Multi-factor Risk Score: 0.3598 (MONITOR)', 'Statistical Isolation Anomaly Score: 0.9944', 'Graph Discrepancy Localized Subpath: 20940 -> 21231 (Seq 1-1) (Confidence: 0.40)']","{'expected_passengers': 58.7, 'reported_passengers': 52.0, 'passenger_difference': 6.7, 'passenger_pct_difference': 11.39, 'expected_revenue_inr': 445.42, 'reported_revenue_inr': 365.0, 'revenue_difference_inr': 80.42, 'revenue_pct_difference': 18.05, 'anomaly_score': 0.9944, 'risk_score': 0.3598, 'localization_confidence': 0.4, 'localized_subpath': '20940 -> 21231 (Seq 1-1)', 'is_repeated_pattern': False, 'historical_anomaly_rate': 0.0}",998,1000,20940 -> 21231 (Seq 1-1),80.42,0.9944,Include Route 998 Trip 1000 in automated telemetry monitoring queue for subsequent schedules.,COMPOSITE_ANOMALY,OPEN,1.0.0
ALT-46807941259F,2026-08-31T04:21:56.071958+00:00,1324,10000,MONITOR,0.3027,Operational Review Alert — Route 1324,Trip 10000 on Route 1324 triggered operational monitoring with composite risk score 0.30.,"['Expected Revenue: ₹1809.13 | Reported Revenue: ₹1624.00 (Deficit: ₹185.13, 10.2%)', 'Expected Passengers: 152 | Reported Passengers: 137 (Difference: 15, 10.1%)', 'Multi-factor Risk Score: 0.3027 (MONITOR)', 'Statistical Isolation Anomaly Score: 0.9818']","{'expected_passengers': 152.4, 'reported_passengers': 137.0, 'passenger_difference': 15.4, 'passenger_pct_difference': 10.1, 'expected_revenue_inr': 1809.13, 'reported_revenue_inr': 1624.0, 'revenue_difference_inr': 185.13, 'revenue_pct_difference': 10.23, 'anomaly_score': 0.9818, 'risk_score': 0.3027, 'localization_confidence': 0.0, 'localized_subpath': None, 'is_repeated_pattern': False, 'historical_anomaly_rate': 0.0}",1324,10000,,185.13,0.9818,Include Route 1324 Trip 10000 in automated telemetry monitoring queue for subsequent schedules.,COMPOSITE_ANOMALY,OPEN,1.0.0
ALT-80DDC59232E5,2026-08-31T04:21:56.072022+00:00,1324,10001,MONITOR,0.3342,Operational Review Alert — Route 1324,Trip 10001 on Route 1324 triggered operational monitoring with composite risk score 0.33.,"['Expected Revenue: ₹1809.13 | Reported Revenue: ₹1525.00 (Deficit: ₹284.13, 15.7%)', 'Expected Passengers: 153 | Reported Passengers: 129 (Difference: 24, 15.5%)', 'Multi-factor Risk Score: 0.3342 (MONITOR)', 'Statistical Isolation Anomaly Score: 0.9807']","{'expected_passengers': 152.6, 'reported_passengers': 129.0, 'passenger_difference': 23.6, 'passenger_pct_difference': 15.48, 'expected_revenue_inr': 1809.13, 'reported_revenue_inr': 1525.0, 'revenue_difference_inr': 284.13, 'revenue_pct_difference': 15.71, 'anomaly_score': 0.9807, 'risk_score': 0.3342, 'localization_confidence': 0.0, 'localized_subpath': None, 'is_repeated_pattern': False, 'historical_anomaly_rate': 0.0}",1324,10001,,284.13,0.9807,Include Route 1324 Trip 10001 in automated telemetry monitoring queue for subsequent schedules.,COMPOSITE_ANOMALY,OPEN,1.0.0
ALT-64CF9B10D647,2026-08-31T04:21:56.072096+00:00,1324,10002,MONITOR,0.3225,Operational Review Alert — Route 1324,Trip 10002 on Route 1324 triggered operational monitoring with composite risk score 0.32.,"['Expected Revenue: ₹1809.13 | Reported Revenue: ₹1568.00 (Deficit: ₹241.13, 13.3%)', 'Expected Passengers: 151 | Reported Passengers: 131 (Difference: 20, 13.3%)', 'Multi-factor Risk Score: 0.3225 (MONITOR)', 'Statistical Isolation Anomaly Score: 0.9812']","{'expected_passengers': 151.0, 'reported_passengers': 131.0, 'passenger_difference': 20.0, 'passenger_pct_difference': 13.27, 'expected_revenue_inr': 1809.13, 'reported_revenue_inr': 1568.0, 'revenue_difference_inr': 241.13, 'revenue_pct_difference': 13.33, 'anomaly_score': 0.9812, 'risk_score': 0.3225, 'localization_confidence': 0.0, 'localized_subpath': None, 'is_repeated_pattern': False, 'historical_anomaly_rate': 0.0}",1324,10002,,241.13,0.9812,Include Route 1324 Trip 10002 in automated telemetry monitoring queue for subsequent schedules.,COMPOSITE_ANOMALY,OPEN,1.0.0
ALT-F97FDAE36B33,2026-08-31T04:21:56.072165+00:00,1324,10003,MONITOR,0.458,Localized Segment Discrepancy Alert — Route 1324,Graph analysis localized a concentrated revenue and passenger deficit along 21172 -> 22645_PF3 (Seq 1-41) with 68.8% spatial confidence (estimated impact: ₹339.13).,"['Expected Revenue: ₹1809.13 | Reported Revenue: ₹1470.00 (Deficit: ₹339.13, 18.7%)', 'Expected Passengers: 150 | Reported Passengers: 122 (Difference: 28, 18.8%)', 'Multi-factor Risk Score: 0.4580 (MONITOR)', 'Statistical Isolation Anomaly Score: 0.9786', 'Graph Discrepancy Localized Subpath: 21172 -> 22645_PF3 (Seq 1-41) (Confidence: 0.69)']","{'expected_passengers': 150.2, 'reported_passengers': 122.0, 'passenger_difference': 28.2, 'passenger_pct_difference': 18.77, 'expected_revenue_inr': 1809.13, 'reported_revenue_inr': 1470.0, 'revenue_difference_inr': 339.13, 'revenue_pct_difference': 18.75, 'anomaly_score': 0.9786, 'risk_score': 0.458, 'localization_confidence': 0.6884, 'localized_subpath': '21172 -> 22645_PF3 (Seq 1-41)', 'is_repeated_pattern': False, 'historical_anomaly_rate': 0.0}",1324,10003,21172 -> 22645_PF3 (Seq 1-41),339.13,0.9786,Include Route 1324 Trip 10003 in automated telemetry monitoring queue for subsequent schedules.,SEGMENT_ANOMALY,OPEN,1.0.0
ALT-0DC5E29C3EBA,2026-08-31T04:21:56.072228+00:00,1324,10004,NORMAL,0.2876,Nominal Operating Status — Route 1324,Trip 10004 operates within nominal baseline parameters (risk score 0.29).,"['Expected Revenue: ₹1809.13 | Reported Revenue: ₹1688.00 (Deficit: ₹121.13, 6.7%)', 'Expected Passengers: 148 | Reported Passengers: 138 (Difference: 10, 6.8%)', 'Multi-factor Risk Score: 0.2876 (NORMAL)', 'Statistical Isolation Anomaly Score: 0.9811']","{'expected_passengers': 148.1, 'reported_passengers': 138.0, 'passenger_difference': 10.1, 'passenger_pct_difference': 6.8, 'expected_revenue_inr': 1809.13, 'reported_revenue_inr': 1688.0, 'revenue_difference_inr': 121.13, 'revenue_pct_difference': 6.7, 'anomaly_score': 0.9811, 'risk_score': 0.2876, 'localization_confidence': 0.0, 'localized_subpath': None, 'is_repeated_pattern': False, 'historical_anomaly_rate': 0.0}",1324,10004,,121.13,0.9811,No immediate operational audit required. Telemetry within nominal bounds.,NOMINAL,OPEN,1.0.0
ALT-AED382B31C86,2026-08-31T04:21:56.072292+00:00,1324,10005,MONITOR,0.4598,Localized Segment Discrepancy Alert — Route 1324,Graph analysis localized a concentrated revenue and passenger deficit along 21172 -> 22645_PF3 (Seq 1-41) with 74.4% spatial confidence (estimated impact: ₹315.13).,"['Expected Revenue: ₹1809.13 | Reported Revenue: ₹1494.00 (Deficit: ₹315.13, 17.4%)', 'Expected Passengers: 149 | Reported Passengers: 123 (Difference: 26, 17.6%)', 'Multi-factor Risk Score: 0.4598 (MONITOR)', 'Statistical Isolation Anomaly Score: 0.9781', 'Graph Discrepancy Localized Subpath: 21172 -> 22645_PF3 (Seq 1-41) (Confidence: 0.74)']","{'expected_passengers': 149.2, 'reported_passengers': 123.0, 'passenger_difference': 26.2, 'passenger_pct_difference': 17.56, 'expected_revenue_inr': 1809.13, 'reported_revenue_inr': 1494.0, 'revenue_difference_inr': 315.13, 'revenue_pct_difference': 17.42, 'anomaly_score': 0.9781, 'risk_score': 0.4598, 'localization_confidence': 0.7443, 'localized_subpath': '21172 -> 22645_PF3 (Seq 1-41)', 'is_repeated_pattern': False, 'historical_anomaly_rate': 0.0}",1324,10005,21172 -> 22645_PF3 (Seq 1-41),315.13,0.9781,Include Route 1324 Trip 10005 in automated telemetry monitoring queue for subsequent schedules.,SEGMENT_ANOMALY,OPEN,1.0.0
ALT-A2553AC949C3,2026-08-31T04:21:56.072352+00:00,1324,10006,MONITOR,0.3013,Operational Review Alert — Route 1324,Trip 10006 on Route 1324 triggered operational monitoring with composite risk score 0.30.,"['Expected Revenue: ₹1809.13 | Reported Revenue: ₹1625.00 (Deficit: ₹184.13, 10.2%)', 'Expected Passengers: 153 | Reported Passengers: 138 (Difference: 15, 10.0%)', 'Multi-factor Risk Score: 0.3013 (MONITOR)', 'Statistical Isolation Anomaly Score: 0.9825']","{'expected_passengers': 153.3, 'reported_passengers': 138.0, 'passenger_difference': 15.3, 'passenger_pct_difference': 9.98, 'expected_revenue_inr': 1809.13, 'reported_revenue_inr': 1625.0, 'revenue_difference_inr': 184.13, 'revenue_pct_difference': 10.18, 'anomaly_score': 0.9825, 'risk_score': 0.3013, 'localization_confidence': 0.0, 'localized_subpath': None, 'is_repeated_pattern': False, 'historical_anomaly_rate': 0.0}",1324,10006,,184.13,0.9825,Include Route 1324 Trip 10006 in automated telemetry monitoring queue for subsequent schedules.,COMPOSITE_ANOMALY,OPEN,1.0.0
ALT-C2FCE19DF6B1,2026-08-31T04:21:56.072412+00:00,1324,10007,MONITOR,0.4619,Localized Segment Discrepancy Alert — Route 1324,Graph analysis localized a concentrated revenue and passenger deficit along 21172 -> 22645_PF3 (Seq 1-41) with 74.3% spatial confidence (estimated impact: ₹312.13).,"['Expected Revenue: ₹1809.13 | Reported Revenue: ₹1497.00 (Deficit: ₹312.13, 17.3%)', 'Expected Passengers: 147 | Reported Passengers: 121 (Difference: 26, 17.7%)', 'Multi-factor Risk Score: 0.4619 (MONITOR)', 'Statistical Isolation Anomaly Score: 0.9794', 'Graph Discrepancy Localized Subpath: 21172 -> 22645_PF3 (Seq 1-41) (Confidence: 0.74)']","{'expected_passengers': 146.9, 'reported_passengers': 121.0, 'passenger_difference': 25.9, 'passenger_pct_difference': 17.66, 'expected_revenue_inr': 1809.13, 'reported_revenue_inr': 1497.0, 'revenue_difference_inr': 312.13, 'revenue_pct_difference': 17.25, 'anomaly_score': 0.9794, 'risk_score': 0.4619, 'localization_confidence': 0.7428, 'localized_subpath': '21172 -> 22645_PF3 (Seq 1-41)', 'is_repeated_pattern': False, 'historical_anomaly_rate': 0.0}",1324,10007,21172 -> 22645_PF3 (Seq 1-41),312.13,0.9794,Include Route 1324 Trip 10007 in automated telemetry monitoring queue for subsequent schedules.,SEGMENT_ANOMALY,OPEN,1.0.0
ALT-03676516F153,2026-08-31T04:21:56.072473+00:00,1324,10008,MONITOR,0.3424,Operational Review Alert — Route 1324,Trip 10008 on Route 1324 triggered operational monitoring with composite risk score 0.34.,"['Expected Revenue: ₹1809.13 | Reported Revenue: ₹1527.00 (Deficit: ₹282.13, 15.6%)', 'Expected Passengers: 145 | Reported Passengers: 122 (Difference: 23, 16.1%)', 'Multi-factor Risk Score: 0.3424 (MONITOR)', 'Statistical Isolation Anomaly Score: 0.9782']","{'expected_passengers': 145.5, 'reported_passengers': 122.0, 'passenger_difference': 23.5, 'passenger_pct_difference': 16.12, 'expected_revenue_inr': 1809.13, 'reported_revenue_inr': 1527.0, 'revenue_difference_inr': 282.13, 'revenue_pct_difference': 15.59, 'anomaly_score': 0.9782, 'risk_score': 0.3424, 'localization_confidence': 0.0, 'localized_subpath': None, 'is_repeated_pattern': False, 'historical_anomaly_rate': 0.0}",1324,10008,,282.13,0.9782,Include Route 1324 Trip 10008 in automated telemetry monitoring queue for subsequent schedules.,COMPOSITE_ANOMALY,OPEN,1.0.0
ALT-B14989382DE3,2026-08-31T04:21:56.072531+00:00,1324,10009,NORMAL,0.2822,Nominal Operating Status — Route 1324,Trip 10009 operates within nominal baseline parameters (risk score 0.28).,"['Expected Revenue: ₹1809.13 | Reported Revenue: ₹1703.00 (Deficit: ₹106.13, 5.9%)', 'Expected Passengers: 149 | Reported Passengers: 140 (Difference: 9, 5.9%)', 'Multi-factor Risk Score: 0.2822 (NORMAL)', 'Statistical Isolation Anomaly Score: 0.9830']","{'expected_passengers': 148.8, 'reported_passengers': 140.0, 'passenger_difference': 8.8, 'passenger_pct_difference': 5.93, 'expected_revenue_inr': 1809.13, 'reported_revenue_inr': 1703.0, 'revenue_difference_inr': 106.13, 'revenue_pct_difference': 5.87, 'anomaly_score': 0.983, 'risk_score': 0.2822, 'localization_confidence': 0.0, 'localized_subpath': None, 'is_repeated_pattern': False, 'historical_anomaly_rate': 0.0}",1324,10009,,106.13,0.983,No immediate operational audit required. Telemetry within nominal bounds.,NOMINAL,OPEN,1.0.0
ALT-44986AB467DB,2026-08-31T04:21:56.072593+00:00,998,1001,SUSPICIOUS,0.651,Localized Segment Discrepancy Alert — Route 998,Graph analysis localized a concentrated revenue and passenger deficit along 20940 -> 21173 (Seq 1-6) with 99.0% spatial confidence (estimated impact: ₹214.01).,"['Expected Revenue: ₹324.01 | Reported Revenue: ₹110.00 (Deficit: ₹214.01, 66.1%)', 'Expected Passengers: 35 | Reported Passengers: 17 (Difference: 18, 51.1%)', 'Multi-factor Risk Score: 0.6510 (SUSPICIOUS)', 'Statistical Isolation Anomaly Score: 0.9903', 'Graph Discrepancy Localized Subpath: 20940 -> 21173 (Seq 1-6) (Confidence: 0.99)']","{'expected_passengers': 34.8, 'reported_passengers': 17.0, 'passenger_difference': 17.8, 'passenger_pct_difference': 51.13, 'expected_revenue_inr': 324.01, 'reported_revenue_inr': 110.0, 'revenue_difference_inr': 214.01, 'revenue_pct_difference': 66.05, 'anomaly_score': 0.9903, 'risk_score': 0.651, 'localization_confidence': 0.99, 'localized_subpath': '20940 -> 21173 (Seq 1-6)', 'is_repeated_pattern': False, 'historical_anomaly_rate': 0.0}",998,1001,20940 -> 21173 (Seq 1-6),214.01,0.9903,Audit trip ticketing logs and conductor waypoint reconciliations for Trip 1001 on Route 998.,SEGMENT_ANOMALY,OPEN,1.0.0
ALT-E7CD47AC09CE,2026-08-31T04:21:56.072651+00:00,1324,10010,NORMAL,0.287,Nominal Operating Status — Route 1324,Trip 10010 operates within nominal baseline parameters (risk score 0.29).,"['Expected Revenue: ₹1809.13 | Reported Revenue: ₹1706.00 (Deficit: ₹103.13, 5.7%)', 'Expected Passengers: 145 | Reported Passengers: 136 (Difference: 9, 5.9%)', 'Multi-factor Risk Score: 0.2870 (NORMAL)', 'Statistical Isolation Anomaly Score: 0.9834']","{'expected_passengers': 144.6, 'reported_passengers': 136.0, 'passenger_difference': 8.6, 'passenger_pct_difference': 5.93, 'expected_revenue_inr': 1809.13, 'reported_revenue_inr': 1706.0, 'revenue_difference_inr': 103.13, 'revenue_pct_difference': 5.7, 'anomaly_score': 0.9834, 'risk_score': 0.287, 'localization_confidence': 0.0, 'localized_subpath': None, 'is_repeated_pattern': False, 'historical_anomaly_rate': 0.0}",1324,10010,,103.13,0.9834,No immediate operational audit required. Telemetry within nominal bounds.,NOMINAL,OPEN,1.0.0
ALT-9C331B160B41,2026-08-31T04:21:56.072710+00:00,1324,10011,MONITOR,0.5389,Localized Segment Discrepancy Alert — Route 1324,Graph analysis localized a concentrated revenue and passenger deficit along 21172 -> 22645_PF3 (Seq 1-41) with 79.3% spatial confidence (estimated impact: ₹555.13).,"['Expected Revenue: ₹1809.13 | Reported Revenue: ₹1254.00 (Deficit: ₹555.13, 30.7%)', 'Expected Passengers: 155 | Reported Passengers: 109 (Difference: 46, 29.7%)', 'Multi-factor Risk Score: 0.5389 (MONITOR)', 'Statistical Isolation Anomaly Score: 0.9863', 'Graph Discrepancy Localized Subpath: 21172 -> 22645_PF3 (Seq 1-41) (Confidence: 0.79)']","{'expected_passengers': 155.1, 'reported_passengers': 109.0, 'passenger_difference': 46.1, 'passenger_pct_difference': 29.74, 'expected_revenue_inr': 1809.13, 'reported_revenue_inr': 1254.0, 'revenue_difference_inr': 555.13, 'revenue_pct_difference': 30.68, 'anomaly_score': 0.9863, 'risk_score': 0.5389, 'localization_confidence': 0.7928, 'localized_subpath': '21172 -> 22645_PF3 (Seq 1-41)', 'is_repeated_pattern': False, 'historical_anomaly_rate': 0.0}",1324,10011,21172 -> 22645_PF3 (Seq 1-41),555.13,0.9863,Include Route 1324 Trip 10011 in automated telemetry monitoring queue for subsequent schedules.,SEGMENT_ANOMALY,OPEN,1.0.0
ALT-57190FC52B29,2026-08-31T04:21:56.072773+00:00,1324,10012,MONITOR,0.5021,Localized Segment Discrepancy Alert — Route 1324,Graph analysis localized a concentrated revenue and passenger deficit along 21172 -> 22645_PF3 (Seq 1-41) with 76.8% spatial confidence (estimated impact: ₹437.13).,"['Expected Revenue: ₹1809.13 | Reported Revenue: ₹1372.00 (Deficit: ₹437.13, 24.2%)', 'Expected Passengers: 150 | Reported Passengers: 114 (Difference: 36, 24.2%)', 'Multi-factor Risk Score: 0.5021 (MONITOR)', 'Statistical Isolation Anomaly Score: 0.9814', 'Graph Discrepancy Localized Subpath: 21172 -> 22645_PF3 (Seq 1-41) (Confidence: 0.77)']","{'expected_passengers': 150.3, 'reported_passengers': 114.0, 'passenger_difference': 36.3, 'passenger_pct_difference': 24.17, 'expected_revenue_inr': 1809.13, 'reported_revenue_inr': 1372.0, 'revenue_difference_inr': 437.13, 'revenue_pct_difference': 24.16, 'anomaly_score': 0.9814, 'risk_score': 0.5021, 'localization_confidence': 0.768, 'localized_subpath': '21172 -> 22645_PF3 (Seq 1-41)', 'is_repeated_pattern': False, 'historical_anomaly_rate': 0.0}",1324,10012,21172 -> 22645_PF3 (Seq 1-41),437.13,0.9814,Include Route 1324 Trip 10012 in automated telemetry monitoring queue for subsequent schedules.,SEGMENT_ANOMALY,OPEN,1.0.0
ALT-FCB81068CF40,2026-08-31T04:21:56.072833+00:00,1324,10013,MONITOR,0.5012,Localized Segment Discrepancy Alert — Route 1324,Graph analysis localized a concentrated revenue and passenger deficit along 21172 -> 22645_PF3 (Seq 1-41) with 78.6% spatial confidence (estimated impact: ₹433.13).,"['Expected Revenue: ₹1809.13 | Reported Revenue: ₹1376.00 (Deficit: ₹433.13, 23.9%)', 'Expected Passengers: 152 | Reported Passengers: 116 (Difference: 36, 23.7%)', 'Multi-factor Risk Score: 0.5012 (MONITOR)', 'Statistical Isolation Anomaly Score: 0.9810', 'Graph Discrepancy Localized Subpath: 21172 -> 22645_PF3 (Seq 1-41) (Confidence: 0.79)']","{'expected_passengers': 152.0, 'reported_passengers': 116.0, 'passenger_difference': 36.0, 'passenger_pct_difference': 23.69, 'expected_revenue_inr': 1809.13, 'reported_revenue_inr': 1376.0, 'revenue_difference_inr': 433.13, 'revenue_pct_difference': 23.94, 'anomaly_score': 0.981, 'risk_score': 0.5012, 'localization_confidence': 0.786, 'localized_subpath': '21172 -> 22645_PF3 (Seq 1-41)', 'is_repeated_pattern': False, 'historical_anomaly_rate': 0.0}",1324,10013,21172 -> 22645_PF3 (Seq 1-41),433.13,0.981,Include Route 1324 Trip 10013 in automated telemetry monitoring queue for subsequent schedules.,SEGMENT_ANOMALY,OPEN,1.0.0
ALT-7B4650AC22EB,2026-08-31T04:21:56.072893+00:00,1324,10014,MONITOR,0.5349,Localized Segment Discrepancy Alert — Route 1324,Graph analysis localized a concentrated revenue and passenger deficit along 21172 -> 22645_PF3 (Seq 1-41) with 79.6% spatial confidence (estimated impact: ₹520.13).,"['Expected Revenue: ₹1809.13 | Reported Revenue: ₹1289.00 (Deficit: ₹520.13, 28.8%)', 'Expected Passengers: 149 | Reported Passengers: 106 (Difference: 43, 29.0%)', 'Multi-factor Risk Score: 0.5349 (MONITOR)', 'Statistical Isolation Anomaly Score: 0.9825', 'Graph Discrepancy Localized Subpath: 21172 -> 22645_PF3 (Seq 1-41) (Confidence: 0.80)']","{'expected_passengers': 149.2, 'reported_passengers': 106.0, 'passenger_difference': 43.2, 'passenger_pct_difference': 28.97, 'expected_revenue_inr': 1809.13, 'reported_revenue_inr': 1289.0, 'revenue_difference_inr': 520.13, 'revenue_pct_difference': 28.75, 'anomaly_score': 0.9825, 'risk_score': 0.5349, 'localization_confidence': 0.7956, 'localized_subpath': '21172 -> 22645_PF3 (Seq 1-41)', 'is_repeated_pattern': False, 'historical_anomaly_rate': 0.0}",1324,10014,21172 -> 22645_PF3 (Seq 1-41),520.13,0.9825,Include Route 1324 Trip 10014 in automated telemetry monitoring queue for subsequent schedules.,SEGMENT_ANOMALY,OPEN,1.0.0
ALT-928C6F57FFF9,2026-08-31T04:21:56.072953+00:00,1324,10015,MONITOR,0.5066,Localized Segment Discrepancy Alert — Route 1324,Graph analysis localized a concentrated revenue and passenger deficit along 21172 -> 22645_PF3 (Seq 1-41) with 74.7% spatial confidence (estimated impact: ₹453.13).,"['Expected Revenue: ₹1809.13 | Reported Revenue: ₹1356.00 (Deficit: ₹453.13, 25.0%)', 'Expected Passengers: 149 | Reported Passengers: 111 (Difference: 38, 25.3%)', 'Multi-factor Risk Score: 0.5066 (MONITOR)', 'Statistical Isolation Anomaly Score: 0.9822', 'Graph Discrepancy Localized Subpath: 21172 -> 22645_PF3 (Seq 1-41) (Confidence: 0.75)']","{'expected_passengers': 148.7, 'reported_passengers': 111.0, 'passenger_difference': 37.7, 'passenger_pct_difference': 25.34, 'expected_revenue_inr': 1809.13, 'reported_revenue_inr': 1356.0, 'revenue_difference_inr': 453.13, 'revenue_pct_difference': 25.05, 'anomaly_score': 0.9822, 'risk_score': 0.5066, 'localization_confidence': 0.7471, 'localized_subpath': '21172 -> 22645_PF3 (Seq 1-41)', 'is_repeated_pattern': False, 'historical_anomaly_rate': 0.0}",1324,10015,21172 -> 22645_PF3 (Seq 1-41),453.13,0.9822,Include Route 1324 Trip 10015 in automated telemetry monitoring queue for subsequent schedules.,SEGMENT_ANOMALY,OPEN,1.0.0
ALT-EC6A27B51CD1,2026-08-31T04:21:56.073013+00:00,1324,10016,MONITOR,0.5426,Localized Segment Discrepancy Alert — Route 1324,Graph analysis localized a concentrated revenue and passenger deficit along 21172 -> 22645_PF3 (Seq 1-41) with 78.3% spatial confidence (estimated impact: ₹543.13).,"['Expected Revenue: ₹1809.13 | Reported Revenue: ₹1266.00 (Deficit: ₹543.13, 30.0%)', 'Expected Passengers: 148 | Reported Passengers: 103 (Difference: 45, 30.5%)', 'Multi-factor Risk Score: 0.5426 (MONITOR)', 'Statistical Isolation Anomaly Score: 0.9854', 'Graph Discrepancy Localized Subpath: 21172 -> 22645_PF3 (Seq 1-41) (Confidence: 0.78)']","{'expected_passengers': 148.1, 'reported_passengers': 103.0, 'passenger_difference': 45.1, 'passenger_pct_difference': 30.47, 'expected_revenue_inr': 1809.13, 'reported_revenue_inr': 1266.0, 'revenue_difference_inr': 543.13, 'revenue_pct_difference': 30.02, 'anomaly_score': 0.9854, 'risk_score': 0.5426, 'localization_confidence': 0.7832, 'localized_subpath': '21172 -> 22645_PF3 (Seq 1-41)', 'is_repeated_pattern': False, 'historical_anomaly_rate': 0.0}",1324,10016,21172 -> 22645_PF3 (Seq 1-41),543.13,0.9854,Include Route 1324 Trip 10016 in automated telemetry monitoring queue for subsequent schedules.,SEGMENT_ANOMALY,OPEN,1.0.0
ALT-AC01EE4B4CFC,2026-08-31T04:21:56.073077+00:00,1324,10017,MONITOR,0.4998,Passenger & Revenue Discrepancy Alert — Route 1324,"Trip 10017 on Route 1324 recorded 104 passengers (expected 145, -28.2%) and ₹1317.00 revenue (expected ₹1809.13, -27.2%).","['Expected Revenue: ₹1809.13 | Reported Revenue: ₹1317.00 (Deficit: ₹492.13, 27.2%)', 'Expected Passengers: 145 | Reported Passengers: 104 (Difference: 41, 28.2%)', 'Multi-factor Risk Score: 0.4998 (MONITOR)', 'Statistical Isolation Anomaly Score: 0.9845', 'Graph Discrepancy Localized Subpath: 21172 -> 22585 (Seq 1-3) (Confidence: 0.58)']","{'expected_passengers': 144.9, 'reported_passengers': 104.0, 'passenger_difference': 40.9, 'passenger_pct_difference': 28.23, 'expected_revenue_inr': 1809.13, 'reported_revenue_inr': 1317.0, 'revenue_difference_inr': 492.13, 'revenue_pct_difference': 27.2, 'anomaly_score': 0.9845, 'risk_score': 0.4998, 'localization_confidence': 0.5807, 'localized_subpath': '21172 -> 22585 (Seq 1-3)', 'is_repeated_pattern': False, 'historical_anomaly_rate': 0.0}",1324,10017,21172 -> 22585 (Seq 1-3),492.13,0.9845,Include Route 1324 Trip 10017 in automated telemetry monitoring queue for subsequent schedules.,PASSENGER_UNDERREPORTING,OPEN,1.0.0
ALT-FDC2CE15AF93,2026-08-31T04:21:56.073145+00:00,1324,10018,HIGH_RISK,0.8022,Localized Segment Discrepancy Alert — Route 1324,Graph analysis localized a concentrated revenue and passenger deficit along 21172 -> 22645_PF3 (Seq 1-41) with 99.0% spatial confidence (estimated impact: ₹629.65).,"['Expected Revenue: ₹793.65 | Reported Revenue: ₹164.00 (Deficit: ₹629.65, 79.3%)', 'Expected Passengers: 65 | Reported Passengers: 13 (Difference: 52, 80.1%)', 'Multi-factor Risk Score: 0.8022 (HIGH_RISK)', 'Statistical Isolation Anomaly Score: 0.9901', 'Graph Discrepancy Localized Subpath: 21172 -> 22645_PF3 (Seq 1-41) (Confidence: 0.99)']","{'expected_passengers': 65.3, 'reported_passengers': 13.0, 'passenger_difference': 52.3, 'passenger_pct_difference': 80.1, 'expected_revenue_inr': 793.65, 'reported_revenue_inr': 164.0, 'revenue_difference_inr': 629.65, 'revenue_pct_difference': 79.34, 'anomaly_score': 0.9901, 'risk_score': 0.8022, 'localization_confidence': 0.99, 'localized_subpath': '21172 -> 22645_PF3 (Seq 1-41)', 'is_repeated_pattern': False, 'historical_anomaly_rate': 0.0}",1324,10018,21172 -> 22645_PF3 (Seq 1-41),629.65,0.9901,"Schedule immediate operational inspection of Electronic Ticketing Machine (ETM) device telemetry, verify conductor trip sheet against segment boardings on Route 1324, and audit reconciliation records.",SEGMENT_ANOMALY,OPEN,1.0.0
ALT-61E3C39AFD25,2026-08-31T04:21:56.073206+00:00,1324,10019,SUSPICIOUS,0.7713,Localized Segment Discrepancy Alert — Route 1324,Graph analysis localized a concentrated revenue and passenger deficit along 21172 -> 22645_PF3 (Seq 1-41) with 99.0% spatial confidence (estimated impact: ₹598.05).,"['Expected Revenue: ₹793.65 | Reported Revenue: ₹195.60 (Deficit: ₹598.05, 75.4%)', 'Expected Passengers: 69 | Reported Passengers: 19 (Difference: 50, 72.3%)', 'Multi-factor Risk Score: 0.7713 (SUSPICIOUS)', 'Statistical Isolation Anomaly Score: 0.9886', 'Graph Discrepancy Localized Subpath: 21172 -> 22645_PF3 (Seq 1-41) (Confidence: 0.99)']","{'expected_passengers': 68.7, 'reported_passengers': 19.0, 'passenger_difference': 49.7, 'passenger_pct_difference': 72.35, 'expected_revenue_inr': 793.65, 'reported_revenue_inr': 195.6, 'revenue_difference_inr': 598.05, 'revenue_pct_difference': 75.35, 'anomaly_score': 0.9886, 'risk_score': 0.7713, 'localization_confidence': 0.99, 'localized_subpath': '21172 -> 22645_PF3 (Seq 1-41)', 'is_repeated_pattern': False, 'historical_anomaly_rate': 0.0}",1324,10019,21172 -> 22645_PF3 (Seq 1-41),598.05,0.99,Audit trip ticketing logs and conductor waypoint reconciliations for Trip 10019 on Route 1324.,SEGMENT_ANOMALY,OPEN,1.0.0
ALT-0A486D88E9BE,2026-08-31T04:21:56.073268+00:00,998,1002,HIGH_RISK,0.8718,Zero Telemetry / Unreported Trip Alert — Route 998,"Trip 1002 on Route 998 completed schedule with zero reported revenue or passenger count, resulting in an estimated ₹324.01 discrepancy against baseline expectation.","['Expected Revenue: ₹324.01 | Reported Revenue: ₹0.00 (Deficit: ₹324.01, 100.0%)', 'Expected Passengers: 27 | Reported Passengers: 0 (Difference: 27, 100.0%)', 'Multi-factor Risk Score: 0.8718 (HIGH_RISK)', 'Statistical Isolation Anomaly Score: 0.9959', 'Graph Discrepancy Localized Subpath: 20940 -> 21173 (Seq 1-6) (Confidence: 0.99)']","{'expected_passengers': 26.9, 'reported_passengers': 0.0, 'passenger_difference': 26.9, 'passenger_pct_difference': 100.0, 'expected_revenue_inr': 324.01, 'reported_revenue_inr': 0.0, 'revenue_difference_inr': 324.01, 'revenue_pct_difference': 100.0, 'anomaly_score': 0.9959, 'risk_score': 0.8718, 'localization_confidence': 0.99, 'localized_subpath': '20940 -> 21173 (Seq 1-6)', 'is_repeated_pattern': False, 'historical_anomaly_rate': 0.0}",998,1002,20940 -> 21173 (Seq 1-6),324.01,0.9959,"Schedule immediate operational inspection of Electronic Ticketing Machine (ETM) device telemetry, verify conductor trip sheet against segment boardings on Route 998, and audit reconciliation records.",MISSING_TRIP,OPEN,1.0.0
ALT-C17835A5B084,2026-08-31T04:21:56.073333+00:00,1324,10020,MONITOR,0.3945,Passenger & Revenue Discrepancy Alert — Route 1324,"Trip 10020 on Route 1324 recorded 55 passengers (expected 80, -31.1%) and ₹494.80 revenue (expected ₹793.65, -37.7%).","['Expected Revenue: ₹793.65 | Reported Revenue: ₹494.80 (Deficit: ₹298.85, 37.7%)', 'Expected Passengers: 80 | Reported Passengers: 55 (Difference: 25, 31.1%)', 'Multi-factor Risk Score: 0.3945 (MONITOR)', 'Statistical Isolation Anomaly Score: 0.9787']","{'expected_passengers': 79.8, 'reported_passengers': 55.0, 'passenger_difference': 24.8, 'passenger_pct_difference': 31.11, 'expected_revenue_inr': 793.65, 'reported_revenue_inr': 494.8, 'revenue_difference_inr': 298.85, 'revenue_pct_difference': 37.66, 'anomaly_score': 0.9787, 'risk_score': 0.3945, 'localization_confidence': 0.0, 'localized_subpath': None, 'is_repeated_pattern': False, 'historical_anomaly_rate': 0.0}",1324,10020,,298.85,0.9787,Include Route 1324 Trip 10020 in automated telemetry monitoring queue for subsequent schedules.,PASSENGER_UNDERREPORTING,OPEN,1.0.0
ALT-1A7385E95F52,2026-08-31T04:21:56.073396+00:00,1324,10021,MONITOR,0.3166,Operational Review Alert — Route 1324,Trip 10021 on Route 1324 triggered operational monitoring with composite risk score 0.32.,"['Expected Revenue: ₹793.65 | Reported Revenue: ₹677.00 (Deficit: ₹116.65, 14.7%)', 'Expected Passengers: 65 | Reported Passengers: 55 (Difference: 10, 15.0%)', 'Multi-factor Risk Score: 0.3166 (MONITOR)', 'Statistical Isolation Anomaly Score: 0.9514']","{'expected_passengers': 64.7, 'reported_passengers': 55.0, 'passenger_difference': 9.7, 'passenger_pct_difference': 14.99, 'expected_revenue_inr': 793.65, 'reported_revenue_inr': 677.0, 'revenue_difference_inr': 116.65, 'revenue_pct_difference': 14.7, 'anomaly_score': 0.9514, 'risk_score': 0.3166, 'localization_confidence': 0.0, 'localized_subpath': None, 'is_repeated_pattern': False, 'historical_anomaly_rate': 0.0}",1324,10021,,116.65,0.9514,Include Route 1324 Trip 10021 in automated telemetry monitoring queue for subsequent schedules.,COMPOSITE_ANOMALY,OPEN,1.0.0
ALT-E7E9AE38CEAB,2026-08-31T04:21:56.073455+00:00,1324,10022,NORMAL,0.2718,Nominal Operating Status — Route 1324,Trip 10022 operates within nominal baseline parameters (risk score 0.27).,"['Expected Revenue: ₹793.65 | Reported Revenue: ₹745.00 (Deficit: ₹48.65, 6.1%)', 'Expected Passengers: 65 | Reported Passengers: 61 (Difference: 4, 6.2%)', 'Multi-factor Risk Score: 0.2718 (NORMAL)', 'Statistical Isolation Anomaly Score: 0.9511']","{'expected_passengers': 65.0, 'reported_passengers': 61.0, 'passenger_difference': 4.0, 'passenger_pct_difference': 6.22, 'expected_revenue_inr': 793.65, 'reported_revenue_inr': 745.0, 'revenue_difference_inr': 48.65, 'revenue_pct_difference': 6.13, 'anomaly_score': 0.9511, 'risk_score': 0.2718, 'localization_confidence': 0.0, 'localized_subpath': None, 'is_repeated_pattern': False, 'historical_anomaly_rate': 0.0}",1324,10022,,48.65,0.9511,No immediate operational audit required. Telemetry within nominal bounds.,NOMINAL,OPEN,1.0.0
ALT-C661E999C26B,2026-08-31T04:21:56.073514+00:00,1324,10023,NORMAL,0.2963,Nominal Operating Status — Route 1324,Trip 10023 operates within nominal baseline parameters (risk score 0.30).,"['Expected Revenue: ₹793.65 | Reported Revenue: ₹684.00 (Deficit: ₹109.65, 13.8%)', 'Expected Passengers: 70 | Reported Passengers: 61 (Difference: 9, 13.0%)', 'Multi-factor Risk Score: 0.2963 (NORMAL)', 'Statistical Isolation Anomaly Score: 0.9539']","{'expected_passengers': 70.1, 'reported_passengers': 61.0, 'passenger_difference': 9.1, 'passenger_pct_difference': 13.0, 'expected_revenue_inr': 793.65, 'reported_revenue_inr': 684.0, 'revenue_difference_inr': 109.65, 'revenue_pct_difference': 13.82, 'anomaly_score': 0.9539, 'risk_score': 0.2963, 'localization_confidence': 0.0, 'localized_subpath': None, 'is_repeated_pattern': False, 'historical_anomaly_rate': 0.0}",1324,10023,,109.65,0.9539,No immediate operational audit required. Telemetry within nominal bounds.,NOMINAL,OPEN,1.0.0
ALT-AC1C4882F1B4,2026-08-31T04:21:56.073572+00:00,1324,10024,NORMAL,0.2589,Nominal Operating Status — Route 1324,Trip 10024 operates within nominal baseline parameters (risk score 0.26).,"['Expected Revenue: ₹793.65 | Reported Revenue: ₹779.00 (Deficit: ₹14.65, 1.8%)', 'Expected Passengers: 62 | Reported Passengers: 61 (Difference: 1, 2.0%)', 'Multi-factor Risk Score: 0.2589 (NORMAL)', 'Statistical Isolation Anomaly Score: 0.9523']","{'expected_passengers': 62.2, 'reported_passengers': 61.0, 'passenger_difference': 1.2, 'passenger_pct_difference': 1.96, 'expected_revenue_inr': 793.65, 'reported_revenue_inr': 779.0, 'revenue_difference_inr': 14.65, 'revenue_pct_difference': 1.85, 'anomaly_score': 0.9523, 'risk_score': 0.2589, 'localization_confidence': 0.0, 'localized_subpath': None, 'is_repeated_pattern': False, 'historical_anomaly_rate': 0.0}",1324,10024,,14.65,0.9523,No immediate operational audit required. Telemetry within nominal bounds.,NOMINAL,OPEN,1.0.0
ALT-25928FC22A4B,2026-08-31T04:21:56.073629+00:00,1324,10025,MONITOR,0.4024,Passenger & Revenue Discrepancy Alert — Route 1324,"Trip 10025 on Route 1324 recorded 45 passengers (expected 66, -31.5%) and ₹545.00 revenue (expected ₹793.65, -31.3%).","['Expected Revenue: ₹793.65 | Reported Revenue: ₹545.00 (Deficit: ₹248.65, 31.3%)', 'Expected Passengers: 66 | Reported Passengers: 45 (Difference: 21, 31.5%)', 'Multi-factor Risk Score: 0.4024 (MONITOR)', 'Statistical Isolation Anomaly Score: 0.9675']","{'expected_passengers': 65.7, 'reported_passengers': 45.0, 'passenger_difference': 20.7, 'passenger_pct_difference': 31.47, 'expected_revenue_inr': 793.65, 'reported_revenue_inr': 545.0, 'revenue_difference_inr': 248.65, 'revenue_pct_difference': 31.33, 'anomaly_score': 0.9675, 'risk_score': 0.4024, 'localization_confidence': 0.0, 'localized_subpath': None, 'is_repeated_pattern': False, 'historical_anomaly_rate': 0.0}",1324,10025,,248.65,0.9675,Include Route 1324 Trip 10025 in automated telemetry monitoring queue for subsequent schedules.,PASSENGER_UNDERREPORTING,OPEN,1.0.0
ALT-3446F4C2D423,2026-08-31T04:21:56.073685+00:00,1324,10026,NORMAL,0.2402,Nominal Operating Status — Route 1324,Trip 10026 operates within nominal baseline parameters (risk score 0.24).,"['Expected Revenue: ₹809.00 | Reported Revenue: ₹809.00 (Deficit: ₹0.00, 0.0%)', 'Expected Passengers: 67 | Reported Passengers: 67 (Difference: 0, 0.0%)', 'Multi-factor Risk Score: 0.2402 (NORMAL)', 'Statistical Isolation Anomaly Score: 0.9606']","{'expected_passengers': 67.0, 'reported_passengers': 67.0, 'passenger_difference': 0.0, 'passenger_pct_difference': 0.0, 'expected_revenue_inr': 809.0, 'reported_revenue_inr': 809.0, 'revenue_difference_inr': 0.0, 'revenue_pct_difference': 0.0, 'anomaly_score': 0.9606, 'risk_score': 0.2402, 'localization_confidence': 0.0, 'localized_subpath': None, 'is_repeated_pattern': False, 'historical_anomaly_rate': 0.0}",1324,10026,,0.0,0.9606,No immediate operational audit required. Telemetry within nominal bounds.,NOMINAL,OPEN,1.0.0
ALT-45D415074F0A,2026-08-31T04:21:56.073742+00:00,1324,10027,NORMAL,0.2451,Nominal Operating Status — Route 1324,Trip 10027 operates within nominal baseline parameters (risk score 0.25).,"['Expected Revenue: ₹874.00 | Reported Revenue: ₹874.00 (Deficit: ₹0.00, 0.0%)', 'Expected Passengers: 81 | Reported Passengers: 81 (Difference: 0, 0.0%)', 'Multi-factor Risk Score: 0.2451 (NORMAL)', 'Statistical Isolation Anomaly Score: 0.9805']","{'expected_passengers': 81.0, 'reported_passengers': 81.0, 'passenger_difference': 0.0, 'passenger_pct_difference': 0.0, 'expected_revenue_inr': 874.0, 'reported_revenue_inr': 874.0, 'revenue_difference_inr': 0.0, 'revenue_pct_difference': 0.0, 'anomaly_score': 0.9805, 'risk_score': 0.2451, 'localization_confidence': 0.0, 'localized_subpath': None, 'is_repeated_pattern': False, 'historical_anomaly_rate': 0.0}",1324,10027,,0.0,0.9805,No immediate operational audit required. Telemetry within nominal bounds.,NOMINAL,OPEN,1.0.0
ALT-7A79A27935F1,2026-08-31T04:21:56.073800+00:00,1324,10028,MONITOR,0.3038,Operational Review Alert — Route 1324,Trip 10028 on Route 1324 triggered operational monitoring with composite risk score 0.30.,"['Expected Revenue: ₹793.65 | Reported Revenue: ₹712.00 (Deficit: ₹81.65, 10.3%)', 'Expected Passengers: 62 | Reported Passengers: 55 (Difference: 7, 11.0%)', 'Multi-factor Risk Score: 0.3038 (MONITOR)', 'Statistical Isolation Anomaly Score: 0.9548']","{'expected_passengers': 61.8, 'reported_passengers': 55.0, 'passenger_difference': 6.8, 'passenger_pct_difference': 10.98, 'expected_revenue_inr': 793.65, 'reported_revenue_inr': 712.0, 'revenue_difference_inr': 81.65, 'revenue_pct_difference': 10.29, 'anomaly_score': 0.9548, 'risk_score': 0.3038, 'localization_confidence': 0.0, 'localized_subpath': None, 'is_repeated_pattern': False, 'historical_anomaly_rate': 0.0}",1324,10028,,81.65,0.9548,Include Route 1324 Trip 10028 in automated telemetry monitoring queue for subsequent schedules.,COMPOSITE_ANOMALY,OPEN,1.0.0
ALT-ABF9F854D3A4,2026-08-31T04:21:56.073860+00:00,1324,10029,NORMAL,0.2457,Nominal Operating Status — Route 1324,Trip 10029 operates within nominal baseline parameters (risk score 0.25).,"['Expected Revenue: ₹985.00 | Reported Revenue: ₹985.00 (Deficit: ₹0.00, 0.0%)', 'Expected Passengers: 75 | Reported Passengers: 75 (Difference: 0, 0.0%)', 'Multi-factor Risk Score: 0.2457 (NORMAL)', 'Statistical Isolation Anomaly Score: 0.9828']","{'expected_passengers': 75.0, 'reported_passengers': 75.0, 'passenger_difference': 0.0, 'passenger_pct_difference': 0.0, 'expected_revenue_inr': 985.0, 'reported_revenue_inr': 985.0, 'revenue_difference_inr': 0.0, 'revenue_pct_difference': 0.0, 'anomaly_score': 0.9828, 'risk_score': 0.2457, 'localization_confidence': 0.0, 'localized_subpath': None, 'is_repeated_pattern': False, 'historical_anomaly_rate': 0.0}",1324,10029,,0.0,0.9828,No immediate operational audit required. Telemetry within nominal bounds.,NOMINAL,OPEN,1.0.0
ALT-CDE359CBB60F,2026-08-31T04:21:56.074213+00:00,998,1003,MONITOR,0.5066,Localized Segment Discrepancy Alert — Route 998,Graph analysis localized a concentrated revenue and passenger deficit along 20940 -> 21173 (Seq 1-6) with 96.7% spatial confidence (estimated impact: ₹134.01).,"['Expected Revenue: ₹324.01 | Reported Revenue: ₹190.00 (Deficit: ₹134.01, 41.4%)', 'Expected Passengers: 39 | Reported Passengers: 28 (Difference: 11, 28.5%)', 'Multi-factor Risk Score: 0.5066 (MONITOR)', 'Statistical Isolation Anomaly Score: 0.9924', 'Graph Discrepancy Localized Subpath: 20940 -> 21173 (Seq 1-6) (Confidence: 0.97)']","{'expected_passengers': 39.1, 'reported_passengers': 28.0, 'passenger_difference': 11.1, 'passenger_pct_difference': 28.46, 'expected_revenue_inr': 324.01, 'reported_revenue_inr': 190.0, 'revenue_difference_inr': 134.01, 'revenue_pct_difference': 41.36, 'anomaly_score': 0.9924, 'risk_score': 0.5066, 'localization_confidence': 0.9673, 'localized_subpath': '20940 -> 21173 (Seq 1-6)', 'is_repeated_pattern': False, 'historical_anomaly_rate': 0.0}",998,1003,20940 -> 21173 (Seq 1-6),134.01,0.9924,Include Route 998 Trip 1003 in automated telemetry monitoring queue for subsequent schedules.,SEGMENT_ANOMALY,OPEN,1.0.0
ALT-E05E97949C0D,2026-08-31T04:21:56.074315+00:00,1324,10030,MONITOR,0.5559,Localized Segment Discrepancy Alert — Route 1324,Graph analysis localized a concentrated revenue and passenger deficit along 21172 -> 22645_PF3 (Seq 1-41) with 98.1% spatial confidence (estimated impact: ₹305.65).,"['Expected Revenue: ₹793.65 | Reported Revenue: ₹488.00 (Deficit: ₹305.65, 38.5%)', 'Expected Passengers: 76 | Reported Passengers: 51 (Difference: 25, 33.3%)', 'Multi-factor Risk Score: 0.5559 (MONITOR)', 'Statistical Isolation Anomaly Score: 0.9767', 'Graph Discrepancy Localized Subpath: 21172 -> 22645_PF3 (Seq 1-41) (Confidence: 0.98)']","{'expected_passengers': 76.4, 'reported_passengers': 51.0, 'passenger_difference': 25.4, 'passenger_pct_difference': 33.25, 'expected_revenue_inr': 793.65, 'reported_revenue_inr': 488.0, 'revenue_difference_inr': 305.65, 'revenue_pct_difference': 38.51, 'anomaly_score': 0.9767, 'risk_score': 0.5559, 'localization_confidence': 0.9809, 'localized_subpath': '21172 -> 22645_PF3 (Seq 1-41)', 'is_repeated_pattern': False, 'historical_anomaly_rate': 0.0}",1324,10030,21172 -> 22645_PF3 (Seq 1-41),305.65,0.9809,Include Route 1324 Trip 10030 in automated telemetry monitoring queue for subsequent schedules.,SEGMENT_ANOMALY,OPEN,1.0.0
ALT-FBB2A8DEEB36,2026-08-31T04:21:56.074396+00:00,1324,10031,MONITOR,0.3544,Revenue Deficit Alert — Route 1324,Trip 10031 on Route 1324 reported a revenue deficit of ₹213.65 (-26.9%) relative to expected diurnal baseline.,"['Expected Revenue: ₹793.65 | Reported Revenue: ₹580.00 (Deficit: ₹213.65, 26.9%)', 'Expected Passengers: 74 | Reported Passengers: 56 (Difference: 18, 24.1%)', 'Multi-factor Risk Score: 0.3544 (MONITOR)', 'Statistical Isolation Anomaly Score: 0.9632']","{'expected_passengers': 73.8, 'reported_passengers': 56.0, 'passenger_difference': 17.8, 'passenger_pct_difference': 24.08, 'expected_revenue_inr': 793.65, 'reported_revenue_inr': 580.0, 'revenue_difference_inr': 213.65, 'revenue_pct_difference': 26.92, 'anomaly_score': 0.9632, 'risk_score': 0.3544, 'localization_confidence': 0.0, 'localized_subpath': None, 'is_repeated_pattern': False, 'historical_anomaly_rate': 0.0}",1324,10031,,213.65,0.9632,Include Route 1324 Trip 10031 in automated telemetry monitoring queue for subsequent schedules.,REVENUE_DISCREPANCY,OPEN,1.0.0
ALT-F3F6FD618203,2026-08-31T04:21:56.074476+00:00,1324,10032,NORMAL,0.2542,Nominal Operating Status — Route 1324,Trip 10032 operates within nominal baseline parameters (risk score 0.25).,"['Expected Revenue: ₹800.00 | Reported Revenue: ₹800.00 (Deficit: ₹0.00, 0.0%)', 'Expected Passengers: 61 | Reported Passengers: 61 (Difference: 0, 0.0%)', 'Multi-factor Risk Score: 0.2542 (NORMAL)', 'Statistical Isolation Anomaly Score: 0.9566']","{'expected_passengers': 61.0, 'reported_passengers': 61.0, 'passenger_difference': 0.0, 'passenger_pct_difference': 0.0, 'expected_revenue_inr': 800.0, 'reported_revenue_inr': 800.0, 'revenue_difference_inr': 0.0, 'revenue_pct_difference': 0.0, 'anomaly_score': 0.9566, 'risk_score': 0.2542, 'localization_confidence': 0.0, 'localized_subpath': None, 'is_repeated_pattern': False, 'historical_anomaly_rate': 0.0}",1324,10032,,0.0,0.9566,No immediate operational audit required. Telemetry within nominal bounds.,NOMINAL,OPEN,1.0.0
ALT-186FBAB992AB,2026-08-31T04:21:56.074555+00:00,1324,10033,NORMAL,0.243,Nominal Operating Status — Route 1324,Trip 10033 operates within nominal baseline parameters (risk score 0.24).,"['Expected Revenue: ₹793.65 | Reported Revenue: ₹789.00 (Deficit: ₹4.65, 0.6%)', 'Expected Passengers: 71 | Reported Passengers: 71 (Difference: 0, 0.5%)', 'Multi-factor Risk Score: 0.2430 (NORMAL)', 'Statistical Isolation Anomaly Score: 0.9648']","{'expected_passengers': 71.4, 'reported_passengers': 71.0, 'passenger_difference': 0.4, 'passenger_pct_difference': 0.54, 'expected_revenue_inr': 793.65, 'reported_revenue_inr': 789.0, 'revenue_difference_inr': 4.65, 'revenue_pct_difference': 0.59, 'anomaly_score': 0.9648, 'risk_score': 0.243, 'localization_confidence': 0.0, 'localized_subpath': None, 'is_repeated_pattern': False, 'historical_anomaly_rate': 0.0}",1324,10033,,4.65,0.9648,No immediate operational audit required. Telemetry within nominal bounds.,NOMINAL,OPEN,1.0.0
ALT-A71D59DEB2FF,2026-08-31T04:21:56.074717+00:00,1324,10034,NORMAL,0.294,Nominal Operating Status — Route 1324,Trip 10034 operates within nominal baseline parameters (risk score 0.29).,"['Expected Revenue: ₹793.65 | Reported Revenue: ₹660.00 (Deficit: ₹133.65, 16.8%)', 'Expected Passengers: 77 | Reported Passengers: 66 (Difference: 11, 14.4%)', 'Multi-factor Risk Score: 0.2940 (NORMAL)', 'Statistical Isolation Anomaly Score: 0.9675']","{'expected_passengers': 77.1, 'reported_passengers': 66.0, 'passenger_difference': 11.1, 'passenger_pct_difference': 14.41, 'expected_revenue_inr': 793.65, 'reported_revenue_inr': 660.0, 'revenue_difference_inr': 133.65, 'revenue_pct_difference': 16.84, 'anomaly_score': 0.9675, 'risk_score': 0.294, 'localization_confidence': 0.0, 'localized_subpath': None, 'is_repeated_pattern': False, 'historical_anomaly_rate': 0.0}",1324,10034,,133.65,0.9675,No immediate operational audit required. Telemetry within nominal bounds.,NOMINAL,OPEN,1.0.0
ALT-83D98426786A,2026-08-31T04:21:56.074839+00:00,1324,10035,NORMAL,0.277,Nominal Operating Status — Route 1324,Trip 10035 operates within nominal baseline parameters (risk score 0.28).,"['Expected Revenue: ₹793.65 | Reported Revenue: ₹732.00 (Deficit: ₹61.65, 7.8%)', 'Expected Passengers: 66 | Reported Passengers: 61 (Difference: 5, 7.8%)', 'Multi-factor Risk Score: 0.2770 (NORMAL)', 'Statistical Isolation Anomaly Score: 0.9516']","{'expected_passengers': 66.1, 'reported_passengers': 61.0, 'passenger_difference': 5.1, 'passenger_pct_difference': 7.75, 'expected_revenue_inr': 793.65, 'reported_revenue_inr': 732.0, 'revenue_difference_inr': 61.65, 'revenue_pct_difference': 7.77, 'anomaly_score': 0.9516, 'risk_score': 0.277, 'localization_confidence': 0.0, 'localized_subpath': None, 'is_repeated_pattern': False, 'historical_anomaly_rate': 0.0}",1324,10035,,61.65,0.9516,No immediate operational audit required. Telemetry within nominal bounds.,NOMINAL,OPEN,1.0.0
ALT-F460E9271659,2026-08-31T04:21:56.074935+00:00,1324,10036,MONITOR,0.3643,Passenger & Revenue Discrepancy Alert — Route 1324,"Trip 10036 on Route 1324 recorded 52 passengers (expected 69, -25.1%) and ₹584.00 revenue (expected ₹793.65, -26.4%).","['Expected Revenue: ₹793.65 | Reported Revenue: ₹584.00 (Deficit: ₹209.65, 26.4%)', 'Expected Passengers: 69 | Reported Passengers: 52 (Difference: 17, 25.1%)', 'Multi-factor Risk Score: 0.3643 (MONITOR)', 'Statistical Isolation Anomaly Score: 0.9609']","{'expected_passengers': 69.4, 'reported_passengers': 52.0, 'passenger_difference': 17.4, 'passenger_pct_difference': 25.1, 'expected_revenue_inr': 793.65, 'reported_revenue_inr': 584.0, 'revenue_difference_inr': 209.65, 'revenue_pct_difference': 26.42, 'anomaly_score': 0.9609, 'risk_score': 0.3643, 'localization_confidence': 0.0, 'localized_subpath': None, 'is_repeated_pattern': False, 'historical_anomaly_rate': 0.0}",1324,10036,,209.65,0.9609,Include Route 1324 Trip 10036 in automated telemetry monitoring queue for subsequent schedules.,PASSENGER_UNDERREPORTING,OPEN,1.0.0
ALT-07791012ADA4,2026-08-31T04:21:56.075017+00:00,1324,10037,NORMAL,0.2419,Nominal Operating Status — Route 1324,Trip 10037 operates within nominal baseline parameters (risk score 0.24).,"['Expected Revenue: ₹879.00 | Reported Revenue: ₹879.00 (Deficit: ₹0.00, 0.0%)', 'Expected Passengers: 71 | Reported Passengers: 71 (Difference: 0, 0.0%)', 'Multi-factor Risk Score: 0.2419 (NORMAL)', 'Statistical Isolation Anomaly Score: 0.9674']","{'expected_passengers': 71.0, 'reported_passengers': 71.0, 'passenger_difference': 0.0, 'passenger_pct_difference': 0.0, 'expected_revenue_inr': 879.0, 'reported_revenue_inr': 879.0, 'revenue_difference_inr': 0.0, 'revenue_pct_difference': 0.0, 'anomaly_score': 0.9674, 'risk_score': 0.2419, 'localization_confidence': 0.0, 'localized_subpath': None, 'is_repeated_pattern': False, 'historical_anomaly_rate': 0.0}",1324,10037,,0.0,0.9674,No immediate operational audit required. Telemetry within nominal bounds.,NOMINAL,OPEN,1.0.0
ALT-9255B537B2AD,2026-08-31T04:21:56.075090+00:00,1324,10038,NORMAL,0.2534,Nominal Operating Status — Route 1324,Trip 10038 operates within nominal baseline parameters (risk score 0.25).,"['Expected Revenue: ₹825.00 | Reported Revenue: ₹825.00 (Deficit: ₹0.00, 0.0%)', 'Expected Passengers: 62 | Reported Passengers: 62 (Difference: 0, 0.0%)', 'Multi-factor Risk Score: 0.2534 (NORMAL)', 'Statistical Isolation Anomaly Score: 0.9655']","{'expected_passengers': 62.0, 'reported_passengers': 62.0, 'passenger_difference': 0.0, 'passenger_pct_difference': 0.0, 'expected_revenue_inr': 825.0, 'reported_revenue_inr': 825.0, 'revenue_difference_inr': 0.0, 'revenue_pct_difference': 0.0, 'anomaly_score': 0.9655, 'risk_score': 0.2534, 'localization_confidence': 0.0, 'localized_subpath': None, 'is_repeated_pattern': False, 'historical_anomaly_rate': 0.0}",1324,10038,,0.0,0.9655,No immediate operational audit required. Telemetry within nominal bounds.,NOMINAL,OPEN,1.0.0
ALT-E1E8FCC84A74,2026-08-31T04:21:56.075164+00:00,1324,10039,SUSPICIOUS,0.6342,Localized Segment Discrepancy Alert — Route 1324,Graph analysis localized a concentrated revenue and passenger deficit along 21172 -> 22645_PF3 (Seq 1-41) with 96.9% spatial confidence (estimated impact: ₹548.65).,"['Expected Revenue: ₹793.65 | Reported Revenue: ₹245.00 (Deficit: ₹548.65, 69.1%)', 'Expected Passengers: 103 | Reported Passengers: 57 (Difference: 46, 44.4%)', 'Multi-factor Risk Score: 0.6342 (SUSPICIOUS)', 'Statistical Isolation Anomaly Score: 0.9908', 'Graph Discrepancy Localized Subpath: 21172 -> 22645_PF3 (Seq 1-41) (Confidence: 0.97)']","{'expected_passengers': 102.6, 'reported_passengers': 57.0, 'passenger_difference': 45.6, 'passenger_pct_difference': 44.45, 'expected_revenue_inr': 793.65, 'reported_revenue_inr': 245.0, 'revenue_difference_inr': 548.65, 'revenue_pct_difference': 69.13, 'anomaly_score': 0.9908, 'risk_score': 0.6342, 'localization_confidence': 0.9688, 'localized_subpath': '21172 -> 22645_PF3 (Seq 1-41)', 'is_repeated_pattern': False, 'historical_anomaly_rate': 0.0}",1324,10039,21172 -> 22645_PF3 (Seq 1-41),548.65,0.9908,Audit trip ticketing logs and conductor waypoint reconciliations for Trip 10039 on Route 1324.,SEGMENT_ANOMALY,OPEN,1.0.0
ALT-471CDCA110C7,2026-08-31T04:21:56.075230+00:00,998,1004,MONITOR,0.5516,Localized Segment Discrepancy Alert — Route 998,Graph analysis localized a concentrated revenue and passenger deficit along 20940 -> 21173 (Seq 1-6) with 99.0% spatial confidence (estimated impact: ₹149.01).,"['Expected Revenue: ₹324.01 | Reported Revenue: ₹175.00 (Deficit: ₹149.01, 46.0%)', 'Expected Passengers: 35 | Reported Passengers: 23 (Difference: 12, 35.0%)', 'Multi-factor Risk Score: 0.5516 (MONITOR)', 'Statistical Isolation Anomaly Score: 0.9911', 'Graph Discrepancy Localized Subpath: 20940 -> 21173 (Seq 1-6) (Confidence: 0.99)']","{'expected_passengers': 35.4, 'reported_passengers': 23.0, 'passenger_difference': 12.4, 'passenger_pct_difference': 35.0, 'expected_revenue_inr': 324.01, 'reported_revenue_inr': 175.0, 'revenue_difference_inr': 149.01, 'revenue_pct_difference': 45.99, 'anomaly_score': 0.9911, 'risk_score': 0.5516, 'localization_confidence': 0.99, 'localized_subpath': '20940 -> 21173 (Seq 1-6)', 'is_repeated_pattern': False, 'historical_anomaly_rate': 0.0}",998,1004,20940 -> 21173 (Seq 1-6),149.01,0.9911,Include Route 998 Trip 1004 in automated telemetry monitoring queue for subsequent schedules.,SEGMENT_ANOMALY,OPEN,1.0.0
ALT-C51916B1FF41,2026-08-31T04:21:56.075291+00:00,1324,10040,NORMAL,0.2418,Nominal Operating Status — Route 1324,Trip 10040 operates within nominal baseline parameters (risk score 0.24).,"['Expected Revenue: ₹855.00 | Reported Revenue: ₹855.00 (Deficit: ₹0.00, 0.0%)', 'Expected Passengers: 71 | Reported Passengers: 71 (Difference: 0, 0.0%)', 'Multi-factor Risk Score: 0.2418 (NORMAL)', 'Statistical Isolation Anomaly Score: 0.9671']","{'expected_passengers': 71.0, 'reported_passengers': 71.0, 'passenger_difference': 0.0, 'passenger_pct_difference': 0.0, 'expected_revenue_inr': 855.0, 'reported_revenue_inr': 855.0, 'revenue_difference_inr': 0.0, 'revenue_pct_difference': 0.0, 'anomaly_score': 0.9671, 'risk_score': 0.2418, 'localization_confidence': 0.0, 'localized_subpath': None, 'is_repeated_pattern': False, 'historical_anomaly_rate': 0.0}",1324,10040,,0.0,0.9671,No immediate operational audit required. Telemetry within nominal bounds.,NOMINAL,OPEN,1.0.0
ALT-DB7577B49358,2026-08-31T04:21:56.075351+00:00,1324,10041,MONITOR,0.3207,Operational Review Alert — Route 1324,Trip 10041 on Route 1324 triggered operational monitoring with composite risk score 0.32.,"['Expected Revenue: ₹793.65 | Reported Revenue: ₹638.00 (Deficit: ₹155.65, 19.6%)', 'Expected Passengers: 72 | Reported Passengers: 59 (Difference: 13, 18.0%)', 'Multi-factor Risk Score: 0.3207 (MONITOR)', 'Statistical Isolation Anomaly Score: 0.9556']","{'expected_passengers': 71.9, 'reported_passengers': 59.0, 'passenger_difference': 12.9, 'passenger_pct_difference': 17.99, 'expected_revenue_inr': 793.65, 'reported_revenue_inr': 638.0, 'revenue_difference_inr': 155.65, 'revenue_pct_difference': 19.61, 'anomaly_score': 0.9556, 'risk_score': 0.3207, 'localization_confidence': 0.0, 'localized_subpath': None, 'is_repeated_pattern': False, 'historical_anomaly_rate': 0.0}",1324,10041,,155.65,0.9556,Include Route 1324 Trip 10041 in automated telemetry monitoring queue for subsequent schedules.,COMPOSITE_ANOMALY,OPEN,1.0.0
ALT-E67C3E7304E0,2026-08-31T04:21:56.075408+00:00,1324,10042,MONITOR,0.3483,Revenue Deficit Alert — Route 1324,Trip 10042 on Route 1324 reported a revenue deficit of ₹236.90 (-29.8%) relative to expected diurnal baseline.,"['Expected Revenue: ₹793.65 | Reported Revenue: ₹556.75 (Deficit: ₹236.90, 29.8%)', 'Expected Passengers: 82 | Reported Passengers: 62 (Difference: 20, 24.1%)', 'Multi-factor Risk Score: 0.3483 (MONITOR)', 'Statistical Isolation Anomaly Score: 0.9754']","{'expected_passengers': 81.7, 'reported_passengers': 62.0, 'passenger_difference': 19.7, 'passenger_pct_difference': 24.11, 'expected_revenue_inr': 793.65, 'reported_revenue_inr': 556.75, 'revenue_difference_inr': 236.9, 'revenue_pct_difference': 29.85, 'anomaly_score': 0.9754, 'risk_score': 0.3483, 'localization_confidence': 0.0, 'localized_subpath': None, 'is_repeated_pattern': False, 'historical_anomaly_rate': 0.0}",1324,10042,,236.9,0.9754,Include Route 1324 Trip 10042 in automated telemetry monitoring queue for subsequent schedules.,REVENUE_DISCREPANCY,OPEN,1.0.0
ALT-FF42F573D103,2026-08-31T04:21:56.075469+00:00,1324,10043,NORMAL,0.2864,Nominal Operating Status — Route 1324,Trip 10043 operates within nominal baseline parameters (risk score 0.29).,"['Expected Revenue: ₹793.65 | Reported Revenue: ₹708.00 (Deficit: ₹85.65, 10.8%)', 'Expected Passengers: 68 | Reported Passengers: 61 (Difference: 7, 10.5%)', 'Multi-factor Risk Score: 0.2864 (NORMAL)', 'Statistical Isolation Anomaly Score: 0.9518']","{'expected_passengers': 68.1, 'reported_passengers': 61.0, 'passenger_difference': 7.1, 'passenger_pct_difference': 10.45, 'expected_revenue_inr': 793.65, 'reported_revenue_inr': 708.0, 'revenue_difference_inr': 85.65, 'revenue_pct_difference': 10.79, 'anomaly_score': 0.9518, 'risk_score': 0.2864, 'localization_confidence': 0.0, 'localized_subpath': None, 'is_repeated_pattern': False, 'historical_anomaly_rate': 0.0}",1324,10043,,85.65,0.9518,No immediate operational audit required. Telemetry within nominal bounds.,NOMINAL,OPEN,1.0.0
ALT-307072761C51,2026-08-31T04:21:56.075526+00:00,1324,10044,NORMAL,0.2509,Nominal Operating Status — Route 1324,Trip 10044 operates within nominal baseline parameters (risk score 0.25).,"['Expected Revenue: ₹800.00 | Reported Revenue: ₹800.00 (Deficit: ₹0.00, 0.0%)', 'Expected Passengers: 62 | Reported Passengers: 62 (Difference: 0, 0.0%)', 'Multi-factor Risk Score: 0.2509 (NORMAL)', 'Statistical Isolation Anomaly Score: 0.9554']","{'expected_passengers': 62.0, 'reported_passengers': 62.0, 'passenger_difference': 0.0, 'passenger_pct_difference': 0.0, 'expected_revenue_inr': 800.0, 'reported_revenue_inr': 800.0, 'revenue_difference_inr': 0.0, 'revenue_pct_difference': 0.0, 'anomaly_score': 0.9554, 'risk_score': 0.2509, 'localization_confidence': 0.0, 'localized_subpath': None, 'is_repeated_pattern': False, 'historical_anomaly_rate': 0.0}",1324,10044,,0.0,0.9554,No immediate operational audit required. Telemetry within nominal bounds.,NOMINAL,OPEN,1.0.0
ALT-DC380869BEA8,2026-08-31T04:21:56.075582+00:00,1324,10045,NORMAL,0.2677,Nominal Operating Status — Route 1324,Trip 10045 operates within nominal baseline parameters (risk score 0.27).,"['Expected Revenue: ₹793.65 | Reported Revenue: ₹748.00 (Deficit: ₹45.65, 5.8%)', 'Expected Passengers: 66 | Reported Passengers: 62 (Difference: 4, 5.8%)', 'Multi-factor Risk Score: 0.2677 (NORMAL)', 'Statistical Isolation Anomaly Score: 0.9515']","{'expected_passengers': 65.8, 'reported_passengers': 62.0, 'passenger_difference': 3.8, 'passenger_pct_difference': 5.77, 'expected_revenue_inr': 793.65, 'reported_revenue_inr': 748.0, 'revenue_difference_inr': 45.65, 'revenue_pct_difference': 5.75, 'anomaly_score': 0.9515, 'risk_score': 0.2677, 'localization_confidence': 0.0, 'localized_subpath': None, 'is_repeated_pattern': False, 'historical_anomaly_rate': 0.0}",1324,10045,,45.65,0.9515,No immediate operational audit required. Telemetry within nominal bounds.,NOMINAL,OPEN,1.0.0
ALT-E031CBC2B867,2026-08-31T04:21:56.075639+00:00,1324,10046,NORMAL,0.2509,Nominal Operating Status — Route 1324,Trip 10046 operates within nominal baseline parameters (risk score 0.25).,"['Expected Revenue: ₹799.00 | Reported Revenue: ₹799.00 (Deficit: ₹0.00, 0.0%)', 'Expected Passengers: 62 | Reported Passengers: 62 (Difference: 0, 0.0%)', 'Multi-factor Risk Score: 0.2509 (NORMAL)', 'Statistical Isolation Anomaly Score: 0.9554']","{'expected_passengers': 62.0, 'reported_passengers': 62.0, 'passenger_difference': 0.0, 'passenger_pct_difference': 0.0, 'expected_revenue_inr': 799.0, 'reported_revenue_inr': 799.0, 'revenue_difference_inr': 0.0, 'revenue_pct_difference': 0.0, 'anomaly_score': 0.9554, 'risk_score': 0.2509, 'localization_confidence': 0.0, 'localized_subpath': None, 'is_repeated_pattern': False, 'historical_anomaly_rate': 0.0}",1324,10046,,0.0,0.9554,No immediate operational audit required. Telemetry within nominal bounds.,NOMINAL,OPEN,1.0.0
ALT-918C7EC1DD19,2026-08-31T04:21:56.075698+00:00,1324,10047,NORMAL,0.2459,Nominal Operating Status — Route 1324,Trip 10047 operates within nominal baseline parameters (risk score 0.25).,"['Expected Revenue: ₹889.00 | Reported Revenue: ₹889.00 (Deficit: ₹0.00, 0.0%)', 'Expected Passengers: 65 | Reported Passengers: 65 (Difference: 0, 0.0%)', 'Multi-factor Risk Score: 0.2459 (NORMAL)', 'Statistical Isolation Anomaly Score: 0.9719']","{'expected_passengers': 65.0, 'reported_passengers': 65.0, 'passenger_difference': 0.0, 'passenger_pct_difference': 0.0, 'expected_revenue_inr': 889.0, 'reported_revenue_inr': 889.0, 'revenue_difference_inr': 0.0, 'revenue_pct_difference': 0.0, 'anomaly_score': 0.9719, 'risk_score': 0.2459, 'localization_confidence': 0.0, 'localized_subpath': None, 'is_repeated_pattern': False, 'historical_anomaly_rate': 0.0}",1324,10047,,0.0,0.9719,No immediate operational audit required. Telemetry within nominal bounds.,NOMINAL,OPEN,1.0.0
ALT-9F979F80CD5A,2026-08-31T04:21:56.075760+00:00,1324,10048,MONITOR,0.5816,Localized Segment Discrepancy Alert — Route 1324,Graph analysis localized a concentrated revenue and passenger deficit along 21172 -> 22645_PF3 (Seq 1-41) with 91.5% spatial confidence (estimated impact: ₹503.65).,"['Expected Revenue: ₹793.65 | Reported Revenue: ₹290.00 (Deficit: ₹503.65, 63.5%)', 'Expected Passengers: 109 | Reported Passengers: 67 (Difference: 42, 38.5%)', 'Multi-factor Risk Score: 0.5816 (MONITOR)', 'Statistical Isolation Anomaly Score: 0.9917', 'Graph Discrepancy Localized Subpath: 21172 -> 22645_PF3 (Seq 1-41) (Confidence: 0.92)']","{'expected_passengers': 108.9, 'reported_passengers': 67.0, 'passenger_difference': 41.9, 'passenger_pct_difference': 38.46, 'expected_revenue_inr': 793.65, 'reported_revenue_inr': 290.0, 'revenue_difference_inr': 503.65, 'revenue_pct_difference': 63.46, 'anomaly_score': 0.9917, 'risk_score': 0.5816, 'localization_confidence': 0.915, 'localized_subpath': '21172 -> 22645_PF3 (Seq 1-41)', 'is_repeated_pattern': False, 'historical_anomaly_rate': 0.0}",1324,10048,21172 -> 22645_PF3 (Seq 1-41),503.65,0.9917,Include Route 1324 Trip 10048 in automated telemetry monitoring queue for subsequent schedules.,SEGMENT_ANOMALY,OPEN,1.0.0
ALT-B88B3DB6354A,2026-08-31T04:21:56.075841+00:00,1324,10049,MONITOR,0.3375,Operational Review Alert — Route 1324,Trip 10049 on Route 1324 triggered operational monitoring with composite risk score 0.34.,"['Expected Revenue: ₹793.65 | Reported Revenue: ₹671.00 (Deficit: ₹122.65, 15.5%)', 'Expected Passengers: 60 | Reported Passengers: 50 (Difference: 10, 16.9%)', 'Multi-factor Risk Score: 0.3375 (MONITOR)', 'Statistical Isolation Anomaly Score: 0.9648']","{'expected_passengers': 60.2, 'reported_passengers': 50.0, 'passenger_difference': 10.2, 'passenger_pct_difference': 16.94, 'expected_revenue_inr': 793.65, 'reported_revenue_inr': 671.0, 'revenue_difference_inr': 122.65, 'revenue_pct_difference': 15.45, 'anomaly_score': 0.9648, 'risk_score': 0.3375, 'localization_confidence': 0.0, 'localized_subpath': None, 'is_repeated_pattern': False, 'historical_anomaly_rate': 0.0}",1324,10049,,122.65,0.9648,Include Route 1324 Trip 10049 in automated telemetry monitoring queue for subsequent schedules.,COMPOSITE_ANOMALY,OPEN,1.0.0
ALT-DD4C6770FBF2,2026-08-31T04:21:56.075912+00:00,998,1005,MONITOR,0.5981,Localized Segment Discrepancy Alert — Route 998,Graph analysis localized a concentrated revenue and passenger deficit along 20940 -> 21173 (Seq 1-6) with 86.9% spatial confidence (estimated impact: ₹199.01).,"['Expected Revenue: ₹324.01 | Reported Revenue: ₹125.00 (Deficit: ₹199.01, 61.4%)', 'Expected Passengers: 37 | Reported Passengers: 20 (Difference: 17, 45.3%)', 'Multi-factor Risk Score: 0.5981 (MONITOR)', 'Statistical Isolation Anomaly Score: 0.9911', 'Graph Discrepancy Localized Subpath: 20940 -> 21173 (Seq 1-6) (Confidence: 0.87)']","{'expected_passengers': 36.5, 'reported_passengers': 20.0, 'passenger_difference': 16.5, 'passenger_pct_difference': 45.27, 'expected_revenue_inr': 324.01, 'reported_revenue_inr': 125.0, 'revenue_difference_inr': 199.01, 'revenue_pct_difference': 61.42, 'anomaly_score': 0.9911, 'risk_score': 0.5981, 'localization_confidence': 0.8692, 'localized_subpath': '20940 -> 21173 (Seq 1-6)', 'is_repeated_pattern': False, 'historical_anomaly_rate': 0.0}",998,1005,20940 -> 21173 (Seq 1-6),199.01,0.9911,Include Route 998 Trip 1005 in automated telemetry monitoring queue for subsequent schedules.,SEGMENT_ANOMALY,OPEN,1.0.0
ALT-106E79EB653D,2026-08-31T04:21:56.075977+00:00,1324,10050,MONITOR,0.3359,Operational Review Alert — Route 1324,Trip 10050 on Route 1324 triggered operational monitoring with composite risk score 0.34.,"['Expected Revenue: ₹793.65 | Reported Revenue: ₹645.00 (Deficit: ₹148.65, 18.7%)', 'Expected Passengers: 65 | Reported Passengers: 53 (Difference: 12, 18.9%)', 'Multi-factor Risk Score: 0.3359 (MONITOR)', 'Statistical Isolation Anomaly Score: 0.9544']","{'expected_passengers': 65.4, 'reported_passengers': 53.0, 'passenger_difference': 12.4, 'passenger_pct_difference': 18.91, 'expected_revenue_inr': 793.65, 'reported_revenue_inr': 645.0, 'revenue_difference_inr': 148.65, 'revenue_pct_difference': 18.73, 'anomaly_score': 0.9544, 'risk_score': 0.3359, 'localization_confidence': 0.0, 'localized_subpath': None, 'is_repeated_pattern': False, 'historical_anomaly_rate': 0.0}",1324,10050,,148.65,0.9544,Include Route 1324 Trip 10050 in automated telemetry monitoring queue for subsequent schedules.,COMPOSITE_ANOMALY,OPEN,1.0.0
ALT-D82FEC6B96D1,2026-08-31T04:21:56.076040+00:00,1324,10051,MONITOR,0.3501,Revenue Deficit Alert — Route 1324,Trip 10051 on Route 1324 reported a revenue deficit of ₹183.65 (-23.1%) relative to expected diurnal baseline.,"['Expected Revenue: ₹793.65 | Reported Revenue: ₹610.00 (Deficit: ₹183.65, 23.1%)', 'Expected Passengers: 68 | Reported Passengers: 53 (Difference: 15, 22.4%)', 'Multi-factor Risk Score: 0.3501 (MONITOR)', 'Statistical Isolation Anomaly Score: 0.9567']","{'expected_passengers': 68.3, 'reported_passengers': 53.0, 'passenger_difference': 15.3, 'passenger_pct_difference': 22.36, 'expected_revenue_inr': 793.65, 'reported_revenue_inr': 610.0, 'revenue_difference_inr': 183.65, 'revenue_pct_difference': 23.14, 'anomaly_score': 0.9567, 'risk_score': 0.3501, 'localization_confidence': 0.0, 'localized_subpath': None, 'is_repeated_pattern': False, 'historical_anomaly_rate': 0.0}",1324,10051,,183.65,0.9567,Include Route 1324 Trip 10051 in automated telemetry monitoring queue for subsequent schedules.,REVENUE_DISCREPANCY,OPEN,1.0.0
ALT-CFE980FAACC1,2026-08-31T04:21:56.076103+00:00,1324,10052,NORMAL,0.2473,Nominal Operating Status — Route 1324,Trip 10052 operates within nominal baseline parameters (risk score 0.25).,"['Expected Revenue: ₹793.65 | Reported Revenue: ₹781.00 (Deficit: ₹12.65, 1.6%)', 'Expected Passengers: 74 | Reported Passengers: 73 (Difference: 1, 1.4%)', 'Multi-factor Risk Score: 0.2473 (NORMAL)', 'Statistical Isolation Anomaly Score: 0.9695']","{'expected_passengers': 74.1, 'reported_passengers': 73.0, 'passenger_difference': 1.1, 'passenger_pct_difference': 1.42, 'expected_revenue_inr': 793.65, 'reported_revenue_inr': 781.0, 'revenue_difference_inr': 12.65, 'revenue_pct_difference': 1.59, 'anomaly_score': 0.9695, 'risk_score': 0.2473, 'localization_confidence': 0.0, 'localized_subpath': None, 'is_repeated_pattern': False, 'historical_anomaly_rate': 0.0}",1324,10052,,12.65,0.9695,No immediate operational audit required. Telemetry within nominal bounds.,NOMINAL,OPEN,1.0.0
ALT-896CF345B563,2026-08-31T04:21:56.076160+00:00,1324,10053,NORMAL,0.2614,Nominal Operating Status — Route 1324,Trip 10053 operates within nominal baseline parameters (risk score 0.26).,"['Expected Revenue: ₹793.65 | Reported Revenue: ₹772.00 (Deficit: ₹21.65, 2.7%)', 'Expected Passengers: 63 | Reported Passengers: 61 (Difference: 2, 2.9%)', 'Multi-factor Risk Score: 0.2614 (NORMAL)', 'Statistical Isolation Anomaly Score: 0.9514']","{'expected_passengers': 62.8, 'reported_passengers': 61.0, 'passenger_difference': 1.8, 'passenger_pct_difference': 2.87, 'expected_revenue_inr': 793.65, 'reported_revenue_inr': 772.0, 'revenue_difference_inr': 21.65, 'revenue_pct_difference': 2.73, 'anomaly_score': 0.9514, 'risk_score': 0.2614, 'localization_confidence': 0.0, 'localized_subpath': None, 'is_repeated_pattern': False, 'historical_anomaly_rate': 0.0}",1324,10053,,21.65,0.9514,No immediate operational audit required. Telemetry within nominal bounds.,NOMINAL,OPEN,1.0.0
ALT-9EA3A8CCED19,2026-08-31T04:21:56.076216+00:00,1324,10054,NORMAL,0.2656,Nominal Operating Status — Route 1324,Trip 10054 operates within nominal baseline parameters (risk score 0.27).,"['Expected Revenue: ₹793.65 | Reported Revenue: ₹771.00 (Deficit: ₹22.65, 2.9%)', 'Expected Passengers: 62 | Reported Passengers: 60 (Difference: 2, 3.0%)', 'Multi-factor Risk Score: 0.2656 (NORMAL)', 'Statistical Isolation Anomaly Score: 0.9547']","{'expected_passengers': 61.9, 'reported_passengers': 60.0, 'passenger_difference': 1.9, 'passenger_pct_difference': 3.04, 'expected_revenue_inr': 793.65, 'reported_revenue_inr': 771.0, 'revenue_difference_inr': 22.65, 'revenue_pct_difference': 2.85, 'anomaly_score': 0.9547, 'risk_score': 0.2656, 'localization_confidence': 0.0, 'localized_subpath': None, 'is_repeated_pattern': False, 'historical_anomaly_rate': 0.0}",1324,10054,,22.65,0.9547,No immediate operational audit required. Telemetry within nominal bounds.,NOMINAL,OPEN,1.0.0
ALT-F9DC006B8329,2026-08-31T04:21:56.076273+00:00,1324,10055,MONITOR,0.3231,Operational Review Alert — Route 1324,Trip 10055 on Route 1324 triggered operational monitoring with composite risk score 0.32.,"['Expected Revenue: ₹793.65 | Reported Revenue: ₹653.00 (Deficit: ₹140.65, 17.7%)', 'Expected Passengers: 68 | Reported Passengers: 56 (Difference: 12, 17.3%)', 'Multi-factor Risk Score: 0.3231 (MONITOR)', 'Statistical Isolation Anomaly Score: 0.9521']","{'expected_passengers': 67.7, 'reported_passengers': 56.0, 'passenger_difference': 11.7, 'passenger_pct_difference': 17.27, 'expected_revenue_inr': 793.65, 'reported_revenue_inr': 653.0, 'revenue_difference_inr': 140.65, 'revenue_pct_difference': 17.72, 'anomaly_score': 0.9521, 'risk_score': 0.3231, 'localization_confidence': 0.0, 'localized_subpath': None, 'is_repeated_pattern': False, 'historical_anomaly_rate': 0.0}",1324,10055,,140.65,0.9521,Include Route 1324 Trip 10055 in automated telemetry monitoring queue for subsequent schedules.,COMPOSITE_ANOMALY,OPEN,1.0.0
ALT-EA33AF4434DA,2026-08-31T04:21:56.076330+00:00,1324,10056,MONITOR,0.328,Operational Review Alert — Route 1324,Trip 10056 on Route 1324 triggered operational monitoring with composite risk score 0.33.,"['Expected Revenue: ₹793.65 | Reported Revenue: ₹665.00 (Deficit: ₹128.65, 16.2%)', 'Expected Passengers: 64 | Reported Passengers: 53 (Difference: 11, 16.8%)', 'Multi-factor Risk Score: 0.3280 (MONITOR)', 'Statistical Isolation Anomaly Score: 0.9541']","{'expected_passengers': 63.7, 'reported_passengers': 53.0, 'passenger_difference': 10.7, 'passenger_pct_difference': 16.79, 'expected_revenue_inr': 793.65, 'reported_revenue_inr': 665.0, 'revenue_difference_inr': 128.65, 'revenue_pct_difference': 16.21, 'anomaly_score': 0.9541, 'risk_score': 0.328, 'localization_confidence': 0.0, 'localized_subpath': None, 'is_repeated_pattern': False, 'historical_anomaly_rate': 0.0}",1324,10056,,128.65,0.9541,Include Route 1324 Trip 10056 in automated telemetry monitoring queue for subsequent schedules.,COMPOSITE_ANOMALY,OPEN,1.0.0
ALT-760E11AFB1FC,2026-08-31T04:21:56.076391+00:00,1324,10057,NORMAL,0.2679,Nominal Operating Status — Route 1324,Trip 10057 operates within nominal baseline parameters (risk score 0.27).,"['Expected Revenue: ₹793.65 | Reported Revenue: ₹755.00 (Deficit: ₹38.65, 4.9%)', 'Expected Passengers: 64 | Reported Passengers: 61 (Difference: 3, 5.0%)', 'Multi-factor Risk Score: 0.2679 (NORMAL)', 'Statistical Isolation Anomaly Score: 0.9509']","{'expected_passengers': 64.2, 'reported_passengers': 61.0, 'passenger_difference': 3.2, 'passenger_pct_difference': 5.0, 'expected_revenue_inr': 793.65, 'reported_revenue_inr': 755.0, 'revenue_difference_inr': 38.65, 'revenue_pct_difference': 4.87, 'anomaly_score': 0.9509, 'risk_score': 0.2679, 'localization_confidence': 0.0, 'localized_subpath': None, 'is_repeated_pattern': False, 'historical_anomaly_rate': 0.0}",1324,10057,,38.65,0.9509,No immediate operational audit required. Telemetry within nominal bounds.,NOMINAL,OPEN,1.0.0
ALT-2A1FDB0E2A56,2026-08-31T04:21:56.076451+00:00,1324,10058,MONITOR,0.3074,Operational Review Alert — Route 1324,Trip 10058 on Route 1324 triggered operational monitoring with composite risk score 0.31.,"['Expected Revenue: ₹793.65 | Reported Revenue: ₹685.00 (Deficit: ₹108.65, 13.7%)', 'Expected Passengers: 66 | Reported Passengers: 57 (Difference: 9, 13.7%)', 'Multi-factor Risk Score: 0.3074 (MONITOR)', 'Statistical Isolation Anomaly Score: 0.9514']","{'expected_passengers': 66.0, 'reported_passengers': 57.0, 'passenger_difference': 9.0, 'passenger_pct_difference': 13.68, 'expected_revenue_inr': 793.65, 'reported_revenue_inr': 685.0, 'revenue_difference_inr': 108.65, 'revenue_pct_difference': 13.69, 'anomaly_score': 0.9514, 'risk_score': 0.3074, 'localization_confidence': 0.0, 'localized_subpath': None, 'is_repeated_pattern': False, 'historical_anomaly_rate': 0.0}",1324,10058,,108.65,0.9514,Include Route 1324 Trip 10058 in automated telemetry monitoring queue for subsequent schedules.,COMPOSITE_ANOMALY,OPEN,1.0.0
ALT-7B3EA53B3E39,2026-08-31T04:21:56.076508+00:00,1324,10059,NORMAL,0.2452,Nominal Operating Status — Route 1324,Trip 10059 operates within nominal baseline parameters (risk score 0.25).,"['Expected Revenue: ₹1310.00 | Reported Revenue: ₹1310.00 (Deficit: ₹0.00, 0.0%)', 'Expected Passengers: 105 | Reported Passengers: 105 (Difference: 0, 0.0%)', 'Multi-factor Risk Score: 0.2452 (NORMAL)', 'Statistical Isolation Anomaly Score: 0.9808']","{'expected_passengers': 105.0, 'reported_passengers': 105.0, 'passenger_difference': 0.0, 'passenger_pct_difference': 0.0, 'expected_revenue_inr': 1310.0, 'reported_revenue_inr': 1310.0, 'revenue_difference_inr': 0.0, 'revenue_pct_difference': 0.0, 'anomaly_score': 0.9808, 'risk_score': 0.2452, 'localization_confidence': 0.0, 'localized_subpath': None, 'is_repeated_pattern': False, 'historical_anomaly_rate': 0.0}",1324,10059,,0.0,0.9808,No immediate operational audit required. Telemetry within nominal bounds.,NOMINAL,OPEN,1.0.0
ALT-A118D7BEA595,2026-08-31T04:21:56.076567+00:00,999,1006,MONITOR,0.3256,Operational Review Alert — Route 999,Trip 1006 on Route 999 triggered operational monitoring with composite risk score 0.33.,"['Expected Revenue: ₹648.01 | Reported Revenue: ₹523.00 (Deficit: ₹125.01, 19.3%)', 'Expected Passengers: 57 | Reported Passengers: 47 (Difference: 10, 18.1%)', 'Multi-factor Risk Score: 0.3256 (MONITOR)', 'Statistical Isolation Anomaly Score: 0.9700']","{'expected_passengers': 57.4, 'reported_passengers': 47.0, 'passenger_difference': 10.4, 'passenger_pct_difference': 18.11, 'expected_revenue_inr': 648.01, 'reported_revenue_inr': 523.0, 'revenue_difference_inr': 125.01, 'revenue_pct_difference': 19.29, 'anomaly_score': 0.97, 'risk_score': 0.3256, 'localization_confidence': 0.0, 'localized_subpath': None, 'is_repeated_pattern': False, 'historical_anomaly_rate': 0.0}",999,1006,,125.01,0.97,Include Route 999 Trip 1006 in automated telemetry monitoring queue for subsequent schedules.,COMPOSITE_ANOMALY,OPEN,1.0.0
ALT-CD5DCFF59AD6,2026-08-31T04:21:56.076630+00:00,1324,10060,MONITOR,0.3207,Operational Review Alert — Route 1324,Trip 10060 on Route 1324 triggered operational monitoring with composite risk score 0.32.,"['Expected Revenue: ₹1537.00 | Reported Revenue: ₹1537.00 (Deficit: ₹0.00, 0.0%)', 'Expected Passengers: 119 | Reported Passengers: 119 (Difference: 0, 0.0%)', 'Multi-factor Risk Score: 0.3207 (MONITOR)', 'Statistical Isolation Anomaly Score: 0.9873', 'Graph Discrepancy Localized Subpath: 21172 -> 22378 (Seq 1-8) (Confidence: 0.49)']","{'expected_passengers': 119.0, 'reported_passengers': 119.0, 'passenger_difference': 0.0, 'passenger_pct_difference': 0.0, 'expected_revenue_inr': 1537.0, 'reported_revenue_inr': 1537.0, 'revenue_difference_inr': 0.0, 'revenue_pct_difference': 0.0, 'anomaly_score': 0.9873, 'risk_score': 0.3207, 'localization_confidence': 0.4927, 'localized_subpath': '21172 -> 22378 (Seq 1-8)', 'is_repeated_pattern': False, 'historical_anomaly_rate': 0.0}",1324,10060,21172 -> 22378 (Seq 1-8),0.0,0.9873,Include Route 1324 Trip 10060 in automated telemetry monitoring queue for subsequent schedules.,COMPOSITE_ANOMALY,OPEN,1.0.0
ALT-A6A4E00C7BCA,2026-08-31T04:21:56.076694+00:00,1324,10061,NORMAL,0.276,Nominal Operating Status — Route 1324,Trip 10061 operates within nominal baseline parameters (risk score 0.28).,"['Expected Revenue: ₹1091.04 | Reported Revenue: ₹1041.00 (Deficit: ₹50.04, 4.6%)', 'Expected Passengers: 88 | Reported Passengers: 84 (Difference: 4, 4.7%)', 'Multi-factor Risk Score: 0.2760 (NORMAL)', 'Statistical Isolation Anomaly Score: 0.9841']","{'expected_passengers': 88.2, 'reported_passengers': 84.0, 'passenger_difference': 4.2, 'passenger_pct_difference': 4.72, 'expected_revenue_inr': 1091.04, 'reported_revenue_inr': 1041.0, 'revenue_difference_inr': 50.04, 'revenue_pct_difference': 4.59, 'anomaly_score': 0.9841, 'risk_score': 0.276, 'localization_confidence': 0.0, 'localized_subpath': None, 'is_repeated_pattern': False, 'historical_anomaly_rate': 0.0}",1324,10061,,50.04,0.9841,No immediate operational audit required. Telemetry within nominal bounds.,NOMINAL,OPEN,1.0.0
ALT-9355EEFCEEF8,2026-08-31T04:21:56.076750+00:00,1324,10062,NORMAL,0.2461,Nominal Operating Status — Route 1324,Trip 10062 operates within nominal baseline parameters (risk score 0.25).,"['Expected Revenue: ₹1389.00 | Reported Revenue: ₹1389.00 (Deficit: ₹0.00, 0.0%)', 'Expected Passengers: 123 | Reported Passengers: 123 (Difference: 0, 0.0%)', 'Multi-factor Risk Score: 0.2461 (NORMAL)', 'Statistical Isolation Anomaly Score: 0.9843']","{'expected_passengers': 123.0, 'reported_passengers': 123.0, 'passenger_difference': 0.0, 'passenger_pct_difference': 0.0, 'expected_revenue_inr': 1389.0, 'reported_revenue_inr': 1389.0, 'revenue_difference_inr': 0.0, 'revenue_pct_difference': 0.0, 'anomaly_score': 0.9843, 'risk_score': 0.2461, 'localization_confidence': 0.0, 'localized_subpath': None, 'is_repeated_pattern': False, 'historical_anomaly_rate': 0.0}",1324,10062,,0.0,0.9843,No immediate operational audit required. Telemetry within nominal bounds.,NOMINAL,OPEN,1.0.0
ALT-B691B4D750AD,2026-08-31T04:21:56.076868+00:00,1324,10063,NORMAL,0.2456,Nominal Operating Status — Route 1324,Trip 10063 operates within nominal baseline parameters (risk score 0.25).,"['Expected Revenue: ₹1335.00 | Reported Revenue: ₹1335.00 (Deficit: ₹0.00, 0.0%)', 'Expected Passengers: 118 | Reported Passengers: 118 (Difference: 0, 0.0%)', 'Multi-factor Risk Score: 0.2456 (NORMAL)', 'Statistical Isolation Anomaly Score: 0.9824']","{'expected_passengers': 118.0, 'reported_passengers': 118.0, 'passenger_difference': 0.0, 'passenger_pct_difference': 0.0, 'expected_revenue_inr': 1335.0, 'reported_revenue_inr': 1335.0, 'revenue_difference_inr': 0.0, 'revenue_pct_difference': 0.0, 'anomaly_score': 0.9824, 'risk_score': 0.2456, 'localization_confidence': 0.0, 'localized_subpath': None, 'is_repeated_pattern': False, 'historical_anomaly_rate': 0.0}",1324,10063,,0.0,0.9824,No immediate operational audit required. Telemetry within nominal bounds.,NOMINAL,OPEN,1.0.0
ALT-951A2F12F93A,2026-08-31T04:21:56.076936+00:00,1324,10064,NORMAL,0.2456,Nominal Operating Status — Route 1324,Trip 10064 operates within nominal baseline parameters (risk score 0.25).,"['Expected Revenue: ₹1353.00 | Reported Revenue: ₹1353.00 (Deficit: ₹0.00, 0.0%)', 'Expected Passengers: 115 | Reported Passengers: 115 (Difference: 0, 0.0%)', 'Multi-factor Risk Score: 0.2456 (NORMAL)', 'Statistical Isolation Anomaly Score: 0.9824']","{'expected_passengers': 115.0, 'reported_passengers': 115.0, 'passenger_difference': 0.0, 'passenger_pct_difference': 0.0, 'expected_revenue_inr': 1353.0, 'reported_revenue_inr': 1353.0, 'revenue_difference_inr': 0.0, 'revenue_pct_difference': 0.0, 'anomaly_score': 0.9824, 'risk_score': 0.2456, 'localization_confidence': 0.0, 'localized_subpath': None, 'is_repeated_pattern': False, 'historical_anomaly_rate': 0.0}",1324,10064,,0.0,0.9824,No immediate operational audit required. Telemetry within nominal bounds.,NOMINAL,OPEN,1.0.0
ALT-A4860D4F2D0D,2026-08-31T04:21:56.076997+00:00,1324,10065,NORMAL,0.2458,Nominal Operating Status — Route 1324,Trip 10065 operates within nominal baseline parameters (risk score 0.25).,"['Expected Revenue: ₹1485.00 | Reported Revenue: ₹1485.00 (Deficit: ₹0.00, 0.0%)', 'Expected Passengers: 120 | Reported Passengers: 120 (Difference: 0, 0.0%)', 'Multi-factor Risk Score: 0.2458 (NORMAL)', 'Statistical Isolation Anomaly Score: 0.9832']","{'expected_passengers': 120.0, 'reported_passengers': 120.0, 'passenger_difference': 0.0, 'passenger_pct_difference': 0.0, 'expected_revenue_inr': 1485.0, 'reported_revenue_inr': 1485.0, 'revenue_difference_inr': 0.0, 'revenue_pct_difference': 0.0, 'anomaly_score': 0.9832, 'risk_score': 0.2458, 'localization_confidence': 0.0, 'localized_subpath': None, 'is_repeated_pattern': False, 'historical_anomaly_rate': 0.0}",1324,10065,,0.0,0.9832,No immediate operational audit required. Telemetry within nominal bounds.,NOMINAL,OPEN,1.0.0
ALT-4610D3522D80,2026-08-31T04:21:56.077059+00:00,1324,10066,NORMAL,0.2451,Nominal Operating Status — Route 1324,Trip 10066 operates within nominal baseline parameters (risk score 0.25).,"['Expected Revenue: ₹1493.00 | Reported Revenue: ₹1493.00 (Deficit: ₹0.00, 0.0%)', 'Expected Passengers: 125 | Reported Passengers: 125 (Difference: 0, 0.0%)', 'Multi-factor Risk Score: 0.2451 (NORMAL)', 'Statistical Isolation Anomaly Score: 0.9805']","{'expected_passengers': 125.0, 'reported_passengers': 125.0, 'passenger_difference': 0.0, 'passenger_pct_difference': 0.0, 'expected_revenue_inr': 1493.0, 'reported_revenue_inr': 1493.0, 'revenue_difference_inr': 0.0, 'revenue_pct_difference': 0.0, 'anomaly_score': 0.9805, 'risk_score': 0.2451, 'localization_confidence': 0.0, 'localized_subpath': None, 'is_repeated_pattern': False, 'historical_anomaly_rate': 0.0}",1324,10066,,0.0,0.9805,No immediate operational audit required. Telemetry within nominal bounds.,NOMINAL,OPEN,1.0.0
ALT-C3F59516E972,2026-08-31T04:21:56.077119+00:00,1324,10067,NORMAL,0.2448,Nominal Operating Status — Route 1324,Trip 10067 operates within nominal baseline parameters (risk score 0.24).,"['Expected Revenue: ₹1525.00 | Reported Revenue: ₹1525.00 (Deficit: ₹0.00, 0.0%)', 'Expected Passengers: 129 | Reported Passengers: 129 (Difference: 0, 0.0%)', 'Multi-factor Risk Score: 0.2448 (NORMAL)', 'Statistical Isolation Anomaly Score: 0.9793']","{'expected_passengers': 129.0, 'reported_passengers': 129.0, 'passenger_difference': 0.0, 'passenger_pct_difference': 0.0, 'expected_revenue_inr': 1525.0, 'reported_revenue_inr': 1525.0, 'revenue_difference_inr': 0.0, 'revenue_pct_difference': 0.0, 'anomaly_score': 0.9793, 'risk_score': 0.2448, 'localization_confidence': 0.0, 'localized_subpath': None, 'is_repeated_pattern': False, 'historical_anomaly_rate': 0.0}",1324,10067,,0.0,0.9793,No immediate operational audit required. Telemetry within nominal bounds.,NOMINAL,OPEN,1.0.0
ALT-DDE34473CE7E,2026-08-31T04:21:56.077179+00:00,1324,10068,NORMAL,0.2449,Nominal Operating Status — Route 1324,Trip 10068 operates within nominal baseline parameters (risk score 0.24).,"['Expected Revenue: ₹1524.00 | Reported Revenue: ₹1524.00 (Deficit: ₹0.00, 0.0%)', 'Expected Passengers: 126 | Reported Passengers: 126 (Difference: 0, 0.0%)', 'Multi-factor Risk Score: 0.2449 (NORMAL)', 'Statistical Isolation Anomaly Score: 0.9794']","{'expected_passengers': 126.0, 'reported_passengers': 126.0, 'passenger_difference': 0.0, 'passenger_pct_difference': 0.0, 'expected_revenue_inr': 1524.0, 'reported_revenue_inr': 1524.0, 'revenue_difference_inr': 0.0, 'revenue_pct_difference': 0.0, 'anomaly_score': 0.9794, 'risk_score': 0.2449, 'localization_confidence': 0.0, 'localized_subpath': None, 'is_repeated_pattern': False, 'historical_anomaly_rate': 0.0}",1324,10068,,0.0,0.9794,No immediate operational audit required. Telemetry within nominal bounds.,NOMINAL,OPEN,1.0.0
ALT-7D498CD7F912,2026-08-31T04:21:56.077239+00:00,1324,10069,NORMAL,0.2464,Nominal Operating Status — Route 1324,Trip 10069 operates within nominal baseline parameters (risk score 0.25).,"['Expected Revenue: ₹1578.00 | Reported Revenue: ₹1578.00 (Deficit: ₹0.00, 0.0%)', 'Expected Passengers: 125 | Reported Passengers: 125 (Difference: 0, 0.0%)', 'Multi-factor Risk Score: 0.2464 (NORMAL)', 'Statistical Isolation Anomaly Score: 0.9856']","{'expected_passengers': 125.0, 'reported_passengers': 125.0, 'passenger_difference': 0.0, 'passenger_pct_difference': 0.0, 'expected_revenue_inr': 1578.0, 'reported_revenue_inr': 1578.0, 'revenue_difference_inr': 0.0, 'revenue_pct_difference': 0.0, 'anomaly_score': 0.9856, 'risk_score': 0.2464, 'localization_confidence': 0.0, 'localized_subpath': None, 'is_repeated_pattern': False, 'historical_anomaly_rate': 0.0}",1324,10069,,0.0,0.9856,No immediate operational audit required. Telemetry within nominal bounds.,NOMINAL,OPEN,1.0.0
ALT-DE7F7C76CE5D,2026-08-31T04:21:56.077304+00:00,999,1007,MONITOR,0.5368,Passenger & Revenue Discrepancy Alert — Route 999,"Trip 1007 on Route 999 recorded 83 passengers (expected 130, -36.1%) and ₹914.00 revenue (expected ₹1477.15, -38.1%).","['Expected Revenue: ₹1477.15 | Reported Revenue: ₹914.00 (Deficit: ₹563.15, 38.1%)', 'Expected Passengers: 130 | Reported Passengers: 83 (Difference: 47, 36.1%)', 'Multi-factor Risk Score: 0.5368 (MONITOR)', 'Statistical Isolation Anomaly Score: 0.9893', 'Graph Discrepancy Localized Subpath: 21172_PF10 -> 21520 (Seq 1-2) (Confidence: 0.58)']","{'expected_passengers': 129.8, 'reported_passengers': 83.0, 'passenger_difference': 46.8, 'passenger_pct_difference': 36.06, 'expected_revenue_inr': 1477.15, 'reported_revenue_inr': 914.0, 'revenue_difference_inr': 563.15, 'revenue_pct_difference': 38.12, 'anomaly_score': 0.9893, 'risk_score': 0.5368, 'localization_confidence': 0.5807, 'localized_subpath': '21172_PF10 -> 21520 (Seq 1-2)', 'is_repeated_pattern': False, 'historical_anomaly_rate': 0.0}",999,1007,21172_PF10 -> 21520 (Seq 1-2),563.15,0.9893,Include Route 999 Trip 1007 in automated telemetry monitoring queue for subsequent schedules.,PASSENGER_UNDERREPORTING,OPEN,1.0.0
ALT-F227F4A6265C,2026-08-31T04:21:56.077365+00:00,1324,10070,NORMAL,0.2452,Nominal Operating Status — Route 1324,Trip 10070 operates within nominal baseline parameters (risk score 0.25).,"['Expected Revenue: ₹1535.00 | Reported Revenue: ₹1535.00 (Deficit: ₹0.00, 0.0%)', 'Expected Passengers: 132 | Reported Passengers: 132 (Difference: 0, 0.0%)', 'Multi-factor Risk Score: 0.2452 (NORMAL)', 'Statistical Isolation Anomaly Score: 0.9809']","{'expected_passengers': 132.0, 'reported_passengers': 132.0, 'passenger_difference': 0.0, 'passenger_pct_difference': 0.0, 'expected_revenue_inr': 1535.0, 'reported_revenue_inr': 1535.0, 'revenue_difference_inr': 0.0, 'revenue_pct_difference': 0.0, 'anomaly_score': 0.9809, 'risk_score': 0.2452, 'localization_confidence': 0.0, 'localized_subpath': None, 'is_repeated_pattern': False, 'historical_anomaly_rate': 0.0}",1324,10070,,0.0,0.9809,No immediate operational audit required. Telemetry within nominal bounds.,NOMINAL,OPEN,1.0.0
ALT-2DF32728F46F,2026-08-31T04:21:56.077421+00:00,1324,10071,NORMAL,0.246,Nominal Operating Status — Route 1324,Trip 10071 operates within nominal baseline parameters (risk score 0.25).,"['Expected Revenue: ₹1559.00 | Reported Revenue: ₹1559.00 (Deficit: ₹0.00, 0.0%)', 'Expected Passengers: 138 | Reported Passengers: 138 (Difference: 0, 0.0%)', 'Multi-factor Risk Score: 0.2460 (NORMAL)', 'Statistical Isolation Anomaly Score: 0.9840']","{'expected_passengers': 138.0, 'reported_passengers': 138.0, 'passenger_difference': 0.0, 'passenger_pct_difference': 0.0, 'expected_revenue_inr': 1559.0, 'reported_revenue_inr': 1559.0, 'revenue_difference_inr': 0.0, 'revenue_pct_difference': 0.0, 'anomaly_score': 0.984, 'risk_score': 0.246, 'localization_confidence': 0.0, 'localized_subpath': None, 'is_repeated_pattern': False, 'historical_anomaly_rate': 0.0}",1324,10071,,0.0,0.984,No immediate operational audit required. Telemetry within nominal bounds.,NOMINAL,OPEN,1.0.0
ALT-55FD05D22AB5,2026-08-31T04:21:56.077477+00:00,1324,10072,NORMAL,0.2452,Nominal Operating Status — Route 1324,Trip 10072 operates within nominal baseline parameters (risk score 0.25).,"['Expected Revenue: ₹1555.00 | Reported Revenue: ₹1555.00 (Deficit: ₹0.00, 0.0%)', 'Expected Passengers: 136 | Reported Passengers: 136 (Difference: 0, 0.0%)', 'Multi-factor Risk Score: 0.2452 (NORMAL)', 'Statistical Isolation Anomaly Score: 0.9808']","{'expected_passengers': 136.0, 'reported_passengers': 136.0, 'passenger_difference': 0.0, 'passenger_pct_difference': 0.0, 'expected_revenue_inr': 1555.0, 'reported_revenue_inr': 1555.0, 'revenue_difference_inr': 0.0, 'revenue_pct_difference': 0.0, 'anomaly_score': 0.9808, 'risk_score': 0.2452, 'localization_confidence': 0.0, 'localized_subpath': None, 'is_repeated_pattern': False, 'historical_anomaly_rate': 0.0}",1324,10072,,0.0,0.9808,No immediate operational audit required. Telemetry within nominal bounds.,NOMINAL,OPEN,1.0.0
ALT-4631EB64F4D7,2026-08-31T04:21:56.077535+00:00,1324,10073,MONITOR,0.3384,Localized Segment Discrepancy Alert — Route 1324,Graph analysis localized a concentrated revenue and passenger deficit along 22088 -> 22645_PF3 (Seq 35-41) with 60.2% spatial confidence (estimated impact: ₹0.00).,"['Expected Revenue: ₹1756.00 | Reported Revenue: ₹1756.00 (Deficit: ₹0.00, 0.0%)', 'Expected Passengers: 139 | Reported Passengers: 139 (Difference: 0, 0.0%)', 'Multi-factor Risk Score: 0.3384 (MONITOR)', 'Statistical Isolation Anomaly Score: 0.9922', 'Graph Discrepancy Localized Subpath: 22088 -> 22645_PF3 (Seq 35-41) (Confidence: 0.60)']","{'expected_passengers': 139.0, 'reported_passengers': 139.0, 'passenger_difference': 0.0, 'passenger_pct_difference': 0.0, 'expected_revenue_inr': 1756.0, 'reported_revenue_inr': 1756.0, 'revenue_difference_inr': 0.0, 'revenue_pct_difference': 0.0, 'anomaly_score': 0.9922, 'risk_score': 0.3384, 'localization_confidence': 0.6022, 'localized_subpath': '22088 -> 22645_PF3 (Seq 35-41)', 'is_repeated_pattern': False, 'historical_anomaly_rate': 0.0}",1324,10073,22088 -> 22645_PF3 (Seq 35-41),0.0,0.9922,Include Route 1324 Trip 10073 in automated telemetry monitoring queue for subsequent schedules.,SEGMENT_ANOMALY,OPEN,1.0.0
ALT-C5CBD3637023,2026-08-31T04:21:56.077590+00:00,1324,10074,NORMAL,0.2451,Nominal Operating Status — Route 1324,Trip 10074 operates within nominal baseline parameters (risk score 0.25).,"['Expected Revenue: ₹1545.00 | Reported Revenue: ₹1545.00 (Deficit: ₹0.00, 0.0%)', 'Expected Passengers: 132 | Reported Passengers: 132 (Difference: 0, 0.0%)', 'Multi-factor Risk Score: 0.2451 (NORMAL)', 'Statistical Isolation Anomaly Score: 0.9804']","{'expected_passengers': 132.0, 'reported_passengers': 132.0, 'passenger_difference': 0.0, 'passenger_pct_difference': 0.0, 'expected_revenue_inr': 1545.0, 'reported_revenue_inr': 1545.0, 'revenue_difference_inr': 0.0, 'revenue_pct_difference': 0.0, 'anomaly_score': 0.9804, 'risk_score': 0.2451, 'localization_confidence': 0.0, 'localized_subpath': None, 'is_repeated_pattern': False, 'historical_anomaly_rate': 0.0}",1324,10074,,0.0,0.9804,No immediate operational audit required. Telemetry within nominal bounds.,NOMINAL,OPEN,1.0.0
ALT-695B6B8B2A12,2026-08-31T04:21:56.077647+00:00,1324,10075,MONITOR,0.3315,Operational Review Alert — Route 1324,Trip 10075 on Route 1324 triggered operational monitoring with composite risk score 0.33.,"['Expected Revenue: ₹1678.00 | Reported Revenue: ₹1678.00 (Deficit: ₹0.00, 0.0%)', 'Expected Passengers: 137 | Reported Passengers: 137 (Difference: 0, 0.0%)', 'Multi-factor Risk Score: 0.3315 (MONITOR)', 'Statistical Isolation Anomaly Score: 0.9867', 'Graph Discrepancy Localized Subpath: 21172 -> 22378 (Seq 1-8) (Confidence: 0.57)']","{'expected_passengers': 137.0, 'reported_passengers': 137.0, 'passenger_difference': 0.0, 'passenger_pct_difference': 0.0, 'expected_revenue_inr': 1678.0, 'reported_revenue_inr': 1678.0, 'revenue_difference_inr': 0.0, 'revenue_pct_difference': 0.0, 'anomaly_score': 0.9867, 'risk_score': 0.3315, 'localization_confidence': 0.5653, 'localized_subpath': '21172 -> 22378 (Seq 1-8)', 'is_repeated_pattern': False, 'historical_anomaly_rate': 0.0}",1324,10075,21172 -> 22378 (Seq 1-8),0.0,0.9867,Include Route 1324 Trip 10075 in automated telemetry monitoring queue for subsequent schedules.,COMPOSITE_ANOMALY,OPEN,1.0.0
ALT-924B4C59A346,2026-08-31T04:21:56.077703+00:00,1324,10076,NORMAL,0.2462,Nominal Operating Status — Route 1324,Trip 10076 operates within nominal baseline parameters (risk score 0.25).,"['Expected Revenue: ₹1579.00 | Reported Revenue: ₹1579.00 (Deficit: ₹0.00, 0.0%)', 'Expected Passengers: 138 | Reported Passengers: 138 (Difference: 0, 0.0%)', 'Multi-factor Risk Score: 0.2462 (NORMAL)', 'Statistical Isolation Anomaly Score: 0.9848']","{'expected_passengers': 138.0, 'reported_passengers': 138.0, 'passenger_difference': 0.0, 'passenger_pct_difference': 0.0, 'expected_revenue_inr': 1579.0, 'reported_revenue_inr': 1579.0, 'revenue_difference_inr': 0.0, 'revenue_pct_difference': 0.0, 'anomaly_score': 0.9848, 'risk_score': 0.2462, 'localization_confidence': 0.0, 'localized_subpath': None, 'is_repeated_pattern': False, 'historical_anomaly_rate': 0.0}",1324,10076,,0.0,0.9848,No immediate operational audit required. Telemetry within nominal bounds.,NOMINAL,OPEN,1.0.0
ALT-C26EA6F669A3,2026-08-31T04:21:56.077758+00:00,1324,10077,NORMAL,0.2445,Nominal Operating Status — Route 1324,Trip 10077 operates within nominal baseline parameters (risk score 0.24).,"['Expected Revenue: ₹1526.00 | Reported Revenue: ₹1526.00 (Deficit: ₹0.00, 0.0%)', 'Expected Passengers: 128 | Reported Passengers: 128 (Difference: 0, 0.0%)', 'Multi-factor Risk Score: 0.2445 (NORMAL)', 'Statistical Isolation Anomaly Score: 0.9782']","{'expected_passengers': 128.0, 'reported_passengers': 128.0, 'passenger_difference': 0.0, 'passenger_pct_difference': 0.0, 'expected_revenue_inr': 1526.0, 'reported_revenue_inr': 1526.0, 'revenue_difference_inr': 0.0, 'revenue_pct_difference': 0.0, 'anomaly_score': 0.9782, 'risk_score': 0.2445, 'localization_confidence': 0.0, 'localized_subpath': None, 'is_repeated_pattern': False, 'historical_anomaly_rate': 0.0}",1324,10077,,0.0,0.9782,No immediate operational audit required. Telemetry within nominal bounds.,NOMINAL,OPEN,1.0.0
ALT-8EFEB2B4819B,2026-08-31T04:21:56.077841+00:00,1324,10078,MONITOR,0.3288,Operational Review Alert — Route 1324,Trip 10078 on Route 1324 triggered operational monitoring with composite risk score 0.33.,"['Expected Revenue: ₹1724.00 | Reported Revenue: ₹1724.00 (Deficit: ₹0.00, 0.0%)', 'Expected Passengers: 140 | Reported Passengers: 140 (Difference: 0, 0.0%)', 'Multi-factor Risk Score: 0.3288 (MONITOR)', 'Statistical Isolation Anomaly Score: 0.9913', 'Graph Discrepancy Localized Subpath: 21739 -> 22645_PF3 (Seq 34-41) (Confidence: 0.54)']","{'expected_passengers': 140.0, 'reported_passengers': 140.0, 'passenger_difference': 0.0, 'passenger_pct_difference': 0.0, 'expected_revenue_inr': 1724.0, 'reported_revenue_inr': 1724.0, 'revenue_difference_inr': 0.0, 'revenue_pct_difference': 0.0, 'anomaly_score': 0.9913, 'risk_score': 0.3288, 'localization_confidence': 0.5399, 'localized_subpath': '21739 -> 22645_PF3 (Seq 34-41)', 'is_repeated_pattern': False, 'historical_anomaly_rate': 0.0}",1324,10078,21739 -> 22645_PF3 (Seq 34-41),0.0,0.9913,Include Route 1324 Trip 10078 in automated telemetry monitoring queue for subsequent schedules.,COMPOSITE_ANOMALY,OPEN,1.0.0
ALT-22F2A5D63FFB,2026-08-31T04:21:56.077904+00:00,1324,10079,NORMAL,0.2462,Nominal Operating Status — Route 1324,Trip 10079 operates within nominal baseline parameters (risk score 0.25).,"['Expected Revenue: ₹1654.00 | Reported Revenue: ₹1654.00 (Deficit: ₹0.00, 0.0%)', 'Expected Passengers: 136 | Reported Passengers: 136 (Difference: 0, 0.0%)', 'Multi-factor Risk Score: 0.2462 (NORMAL)', 'Statistical Isolation Anomaly Score: 0.9849']","{'expected_passengers': 136.0, 'reported_passengers': 136.0, 'passenger_difference': 0.0, 'passenger_pct_difference': 0.0, 'expected_revenue_inr': 1654.0, 'reported_revenue_inr': 1654.0, 'revenue_difference_inr': 0.0, 'revenue_pct_difference': 0.0, 'anomaly_score': 0.9849, 'risk_score': 0.2462, 'localization_confidence': 0.0, 'localized_subpath': None, 'is_repeated_pattern': False, 'historical_anomaly_rate': 0.0}",1324,10079,,0.0,0.9849,No immediate operational audit required. Telemetry within nominal bounds.,NOMINAL,OPEN,1.0.0
ALT-849BF5562FB8,2026-08-31T04:21:56.077968+00:00,999,1008,MONITOR,0.4449,Localized Segment Discrepancy Alert — Route 999,Graph analysis localized a concentrated revenue and passenger deficit along 21172_PF10 -> 21193 (Seq 1-4) with 60.5% spatial confidence (estimated impact: ₹308.15).,"['Expected Revenue: ₹1477.15 | Reported Revenue: ₹1169.00 (Deficit: ₹308.15, 20.9%)', 'Expected Passengers: 129 | Reported Passengers: 103 (Difference: 26, 19.9%)', 'Multi-factor Risk Score: 0.4449 (MONITOR)', 'Statistical Isolation Anomaly Score: 0.9864', 'Graph Discrepancy Localized Subpath: 21172_PF10 -> 21193 (Seq 1-4) (Confidence: 0.61)']","{'expected_passengers': 128.6, 'reported_passengers': 103.0, 'passenger_difference': 25.6, 'passenger_pct_difference': 19.92, 'expected_revenue_inr': 1477.15, 'reported_revenue_inr': 1169.0, 'revenue_difference_inr': 308.15, 'revenue_pct_difference': 20.86, 'anomaly_score': 0.9864, 'risk_score': 0.4449, 'localization_confidence': 0.6053, 'localized_subpath': '21172_PF10 -> 21193 (Seq 1-4)', 'is_repeated_pattern': False, 'historical_anomaly_rate': 0.0}",999,1008,21172_PF10 -> 21193 (Seq 1-4),308.15,0.9864,Include Route 999 Trip 1008 in automated telemetry monitoring queue for subsequent schedules.,SEGMENT_ANOMALY,OPEN,1.0.0
ALT-C62ADF6E424B,2026-08-31T04:21:56.078027+00:00,1324,10080,NORMAL,0.2462,Nominal Operating Status — Route 1324,Trip 10080 operates within nominal baseline parameters (risk score 0.25).,"['Expected Revenue: ₹1650.00 | Reported Revenue: ₹1650.00 (Deficit: ₹0.00, 0.0%)', 'Expected Passengers: 134 | Reported Passengers: 134 (Difference: 0, 0.0%)', 'Multi-factor Risk Score: 0.2462 (NORMAL)', 'Statistical Isolation Anomaly Score: 0.9848']","{'expected_passengers': 134.0, 'reported_passengers': 134.0, 'passenger_difference': 0.0, 'passenger_pct_difference': 0.0, 'expected_revenue_inr': 1650.0, 'reported_revenue_inr': 1650.0, 'revenue_difference_inr': 0.0, 'revenue_pct_difference': 0.0, 'anomaly_score': 0.9848, 'risk_score': 0.2462, 'localization_confidence': 0.0, 'localized_subpath': None, 'is_repeated_pattern': False, 'historical_anomaly_rate': 0.0}",1324,10080,,0.0,0.9848,No immediate operational audit required. Telemetry within nominal bounds.,NOMINAL,OPEN,1.0.0
ALT-8465CA9A1529,2026-08-31T04:21:56.078086+00:00,1324,10081,NORMAL,0.2465,Nominal Operating Status — Route 1324,Trip 10081 operates within nominal baseline parameters (risk score 0.25).,"['Expected Revenue: ₹1519.00 | Reported Revenue: ₹1519.00 (Deficit: ₹0.00, 0.0%)', 'Expected Passengers: 137 | Reported Passengers: 137 (Difference: 0, 0.0%)', 'Multi-factor Risk Score: 0.2465 (NORMAL)', 'Statistical Isolation Anomaly Score: 0.9859']","{'expected_passengers': 137.0, 'reported_passengers': 137.0, 'passenger_difference': 0.0, 'passenger_pct_difference': 0.0, 'expected_revenue_inr': 1519.0, 'reported_revenue_inr': 1519.0, 'revenue_difference_inr': 0.0, 'revenue_pct_difference': 0.0, 'anomaly_score': 0.9859, 'risk_score': 0.2465, 'localization_confidence': 0.0, 'localized_subpath': None, 'is_repeated_pattern': False, 'historical_anomaly_rate': 0.0}",1324,10081,,0.0,0.9859,No immediate operational audit required. Telemetry within nominal bounds.,NOMINAL,OPEN,1.0.0
ALT-DFDCD602E55A,2026-08-31T04:21:56.078143+00:00,1324,10082,NORMAL,0.245,Nominal Operating Status — Route 1324,Trip 10082 operates within nominal baseline parameters (risk score 0.24).,"['Expected Revenue: ₹1282.00 | Reported Revenue: ₹1282.00 (Deficit: ₹0.00, 0.0%)', 'Expected Passengers: 106 | Reported Passengers: 106 (Difference: 0, 0.0%)', 'Multi-factor Risk Score: 0.2450 (NORMAL)', 'Statistical Isolation Anomaly Score: 0.9799']","{'expected_passengers': 106.0, 'reported_passengers': 106.0, 'passenger_difference': 0.0, 'passenger_pct_difference': 0.0, 'expected_revenue_inr': 1282.0, 'reported_revenue_inr': 1282.0, 'revenue_difference_inr': 0.0, 'revenue_pct_difference': 0.0, 'anomaly_score': 0.9799, 'risk_score': 0.245, 'localization_confidence': 0.0, 'localized_subpath': None, 'is_repeated_pattern': False, 'historical_anomaly_rate': 0.0}",1324,10082,,0.0,0.9799,No immediate operational audit required. Telemetry within nominal bounds.,NOMINAL,OPEN,1.0.0
ALT-C6E342CC368D,2026-08-31T04:21:56.078205+00:00,1324,10083,NORMAL,0.2452,Nominal Operating Status — Route 1324,Trip 10083 operates within nominal baseline parameters (risk score 0.25).,"['Expected Revenue: ₹1552.00 | Reported Revenue: ₹1552.00 (Deficit: ₹0.00, 0.0%)', 'Expected Passengers: 136 | Reported Passengers: 136 (Difference: 0, 0.0%)', 'Multi-factor Risk Score: 0.2452 (NORMAL)', 'Statistical Isolation Anomaly Score: 0.9809']","{'expected_passengers': 136.0, 'reported_passengers': 136.0, 'passenger_difference': 0.0, 'passenger_pct_difference': 0.0, 'expected_revenue_inr': 1552.0, 'reported_revenue_inr': 1552.0, 'revenue_difference_inr': 0.0, 'revenue_pct_difference': 0.0, 'anomaly_score': 0.9809, 'risk_score': 0.2452, 'localization_confidence': 0.0, 'localized_subpath': None, 'is_repeated_pattern': False, 'historical_anomaly_rate': 0.0}",1324,10083,,0.0,0.9809,No immediate operational audit required. Telemetry within nominal bounds.,NOMINAL,OPEN,1.0.0
ALT-2EC64B29FB22,2026-08-31T04:21:56.078259+00:00,1324,10084,NORMAL,0.2458,Nominal Operating Status — Route 1324,Trip 10084 operates within nominal baseline parameters (risk score 0.25).,"['Expected Revenue: ₹1592.00 | Reported Revenue: ₹1592.00 (Deficit: ₹0.00, 0.0%)', 'Expected Passengers: 132 | Reported Passengers: 132 (Difference: 0, 0.0%)', 'Multi-factor Risk Score: 0.2458 (NORMAL)', 'Statistical Isolation Anomaly Score: 0.9832']","{'expected_passengers': 132.0, 'reported_passengers': 132.0, 'passenger_difference': 0.0, 'passenger_pct_difference': 0.0, 'expected_revenue_inr': 1592.0, 'reported_revenue_inr': 1592.0, 'revenue_difference_inr': 0.0, 'revenue_pct_difference': 0.0, 'anomaly_score': 0.9832, 'risk_score': 0.2458, 'localization_confidence': 0.0, 'localized_subpath': None, 'is_repeated_pattern': False, 'historical_anomaly_rate': 0.0}",1324,10084,,0.0,0.9832,No immediate operational audit required. Telemetry within nominal bounds.,NOMINAL,OPEN,1.0.0
ALT-09F9636C9BF4,2026-08-31T04:21:56.078314+00:00,1324,10085,NORMAL,0.2457,Nominal Operating Status — Route 1324,Trip 10085 operates within nominal baseline parameters (risk score 0.25).,"['Expected Revenue: ₹1270.00 | Reported Revenue: ₹1270.00 (Deficit: ₹0.00, 0.0%)', 'Expected Passengers: 115 | Reported Passengers: 115 (Difference: 0, 0.0%)', 'Multi-factor Risk Score: 0.2457 (NORMAL)', 'Statistical Isolation Anomaly Score: 0.9830']","{'expected_passengers': 115.0, 'reported_passengers': 115.0, 'passenger_difference': 0.0, 'passenger_pct_difference': 0.0, 'expected_revenue_inr': 1270.0, 'reported_revenue_inr': 1270.0, 'revenue_difference_inr': 0.0, 'revenue_pct_difference': 0.0, 'anomaly_score': 0.983, 'risk_score': 0.2457, 'localization_confidence': 0.0, 'localized_subpath': None, 'is_repeated_pattern': False, 'historical_anomaly_rate': 0.0}",1324,10085,,0.0,0.983,No immediate operational audit required. Telemetry within nominal bounds.,NOMINAL,OPEN,1.0.0
ALT-D9EAEB8019A2,2026-08-31T04:21:56.078369+00:00,1324,10086,NORMAL,0.2452,Nominal Operating Status — Route 1324,Trip 10086 operates within nominal baseline parameters (risk score 0.25).,"['Expected Revenue: ₹1208.00 | Reported Revenue: ₹1208.00 (Deficit: ₹0.00, 0.0%)', 'Expected Passengers: 102 | Reported Passengers: 102 (Difference: 0, 0.0%)', 'Multi-factor Risk Score: 0.2452 (NORMAL)', 'Statistical Isolation Anomaly Score: 0.9806']","{'expected_passengers': 102.0, 'reported_passengers': 102.0, 'passenger_difference': 0.0, 'passenger_pct_difference': 0.0, 'expected_revenue_inr': 1208.0, 'reported_revenue_inr': 1208.0, 'revenue_difference_inr': 0.0, 'revenue_pct_difference': 0.0, 'anomaly_score': 0.9806, 'risk_score': 0.2452, 'localization_confidence': 0.0, 'localized_subpath': None, 'is_repeated_pattern': False, 'historical_anomaly_rate': 0.0}",1324,10086,,0.0,0.9806,No immediate operational audit required. Telemetry within nominal bounds.,NOMINAL,OPEN,1.0.0
ALT-B77554B9A5A8,2026-08-31T04:21:56.078424+00:00,1324,10087,NORMAL,0.2461,Nominal Operating Status — Route 1324,Trip 10087 operates within nominal baseline parameters (risk score 0.25).,"['Expected Revenue: ₹1170.00 | Reported Revenue: ₹1170.00 (Deficit: ₹0.00, 0.0%)', 'Expected Passengers: 107 | Reported Passengers: 107 (Difference: 0, 0.0%)', 'Multi-factor Risk Score: 0.2461 (NORMAL)', 'Statistical Isolation Anomaly Score: 0.9844']","{'expected_passengers': 107.0, 'reported_passengers': 107.0, 'passenger_difference': 0.0, 'passenger_pct_difference': 0.0, 'expected_revenue_inr': 1170.0, 'reported_revenue_inr': 1170.0, 'revenue_difference_inr': 0.0, 'revenue_pct_difference': 0.0, 'anomaly_score': 0.9844, 'risk_score': 0.2461, 'localization_confidence': 0.0, 'localized_subpath': None, 'is_repeated_pattern': False, 'historical_anomaly_rate': 0.0}",1324,10087,,0.0,0.9844,No immediate operational audit required. Telemetry within nominal bounds.,NOMINAL,OPEN,1.0.0
ALT-87E98259C973,2026-08-31T04:21:56.078480+00:00,1324,10088,NORMAL,0.2461,Nominal Operating Status — Route 1324,Trip 10088 operates within nominal baseline parameters (risk score 0.25).,"['Expected Revenue: ₹1589.00 | Reported Revenue: ₹1589.00 (Deficit: ₹0.00, 0.0%)', 'Expected Passengers: 128 | Reported Passengers: 128 (Difference: 0, 0.0%)', 'Multi-factor Risk Score: 0.2461 (NORMAL)', 'Statistical Isolation Anomaly Score: 0.9845']","{'expected_passengers': 128.0, 'reported_passengers': 128.0, 'passenger_difference': 0.0, 'passenger_pct_difference': 0.0, 'expected_revenue_inr': 1589.0, 'reported_revenue_inr': 1589.0, 'revenue_difference_inr': 0.0, 'revenue_pct_difference': 0.0, 'anomaly_score': 0.9845, 'risk_score': 0.2461, 'localization_confidence': 0.0, 'localized_subpath': None, 'is_repeated_pattern': False, 'historical_anomaly_rate': 0.0}",1324,10088,,0.0,0.9845,No immediate operational audit required. Telemetry within nominal bounds.,NOMINAL,OPEN,1.0.0
ALT-83EAC59B704E,2026-08-31T04:21:56.078533+00:00,1324,10089,NORMAL,0.2461,Nominal Operating Status — Route 1324,Trip 10089 operates within nominal baseline parameters (risk score 0.25).,"['Expected Revenue: ₹1326.00 | Reported Revenue: ₹1326.00 (Deficit: ₹0.00, 0.0%)', 'Expected Passengers: 101 | Reported Passengers: 101 (Difference: 0, 0.0%)', 'Multi-factor Risk Score: 0.2461 (NORMAL)', 'Statistical Isolation Anomaly Score: 0.9844']","{'expected_passengers': 101.0, 'reported_passengers': 101.0, 'passenger_difference': 0.0, 'passenger_pct_difference': 0.0, 'expected_revenue_inr': 1326.0, 'reported_revenue_inr': 1326.0, 'revenue_difference_inr': 0.0, 'revenue_pct_difference': 0.0, 'anomaly_score': 0.9844, 'risk_score': 0.2461, 'localization_confidence': 0.0, 'localized_subpath': None, 'is_repeated_pattern': False, 'historical_anomaly_rate': 0.0}",1324,10089,,0.0,0.9844,No immediate operational audit required. Telemetry within nominal bounds.,NOMINAL,OPEN,1.0.0
ALT-05EA734B1F1D,2026-08-31T04:21:56.078595+00:00,999,1009,MONITOR,0.4758,Passenger & Revenue Discrepancy Alert — Route 999,"Trip 1009 on Route 999 recorded 98 passengers (expected 135, -27.6%) and ₹1027.00 revenue (expected ₹1477.15, -30.5%).","['Expected Revenue: ₹1477.15 | Reported Revenue: ₹1027.00 (Deficit: ₹450.15, 30.5%)', 'Expected Passengers: 135 | Reported Passengers: 98 (Difference: 37, 27.6%)', 'Multi-factor Risk Score: 0.4758 (MONITOR)', 'Statistical Isolation Anomaly Score: 0.9887', 'Graph Discrepancy Localized Subpath: 20623_PF5 -> 22211 (Seq 20-27) (Confidence: 0.52)']","{'expected_passengers': 135.4, 'reported_passengers': 98.0, 'passenger_difference': 37.4, 'passenger_pct_difference': 27.63, 'expected_revenue_inr': 1477.15, 'reported_revenue_inr': 1027.0, 'revenue_difference_inr': 450.15, 'revenue_pct_difference': 30.47, 'anomaly_score': 0.9887, 'risk_score': 0.4758, 'localization_confidence': 0.5217, 'localized_subpath': '20623_PF5 -> 22211 (Seq 20-27)', 'is_repeated_pattern': False, 'historical_anomaly_rate': 0.0}",999,1009,20623_PF5 -> 22211 (Seq 20-27),450.15,0.9887,Include Route 999 Trip 1009 in automated telemetry monitoring queue for subsequent schedules.,PASSENGER_UNDERREPORTING,OPEN,1.0.0
ALT-D781459CCB35,2026-08-31T04:21:56.078654+00:00,1324,10090,NORMAL,0.2459,Nominal Operating Status — Route 1324,Trip 10090 operates within nominal baseline parameters (risk score 0.25).,"['Expected Revenue: ₹1221.00 | Reported Revenue: ₹1221.00 (Deficit: ₹0.00, 0.0%)', 'Expected Passengers: 95 | Reported Passengers: 95 (Difference: 0, 0.0%)', 'Multi-factor Risk Score: 0.2459 (NORMAL)', 'Statistical Isolation Anomaly Score: 0.9834']","{'expected_passengers': 95.0, 'reported_passengers': 95.0, 'passenger_difference': 0.0, 'passenger_pct_difference': 0.0, 'expected_revenue_inr': 1221.0, 'reported_revenue_inr': 1221.0, 'revenue_difference_inr': 0.0, 'revenue_pct_difference': 0.0, 'anomaly_score': 0.9834, 'risk_score': 0.2459, 'localization_confidence': 0.0, 'localized_subpath': None, 'is_repeated_pattern': False, 'historical_anomaly_rate': 0.0}",1324,10090,,0.0,0.9834,No immediate operational audit required. Telemetry within nominal bounds.,NOMINAL,OPEN,1.0.0
ALT-A4B46E25A31A,2026-08-31T04:21:56.078713+00:00,1324,10091,NORMAL,0.2454,Nominal Operating Status — Route 1324,Trip 10091 operates within nominal baseline parameters (risk score 0.25).,"['Expected Revenue: ₹1479.00 | Reported Revenue: ₹1479.00 (Deficit: ₹0.00, 0.0%)', 'Expected Passengers: 124 | Reported Passengers: 124 (Difference: 0, 0.0%)', 'Multi-factor Risk Score: 0.2454 (NORMAL)', 'Statistical Isolation Anomaly Score: 0.9814']","{'expected_passengers': 124.0, 'reported_passengers': 124.0, 'passenger_difference': 0.0, 'passenger_pct_difference': 0.0, 'expected_revenue_inr': 1479.0, 'reported_revenue_inr': 1479.0, 'revenue_difference_inr': 0.0, 'revenue_pct_difference': 0.0, 'anomaly_score': 0.9814, 'risk_score': 0.2454, 'localization_confidence': 0.0, 'localized_subpath': None, 'is_repeated_pattern': False, 'historical_anomaly_rate': 0.0}",1324,10091,,0.0,0.9814,No immediate operational audit required. Telemetry within nominal bounds.,NOMINAL,OPEN,1.0.0
ALT-245CA3462976,2026-08-31T04:21:56.078782+00:00,1324,10092,MONITOR,0.3668,Revenue Deficit Alert — Route 1324,Trip 10092 on Route 1324 reported a revenue deficit of ₹163.65 (-20.6%) relative to expected diurnal baseline.,"['Expected Revenue: ₹793.65 | Reported Revenue: ₹630.00 (Deficit: ₹163.65, 20.6%)', 'Expected Passengers: 60 | Reported Passengers: 46 (Difference: 14, 22.8%)', 'Multi-factor Risk Score: 0.3668 (MONITOR)', 'Statistical Isolation Anomaly Score: 0.9697']","{'expected_passengers': 59.6, 'reported_passengers': 46.0, 'passenger_difference': 13.6, 'passenger_pct_difference': 22.82, 'expected_revenue_inr': 793.65, 'reported_revenue_inr': 630.0, 'revenue_difference_inr': 163.65, 'revenue_pct_difference': 20.62, 'anomaly_score': 0.9697, 'risk_score': 0.3668, 'localization_confidence': 0.0, 'localized_subpath': None, 'is_repeated_pattern': False, 'historical_anomaly_rate': 0.0}",1324,10092,,163.65,0.9697,Include Route 1324 Trip 10092 in automated telemetry monitoring queue for subsequent schedules.,REVENUE_DISCREPANCY,OPEN,1.0.0
ALT-DF18634AA97A,2026-08-31T04:21:56.078854+00:00,1324,10093,SUSPICIOUS,0.7164,Localized Segment Discrepancy Alert — Route 1324,Graph analysis localized a concentrated revenue and passenger deficit along 21172 -> 22645_PF3 (Seq 1-41) with 86.7% spatial confidence (estimated impact: ₹544.65).,"['Expected Revenue: ₹793.65 | Reported Revenue: ₹249.00 (Deficit: ₹544.65, 68.6%)', 'Expected Passengers: 69 | Reported Passengers: 24 (Difference: 45, 65.4%)', 'Multi-factor Risk Score: 0.7164 (SUSPICIOUS)', 'Statistical Isolation Anomaly Score: 0.9870', 'Graph Discrepancy Localized Subpath: 21172 -> 22645_PF3 (Seq 1-41) (Confidence: 0.87)']","{'expected_passengers': 69.3, 'reported_passengers': 24.0, 'passenger_difference': 45.3, 'passenger_pct_difference': 65.36, 'expected_revenue_inr': 793.65, 'reported_revenue_inr': 249.0, 'revenue_difference_inr': 544.65, 'revenue_pct_difference': 68.63, 'anomaly_score': 0.987, 'risk_score': 0.7164, 'localization_confidence': 0.8666, 'localized_subpath': '21172 -> 22645_PF3 (Seq 1-41)', 'is_repeated_pattern': False, 'historical_anomaly_rate': 0.0}",1324,10093,21172 -> 22645_PF3 (Seq 1-41),544.65,0.987,Audit trip ticketing logs and conductor waypoint reconciliations for Trip 10093 on Route 1324.,SEGMENT_ANOMALY,OPEN,1.0.0
ALT-E344B97A560B,2026-08-31T04:21:56.078918+00:00,1324,10094,MONITOR,0.4019,Passenger & Revenue Discrepancy Alert — Route 1324,"Trip 10094 on Route 1324 recorded 48 passengers (expected 70, -31.8%) and ₹525.00 revenue (expected ₹793.65, -33.8%).","['Expected Revenue: ₹793.65 | Reported Revenue: ₹525.00 (Deficit: ₹268.65, 33.8%)', 'Expected Passengers: 70 | Reported Passengers: 48 (Difference: 22, 31.8%)', 'Multi-factor Risk Score: 0.4019 (MONITOR)', 'Statistical Isolation Anomaly Score: 0.9704']","{'expected_passengers': 70.3, 'reported_passengers': 48.0, 'passenger_difference': 22.3, 'passenger_pct_difference': 31.75, 'expected_revenue_inr': 793.65, 'reported_revenue_inr': 525.0, 'revenue_difference_inr': 268.65, 'revenue_pct_difference': 33.85, 'anomaly_score': 0.9704, 'risk_score': 0.4019, 'localization_confidence': 0.0, 'localized_subpath': None, 'is_repeated_pattern': False, 'historical_anomaly_rate': 0.0}",1324,10094,,268.65,0.9704,Include Route 1324 Trip 10094 in automated telemetry monitoring queue for subsequent schedules.,PASSENGER_UNDERREPORTING,OPEN,1.0.0
ALT-6E829D4542F4,2026-08-31T04:21:56.078982+00:00,1324,10095,MONITOR,0.5778,Localized Segment Discrepancy Alert — Route 1324,Graph analysis localized a concentrated revenue and passenger deficit along 21172 -> 22645_PF3 (Seq 1-41) with 85.3% spatial confidence (estimated impact: ₹317.65).,"['Expected Revenue: ₹793.65 | Reported Revenue: ₹476.00 (Deficit: ₹317.65, 40.0%)', 'Expected Passengers: 65 | Reported Passengers: 39 (Difference: 26, 40.4%)', 'Multi-factor Risk Score: 0.5778 (MONITOR)', 'Statistical Isolation Anomaly Score: 0.9769', 'Graph Discrepancy Localized Subpath: 21172 -> 22645_PF3 (Seq 1-41) (Confidence: 0.85)']","{'expected_passengers': 65.4, 'reported_passengers': 39.0, 'passenger_difference': 26.4, 'passenger_pct_difference': 40.37, 'expected_revenue_inr': 793.65, 'reported_revenue_inr': 476.0, 'revenue_difference_inr': 317.65, 'revenue_pct_difference': 40.02, 'anomaly_score': 0.9769, 'risk_score': 0.5778, 'localization_confidence': 0.8531, 'localized_subpath': '21172 -> 22645_PF3 (Seq 1-41)', 'is_repeated_pattern': False, 'historical_anomaly_rate': 0.0}",1324,10095,21172 -> 22645_PF3 (Seq 1-41),317.65,0.9769,Include Route 1324 Trip 10095 in automated telemetry monitoring queue for subsequent schedules.,SEGMENT_ANOMALY,OPEN,1.0.0
ALT-3CCBB4EE6DF7,2026-08-31T04:21:56.079044+00:00,1324,10096,MONITOR,0.4152,Passenger & Revenue Discrepancy Alert — Route 1324,"Trip 10096 on Route 1324 recorded 43 passengers (expected 65, -33.8%) and ₹530.00 revenue (expected ₹793.65, -33.2%).","['Expected Revenue: ₹793.65 | Reported Revenue: ₹530.00 (Deficit: ₹263.65, 33.2%)', 'Expected Passengers: 65 | Reported Passengers: 43 (Difference: 22, 33.8%)', 'Multi-factor Risk Score: 0.4152 (MONITOR)', 'Statistical Isolation Anomaly Score: 0.9708']","{'expected_passengers': 64.9, 'reported_passengers': 43.0, 'passenger_difference': 21.9, 'passenger_pct_difference': 33.76, 'expected_revenue_inr': 793.65, 'reported_revenue_inr': 530.0, 'revenue_difference_inr': 263.65, 'revenue_pct_difference': 33.22, 'anomaly_score': 0.9708, 'risk_score': 0.4152, 'localization_confidence': 0.0, 'localized_subpath': None, 'is_repeated_pattern': False, 'historical_anomaly_rate': 0.0}",1324,10096,,263.65,0.9708,Include Route 1324 Trip 10096 in automated telemetry monitoring queue for subsequent schedules.,PASSENGER_UNDERREPORTING,OPEN,1.0.0
ALT-29810CF9FC37,2026-08-31T04:21:56.079109+00:00,1324,10097,SUSPICIOUS,0.6936,Localized Segment Discrepancy Alert — Route 1324,Graph analysis localized a concentrated revenue and passenger deficit along 21172 -> 22645_PF3 (Seq 1-41) with 96.4% spatial confidence (estimated impact: ₹465.65).,"['Expected Revenue: ₹793.65 | Reported Revenue: ₹328.00 (Deficit: ₹465.65, 58.7%)', 'Expected Passengers: 65 | Reported Passengers: 26 (Difference: 39, 59.8%)', 'Multi-factor Risk Score: 0.6936 (SUSPICIOUS)', 'Statistical Isolation Anomaly Score: 0.9846', 'Graph Discrepancy Localized Subpath: 21172 -> 22645_PF3 (Seq 1-41) (Confidence: 0.96)']","{'expected_passengers': 64.7, 'reported_passengers': 26.0, 'passenger_difference': 38.7, 'passenger_pct_difference': 59.82, 'expected_revenue_inr': 793.65, 'reported_revenue_inr': 328.0, 'revenue_difference_inr': 465.65, 'revenue_pct_difference': 58.67, 'anomaly_score': 0.9846, 'risk_score': 0.6936, 'localization_confidence': 0.9643, 'localized_subpath': '21172 -> 22645_PF3 (Seq 1-41)', 'is_repeated_pattern': False, 'historical_anomaly_rate': 0.0}",1324,10097,21172 -> 22645_PF3 (Seq 1-41),465.65,0.9846,Audit trip ticketing logs and conductor waypoint reconciliations for Trip 10097 on Route 1324.,SEGMENT_ANOMALY,OPEN,1.0.0
ALT-ED99D4413D7A,2026-08-31T04:21:56.079170+00:00,1324,10098,MONITOR,0.3697,Passenger & Revenue Discrepancy Alert — Route 1324,"Trip 10098 on Route 1324 recorded 50 passengers (expected 67, -25.7%) and ₹586.00 revenue (expected ₹793.65, -26.2%).","['Expected Revenue: ₹793.65 | Reported Revenue: ₹586.00 (Deficit: ₹207.65, 26.2%)', 'Expected Passengers: 67 | Reported Passengers: 50 (Difference: 17, 25.7%)', 'Multi-factor Risk Score: 0.3697 (MONITOR)', 'Statistical Isolation Anomaly Score: 0.9613']","{'expected_passengers': 67.3, 'reported_passengers': 50.0, 'passenger_difference': 17.3, 'passenger_pct_difference': 25.66, 'expected_revenue_inr': 793.65, 'reported_revenue_inr': 586.0, 'revenue_difference_inr': 207.65, 'revenue_pct_difference': 26.16, 'anomaly_score': 0.9613, 'risk_score': 0.3697, 'localization_confidence': 0.0, 'localized_subpath': None, 'is_repeated_pattern': False, 'historical_anomaly_rate': 0.0}",1324,10098,,207.65,0.9613,Include Route 1324 Trip 10098 in automated telemetry monitoring queue for subsequent schedules.,PASSENGER_UNDERREPORTING,OPEN,1.0.0
ALT-03A8563BF96F,2026-08-31T04:21:56.079233+00:00,1324,10099,SUSPICIOUS,0.7745,Localized Segment Discrepancy Alert — Route 1324,Graph analysis localized a concentrated revenue and passenger deficit along 22645_PF3 -> 21173 (Seq 1-37) with 99.0% spatial confidence (estimated impact: ₹569.91).,"['Expected Revenue: ₹754.91 | Reported Revenue: ₹185.00 (Deficit: ₹569.91, 75.5%)', 'Expected Passengers: 63 | Reported Passengers: 16 (Difference: 47, 74.8%)', 'Multi-factor Risk Score: 0.7745 (SUSPICIOUS)', 'Statistical Isolation Anomaly Score: 0.9821', 'Graph Discrepancy Localized Subpath: 22645_PF3 -> 21173 (Seq 1-37) (Confidence: 0.99)']","{'expected_passengers': 63.4, 'reported_passengers': 16.0, 'passenger_difference': 47.4, 'passenger_pct_difference': 74.75, 'expected_revenue_inr': 754.91, 'reported_revenue_inr': 185.0, 'revenue_difference_inr': 569.91, 'revenue_pct_difference': 75.49, 'anomaly_score': 0.9821, 'risk_score': 0.7745, 'localization_confidence': 0.99, 'localized_subpath': '22645_PF3 -> 21173 (Seq 1-37)', 'is_repeated_pattern': False, 'historical_anomaly_rate': 0.0}",1324,10099,22645_PF3 -> 21173 (Seq 1-37),569.91,0.99,Audit trip ticketing logs and conductor waypoint reconciliations for Trip 10099 on Route 1324.,SEGMENT_ANOMALY,OPEN,1.0.0
ALT-5DD0D86C6E66,2026-08-31T04:21:56.079296+00:00,991,101,SUSPICIOUS,0.7542,Localized Segment Discrepancy Alert — Route 991,Graph analysis localized a concentrated revenue and passenger deficit along 24379 -> 20921_PF5 (Seq 1-11) with 99.0% spatial confidence (estimated impact: ₹331.22).,"['Expected Revenue: ₹424.22 | Reported Revenue: ₹93.00 (Deficit: ₹331.22, 78.1%)', 'Expected Passengers: 39 | Reported Passengers: 11 (Difference: 28, 71.5%)', 'Multi-factor Risk Score: 0.7542 (SUSPICIOUS)', 'Statistical Isolation Anomaly Score: 0.9921', 'Graph Discrepancy Localized Subpath: 24379 -> 20921_PF5 (Seq 1-11) (Confidence: 0.99)']","{'expected_passengers': 38.5, 'reported_passengers': 11.0, 'passenger_difference': 27.5, 'passenger_pct_difference': 71.45, 'expected_revenue_inr': 424.22, 'reported_revenue_inr': 93.0, 'revenue_difference_inr': 331.22, 'revenue_pct_difference': 78.08, 'anomaly_score': 0.9921, 'risk_score': 0.7542, 'localization_confidence': 0.99, 'localized_subpath': '24379 -> 20921_PF5 (Seq 1-11)', 'is_repeated_pattern': False, 'historical_anomaly_rate': 0.0}",991,101,24379 -> 20921_PF5 (Seq 1-11),331.22,0.9921,Audit trip ticketing logs and conductor waypoint reconciliations for Trip 101 on Route 991.,SEGMENT_ANOMALY,OPEN,1.0.0
ALT-A1E0BF47A216,2026-08-31T04:21:56.079356+00:00,999,1010,MONITOR,0.5827,Passenger & Revenue Discrepancy Alert — Route 999,"Trip 1010 on Route 999 recorded 71 passengers (expected 128, -44.7%) and ₹788.00 revenue (expected ₹1477.15, -46.7%).","['Expected Revenue: ₹1477.15 | Reported Revenue: ₹788.00 (Deficit: ₹689.15, 46.7%)', 'Expected Passengers: 128 | Reported Passengers: 71 (Difference: 57, 44.7%)', 'Multi-factor Risk Score: 0.5827 (MONITOR)', 'Statistical Isolation Anomaly Score: 0.9930', 'Graph Discrepancy Localized Subpath: 21172_PF10 -> 21520 (Seq 1-2) (Confidence: 0.55)']","{'expected_passengers': 128.3, 'reported_passengers': 71.0, 'passenger_difference': 57.3, 'passenger_pct_difference': 44.65, 'expected_revenue_inr': 1477.15, 'reported_revenue_inr': 788.0, 'revenue_difference_inr': 689.15, 'revenue_pct_difference': 46.65, 'anomaly_score': 0.993, 'risk_score': 0.5827, 'localization_confidence': 0.5451, 'localized_subpath': '21172_PF10 -> 21520 (Seq 1-2)', 'is_repeated_pattern': False, 'historical_anomaly_rate': 0.0}",999,1010,21172_PF10 -> 21520 (Seq 1-2),689.15,0.993,Include Route 999 Trip 1010 in automated telemetry monitoring queue for subsequent schedules.,PASSENGER_UNDERREPORTING,OPEN,1.0.0
ALT-B21AA2B11A49,2026-08-31T04:21:56.079416+00:00,1324,10100,HIGH_RISK,0.904,Zero Telemetry / Unreported Trip Alert — Route 1324,"Trip 10100 on Route 1324 completed schedule with zero reported revenue or passenger count, resulting in an estimated ₹754.91 discrepancy against baseline expectation.","['Expected Revenue: ₹754.91 | Reported Revenue: ₹0.00 (Deficit: ₹754.91, 100.0%)', 'Expected Passengers: 63 | Reported Passengers: 0 (Difference: 63, 100.0%)', 'Multi-factor Risk Score: 0.9040 (HIGH_RISK)', 'Statistical Isolation Anomaly Score: 0.9954', 'Graph Discrepancy Localized Subpath: 22645_PF3 -> 21173 (Seq 1-37) (Confidence: 0.99)']","{'expected_passengers': 62.8, 'reported_passengers': 0.0, 'passenger_difference': 62.8, 'passenger_pct_difference': 100.0, 'expected_revenue_inr': 754.91, 'reported_revenue_inr': 0.0, 'revenue_difference_inr': 754.91, 'revenue_pct_difference': 100.0, 'anomaly_score': 0.9954, 'risk_score': 0.904, 'localization_confidence': 0.99, 'localized_subpath': '22645_PF3 -> 21173 (Seq 1-37)', 'is_repeated_pattern': False, 'historical_anomaly_rate': 0.0}",1324,10100,22645_PF3 -> 21173 (Seq 1-37),754.91,0.9954,"Schedule immediate operational inspection of Electronic Ticketing Machine (ETM) device telemetry, verify conductor trip sheet against segment boardings on Route 1324, and audit reconciliation records.",MISSING_TRIP,OPEN,1.0.0
ALT-C31BE456E78E,2026-08-31T04:21:56.079475+00:00,1324,10101,SUSPICIOUS,0.7417,Localized Segment Discrepancy Alert — Route 1324,Graph analysis localized a concentrated revenue and passenger deficit along 22645_PF3 -> 21173 (Seq 1-37) with 99.0% spatial confidence (estimated impact: ₹504.91).,"['Expected Revenue: ₹754.91 | Reported Revenue: ₹250.00 (Deficit: ₹504.91, 66.9%)', 'Expected Passengers: 60 | Reported Passengers: 18 (Difference: 42, 70.0%)', 'Multi-factor Risk Score: 0.7417 (SUSPICIOUS)', 'Statistical Isolation Anomaly Score: 0.9820', 'Graph Discrepancy Localized Subpath: 22645_PF3 -> 21173 (Seq 1-37) (Confidence: 0.99)']","{'expected_passengers': 60.0, 'reported_passengers': 18.0, 'passenger_difference': 42.0, 'passenger_pct_difference': 69.99, 'expected_revenue_inr': 754.91, 'reported_revenue_inr': 250.0, 'revenue_difference_inr': 504.91, 'revenue_pct_difference': 66.88, 'anomaly_score': 0.982, 'risk_score': 0.7417, 'localization_confidence': 0.99, 'localized_subpath': '22645_PF3 -> 21173 (Seq 1-37)', 'is_repeated_pattern': False, 'historical_anomaly_rate': 0.0}",1324,10101,22645_PF3 -> 21173 (Seq 1-37),504.91,0.99,Audit trip ticketing logs and conductor waypoint reconciliations for Trip 10101 on Route 1324.,SEGMENT_ANOMALY,OPEN,1.0.0
ALT-B3E50911C04E,2026-08-31T04:21:56.079535+00:00,1324,10102,SUSPICIOUS,0.7144,Localized Segment Discrepancy Alert — Route 1324,Graph analysis localized a concentrated revenue and passenger deficit along 22645_PF3 -> 21173 (Seq 1-37) with 98.5% spatial confidence (estimated impact: ₹471.91).,"['Expected Revenue: ₹754.91 | Reported Revenue: ₹283.00 (Deficit: ₹471.91, 62.5%)', 'Expected Passengers: 61 | Reported Passengers: 22 (Difference: 39, 64.1%)', 'Multi-factor Risk Score: 0.7144 (SUSPICIOUS)', 'Statistical Isolation Anomaly Score: 0.9805', 'Graph Discrepancy Localized Subpath: 22645_PF3 -> 21173 (Seq 1-37) (Confidence: 0.99)']","{'expected_passengers': 61.2, 'reported_passengers': 22.0, 'passenger_difference': 39.2, 'passenger_pct_difference': 64.07, 'expected_revenue_inr': 754.91, 'reported_revenue_inr': 283.0, 'revenue_difference_inr': 471.91, 'revenue_pct_difference': 62.51, 'anomaly_score': 0.9805, 'risk_score': 0.7144, 'localization_confidence': 0.9851, 'localized_subpath': '22645_PF3 -> 21173 (Seq 1-37)', 'is_repeated_pattern': False, 'historical_anomaly_rate': 0.0}",1324,10102,22645_PF3 -> 21173 (Seq 1-37),471.91,0.9851,Audit trip ticketing logs and conductor waypoint reconciliations for Trip 10102 on Route 1324.,SEGMENT_ANOMALY,OPEN,1.0.0
ALT-7330DE89E35F,2026-08-31T04:21:56.079595+00:00,1324,10103,SUSPICIOUS,0.7657,Localized Segment Discrepancy Alert — Route 1324,Graph analysis localized a concentrated revenue and passenger deficit along 22645_PF3 -> 21173 (Seq 1-37) with 99.0% spatial confidence (estimated impact: ₹548.91).,"['Expected Revenue: ₹754.91 | Reported Revenue: ₹206.00 (Deficit: ₹548.91, 72.7%)', 'Expected Passengers: 62 | Reported Passengers: 16 (Difference: 46, 74.0%)', 'Multi-factor Risk Score: 0.7657 (SUSPICIOUS)', 'Statistical Isolation Anomaly Score: 0.9811', 'Graph Discrepancy Localized Subpath: 22645_PF3 -> 21173 (Seq 1-37) (Confidence: 0.99)']","{'expected_passengers': 61.6, 'reported_passengers': 16.0, 'passenger_difference': 45.6, 'passenger_pct_difference': 74.04, 'expected_revenue_inr': 754.91, 'reported_revenue_inr': 206.0, 'revenue_difference_inr': 548.91, 'revenue_pct_difference': 72.71, 'anomaly_score': 0.9811, 'risk_score': 0.7657, 'localization_confidence': 0.99, 'localized_subpath': '22645_PF3 -> 21173 (Seq 1-37)', 'is_repeated_pattern': False, 'historical_anomaly_rate': 0.0}",1324,10103,22645_PF3 -> 21173 (Seq 1-37),548.91,0.99,Audit trip ticketing logs and conductor waypoint reconciliations for Trip 10103 on Route 1324.,SEGMENT_ANOMALY,OPEN,1.0.0
ALT-9BF97EC18810,2026-08-31T04:21:56.079653+00:00,1324,10104,SUSPICIOUS,0.7446,Localized Segment Discrepancy Alert — Route 1324,Graph analysis localized a concentrated revenue and passenger deficit along 22645_PF3 -> 21173 (Seq 1-37) with 99.0% spatial confidence (estimated impact: ₹527.91).,"['Expected Revenue: ₹754.91 | Reported Revenue: ₹227.00 (Deficit: ₹527.91, 69.9%)', 'Expected Passengers: 64 | Reported Passengers: 20 (Difference: 44, 68.7%)', 'Multi-factor Risk Score: 0.7446 (SUSPICIOUS)', 'Statistical Isolation Anomaly Score: 0.9816', 'Graph Discrepancy Localized Subpath: 22645_PF3 -> 21173 (Seq 1-37) (Confidence: 0.99)']","{'expected_passengers': 63.9, 'reported_passengers': 20.0, 'passenger_difference': 43.9, 'passenger_pct_difference': 68.69, 'expected_revenue_inr': 754.91, 'reported_revenue_inr': 227.0, 'revenue_difference_inr': 527.91, 'revenue_pct_difference': 69.93, 'anomaly_score': 0.9816, 'risk_score': 0.7446, 'localization_confidence': 0.99, 'localized_subpath': '22645_PF3 -> 21173 (Seq 1-37)', 'is_repeated_pattern': False, 'historical_anomaly_rate': 0.0}",1324,10104,22645_PF3 -> 21173 (Seq 1-37),527.91,0.99,Audit trip ticketing logs and conductor waypoint reconciliations for Trip 10104 on Route 1324.,SEGMENT_ANOMALY,OPEN,1.0.0
ALT-9CF4528AEF3F,2026-08-31T04:21:56.079712+00:00,1324,10105,HIGH_RISK,0.8228,Localized Segment Discrepancy Alert — Route 1324,Graph analysis localized a concentrated revenue and passenger deficit along 22645_PF3 -> 21173 (Seq 1-37) with 99.0% spatial confidence (estimated impact: ₹627.91).,"['Expected Revenue: ₹754.91 | Reported Revenue: ₹127.00 (Deficit: ₹627.91, 83.2%)', 'Expected Passengers: 61 | Reported Passengers: 9 (Difference: 52, 85.3%)', 'Multi-factor Risk Score: 0.8228 (HIGH_RISK)', 'Statistical Isolation Anomaly Score: 0.9919', 'Graph Discrepancy Localized Subpath: 22645_PF3 -> 21173 (Seq 1-37) (Confidence: 0.99)']","{'expected_passengers': 61.2, 'reported_passengers': 9.0, 'passenger_difference': 52.2, 'passenger_pct_difference': 85.29, 'expected_revenue_inr': 754.91, 'reported_revenue_inr': 127.0, 'revenue_difference_inr': 627.91, 'revenue_pct_difference': 83.18, 'anomaly_score': 0.9919, 'risk_score': 0.8228, 'localization_confidence': 0.99, 'localized_subpath': '22645_PF3 -> 21173 (Seq 1-37)', 'is_repeated_pattern': False, 'historical_anomaly_rate': 0.0}",1324,10105,22645_PF3 -> 21173 (Seq 1-37),627.91,0.9919,"Schedule immediate operational inspection of Electronic Ticketing Machine (ETM) device telemetry, verify conductor trip sheet against segment boardings on Route 1324, and audit reconciliation records.",SEGMENT_ANOMALY,OPEN,1.0.0
ALT-81756179FCB5,2026-08-31T04:21:56.079786+00:00,1324,10106,HIGH_RISK,0.904,Zero Telemetry / Unreported Trip Alert — Route 1324,"Trip 10106 on Route 1324 completed schedule with zero reported revenue or passenger count, resulting in an estimated ₹754.91 discrepancy against baseline expectation.","['Expected Revenue: ₹754.91 | Reported Revenue: ₹0.00 (Deficit: ₹754.91, 100.0%)', 'Expected Passengers: 63 | Reported Passengers: 0 (Difference: 63, 100.0%)', 'Multi-factor Risk Score: 0.9040 (HIGH_RISK)', 'Statistical Isolation Anomaly Score: 0.9954', 'Graph Discrepancy Localized Subpath: 22645_PF3 -> 21173 (Seq 1-37) (Confidence: 0.99)']","{'expected_passengers': 62.8, 'reported_passengers': 0.0, 'passenger_difference': 62.8, 'passenger_pct_difference': 100.0, 'expected_revenue_inr': 754.91, 'reported_revenue_inr': 0.0, 'revenue_difference_inr': 754.91, 'revenue_pct_difference': 100.0, 'anomaly_score': 0.9954, 'risk_score': 0.904, 'localization_confidence': 0.99, 'localized_subpath': '22645_PF3 -> 21173 (Seq 1-37)', 'is_repeated_pattern': False, 'historical_anomaly_rate': 0.0}",1324,10106,22645_PF3 -> 21173 (Seq 1-37),754.91,0.9954,"Schedule immediate operational inspection of Electronic Ticketing Machine (ETM) device telemetry, verify conductor trip sheet against segment boardings on Route 1324, and audit reconciliation records.",MISSING_TRIP,OPEN,1.0.0
ALT-B8EA9F617FB8,2026-08-31T04:21:56.079859+00:00,1324,10107,SUSPICIOUS,0.764,Localized Segment Discrepancy Alert — Route 1324,Graph analysis localized a concentrated revenue and passenger deficit along 22645_PF3 -> 21173 (Seq 1-37) with 99.0% spatial confidence (estimated impact: ₹552.91).,"['Expected Revenue: ₹754.91 | Reported Revenue: ₹202.00 (Deficit: ₹552.91, 73.2%)', 'Expected Passengers: 63 | Reported Passengers: 17 (Difference: 46, 73.0%)', 'Multi-factor Risk Score: 0.7640 (SUSPICIOUS)', 'Statistical Isolation Anomaly Score: 0.9804', 'Graph Discrepancy Localized Subpath: 22645_PF3 -> 21173 (Seq 1-37) (Confidence: 0.99)']","{'expected_passengers': 63.0, 'reported_passengers': 17.0, 'passenger_difference': 46.0, 'passenger_pct_difference': 73.0, 'expected_revenue_inr': 754.91, 'reported_revenue_inr': 202.0, 'revenue_difference_inr': 552.91, 'revenue_pct_difference': 73.24, 'anomaly_score': 0.9804, 'risk_score': 0.764, 'localization_confidence': 0.99, 'localized_subpath': '22645_PF3 -> 21173 (Seq 1-37)', 'is_repeated_pattern': False, 'historical_anomaly_rate': 0.0}",1324,10107,22645_PF3 -> 21173 (Seq 1-37),552.91,0.99,Audit trip ticketing logs and conductor waypoint reconciliations for Trip 10107 on Route 1324.,SEGMENT_ANOMALY,OPEN,1.0.0
ALT-022768D0F0F1,2026-08-31T04:21:56.079936+00:00,1324,10108,SUSPICIOUS,0.7481,Localized Segment Discrepancy Alert — Route 1324,Graph analysis localized a concentrated revenue and passenger deficit along 22645_PF3 -> 21173 (Seq 1-37) with 99.0% spatial confidence (estimated impact: ₹529.91).,"['Expected Revenue: ₹754.91 | Reported Revenue: ₹225.00 (Deficit: ₹529.91, 70.2%)', 'Expected Passengers: 63 | Reported Passengers: 19 (Difference: 44, 69.9%)', 'Multi-factor Risk Score: 0.7481 (SUSPICIOUS)', 'Statistical Isolation Anomaly Score: 0.9795', 'Graph Discrepancy Localized Subpath: 22645_PF3 -> 21173 (Seq 1-37) (Confidence: 0.99)']","{'expected_passengers': 63.0, 'reported_passengers': 19.0, 'passenger_difference': 44.0, 'passenger_pct_difference': 69.86, 'expected_revenue_inr': 754.91, 'reported_revenue_inr': 225.0, 'revenue_difference_inr': 529.91, 'revenue_pct_difference': 70.2, 'anomaly_score': 0.9795, 'risk_score': 0.7481, 'localization_confidence': 0.99, 'localized_subpath': '22645_PF3 -> 21173 (Seq 1-37)', 'is_repeated_pattern': False, 'historical_anomaly_rate': 0.0}",1324,10108,22645_PF3 -> 21173 (Seq 1-37),529.91,0.99,Audit trip ticketing logs and conductor waypoint reconciliations for Trip 10108 on Route 1324.,SEGMENT_ANOMALY,OPEN,1.0.0
ALT-2FB86BBB3C30,2026-08-31T04:21:56.080217+00:00,1324,10109,SUSPICIOUS,0.7923,Localized Segment Discrepancy Alert — Route 1324,Graph analysis localized a concentrated revenue and passenger deficit along 22645_PF3 -> 21173 (Seq 1-37) with 99.0% spatial confidence (estimated impact: ₹595.91).,"['Expected Revenue: ₹754.91 | Reported Revenue: ₹159.00 (Deficit: ₹595.91, 78.9%)', 'Expected Passengers: 64 | Reported Passengers: 14 (Difference: 50, 78.0%)', 'Multi-factor Risk Score: 0.7923 (SUSPICIOUS)', 'Statistical Isolation Anomaly Score: 0.9856', 'Graph Discrepancy Localized Subpath: 22645_PF3 -> 21173 (Seq 1-37) (Confidence: 0.99)']","{'expected_passengers': 63.5, 'reported_passengers': 14.0, 'passenger_difference': 49.5, 'passenger_pct_difference': 77.97, 'expected_revenue_inr': 754.91, 'reported_revenue_inr': 159.0, 'revenue_difference_inr': 595.91, 'revenue_pct_difference': 78.94, 'anomaly_score': 0.9856, 'risk_score': 0.7923, 'localization_confidence': 0.99, 'localized_subpath': '22645_PF3 -> 21173 (Seq 1-37)', 'is_repeated_pattern': False, 'historical_anomaly_rate': 0.0}",1324,10109,22645_PF3 -> 21173 (Seq 1-37),595.91,0.99,Audit trip ticketing logs and conductor waypoint reconciliations for Trip 10109 on Route 1324.,SEGMENT_ANOMALY,OPEN,1.0.0
ALT-CF52DF0F0056,2026-08-31T04:21:56.080322+00:00,999,1011,NORMAL,0.2605,Nominal Operating Status — Route 999,Trip 1011 operates within nominal baseline parameters (risk score 0.26).,"['Expected Revenue: ₹648.01 | Reported Revenue: ₹611.00 (Deficit: ₹37.01, 5.7%)', 'Expected Passengers: 60 | Reported Passengers: 57 (Difference: 3, 5.1%)', 'Multi-factor Risk Score: 0.2605 (NORMAL)', 'Statistical Isolation Anomaly Score: 0.9739']","{'expected_passengers': 60.1, 'reported_passengers': 57.0, 'passenger_difference': 3.1, 'passenger_pct_difference': 5.12, 'expected_revenue_inr': 648.01, 'reported_revenue_inr': 611.0, 'revenue_difference_inr': 37.01, 'revenue_pct_difference': 5.71, 'anomaly_score': 0.9739, 'risk_score': 0.2605, 'localization_confidence': 0.0, 'localized_subpath': None, 'is_repeated_pattern': False, 'historical_anomaly_rate': 0.0}",999,1011,,37.01,0.9739,No immediate operational audit required. Telemetry within nominal bounds.,NOMINAL,OPEN,1.0.0
ALT-DA778C4A6F15,2026-08-31T04:21:56.080395+00:00,1324,10110,NORMAL,0.2407,Nominal Operating Status — Route 1324,Trip 10110 operates within nominal baseline parameters (risk score 0.24).,"['Expected Revenue: ₹834.00 | Reported Revenue: ₹834.00 (Deficit: ₹0.00, 0.0%)', 'Expected Passengers: 66 | Reported Passengers: 66 (Difference: 0, 0.0%)', 'Multi-factor Risk Score: 0.2407 (NORMAL)', 'Statistical Isolation Anomaly Score: 0.9626']","{'expected_passengers': 66.0, 'reported_passengers': 66.0, 'passenger_difference': 0.0, 'passenger_pct_difference': 0.0, 'expected_revenue_inr': 834.0, 'reported_revenue_inr': 834.0, 'revenue_difference_inr': 0.0, 'revenue_pct_difference': 0.0, 'anomaly_score': 0.9626, 'risk_score': 0.2407, 'localization_confidence': 0.0, 'localized_subpath': None, 'is_repeated_pattern': False, 'historical_anomaly_rate': 0.0}",1324,10110,,0.0,0.9626,No immediate operational audit required. Telemetry within nominal bounds.,NOMINAL,OPEN,1.0.0
ALT-B491CD47CED8,2026-08-31T04:21:56.080460+00:00,1324,10111,NORMAL,0.2418,Nominal Operating Status — Route 1324,Trip 10111 operates within nominal baseline parameters (risk score 0.24).,"['Expected Revenue: ₹869.00 | Reported Revenue: ₹869.00 (Deficit: ₹0.00, 0.0%)', 'Expected Passengers: 68 | Reported Passengers: 68 (Difference: 0, 0.0%)', 'Multi-factor Risk Score: 0.2418 (NORMAL)', 'Statistical Isolation Anomaly Score: 0.9672']","{'expected_passengers': 68.0, 'reported_passengers': 68.0, 'passenger_difference': 0.0, 'passenger_pct_difference': 0.0, 'expected_revenue_inr': 869.0, 'reported_revenue_inr': 869.0, 'revenue_difference_inr': 0.0, 'revenue_pct_difference': 0.0, 'anomaly_score': 0.9672, 'risk_score': 0.2418, 'localization_confidence': 0.0, 'localized_subpath': None, 'is_repeated_pattern': False, 'historical_anomaly_rate': 0.0}",1324,10111,,0.0,0.9672,No immediate operational audit required. Telemetry within nominal bounds.,NOMINAL,OPEN,1.0.0
ALT-DE7D63D80A7A,2026-08-31T04:21:56.080524+00:00,1324,10112,NORMAL,0.2397,Nominal Operating Status — Route 1324,Trip 10112 operates within nominal baseline parameters (risk score 0.24).,"['Expected Revenue: ₹813.00 | Reported Revenue: ₹813.00 (Deficit: ₹0.00, 0.0%)', 'Expected Passengers: 64 | Reported Passengers: 64 (Difference: 0, 0.0%)', 'Multi-factor Risk Score: 0.2397 (NORMAL)', 'Statistical Isolation Anomaly Score: 0.9586']","{'expected_passengers': 64.0, 'reported_passengers': 64.0, 'passenger_difference': 0.0, 'passenger_pct_difference': 0.0, 'expected_revenue_inr': 813.0, 'reported_revenue_inr': 813.0, 'revenue_difference_inr': 0.0, 'revenue_pct_difference': 0.0, 'anomaly_score': 0.9586, 'risk_score': 0.2397, 'localization_confidence': 0.0, 'localized_subpath': None, 'is_repeated_pattern': False, 'historical_anomaly_rate': 0.0}",1324,10112,,0.0,0.9586,No immediate operational audit required. Telemetry within nominal bounds.,NOMINAL,OPEN,1.0.0
ALT-452D3B522397,2026-08-31T04:21:56.080588+00:00,1324,10113,NORMAL,0.2642,Nominal Operating Status — Route 1324,Trip 10113 operates within nominal baseline parameters (risk score 0.26).,"['Expected Revenue: ₹754.91 | Reported Revenue: ₹712.00 (Deficit: ₹42.91, 5.7%)', 'Expected Passengers: 64 | Reported Passengers: 60 (Difference: 4, 5.6%)', 'Multi-factor Risk Score: 0.2642 (NORMAL)', 'Statistical Isolation Anomaly Score: 0.9520']","{'expected_passengers': 63.6, 'reported_passengers': 60.0, 'passenger_difference': 3.6, 'passenger_pct_difference': 5.61, 'expected_revenue_inr': 754.91, 'reported_revenue_inr': 712.0, 'revenue_difference_inr': 42.91, 'revenue_pct_difference': 5.68, 'anomaly_score': 0.952, 'risk_score': 0.2642, 'localization_confidence': 0.0, 'localized_subpath': None, 'is_repeated_pattern': False, 'historical_anomaly_rate': 0.0}",1324,10113,,42.91,0.952,No immediate operational audit required. Telemetry within nominal bounds.,NOMINAL,OPEN,1.0.0
ALT-FD04AF1F69B5,2026-08-31T04:21:56.080650+00:00,1324,10114,NORMAL,0.2595,Nominal Operating Status — Route 1324,Trip 10114 operates within nominal baseline parameters (risk score 0.26).,"['Expected Revenue: ₹754.91 | Reported Revenue: ₹732.00 (Deficit: ₹22.91, 3.0%)', 'Expected Passengers: 61 | Reported Passengers: 59 (Difference: 2, 3.1%)', 'Multi-factor Risk Score: 0.2595 (NORMAL)', 'Statistical Isolation Anomaly Score: 0.9529']","{'expected_passengers': 60.9, 'reported_passengers': 59.0, 'passenger_difference': 1.9, 'passenger_pct_difference': 3.13, 'expected_revenue_inr': 754.91, 'reported_revenue_inr': 732.0, 'revenue_difference_inr': 22.91, 'revenue_pct_difference': 3.03, 'anomaly_score': 0.9529, 'risk_score': 0.2595, 'localization_confidence': 0.0, 'localized_subpath': None, 'is_repeated_pattern': False, 'historical_anomaly_rate': 0.0}",1324,10114,,22.91,0.9529,No immediate operational audit required. Telemetry within nominal bounds.,NOMINAL,OPEN,1.0.0
ALT-7AA8DC39774F,2026-08-31T04:21:56.080709+00:00,1324,10115,NORMAL,0.246,Nominal Operating Status — Route 1324,Trip 10115 operates within nominal baseline parameters (risk score 0.25).,"['Expected Revenue: ₹809.00 | Reported Revenue: ₹809.00 (Deficit: ₹0.00, 0.0%)', 'Expected Passengers: 61 | Reported Passengers: 61 (Difference: 0, 0.0%)', 'Multi-factor Risk Score: 0.2460 (NORMAL)', 'Statistical Isolation Anomaly Score: 0.9615']","{'expected_passengers': 61.0, 'reported_passengers': 61.0, 'passenger_difference': 0.0, 'passenger_pct_difference': 0.0, 'expected_revenue_inr': 809.0, 'reported_revenue_inr': 809.0, 'revenue_difference_inr': 0.0, 'revenue_pct_difference': 0.0, 'anomaly_score': 0.9615, 'risk_score': 0.246, 'localization_confidence': 0.0, 'localized_subpath': None, 'is_repeated_pattern': False, 'historical_anomaly_rate': 0.0}",1324,10115,,0.0,0.9615,No immediate operational audit required. Telemetry within nominal bounds.,NOMINAL,OPEN,1.0.0
ALT-CBA7649A2F53,2026-08-31T04:21:56.080777+00:00,1324,10116,NORMAL,0.2427,Nominal Operating Status — Route 1324,Trip 10116 operates within nominal baseline parameters (risk score 0.24).,"['Expected Revenue: ₹890.00 | Reported Revenue: ₹890.00 (Deficit: ₹0.00, 0.0%)', 'Expected Passengers: 66 | Reported Passengers: 66 (Difference: 0, 0.0%)', 'Multi-factor Risk Score: 0.2427 (NORMAL)', 'Statistical Isolation Anomaly Score: 0.9708']","{'expected_passengers': 66.0, 'reported_passengers': 66.0, 'passenger_difference': 0.0, 'passenger_pct_difference': 0.0, 'expected_revenue_inr': 890.0, 'reported_revenue_inr': 890.0, 'revenue_difference_inr': 0.0, 'revenue_pct_difference': 0.0, 'anomaly_score': 0.9708, 'risk_score': 0.2427, 'localization_confidence': 0.0, 'localized_subpath': None, 'is_repeated_pattern': False, 'historical_anomaly_rate': 0.0}",1324,10116,,0.0,0.9708,No immediate operational audit required. Telemetry within nominal bounds.,NOMINAL,OPEN,1.0.0
ALT-3809CBE0E742,2026-08-31T04:21:56.080849+00:00,1324,10117,NORMAL,0.2553,Nominal Operating Status — Route 1324,Trip 10117 operates within nominal baseline parameters (risk score 0.26).,"['Expected Revenue: ₹754.91 | Reported Revenue: ₹720.00 (Deficit: ₹34.91, 4.6%)', 'Expected Passengers: 70 | Reported Passengers: 67 (Difference: 3, 4.2%)', 'Multi-factor Risk Score: 0.2553 (NORMAL)', 'Statistical Isolation Anomaly Score: 0.9645']","{'expected_passengers': 69.9, 'reported_passengers': 67.0, 'passenger_difference': 2.9, 'passenger_pct_difference': 4.15, 'expected_revenue_inr': 754.91, 'reported_revenue_inr': 720.0, 'revenue_difference_inr': 34.91, 'revenue_pct_difference': 4.62, 'anomaly_score': 0.9645, 'risk_score': 0.2553, 'localization_confidence': 0.0, 'localized_subpath': None, 'is_repeated_pattern': False, 'historical_anomaly_rate': 0.0}",1324,10117,,34.91,0.9645,No immediate operational audit required. Telemetry within nominal bounds.,NOMINAL,OPEN,1.0.0
ALT-A777B96B1FB6,2026-08-31T04:21:56.080912+00:00,1324,10118,NORMAL,0.2395,Nominal Operating Status — Route 1324,Trip 10118 operates within nominal baseline parameters (risk score 0.24).,"['Expected Revenue: ₹804.00 | Reported Revenue: ₹804.00 (Deficit: ₹0.00, 0.0%)', 'Expected Passengers: 63 | Reported Passengers: 63 (Difference: 0, 0.0%)', 'Multi-factor Risk Score: 0.2395 (NORMAL)', 'Statistical Isolation Anomaly Score: 0.9581']","{'expected_passengers': 63.0, 'reported_passengers': 63.0, 'passenger_difference': 0.0, 'passenger_pct_difference': 0.0, 'expected_revenue_inr': 804.0, 'reported_revenue_inr': 804.0, 'revenue_difference_inr': 0.0, 'revenue_pct_difference': 0.0, 'anomaly_score': 0.9581, 'risk_score': 0.2395, 'localization_confidence': 0.0, 'localized_subpath': None, 'is_repeated_pattern': False, 'historical_anomaly_rate': 0.0}",1324,10118,,0.0,0.9581,No immediate operational audit required. Telemetry within nominal bounds.,NOMINAL,OPEN,1.0.0
ALT-40EBB774685E,2026-08-31T04:21:56.080977+00:00,1324,10119,NORMAL,0.2535,Nominal Operating Status — Route 1324,Trip 10119 operates within nominal baseline parameters (risk score 0.25).,"['Expected Revenue: ₹800.00 | Reported Revenue: ₹800.00 (Deficit: ₹0.00, 0.0%)', 'Expected Passengers: 59 | Reported Passengers: 59 (Difference: 0, 0.0%)', 'Multi-factor Risk Score: 0.2535 (NORMAL)', 'Statistical Isolation Anomaly Score: 0.9660']","{'expected_passengers': 59.0, 'reported_passengers': 59.0, 'passenger_difference': 0.0, 'passenger_pct_difference': 0.0, 'expected_revenue_inr': 800.0, 'reported_revenue_inr': 800.0, 'revenue_difference_inr': 0.0, 'revenue_pct_difference': 0.0, 'anomaly_score': 0.966, 'risk_score': 0.2535, 'localization_confidence': 0.0, 'localized_subpath': None, 'is_repeated_pattern': False, 'historical_anomaly_rate': 0.0}",1324,10119,,0.0,0.966,No immediate operational audit required. Telemetry within nominal bounds.,NOMINAL,OPEN,1.0.0
ALT-ED3E8DCA37F0,2026-08-31T04:21:56.081042+00:00,999,1012,MONITOR,0.3325,Revenue Deficit Alert — Route 999,Trip 1012 on Route 999 reported a revenue deficit of ₹181.01 (-27.9%) relative to expected diurnal baseline.,"['Expected Revenue: ₹648.01 | Reported Revenue: ₹467.00 (Deficit: ₹181.01, 27.9%)', 'Expected Passengers: 68 | Reported Passengers: 53 (Difference: 15, 22.1%)', 'Multi-factor Risk Score: 0.3325 (MONITOR)', 'Statistical Isolation Anomaly Score: 0.9835']","{'expected_passengers': 68.0, 'reported_passengers': 53.0, 'passenger_difference': 15.0, 'passenger_pct_difference': 22.11, 'expected_revenue_inr': 648.01, 'reported_revenue_inr': 467.0, 'revenue_difference_inr': 181.01, 'revenue_pct_difference': 27.93, 'anomaly_score': 0.9835, 'risk_score': 0.3325, 'localization_confidence': 0.0, 'localized_subpath': None, 'is_repeated_pattern': False, 'historical_anomaly_rate': 0.0}",999,1012,,181.01,0.9835,Include Route 999 Trip 1012 in automated telemetry monitoring queue for subsequent schedules.,REVENUE_DISCREPANCY,OPEN,1.0.0
ALT-E74BE24419A4,2026-08-31T04:21:56.081104+00:00,1324,10120,NORMAL,0.2439,Nominal Operating Status — Route 1324,Trip 10120 operates within nominal baseline parameters (risk score 0.24).,"['Expected Revenue: ₹912.00 | Reported Revenue: ₹912.00 (Deficit: ₹0.00, 0.0%)', 'Expected Passengers: 72 | Reported Passengers: 72 (Difference: 0, 0.0%)', 'Multi-factor Risk Score: 0.2439 (NORMAL)', 'Statistical Isolation Anomaly Score: 0.9755']","{'expected_passengers': 72.0, 'reported_passengers': 72.0, 'passenger_difference': 0.0, 'passenger_pct_difference': 0.0, 'expected_revenue_inr': 912.0, 'reported_revenue_inr': 912.0, 'revenue_difference_inr': 0.0, 'revenue_pct_difference': 0.0, 'anomaly_score': 0.9755, 'risk_score': 0.2439, 'localization_confidence': 0.0, 'localized_subpath': None, 'is_repeated_pattern': False, 'historical_anomaly_rate': 0.0}",1324,10120,,0.0,0.9755,No immediate operational audit required. Telemetry within nominal bounds.,NOMINAL,OPEN,1.0.0
ALT-31EDF213F9DA,2026-08-31T04:21:56.081170+00:00,1324,10121,SUSPICIOUS,0.6242,Localized Segment Discrepancy Alert — Route 1324,Graph analysis localized a concentrated revenue and passenger deficit along 22645_PF3 -> 22555 (Seq 1-11) with 77.5% spatial confidence (estimated impact: ₹396.91).,"['Expected Revenue: ₹754.91 | Reported Revenue: ₹358.00 (Deficit: ₹396.91, 52.6%)', 'Expected Passengers: 64 | Reported Passengers: 31 (Difference: 33, 51.6%)', 'Multi-factor Risk Score: 0.6242 (SUSPICIOUS)', 'Statistical Isolation Anomaly Score: 0.9822', 'Graph Discrepancy Localized Subpath: 22645_PF3 -> 22555 (Seq 1-11) (Confidence: 0.77)']","{'expected_passengers': 64.0, 'reported_passengers': 31.0, 'passenger_difference': 33.0, 'passenger_pct_difference': 51.56, 'expected_revenue_inr': 754.91, 'reported_revenue_inr': 358.0, 'revenue_difference_inr': 396.91, 'revenue_pct_difference': 52.58, 'anomaly_score': 0.9822, 'risk_score': 0.6242, 'localization_confidence': 0.7748, 'localized_subpath': '22645_PF3 -> 22555 (Seq 1-11)', 'is_repeated_pattern': False, 'historical_anomaly_rate': 0.0}",1324,10121,22645_PF3 -> 22555 (Seq 1-11),396.91,0.9822,Audit trip ticketing logs and conductor waypoint reconciliations for Trip 10121 on Route 1324.,SEGMENT_ANOMALY,OPEN,1.0.0
ALT-568F7E0E5479,2026-08-31T04:21:56.081231+00:00,1324,10122,NORMAL,0.2406,Nominal Operating Status — Route 1324,Trip 10122 operates within nominal baseline parameters (risk score 0.24).,"['Expected Revenue: ₹814.00 | Reported Revenue: ₹814.00 (Deficit: ₹0.00, 0.0%)', 'Expected Passengers: 67 | Reported Passengers: 67 (Difference: 0, 0.0%)', 'Multi-factor Risk Score: 0.2406 (NORMAL)', 'Statistical Isolation Anomaly Score: 0.9625']","{'expected_passengers': 67.0, 'reported_passengers': 67.0, 'passenger_difference': 0.0, 'passenger_pct_difference': 0.0, 'expected_revenue_inr': 814.0, 'reported_revenue_inr': 814.0, 'revenue_difference_inr': 0.0, 'revenue_pct_difference': 0.0, 'anomaly_score': 0.9625, 'risk_score': 0.2406, 'localization_confidence': 0.0, 'localized_subpath': None, 'is_repeated_pattern': False, 'historical_anomaly_rate': 0.0}",1324,10122,,0.0,0.9625,No immediate operational audit required. Telemetry within nominal bounds.,NOMINAL,OPEN,1.0.0
ALT-D7EDAF9E2C34,2026-08-31T04:21:56.081289+00:00,1324,10123,NORMAL,0.2451,Nominal Operating Status — Route 1324,Trip 10123 operates within nominal baseline parameters (risk score 0.25).,"['Expected Revenue: ₹795.00 | Reported Revenue: ₹795.00 (Deficit: ₹0.00, 0.0%)', 'Expected Passengers: 61 | Reported Passengers: 61 (Difference: 0, 0.0%)', 'Multi-factor Risk Score: 0.2451 (NORMAL)', 'Statistical Isolation Anomaly Score: 0.9580']","{'expected_passengers': 61.0, 'reported_passengers': 61.0, 'passenger_difference': 0.0, 'passenger_pct_difference': 0.0, 'expected_revenue_inr': 795.0, 'reported_revenue_inr': 795.0, 'revenue_difference_inr': 0.0, 'revenue_pct_difference': 0.0, 'anomaly_score': 0.958, 'risk_score': 0.2451, 'localization_confidence': 0.0, 'localized_subpath': None, 'is_repeated_pattern': False, 'historical_anomaly_rate': 0.0}",1324,10123,,0.0,0.958,No immediate operational audit required. Telemetry within nominal bounds.,NOMINAL,OPEN,1.0.0
ALT-FCA9720D1606,2026-08-31T04:21:56.081349+00:00,1324,10124,NORMAL,0.2438,Nominal Operating Status — Route 1324,Trip 10124 operates within nominal baseline parameters (risk score 0.24).,"['Expected Revenue: ₹754.91 | Reported Revenue: ₹747.00 (Deficit: ₹7.91, 1.0%)', 'Expected Passengers: 63 | Reported Passengers: 62 (Difference: 1, 1.0%)', 'Multi-factor Risk Score: 0.2438 (NORMAL)', 'Statistical Isolation Anomaly Score: 0.9528']","{'expected_passengers': 62.7, 'reported_passengers': 62.0, 'passenger_difference': 0.7, 'passenger_pct_difference': 1.05, 'expected_revenue_inr': 754.91, 'reported_revenue_inr': 747.0, 'revenue_difference_inr': 7.91, 'revenue_pct_difference': 1.05, 'anomaly_score': 0.9528, 'risk_score': 0.2438, 'localization_confidence': 0.0, 'localized_subpath': None, 'is_repeated_pattern': False, 'historical_anomaly_rate': 0.0}",1324,10124,,7.91,0.9528,No immediate operational audit required. Telemetry within nominal bounds.,NOMINAL,OPEN,1.0.0
ALT-0BF53654073B,2026-08-31T04:21:56.081409+00:00,1324,10125,MONITOR,0.3518,Operational Review Alert — Route 1324,Trip 10125 on Route 1324 triggered operational monitoring with composite risk score 0.35.,"['Expected Revenue: ₹1720.83 | Reported Revenue: ₹1439.00 (Deficit: ₹281.83, 16.4%)', 'Expected Passengers: 134 | Reported Passengers: 111 (Difference: 23, 17.4%)', 'Multi-factor Risk Score: 0.3518 (MONITOR)', 'Statistical Isolation Anomaly Score: 0.9795']","{'expected_passengers': 134.4, 'reported_passengers': 111.0, 'passenger_difference': 23.4, 'passenger_pct_difference': 17.43, 'expected_revenue_inr': 1720.83, 'reported_revenue_inr': 1439.0, 'revenue_difference_inr': 281.83, 'revenue_pct_difference': 16.38, 'anomaly_score': 0.9795, 'risk_score': 0.3518, 'localization_confidence': 0.0, 'localized_subpath': None, 'is_repeated_pattern': False, 'historical_anomaly_rate': 0.0}",1324,10125,,281.83,0.9795,Include Route 1324 Trip 10125 in automated telemetry monitoring queue for subsequent schedules.,COMPOSITE_ANOMALY,OPEN,1.0.0
ALT-2C7A695058A1,2026-08-31T04:21:56.081471+00:00,1324,10126,MONITOR,0.5149,Passenger & Revenue Discrepancy Alert — Route 1324,"Trip 10126 on Route 1324 recorded 91 passengers (expected 131, -30.7%) and ₹1236.00 revenue (expected ₹1720.83, -28.2%).","['Expected Revenue: ₹1720.83 | Reported Revenue: ₹1236.00 (Deficit: ₹484.83, 28.2%)', 'Expected Passengers: 131 | Reported Passengers: 91 (Difference: 40, 30.7%)', 'Multi-factor Risk Score: 0.5149 (MONITOR)', 'Statistical Isolation Anomaly Score: 0.9894', 'Graph Discrepancy Localized Subpath: 22382 -> 21173 (Seq 23-37) (Confidence: 0.59)']","{'expected_passengers': 131.3, 'reported_passengers': 91.0, 'passenger_difference': 40.3, 'passenger_pct_difference': 30.69, 'expected_revenue_inr': 1720.83, 'reported_revenue_inr': 1236.0, 'revenue_difference_inr': 484.83, 'revenue_pct_difference': 28.17, 'anomaly_score': 0.9894, 'risk_score': 0.5149, 'localization_confidence': 0.5864, 'localized_subpath': '22382 -> 21173 (Seq 23-37)', 'is_repeated_pattern': False, 'historical_anomaly_rate': 0.0}",1324,10126,22382 -> 21173 (Seq 23-37),484.83,0.9894,Include Route 1324 Trip 10126 in automated telemetry monitoring queue for subsequent schedules.,PASSENGER_UNDERREPORTING,OPEN,1.0.0
ALT-FBE5960645C1,2026-08-31T04:21:56.081533+00:00,1324,10127,HIGH_RISK,0.9767,Zero Telemetry / Unreported Trip Alert — Route 1324,"Trip 10127 on Route 1324 completed schedule with zero reported revenue or passenger count, resulting in an estimated ₹1720.83 discrepancy against baseline expectation.","['Expected Revenue: ₹1720.83 | Reported Revenue: ₹0.00 (Deficit: ₹1720.83, 100.0%)', 'Expected Passengers: 143 | Reported Passengers: 0 (Difference: 143, 100.0%)', 'Multi-factor Risk Score: 0.9767 (HIGH_RISK)', 'Statistical Isolation Anomaly Score: 0.9966', 'Graph Discrepancy Localized Subpath: 22645_PF3 -> 21173 (Seq 1-37) (Confidence: 0.99)']","{'expected_passengers': 143.0, 'reported_passengers': 0.0, 'passenger_difference': 143.0, 'passenger_pct_difference': 100.0, 'expected_revenue_inr': 1720.83, 'reported_revenue_inr': 0.0, 'revenue_difference_inr': 1720.83, 'revenue_pct_difference': 100.0, 'anomaly_score': 0.9966, 'risk_score': 0.9767, 'localization_confidence': 0.99, 'localized_subpath': '22645_PF3 -> 21173 (Seq 1-37)', 'is_repeated_pattern': False, 'historical_anomaly_rate': 0.0}",1324,10127,22645_PF3 -> 21173 (Seq 1-37),1720.83,0.9966,"Schedule immediate operational inspection of Electronic Ticketing Machine (ETM) device telemetry, verify conductor trip sheet against segment boardings on Route 1324, and audit reconciliation records.",MISSING_TRIP,OPEN,1.0.0
ALT-C93D438FF187,2026-08-31T04:21:56.081595+00:00,1324,10128,MONITOR,0.3544,Localized Segment Discrepancy Alert — Route 1324,Graph analysis localized a concentrated revenue and passenger deficit along 22645_PF3 -> 22181 (Seq 1-5) with 67.9% spatial confidence (estimated impact: ₹3.83).,"['Expected Revenue: ₹1720.83 | Reported Revenue: ₹1717.00 (Deficit: ₹3.83, 0.2%)', 'Expected Passengers: 140 | Reported Passengers: 140 (Difference: 0, 0.2%)', 'Multi-factor Risk Score: 0.3544 (MONITOR)', 'Statistical Isolation Anomaly Score: 0.9896', 'Graph Discrepancy Localized Subpath: 22645_PF3 -> 22181 (Seq 1-5) (Confidence: 0.68)']","{'expected_passengers': 140.3, 'reported_passengers': 140.0, 'passenger_difference': 0.3, 'passenger_pct_difference': 0.23, 'expected_revenue_inr': 1720.83, 'reported_revenue_inr': 1717.0, 'revenue_difference_inr': 3.83, 'revenue_pct_difference': 0.22, 'anomaly_score': 0.9896, 'risk_score': 0.3544, 'localization_confidence': 0.6794, 'localized_subpath': '22645_PF3 -> 22181 (Seq 1-5)', 'is_repeated_pattern': False, 'historical_anomaly_rate': 0.0}",1324,10128,22645_PF3 -> 22181 (Seq 1-5),3.83,0.9896,Include Route 1324 Trip 10128 in automated telemetry monitoring queue for subsequent schedules.,SEGMENT_ANOMALY,OPEN,1.0.0
ALT-A9929BC6E4FD,2026-08-31T04:21:56.081656+00:00,1324,10129,MONITOR,0.3206,Operational Review Alert — Route 1324,Trip 10129 on Route 1324 triggered operational monitoring with composite risk score 0.32.,"['Expected Revenue: ₹1720.83 | Reported Revenue: ₹1538.00 (Deficit: ₹182.83, 10.6%)', 'Expected Passengers: 133 | Reported Passengers: 118 (Difference: 15, 11.4%)', 'Multi-factor Risk Score: 0.3206 (MONITOR)', 'Statistical Isolation Anomaly Score: 0.9814']","{'expected_passengers': 133.2, 'reported_passengers': 118.0, 'passenger_difference': 15.2, 'passenger_pct_difference': 11.41, 'expected_revenue_inr': 1720.83, 'reported_revenue_inr': 1538.0, 'revenue_difference_inr': 182.83, 'revenue_pct_difference': 10.62, 'anomaly_score': 0.9814, 'risk_score': 0.3206, 'localization_confidence': 0.0, 'localized_subpath': None, 'is_repeated_pattern': False, 'historical_anomaly_rate': 0.0}",1324,10129,,182.83,0.9814,Include Route 1324 Trip 10129 in automated telemetry monitoring queue for subsequent schedules.,COMPOSITE_ANOMALY,OPEN,1.0.0
ALT-5DE9CCA3EA5C,2026-08-31T04:21:56.081786+00:00,999,1013,MONITOR,0.3989,Passenger & Revenue Discrepancy Alert — Route 999,"Trip 1013 on Route 999 recorded 38 passengers (expected 55, -31.2%) and ₹441.00 revenue (expected ₹648.01, -31.9%).","['Expected Revenue: ₹648.01 | Reported Revenue: ₹441.00 (Deficit: ₹207.01, 31.9%)', 'Expected Passengers: 55 | Reported Passengers: 38 (Difference: 17, 31.2%)', 'Multi-factor Risk Score: 0.3989 (MONITOR)', 'Statistical Isolation Anomaly Score: 0.9785']","{'expected_passengers': 55.2, 'reported_passengers': 38.0, 'passenger_difference': 17.2, 'passenger_pct_difference': 31.17, 'expected_revenue_inr': 648.01, 'reported_revenue_inr': 441.0, 'revenue_difference_inr': 207.01, 'revenue_pct_difference': 31.95, 'anomaly_score': 0.9785, 'risk_score': 0.3989, 'localization_confidence': 0.0, 'localized_subpath': None, 'is_repeated_pattern': False, 'historical_anomaly_rate': 0.0}",999,1013,,207.01,0.9785,Include Route 999 Trip 1013 in automated telemetry monitoring queue for subsequent schedules.,PASSENGER_UNDERREPORTING,OPEN,1.0.0
ALT-2BBDC9578C4D,2026-08-31T04:21:56.081884+00:00,1324,10130,HIGH_RISK,0.9767,Zero Telemetry / Unreported Trip Alert — Route 1324,"Trip 10130 on Route 1324 completed schedule with zero reported revenue or passenger count, resulting in an estimated ₹1720.83 discrepancy against baseline expectation.","['Expected Revenue: ₹1720.83 | Reported Revenue: ₹0.00 (Deficit: ₹1720.83, 100.0%)', 'Expected Passengers: 143 | Reported Passengers: 0 (Difference: 143, 100.0%)', 'Multi-factor Risk Score: 0.9767 (HIGH_RISK)', 'Statistical Isolation Anomaly Score: 0.9966', 'Graph Discrepancy Localized Subpath: 22645_PF3 -> 21173 (Seq 1-37) (Confidence: 0.99)']","{'expected_passengers': 143.0, 'reported_passengers': 0.0, 'passenger_difference': 143.0, 'passenger_pct_difference': 100.0, 'expected_revenue_inr': 1720.83, 'reported_revenue_inr': 0.0, 'revenue_difference_inr': 1720.83, 'revenue_pct_difference': 100.0, 'anomaly_score': 0.9966, 'risk_score': 0.9767, 'localization_confidence': 0.99, 'localized_subpath': '22645_PF3 -> 21173 (Seq 1-37)', 'is_repeated_pattern': False, 'historical_anomaly_rate': 0.0}",1324,10130,22645_PF3 -> 21173 (Seq 1-37),1720.83,0.9966,"Schedule immediate operational inspection of Electronic Ticketing Machine (ETM) device telemetry, verify conductor trip sheet against segment boardings on Route 1324, and audit reconciliation records.",MISSING_TRIP,OPEN,1.0.0
ALT-32C52ABD6B77,2026-08-31T04:21:56.081972+00:00,1324,10131,NORMAL,0.2855,Nominal Operating Status — Route 1324,Trip 10131 operates within nominal baseline parameters (risk score 0.29).,"['Expected Revenue: ₹1720.83 | Reported Revenue: ₹1654.00 (Deficit: ₹66.83, 3.9%)', 'Expected Passengers: 131 | Reported Passengers: 125 (Difference: 6, 4.3%)', 'Multi-factor Risk Score: 0.2855 (NORMAL)', 'Statistical Isolation Anomaly Score: 0.9823']","{'expected_passengers': 130.6, 'reported_passengers': 125.0, 'passenger_difference': 5.6, 'passenger_pct_difference': 4.26, 'expected_revenue_inr': 1720.83, 'reported_revenue_inr': 1654.0, 'revenue_difference_inr': 66.83, 'revenue_pct_difference': 3.88, 'anomaly_score': 0.9823, 'risk_score': 0.2855, 'localization_confidence': 0.0, 'localized_subpath': None, 'is_repeated_pattern': False, 'historical_anomaly_rate': 0.0}",1324,10131,,66.83,0.9823,No immediate operational audit required. Telemetry within nominal bounds.,NOMINAL,OPEN,1.0.0
ALT-FA9DF2376A5A,2026-08-31T04:21:56.082050+00:00,1324,10132,NORMAL,0.2703,Nominal Operating Status — Route 1324,Trip 10132 operates within nominal baseline parameters (risk score 0.27).,"['Expected Revenue: ₹1720.83 | Reported Revenue: ₹1656.00 (Deficit: ₹64.83, 3.8%)', 'Expected Passengers: 141 | Reported Passengers: 136 (Difference: 5, 3.8%)', 'Multi-factor Risk Score: 0.2703 (NORMAL)', 'Statistical Isolation Anomaly Score: 0.9848']","{'expected_passengers': 141.4, 'reported_passengers': 136.0, 'passenger_difference': 5.4, 'passenger_pct_difference': 3.81, 'expected_revenue_inr': 1720.83, 'reported_revenue_inr': 1656.0, 'revenue_difference_inr': 64.83, 'revenue_pct_difference': 3.77, 'anomaly_score': 0.9848, 'risk_score': 0.2703, 'localization_confidence': 0.0, 'localized_subpath': None, 'is_repeated_pattern': False, 'historical_anomaly_rate': 0.0}",1324,10132,,64.83,0.9848,No immediate operational audit required. Telemetry within nominal bounds.,NOMINAL,OPEN,1.0.0
ALT-1E3DCC0AF2EE,2026-08-31T04:21:56.082115+00:00,1324,10133,NORMAL,0.2879,Nominal Operating Status — Route 1324,Trip 10133 operates within nominal baseline parameters (risk score 0.29).,"['Expected Revenue: ₹1720.83 | Reported Revenue: ₹1643.00 (Deficit: ₹77.83, 4.5%)', 'Expected Passengers: 131 | Reported Passengers: 125 (Difference: 6, 4.9%)', 'Multi-factor Risk Score: 0.2879 (NORMAL)', 'Statistical Isolation Anomaly Score: 0.9821']","{'expected_passengers': 131.5, 'reported_passengers': 125.0, 'passenger_difference': 6.5, 'passenger_pct_difference': 4.92, 'expected_revenue_inr': 1720.83, 'reported_revenue_inr': 1643.0, 'revenue_difference_inr': 77.83, 'revenue_pct_difference': 4.52, 'anomaly_score': 0.9821, 'risk_score': 0.2879, 'localization_confidence': 0.0, 'localized_subpath': None, 'is_repeated_pattern': False, 'historical_anomaly_rate': 0.0}",1324,10133,,77.83,0.9821,No immediate operational audit required. Telemetry within nominal bounds.,NOMINAL,OPEN,1.0.0
ALT-1F808BCBDFC8,2026-08-31T04:21:56.082179+00:00,1324,10134,MONITOR,0.5136,Localized Segment Discrepancy Alert — Route 1324,Graph analysis localized a concentrated revenue and passenger deficit along 22645_PF3 -> 21740 (Seq 1-8) with 60.2% spatial confidence (estimated impact: ₹497.83).,"['Expected Revenue: ₹1720.83 | Reported Revenue: ₹1223.00 (Deficit: ₹497.83, 28.9%)', 'Expected Passengers: 136 | Reported Passengers: 95 (Difference: 41, 30.3%)', 'Multi-factor Risk Score: 0.5136 (MONITOR)', 'Statistical Isolation Anomaly Score: 0.9862', 'Graph Discrepancy Localized Subpath: 22645_PF3 -> 21740 (Seq 1-8) (Confidence: 0.60)']","{'expected_passengers': 136.4, 'reported_passengers': 95.0, 'passenger_difference': 41.4, 'passenger_pct_difference': 30.34, 'expected_revenue_inr': 1720.83, 'reported_revenue_inr': 1223.0, 'revenue_difference_inr': 497.83, 'revenue_pct_difference': 28.93, 'anomaly_score': 0.9862, 'risk_score': 0.5136, 'localization_confidence': 0.6016, 'localized_subpath': '22645_PF3 -> 21740 (Seq 1-8)', 'is_repeated_pattern': False, 'historical_anomaly_rate': 0.0}",1324,10134,22645_PF3 -> 21740 (Seq 1-8),497.83,0.9862,Include Route 1324 Trip 10134 in automated telemetry monitoring queue for subsequent schedules.,SEGMENT_ANOMALY,OPEN,1.0.0
ALT-CB12371B0A9A,2026-08-31T04:21:56.082244+00:00,1324,10135,MONITOR,0.5057,Passenger & Revenue Discrepancy Alert — Route 1324,"Trip 10135 on Route 1324 recorded 116 passengers (expected 175, -33.8%) and ₹1008.05 revenue (expected ₹1720.83, -41.4%).","['Expected Revenue: ₹1720.83 | Reported Revenue: ₹1008.05 (Deficit: ₹712.78, 41.4%)', 'Expected Passengers: 175 | Reported Passengers: 116 (Difference: 59, 33.8%)', 'Multi-factor Risk Score: 0.5057 (MONITOR)', 'Statistical Isolation Anomaly Score: 0.9911', 'Graph Discrepancy Localized Subpath: 22597 -> 21173 (Seq 28-37) (Confidence: 0.42)']","{'expected_passengers': 175.3, 'reported_passengers': 116.0, 'passenger_difference': 59.3, 'passenger_pct_difference': 33.81, 'expected_revenue_inr': 1720.83, 'reported_revenue_inr': 1008.05, 'revenue_difference_inr': 712.78, 'revenue_pct_difference': 41.42, 'anomaly_score': 0.9911, 'risk_score': 0.5057, 'localization_confidence': 0.4208, 'localized_subpath': '22597 -> 21173 (Seq 28-37)', 'is_repeated_pattern': False, 'historical_anomaly_rate': 0.0}",1324,10135,22597 -> 21173 (Seq 28-37),712.78,0.9911,Include Route 1324 Trip 10135 in automated telemetry monitoring queue for subsequent schedules.,PASSENGER_UNDERREPORTING,OPEN,1.0.0
ALT-EC7B00973614,2026-08-31T04:21:56.082309+00:00,1324,10136,MONITOR,0.3475,Operational Review Alert — Route 1324,Trip 10136 on Route 1324 triggered operational monitoring with composite risk score 0.35.,"['Expected Revenue: ₹1720.83 | Reported Revenue: ₹1421.00 (Deficit: ₹299.83, 17.4%)', 'Expected Passengers: 141 | Reported Passengers: 116 (Difference: 25, 17.7%)', 'Multi-factor Risk Score: 0.3475 (MONITOR)', 'Statistical Isolation Anomaly Score: 0.9746']","{'expected_passengers': 140.9, 'reported_passengers': 116.0, 'passenger_difference': 24.9, 'passenger_pct_difference': 17.69, 'expected_revenue_inr': 1720.83, 'reported_revenue_inr': 1421.0, 'revenue_difference_inr': 299.83, 'revenue_pct_difference': 17.42, 'anomaly_score': 0.9746, 'risk_score': 0.3475, 'localization_confidence': 0.0, 'localized_subpath': None, 'is_repeated_pattern': False, 'historical_anomaly_rate': 0.0}",1324,10136,,299.83,0.9746,Include Route 1324 Trip 10136 in automated telemetry monitoring queue for subsequent schedules.,COMPOSITE_ANOMALY,OPEN,1.0.0
ALT-AD16CBBA11F8,2026-08-31T04:21:56.082368+00:00,1324,10137,MONITOR,0.3373,Operational Review Alert — Route 1324,Trip 10137 on Route 1324 triggered operational monitoring with composite risk score 0.34.,"['Expected Revenue: ₹1720.83 | Reported Revenue: ₹1424.00 (Deficit: ₹296.83, 17.2%)', 'Expected Passengers: 149 | Reported Passengers: 124 (Difference: 25, 16.6%)', 'Multi-factor Risk Score: 0.3373 (MONITOR)', 'Statistical Isolation Anomaly Score: 0.9811']","{'expected_passengers': 148.7, 'reported_passengers': 124.0, 'passenger_difference': 24.7, 'passenger_pct_difference': 16.6, 'expected_revenue_inr': 1720.83, 'reported_revenue_inr': 1424.0, 'revenue_difference_inr': 296.83, 'revenue_pct_difference': 17.25, 'anomaly_score': 0.9811, 'risk_score': 0.3373, 'localization_confidence': 0.0, 'localized_subpath': None, 'is_repeated_pattern': False, 'historical_anomaly_rate': 0.0}",1324,10137,,296.83,0.9811,Include Route 1324 Trip 10137 in automated telemetry monitoring queue for subsequent schedules.,COMPOSITE_ANOMALY,OPEN,1.0.0
ALT-EAC7C419EC8F,2026-08-31T04:21:56.082428+00:00,1324,10138,MONITOR,0.3399,Operational Review Alert — Route 1324,Trip 10138 on Route 1324 triggered operational monitoring with composite risk score 0.34.,"['Expected Revenue: ₹1720.83 | Reported Revenue: ₹1433.00 (Deficit: ₹287.83, 16.7%)', 'Expected Passengers: 144 | Reported Passengers: 120 (Difference: 24, 16.6%)', 'Multi-factor Risk Score: 0.3399 (MONITOR)', 'Statistical Isolation Anomaly Score: 0.9772']","{'expected_passengers': 143.9, 'reported_passengers': 120.0, 'passenger_difference': 23.9, 'passenger_pct_difference': 16.62, 'expected_revenue_inr': 1720.83, 'reported_revenue_inr': 1433.0, 'revenue_difference_inr': 287.83, 'revenue_pct_difference': 16.73, 'anomaly_score': 0.9772, 'risk_score': 0.3399, 'localization_confidence': 0.0, 'localized_subpath': None, 'is_repeated_pattern': False, 'historical_anomaly_rate': 0.0}",1324,10138,,287.83,0.9772,Include Route 1324 Trip 10138 in automated telemetry monitoring queue for subsequent schedules.,COMPOSITE_ANOMALY,OPEN,1.0.0
ALT-30902B4370FA,2026-08-31T04:21:56.082489+00:00,1324,10139,MONITOR,0.5378,Passenger & Revenue Discrepancy Alert — Route 1324,"Trip 10139 on Route 1324 recorded 96 passengers (expected 150, -36.2%) and ₹1066.00 revenue (expected ₹1720.83, -38.1%).","['Expected Revenue: ₹1720.83 | Reported Revenue: ₹1066.00 (Deficit: ₹654.83, 38.1%)', 'Expected Passengers: 150 | Reported Passengers: 96 (Difference: 54, 36.2%)', 'Multi-factor Risk Score: 0.5378 (MONITOR)', 'Statistical Isolation Anomaly Score: 0.9900', 'Graph Discrepancy Localized Subpath: 22645_PF3 -> 21846 (Seq 1-12) (Confidence: 0.54)']","{'expected_passengers': 150.4, 'reported_passengers': 96.0, 'passenger_difference': 54.4, 'passenger_pct_difference': 36.18, 'expected_revenue_inr': 1720.83, 'reported_revenue_inr': 1066.0, 'revenue_difference_inr': 654.83, 'revenue_pct_difference': 38.05, 'anomaly_score': 0.99, 'risk_score': 0.5378, 'localization_confidence': 0.5351, 'localized_subpath': '22645_PF3 -> 21846 (Seq 1-12)', 'is_repeated_pattern': False, 'historical_anomaly_rate': 0.0}",1324,10139,22645_PF3 -> 21846 (Seq 1-12),654.83,0.99,Include Route 1324 Trip 10139 in automated telemetry monitoring queue for subsequent schedules.,PASSENGER_UNDERREPORTING,OPEN,1.0.0
ALT-F365CE248C92,2026-08-31T04:21:56.082546+00:00,999,1014,MONITOR,0.3316,Revenue Deficit Alert — Route 999,Trip 1014 on Route 999 reported a revenue deficit of ₹130.01 (-20.1%) relative to expected diurnal baseline.,"['Expected Revenue: ₹648.01 | Reported Revenue: ₹518.00 (Deficit: ₹130.01, 20.1%)', 'Expected Passengers: 57 | Reported Passengers: 46 (Difference: 11, 19.0%)', 'Multi-factor Risk Score: 0.3316 (MONITOR)', 'Statistical Isolation Anomaly Score: 0.9698']","{'expected_passengers': 56.8, 'reported_passengers': 46.0, 'passenger_difference': 10.8, 'passenger_pct_difference': 19.02, 'expected_revenue_inr': 648.01, 'reported_revenue_inr': 518.0, 'revenue_difference_inr': 130.01, 'revenue_pct_difference': 20.06, 'anomaly_score': 0.9698, 'risk_score': 0.3316, 'localization_confidence': 0.0, 'localized_subpath': None, 'is_repeated_pattern': False, 'historical_anomaly_rate': 0.0}",999,1014,,130.01,0.9698,Include Route 999 Trip 1014 in automated telemetry monitoring queue for subsequent schedules.,REVENUE_DISCREPANCY,OPEN,1.0.0
ALT-82429DB20960,2026-08-31T04:21:56.082603+00:00,1324,10140,MONITOR,0.3431,Operational Review Alert — Route 1324,Trip 10140 on Route 1324 triggered operational monitoring with composite risk score 0.34.,"['Expected Revenue: ₹1720.83 | Reported Revenue: ₹1442.00 (Deficit: ₹278.83, 16.2%)', 'Expected Passengers: 139 | Reported Passengers: 116 (Difference: 23, 16.7%)', 'Multi-factor Risk Score: 0.3431 (MONITOR)', 'Statistical Isolation Anomaly Score: 0.9753']","{'expected_passengers': 139.2, 'reported_passengers': 116.0, 'passenger_difference': 23.2, 'passenger_pct_difference': 16.65, 'expected_revenue_inr': 1720.83, 'reported_revenue_inr': 1442.0, 'revenue_difference_inr': 278.83, 'revenue_pct_difference': 16.2, 'anomaly_score': 0.9753, 'risk_score': 0.3431, 'localization_confidence': 0.0, 'localized_subpath': None, 'is_repeated_pattern': False, 'historical_anomaly_rate': 0.0}",1324,10140,,278.83,0.9753,Include Route 1324 Trip 10140 in automated telemetry monitoring queue for subsequent schedules.,COMPOSITE_ANOMALY,OPEN,1.0.0
ALT-99E1BC4128FE,2026-08-31T04:21:56.082664+00:00,1324,10141,MONITOR,0.4722,Revenue Deficit Alert — Route 1324,Trip 10141 on Route 1324 reported a revenue deficit of ₹421.83 (-24.5%) relative to expected diurnal baseline.,"['Expected Revenue: ₹1720.83 | Reported Revenue: ₹1299.00 (Deficit: ₹421.83, 24.5%)', 'Expected Passengers: 146 | Reported Passengers: 111 (Difference: 35, 24.0%)', 'Multi-factor Risk Score: 0.4722 (MONITOR)', 'Statistical Isolation Anomaly Score: 0.9790', 'Graph Discrepancy Localized Subpath: 22645_PF3 -> 21740 (Seq 1-8) (Confidence: 0.60)']","{'expected_passengers': 146.1, 'reported_passengers': 111.0, 'passenger_difference': 35.1, 'passenger_pct_difference': 24.01, 'expected_revenue_inr': 1720.83, 'reported_revenue_inr': 1299.0, 'revenue_difference_inr': 421.83, 'revenue_pct_difference': 24.51, 'anomaly_score': 0.979, 'risk_score': 0.4722, 'localization_confidence': 0.598, 'localized_subpath': '22645_PF3 -> 21740 (Seq 1-8)', 'is_repeated_pattern': False, 'historical_anomaly_rate': 0.0}",1324,10141,22645_PF3 -> 21740 (Seq 1-8),421.83,0.979,Include Route 1324 Trip 10141 in automated telemetry monitoring queue for subsequent schedules.,REVENUE_DISCREPANCY,OPEN,1.0.0
ALT-BD21381C77DB,2026-08-31T04:21:56.082723+00:00,1324,10142,MONITOR,0.5532,Passenger & Revenue Discrepancy Alert — Route 1324,"Trip 10142 on Route 1324 recorded 84 passengers (expected 141, -40.2%) and ₹1041.00 revenue (expected ₹1720.83, -39.5%).","['Expected Revenue: ₹1720.83 | Reported Revenue: ₹1041.00 (Deficit: ₹679.83, 39.5%)', 'Expected Passengers: 141 | Reported Passengers: 84 (Difference: 57, 40.2%)', 'Multi-factor Risk Score: 0.5532 (MONITOR)', 'Statistical Isolation Anomaly Score: 0.9925', 'Graph Discrepancy Localized Subpath: 22645_PF3 -> 21173 (Seq 1-37) (Confidence: 0.48)']","{'expected_passengers': 140.5, 'reported_passengers': 84.0, 'passenger_difference': 56.5, 'passenger_pct_difference': 40.22, 'expected_revenue_inr': 1720.83, 'reported_revenue_inr': 1041.0, 'revenue_difference_inr': 679.83, 'revenue_pct_difference': 39.51, 'anomaly_score': 0.9925, 'risk_score': 0.5532, 'localization_confidence': 0.4849, 'localized_subpath': '22645_PF3 -> 21173 (Seq 1-37)', 'is_repeated_pattern': False, 'historical_anomaly_rate': 0.0}",1324,10142,22645_PF3 -> 21173 (Seq 1-37),679.83,0.9925,Include Route 1324 Trip 10142 in automated telemetry monitoring queue for subsequent schedules.,PASSENGER_UNDERREPORTING,OPEN,1.0.0
ALT-47371DDDFBDD,2026-08-31T04:21:56.082792+00:00,1324,10143,MONITOR,0.5103,Localized Segment Discrepancy Alert — Route 1324,Graph analysis localized a concentrated revenue and passenger deficit along 22645_PF3 -> 21846 (Seq 1-12) with 61.0% spatial confidence (estimated impact: ₹498.83).,"['Expected Revenue: ₹1720.83 | Reported Revenue: ₹1222.00 (Deficit: ₹498.83, 29.0%)', 'Expected Passengers: 139 | Reported Passengers: 98 (Difference: 41, 29.7%)', 'Multi-factor Risk Score: 0.5103 (MONITOR)', 'Statistical Isolation Anomaly Score: 0.9837', 'Graph Discrepancy Localized Subpath: 22645_PF3 -> 21846 (Seq 1-12) (Confidence: 0.61)']","{'expected_passengers': 139.5, 'reported_passengers': 98.0, 'passenger_difference': 41.5, 'passenger_pct_difference': 29.73, 'expected_revenue_inr': 1720.83, 'reported_revenue_inr': 1222.0, 'revenue_difference_inr': 498.83, 'revenue_pct_difference': 28.99, 'anomaly_score': 0.9837, 'risk_score': 0.5103, 'localization_confidence': 0.6101, 'localized_subpath': '22645_PF3 -> 21846 (Seq 1-12)', 'is_repeated_pattern': False, 'historical_anomaly_rate': 0.0}",1324,10143,22645_PF3 -> 21846 (Seq 1-12),498.83,0.9837,Include Route 1324 Trip 10143 in automated telemetry monitoring queue for subsequent schedules.,SEGMENT_ANOMALY,OPEN,1.0.0
ALT-6F79865DC2C4,2026-08-31T04:21:56.082857+00:00,1324,10144,SUSPICIOUS,0.6881,Localized Segment Discrepancy Alert — Route 1324,Graph analysis localized a concentrated revenue and passenger deficit along 22645_PF3 -> 21173 (Seq 1-37) with 81.7% spatial confidence (estimated impact: ₹468.91).,"['Expected Revenue: ₹754.91 | Reported Revenue: ₹286.00 (Deficit: ₹468.91, 62.1%)', 'Expected Passengers: 61 | Reported Passengers: 22 (Difference: 39, 63.9%)', 'Multi-factor Risk Score: 0.6881 (SUSPICIOUS)', 'Statistical Isolation Anomaly Score: 0.9806', 'Graph Discrepancy Localized Subpath: 22645_PF3 -> 21173 (Seq 1-37) (Confidence: 0.82)']","{'expected_passengers': 61.0, 'reported_passengers': 22.0, 'passenger_difference': 39.0, 'passenger_pct_difference': 63.92, 'expected_revenue_inr': 754.91, 'reported_revenue_inr': 286.0, 'revenue_difference_inr': 468.91, 'revenue_pct_difference': 62.11, 'anomaly_score': 0.9806, 'risk_score': 0.6881, 'localization_confidence': 0.8173, 'localized_subpath': '22645_PF3 -> 21173 (Seq 1-37)', 'is_repeated_pattern': False, 'historical_anomaly_rate': 0.0}",1324,10144,22645_PF3 -> 21173 (Seq 1-37),468.91,0.9806,Audit trip ticketing logs and conductor waypoint reconciliations for Trip 10144 on Route 1324.,SEGMENT_ANOMALY,OPEN,1.0.0
ALT-BC589C3C4BB5,2026-08-31T04:21:56.082919+00:00,1324,10145,SUSPICIOUS,0.7942,Localized Segment Discrepancy Alert — Route 1324,Graph analysis localized a concentrated revenue and passenger deficit along 22645_PF3 -> 21173 (Seq 1-37) with 99.0% spatial confidence (estimated impact: ₹592.91).,"['Expected Revenue: ₹754.91 | Reported Revenue: ₹162.00 (Deficit: ₹592.91, 78.5%)', 'Expected Passengers: 62 | Reported Passengers: 13 (Difference: 49, 79.1%)', 'Multi-factor Risk Score: 0.7942 (SUSPICIOUS)', 'Statistical Isolation Anomaly Score: 0.9852', 'Graph Discrepancy Localized Subpath: 22645_PF3 -> 21173 (Seq 1-37) (Confidence: 0.99)']","{'expected_passengers': 62.3, 'reported_passengers': 13.0, 'passenger_difference': 49.3, 'passenger_pct_difference': 79.13, 'expected_revenue_inr': 754.91, 'reported_revenue_inr': 162.0, 'revenue_difference_inr': 592.91, 'revenue_pct_difference': 78.54, 'anomaly_score': 0.9852, 'risk_score': 0.7942, 'localization_confidence': 0.99, 'localized_subpath': '22645_PF3 -> 21173 (Seq 1-37)', 'is_repeated_pattern': False, 'historical_anomaly_rate': 0.0}",1324,10145,22645_PF3 -> 21173 (Seq 1-37),592.91,0.99,Audit trip ticketing logs and conductor waypoint reconciliations for Trip 10145 on Route 1324.,SEGMENT_ANOMALY,OPEN,1.0.0
ALT-03F6572588ED,2026-08-31T04:21:56.082980+00:00,1324,10146,SUSPICIOUS,0.7991,Localized Segment Discrepancy Alert — Route 1324,Graph analysis localized a concentrated revenue and passenger deficit along 22645_PF3 -> 21173 (Seq 1-37) with 99.0% spatial confidence (estimated impact: ₹586.91).,"['Expected Revenue: ₹754.91 | Reported Revenue: ₹168.00 (Deficit: ₹586.91, 77.7%)', 'Expected Passengers: 60 | Reported Passengers: 11 (Difference: 49, 81.6%)', 'Multi-factor Risk Score: 0.7991 (SUSPICIOUS)', 'Statistical Isolation Anomaly Score: 0.9892', 'Graph Discrepancy Localized Subpath: 22645_PF3 -> 21173 (Seq 1-37) (Confidence: 0.99)']","{'expected_passengers': 59.8, 'reported_passengers': 11.0, 'passenger_difference': 48.8, 'passenger_pct_difference': 81.6, 'expected_revenue_inr': 754.91, 'reported_revenue_inr': 168.0, 'revenue_difference_inr': 586.91, 'revenue_pct_difference': 77.75, 'anomaly_score': 0.9892, 'risk_score': 0.7991, 'localization_confidence': 0.99, 'localized_subpath': '22645_PF3 -> 21173 (Seq 1-37)', 'is_repeated_pattern': False, 'historical_anomaly_rate': 0.0}",1324,10146,22645_PF3 -> 21173 (Seq 1-37),586.91,0.99,Audit trip ticketing logs and conductor waypoint reconciliations for Trip 10146 on Route 1324.,SEGMENT_ANOMALY,OPEN,1.0.0
ALT-065561872F01,2026-08-31T04:21:56.083040+00:00,1324,10147,NORMAL,0.2853,Nominal Operating Status — Route 1324,Trip 10147 operates within nominal baseline parameters (risk score 0.29).,"['Expected Revenue: ₹754.91 | Reported Revenue: ₹711.00 (Deficit: ₹43.91, 5.8%)', 'Expected Passengers: 58 | Reported Passengers: 54 (Difference: 4, 6.3%)', 'Multi-factor Risk Score: 0.2853 (NORMAL)', 'Statistical Isolation Anomaly Score: 0.9581']","{'expected_passengers': 57.7, 'reported_passengers': 54.0, 'passenger_difference': 3.7, 'passenger_pct_difference': 6.33, 'expected_revenue_inr': 754.91, 'reported_revenue_inr': 711.0, 'revenue_difference_inr': 43.91, 'revenue_pct_difference': 5.82, 'anomaly_score': 0.9581, 'risk_score': 0.2853, 'localization_confidence': 0.0, 'localized_subpath': None, 'is_repeated_pattern': False, 'historical_anomaly_rate': 0.0}",1324,10147,,43.91,0.9581,No immediate operational audit required. Telemetry within nominal bounds.,NOMINAL,OPEN,1.0.0
ALT-E3BBF009E0C6,2026-08-31T04:21:56.083097+00:00,1324,10148,NORMAL,0.245,Nominal Operating Status — Route 1324,Trip 10148 operates within nominal baseline parameters (risk score 0.24).,"['Expected Revenue: ₹929.00 | Reported Revenue: ₹929.00 (Deficit: ₹0.00, 0.0%)', 'Expected Passengers: 66 | Reported Passengers: 66 (Difference: 0, 0.0%)', 'Multi-factor Risk Score: 0.2450 (NORMAL)', 'Statistical Isolation Anomaly Score: 0.9799']","{'expected_passengers': 66.0, 'reported_passengers': 66.0, 'passenger_difference': 0.0, 'passenger_pct_difference': 0.0, 'expected_revenue_inr': 929.0, 'reported_revenue_inr': 929.0, 'revenue_difference_inr': 0.0, 'revenue_pct_difference': 0.0, 'anomaly_score': 0.9799, 'risk_score': 0.245, 'localization_confidence': 0.0, 'localized_subpath': None, 'is_repeated_pattern': False, 'historical_anomaly_rate': 0.0}",1324,10148,,0.0,0.9799,No immediate operational audit required. Telemetry within nominal bounds.,NOMINAL,OPEN,1.0.0
ALT-062F72943312,2026-08-31T04:21:56.083158+00:00,1324,10149,NORMAL,0.2406,Nominal Operating Status — Route 1324,Trip 10149 operates within nominal baseline parameters (risk score 0.24).,"['Expected Revenue: ₹831.00 | Reported Revenue: ₹831.00 (Deficit: ₹0.00, 0.0%)', 'Expected Passengers: 66 | Reported Passengers: 66 (Difference: 0, 0.0%)', 'Multi-factor Risk Score: 0.2406 (NORMAL)', 'Statistical Isolation Anomaly Score: 0.9624']","{'expected_passengers': 66.0, 'reported_passengers': 66.0, 'passenger_difference': 0.0, 'passenger_pct_difference': 0.0, 'expected_revenue_inr': 831.0, 'reported_revenue_inr': 831.0, 'revenue_difference_inr': 0.0, 'revenue_pct_difference': 0.0, 'anomaly_score': 0.9624, 'risk_score': 0.2406, 'localization_confidence': 0.0, 'localized_subpath': None, 'is_repeated_pattern': False, 'historical_anomaly_rate': 0.0}",1324,10149,,0.0,0.9624,No immediate operational audit required. Telemetry within nominal bounds.,NOMINAL,OPEN,1.0.0
ALT-811146B11EA1,2026-08-31T04:21:56.083217+00:00,999,1015,MONITOR,0.3365,Operational Review Alert — Route 999,Trip 1015 on Route 999 triggered operational monitoring with composite risk score 0.34.,"['Expected Revenue: ₹736.00 | Reported Revenue: ₹736.00 (Deficit: ₹0.00, 0.0%)', 'Expected Passengers: 70 | Reported Passengers: 70 (Difference: 0, 0.0%)', 'Multi-factor Risk Score: 0.3365 (MONITOR)', 'Statistical Isolation Anomaly Score: 0.9871', 'Graph Discrepancy Localized Subpath: 21172_PF10 -> 21603 (Seq 1-10) (Confidence: 0.60)']","{'expected_passengers': 70.0, 'reported_passengers': 70.0, 'passenger_difference': 0.0, 'passenger_pct_difference': 0.0, 'expected_revenue_inr': 736.0, 'reported_revenue_inr': 736.0, 'revenue_difference_inr': 0.0, 'revenue_pct_difference': 0.0, 'anomaly_score': 0.9871, 'risk_score': 0.3365, 'localization_confidence': 0.598, 'localized_subpath': '21172_PF10 -> 21603 (Seq 1-10)', 'is_repeated_pattern': False, 'historical_anomaly_rate': 0.0}",999,1015,21172_PF10 -> 21603 (Seq 1-10),0.0,0.9871,Include Route 999 Trip 1015 in automated telemetry monitoring queue for subsequent schedules.,COMPOSITE_ANOMALY,OPEN,1.0.0
ALT-EFFBC6F6E62A,2026-08-31T04:21:56.083275+00:00,1324,10150,NORMAL,0.2728,Nominal Operating Status — Route 1324,Trip 10150 operates within nominal baseline parameters (risk score 0.27).,"['Expected Revenue: ₹754.91 | Reported Revenue: ₹725.00 (Deficit: ₹29.91, 4.0%)', 'Expected Passengers: 58 | Reported Passengers: 56 (Difference: 2, 4.3%)', 'Multi-factor Risk Score: 0.2728 (NORMAL)', 'Statistical Isolation Anomaly Score: 0.9565']","{'expected_passengers': 58.5, 'reported_passengers': 56.0, 'passenger_difference': 2.5, 'passenger_pct_difference': 4.25, 'expected_revenue_inr': 754.91, 'reported_revenue_inr': 725.0, 'revenue_difference_inr': 29.91, 'revenue_pct_difference': 3.96, 'anomaly_score': 0.9565, 'risk_score': 0.2728, 'localization_confidence': 0.0, 'localized_subpath': None, 'is_repeated_pattern': False, 'historical_anomaly_rate': 0.0}",1324,10150,,29.91,0.9565,No immediate operational audit required. Telemetry within nominal bounds.,NOMINAL,OPEN,1.0.0
ALT-6710F456F597,2026-08-31T04:21:56.083332+00:00,1324,10151,MONITOR,0.3022,Operational Review Alert — Route 1324,Trip 10151 on Route 1324 triggered operational monitoring with composite risk score 0.30.,"['Expected Revenue: ₹754.91 | Reported Revenue: ₹608.30 (Deficit: ₹146.61, 19.4%)', 'Expected Passengers: 76 | Reported Passengers: 64 (Difference: 12, 16.0%)', 'Multi-factor Risk Score: 0.3022 (MONITOR)', 'Statistical Isolation Anomaly Score: 0.9705']","{'expected_passengers': 76.2, 'reported_passengers': 64.0, 'passenger_difference': 12.2, 'passenger_pct_difference': 16.0, 'expected_revenue_inr': 754.91, 'reported_revenue_inr': 608.3, 'revenue_difference_inr': 146.61, 'revenue_pct_difference': 19.42, 'anomaly_score': 0.9705, 'risk_score': 0.3022, 'localization_confidence': 0.0, 'localized_subpath': None, 'is_repeated_pattern': False, 'historical_anomaly_rate': 0.0}",1324,10151,,146.61,0.9705,Include Route 1324 Trip 10151 in automated telemetry monitoring queue for subsequent schedules.,COMPOSITE_ANOMALY,OPEN,1.0.0
ALT-5B77541FE0DB,2026-08-31T04:21:56.083389+00:00,1324,10152,MONITOR,0.3173,Operational Review Alert — Route 1324,Trip 10152 on Route 1324 triggered operational monitoring with composite risk score 0.32.,"['Expected Revenue: ₹754.91 | Reported Revenue: ₹644.00 (Deficit: ₹110.91, 14.7%)', 'Expected Passengers: 61 | Reported Passengers: 52 (Difference: 9, 15.1%)', 'Multi-factor Risk Score: 0.3173 (MONITOR)', 'Statistical Isolation Anomaly Score: 0.9521']","{'expected_passengers': 61.2, 'reported_passengers': 52.0, 'passenger_difference': 9.2, 'passenger_pct_difference': 15.06, 'expected_revenue_inr': 754.91, 'reported_revenue_inr': 644.0, 'revenue_difference_inr': 110.91, 'revenue_pct_difference': 14.69, 'anomaly_score': 0.9521, 'risk_score': 0.3173, 'localization_confidence': 0.0, 'localized_subpath': None, 'is_repeated_pattern': False, 'historical_anomaly_rate': 0.0}",1324,10152,,110.91,0.9521,Include Route 1324 Trip 10152 in automated telemetry monitoring queue for subsequent schedules.,COMPOSITE_ANOMALY,OPEN,1.0.0
ALT-EEB52B618555,2026-08-31T04:21:56.083448+00:00,1324,10153,MONITOR,0.4207,Passenger & Revenue Discrepancy Alert — Route 1324,"Trip 10153 on Route 1324 recorded 40 passengers (expected 62, -35.0%) and ₹496.00 revenue (expected ₹754.91, -34.3%).","['Expected Revenue: ₹754.91 | Reported Revenue: ₹496.00 (Deficit: ₹258.91, 34.3%)', 'Expected Passengers: 62 | Reported Passengers: 40 (Difference: 22, 35.0%)', 'Multi-factor Risk Score: 0.4207 (MONITOR)', 'Statistical Isolation Anomaly Score: 0.9722']","{'expected_passengers': 61.5, 'reported_passengers': 40.0, 'passenger_difference': 21.5, 'passenger_pct_difference': 34.98, 'expected_revenue_inr': 754.91, 'reported_revenue_inr': 496.0, 'revenue_difference_inr': 258.91, 'revenue_pct_difference': 34.3, 'anomaly_score': 0.9722, 'risk_score': 0.4207, 'localization_confidence': 0.0, 'localized_subpath': None, 'is_repeated_pattern': False, 'historical_anomaly_rate': 0.0}",1324,10153,,258.91,0.9722,Include Route 1324 Trip 10153 in automated telemetry monitoring queue for subsequent schedules.,PASSENGER_UNDERREPORTING,OPEN,1.0.0
ALT-B6C40BA514D9,2026-08-31T04:21:56.083510+00:00,1324,10154,NORMAL,0.2425,Nominal Operating Status — Route 1324,Trip 10154 operates within nominal baseline parameters (risk score 0.24).,"['Expected Revenue: ₹757.00 | Reported Revenue: ₹757.00 (Deficit: ₹0.00, 0.0%)', 'Expected Passengers: 71 | Reported Passengers: 71 (Difference: 0, 0.0%)', 'Multi-factor Risk Score: 0.2425 (NORMAL)', 'Statistical Isolation Anomaly Score: 0.9700']","{'expected_passengers': 71.0, 'reported_passengers': 71.0, 'passenger_difference': 0.0, 'passenger_pct_difference': 0.0, 'expected_revenue_inr': 757.0, 'reported_revenue_inr': 757.0, 'revenue_difference_inr': 0.0, 'revenue_pct_difference': 0.0, 'anomaly_score': 0.97, 'risk_score': 0.2425, 'localization_confidence': 0.0, 'localized_subpath': None, 'is_repeated_pattern': False, 'historical_anomaly_rate': 0.0}",1324,10154,,0.0,0.97,No immediate operational audit required. Telemetry within nominal bounds.,NOMINAL,OPEN,1.0.0
ALT-85A50FF542F2,2026-08-31T04:21:56.083570+00:00,1324,10155,NORMAL,0.2774,Nominal Operating Status — Route 1324,Trip 10155 operates within nominal baseline parameters (risk score 0.28).,"['Expected Revenue: ₹754.91 | Reported Revenue: ₹754.00 (Deficit: ₹0.91, 0.1%)', 'Expected Passengers: 52 | Reported Passengers: 52 (Difference: 0, 0.1%)', 'Multi-factor Risk Score: 0.2774 (NORMAL)', 'Statistical Isolation Anomaly Score: 0.9710']","{'expected_passengers': 52.1, 'reported_passengers': 52.0, 'passenger_difference': 0.1, 'passenger_pct_difference': 0.15, 'expected_revenue_inr': 754.91, 'reported_revenue_inr': 754.0, 'revenue_difference_inr': 0.91, 'revenue_pct_difference': 0.12, 'anomaly_score': 0.971, 'risk_score': 0.2774, 'localization_confidence': 0.0, 'localized_subpath': None, 'is_repeated_pattern': False, 'historical_anomaly_rate': 0.0}",1324,10155,,0.91,0.971,No immediate operational audit required. Telemetry within nominal bounds.,NOMINAL,OPEN,1.0.0
ALT-99E100B3785A,2026-08-31T04:21:56.083631+00:00,1324,10156,MONITOR,0.3414,Operational Review Alert — Route 1324,Trip 10156 on Route 1324 triggered operational monitoring with composite risk score 0.34.,"['Expected Revenue: ₹754.91 | Reported Revenue: ₹611.00 (Deficit: ₹143.91, 19.1%)', 'Expected Passengers: 61 | Reported Passengers: 49 (Difference: 12, 19.6%)', 'Multi-factor Risk Score: 0.3414 (MONITOR)', 'Statistical Isolation Anomaly Score: 0.9564']","{'expected_passengers': 61.0, 'reported_passengers': 49.0, 'passenger_difference': 12.0, 'passenger_pct_difference': 19.62, 'expected_revenue_inr': 754.91, 'reported_revenue_inr': 611.0, 'revenue_difference_inr': 143.91, 'revenue_pct_difference': 19.06, 'anomaly_score': 0.9564, 'risk_score': 0.3414, 'localization_confidence': 0.0, 'localized_subpath': None, 'is_repeated_pattern': False, 'historical_anomaly_rate': 0.0}",1324,10156,,143.91,0.9564,Include Route 1324 Trip 10156 in automated telemetry monitoring queue for subsequent schedules.,COMPOSITE_ANOMALY,OPEN,1.0.0
ALT-80184C81D2A6,2026-08-31T04:21:56.083691+00:00,1324,10157,NORMAL,0.2401,Nominal Operating Status — Route 1324,Trip 10157 operates within nominal baseline parameters (risk score 0.24).,"['Expected Revenue: ₹816.00 | Reported Revenue: ₹816.00 (Deficit: ₹0.00, 0.0%)', 'Expected Passengers: 63 | Reported Passengers: 63 (Difference: 0, 0.0%)', 'Multi-factor Risk Score: 0.2401 (NORMAL)', 'Statistical Isolation Anomaly Score: 0.9605']","{'expected_passengers': 63.0, 'reported_passengers': 63.0, 'passenger_difference': 0.0, 'passenger_pct_difference': 0.0, 'expected_revenue_inr': 816.0, 'reported_revenue_inr': 816.0, 'revenue_difference_inr': 0.0, 'revenue_pct_difference': 0.0, 'anomaly_score': 0.9605, 'risk_score': 0.2401, 'localization_confidence': 0.0, 'localized_subpath': None, 'is_repeated_pattern': False, 'historical_anomaly_rate': 0.0}",1324,10157,,0.0,0.9605,No immediate operational audit required. Telemetry within nominal bounds.,NOMINAL,OPEN,1.0.0
ALT-C78339DE742D,2026-08-31T04:21:56.083751+00:00,1324,10158,MONITOR,0.3951,Passenger & Revenue Discrepancy Alert — Route 1324,"Trip 10158 on Route 1324 recorded 43 passengers (expected 61, -30.0%) and ₹533.00 revenue (expected ₹754.91, -29.4%).","['Expected Revenue: ₹754.91 | Reported Revenue: ₹533.00 (Deficit: ₹221.91, 29.4%)', 'Expected Passengers: 61 | Reported Passengers: 43 (Difference: 18, 30.0%)', 'Multi-factor Risk Score: 0.3951 (MONITOR)', 'Statistical Isolation Anomaly Score: 0.9682']","{'expected_passengers': 61.4, 'reported_passengers': 43.0, 'passenger_difference': 18.4, 'passenger_pct_difference': 30.02, 'expected_revenue_inr': 754.91, 'reported_revenue_inr': 533.0, 'revenue_difference_inr': 221.91, 'revenue_pct_difference': 29.4, 'anomaly_score': 0.9682, 'risk_score': 0.3951, 'localization_confidence': 0.0, 'localized_subpath': None, 'is_repeated_pattern': False, 'historical_anomaly_rate': 0.0}",1324,10158,,221.91,0.9682,Include Route 1324 Trip 10158 in automated telemetry monitoring queue for subsequent schedules.,PASSENGER_UNDERREPORTING,OPEN,1.0.0
ALT-54A1C20BABA3,2026-08-31T04:21:56.083858+00:00,1324,10159,NORMAL,0.2798,Nominal Operating Status — Route 1324,Trip 10159 operates within nominal baseline parameters (risk score 0.28).,"['Expected Revenue: ₹754.91 | Reported Revenue: ₹747.00 (Deficit: ₹7.91, 1.0%)', 'Expected Passengers: 53 | Reported Passengers: 52 (Difference: 1, 1.2%)', 'Multi-factor Risk Score: 0.2798 (NORMAL)', 'Statistical Isolation Anomaly Score: 0.9693']","{'expected_passengers': 52.7, 'reported_passengers': 52.0, 'passenger_difference': 0.7, 'passenger_pct_difference': 1.25, 'expected_revenue_inr': 754.91, 'reported_revenue_inr': 747.0, 'revenue_difference_inr': 7.91, 'revenue_pct_difference': 1.05, 'anomaly_score': 0.9693, 'risk_score': 0.2798, 'localization_confidence': 0.0, 'localized_subpath': None, 'is_repeated_pattern': False, 'historical_anomaly_rate': 0.0}",1324,10159,,7.91,0.9693,No immediate operational audit required. Telemetry within nominal bounds.,NOMINAL,OPEN,1.0.0
ALT-B7D99EE0E0A1,2026-08-31T04:21:56.083929+00:00,999,1016,NORMAL,0.2537,Nominal Operating Status — Route 999,Trip 1016 operates within nominal baseline parameters (risk score 0.25).,"['Expected Revenue: ₹648.01 | Reported Revenue: ₹625.00 (Deficit: ₹23.01, 3.6%)', 'Expected Passengers: 56 | Reported Passengers: 54 (Difference: 2, 3.4%)', 'Multi-factor Risk Score: 0.2537 (NORMAL)', 'Statistical Isolation Anomaly Score: 0.9725']","{'expected_passengers': 55.9, 'reported_passengers': 54.0, 'passenger_difference': 1.9, 'passenger_pct_difference': 3.42, 'expected_revenue_inr': 648.01, 'reported_revenue_inr': 625.0, 'revenue_difference_inr': 23.01, 'revenue_pct_difference': 3.55, 'anomaly_score': 0.9725, 'risk_score': 0.2537, 'localization_confidence': 0.0, 'localized_subpath': None, 'is_repeated_pattern': False, 'historical_anomaly_rate': 0.0}",999,1016,,23.01,0.9725,No immediate operational audit required. Telemetry within nominal bounds.,NOMINAL,OPEN,1.0.0
ALT-14AF76F5CD7A,2026-08-31T04:21:56.083992+00:00,1324,10160,NORMAL,0.2831,Nominal Operating Status — Route 1324,Trip 10160 operates within nominal baseline parameters (risk score 0.28).,"['Expected Revenue: ₹754.91 | Reported Revenue: ₹667.00 (Deficit: ₹87.91, 11.6%)', 'Expected Passengers: 67 | Reported Passengers: 60 (Difference: 7, 10.9%)', 'Multi-factor Risk Score: 0.2831 (NORMAL)', 'Statistical Isolation Anomaly Score: 0.9546']","{'expected_passengers': 67.3, 'reported_passengers': 60.0, 'passenger_difference': 7.3, 'passenger_pct_difference': 10.86, 'expected_revenue_inr': 754.91, 'reported_revenue_inr': 667.0, 'revenue_difference_inr': 87.91, 'revenue_pct_difference': 11.65, 'anomaly_score': 0.9546, 'risk_score': 0.2831, 'localization_confidence': 0.0, 'localized_subpath': None, 'is_repeated_pattern': False, 'historical_anomaly_rate': 0.0}",1324,10160,,87.91,0.9546,No immediate operational audit required. Telemetry within nominal bounds.,NOMINAL,OPEN,1.0.0
ALT-FEBFEAF3685F,2026-08-31T04:21:56.084053+00:00,1324,10161,NORMAL,0.2841,Nominal Operating Status — Route 1324,Trip 10161 operates within nominal baseline parameters (risk score 0.28).,"['Expected Revenue: ₹754.91 | Reported Revenue: ₹665.00 (Deficit: ₹89.91, 11.9%)', 'Expected Passengers: 67 | Reported Passengers: 60 (Difference: 7, 11.1%)', 'Multi-factor Risk Score: 0.2841 (NORMAL)', 'Statistical Isolation Anomaly Score: 0.9552']","{'expected_passengers': 67.5, 'reported_passengers': 60.0, 'passenger_difference': 7.5, 'passenger_pct_difference': 11.08, 'expected_revenue_inr': 754.91, 'reported_revenue_inr': 665.0, 'revenue_difference_inr': 89.91, 'revenue_pct_difference': 11.91, 'anomaly_score': 0.9552, 'risk_score': 0.2841, 'localization_confidence': 0.0, 'localized_subpath': None, 'is_repeated_pattern': False, 'historical_anomaly_rate': 0.0}",1324,10161,,89.91,0.9552,No immediate operational audit required. Telemetry within nominal bounds.,NOMINAL,OPEN,1.0.0
ALT-90A476A1C651,2026-08-31T04:21:56.084119+00:00,1324,10162,NORMAL,0.243,Nominal Operating Status — Route 1324,Trip 10162 operates within nominal baseline parameters (risk score 0.24).,"['Expected Revenue: ₹895.00 | Reported Revenue: ₹895.00 (Deficit: ₹0.00, 0.0%)', 'Expected Passengers: 71 | Reported Passengers: 71 (Difference: 0, 0.0%)', 'Multi-factor Risk Score: 0.2430 (NORMAL)', 'Statistical Isolation Anomaly Score: 0.9720']","{'expected_passengers': 71.0, 'reported_passengers': 71.0, 'passenger_difference': 0.0, 'passenger_pct_difference': 0.0, 'expected_revenue_inr': 895.0, 'reported_revenue_inr': 895.0, 'revenue_difference_inr': 0.0, 'revenue_pct_difference': 0.0, 'anomaly_score': 0.972, 'risk_score': 0.243, 'localization_confidence': 0.0, 'localized_subpath': None, 'is_repeated_pattern': False, 'historical_anomaly_rate': 0.0}",1324,10162,,0.0,0.972,No immediate operational audit required. Telemetry within nominal bounds.,NOMINAL,OPEN,1.0.0
ALT-C2EC6FF60044,2026-08-31T04:21:56.084178+00:00,1324,10163,MONITOR,0.3404,Revenue Deficit Alert — Route 1324,Trip 10163 on Route 1324 reported a revenue deficit of ₹173.91 (-23.0%) relative to expected diurnal baseline.,"['Expected Revenue: ₹754.91 | Reported Revenue: ₹581.00 (Deficit: ₹173.91, 23.0%)', 'Expected Passengers: 67 | Reported Passengers: 53 (Difference: 14, 21.4%)', 'Multi-factor Risk Score: 0.3404 (MONITOR)', 'Statistical Isolation Anomaly Score: 0.9548']","{'expected_passengers': 67.5, 'reported_passengers': 53.0, 'passenger_difference': 14.5, 'passenger_pct_difference': 21.43, 'expected_revenue_inr': 754.91, 'reported_revenue_inr': 581.0, 'revenue_difference_inr': 173.91, 'revenue_pct_difference': 23.04, 'anomaly_score': 0.9548, 'risk_score': 0.3404, 'localization_confidence': 0.0, 'localized_subpath': None, 'is_repeated_pattern': False, 'historical_anomaly_rate': 0.0}",1324,10163,,173.91,0.9548,Include Route 1324 Trip 10163 in automated telemetry monitoring queue for subsequent schedules.,REVENUE_DISCREPANCY,OPEN,1.0.0
ALT-11E36647D477,2026-08-31T04:21:56.084236+00:00,1324,10164,MONITOR,0.3042,Operational Review Alert — Route 1324,Trip 10164 on Route 1324 triggered operational monitoring with composite risk score 0.30.,"['Expected Revenue: ₹754.91 | Reported Revenue: ₹668.00 (Deficit: ₹86.91, 11.5%)', 'Expected Passengers: 60 | Reported Passengers: 53 (Difference: 7, 12.0%)', 'Multi-factor Risk Score: 0.3042 (MONITOR)', 'Statistical Isolation Anomaly Score: 0.9511']","{'expected_passengers': 60.2, 'reported_passengers': 53.0, 'passenger_difference': 7.2, 'passenger_pct_difference': 12.0, 'expected_revenue_inr': 754.91, 'reported_revenue_inr': 668.0, 'revenue_difference_inr': 86.91, 'revenue_pct_difference': 11.51, 'anomaly_score': 0.9511, 'risk_score': 0.3042, 'localization_confidence': 0.0, 'localized_subpath': None, 'is_repeated_pattern': False, 'historical_anomaly_rate': 0.0}",1324,10164,,86.91,0.9511,Include Route 1324 Trip 10164 in automated telemetry monitoring queue for subsequent schedules.,COMPOSITE_ANOMALY,OPEN,1.0.0
ALT-B9BC629F68F1,2026-08-31T04:21:56.084292+00:00,1324,10165,MONITOR,0.3337,Operational Review Alert — Route 1324,Trip 10165 on Route 1324 triggered operational monitoring with composite risk score 0.33.,"['Expected Revenue: ₹754.91 | Reported Revenue: ₹604.00 (Deficit: ₹150.91, 20.0%)', 'Expected Passengers: 65 | Reported Passengers: 52 (Difference: 13, 19.4%)', 'Multi-factor Risk Score: 0.3337 (MONITOR)', 'Statistical Isolation Anomaly Score: 0.9524']","{'expected_passengers': 64.5, 'reported_passengers': 52.0, 'passenger_difference': 12.5, 'passenger_pct_difference': 19.44, 'expected_revenue_inr': 754.91, 'reported_revenue_inr': 604.0, 'revenue_difference_inr': 150.91, 'revenue_pct_difference': 19.99, 'anomaly_score': 0.9524, 'risk_score': 0.3337, 'localization_confidence': 0.0, 'localized_subpath': None, 'is_repeated_pattern': False, 'historical_anomaly_rate': 0.0}",1324,10165,,150.91,0.9524,Include Route 1324 Trip 10165 in automated telemetry monitoring queue for subsequent schedules.,COMPOSITE_ANOMALY,OPEN,1.0.0
ALT-828FEE760318,2026-08-31T04:21:56.084349+00:00,1324,10166,MONITOR,0.3625,Revenue Deficit Alert — Route 1324,Trip 10166 on Route 1324 reported a revenue deficit of ₹168.91 (-22.4%) relative to expected diurnal baseline.,"['Expected Revenue: ₹754.91 | Reported Revenue: ₹586.00 (Deficit: ₹168.91, 22.4%)', 'Expected Passengers: 60 | Reported Passengers: 46 (Difference: 14, 23.4%)', 'Multi-factor Risk Score: 0.3625 (MONITOR)', 'Statistical Isolation Anomaly Score: 0.9621']","{'expected_passengers': 60.0, 'reported_passengers': 46.0, 'passenger_difference': 14.0, 'passenger_pct_difference': 23.39, 'expected_revenue_inr': 754.91, 'reported_revenue_inr': 586.0, 'revenue_difference_inr': 168.91, 'revenue_pct_difference': 22.37, 'anomaly_score': 0.9621, 'risk_score': 0.3625, 'localization_confidence': 0.0, 'localized_subpath': None, 'is_repeated_pattern': False, 'historical_anomaly_rate': 0.0}",1324,10166,,168.91,0.9621,Include Route 1324 Trip 10166 in automated telemetry monitoring queue for subsequent schedules.,REVENUE_DISCREPANCY,OPEN,1.0.0
ALT-4DACFD74071B,2026-08-31T04:21:56.084405+00:00,1324,10167,MONITOR,0.3977,Passenger & Revenue Discrepancy Alert — Route 1324,"Trip 10167 on Route 1324 recorded 43 passengers (expected 62, -30.6%) and ₹527.00 revenue (expected ₹754.91, -30.2%).","['Expected Revenue: ₹754.91 | Reported Revenue: ₹527.00 (Deficit: ₹227.91, 30.2%)', 'Expected Passengers: 62 | Reported Passengers: 43 (Difference: 19, 30.6%)', 'Multi-factor Risk Score: 0.3977 (MONITOR)', 'Statistical Isolation Anomaly Score: 0.9687']","{'expected_passengers': 61.9, 'reported_passengers': 43.0, 'passenger_difference': 18.9, 'passenger_pct_difference': 30.58, 'expected_revenue_inr': 754.91, 'reported_revenue_inr': 527.0, 'revenue_difference_inr': 227.91, 'revenue_pct_difference': 30.19, 'anomaly_score': 0.9687, 'risk_score': 0.3977, 'localization_confidence': 0.0, 'localized_subpath': None, 'is_repeated_pattern': False, 'historical_anomaly_rate': 0.0}",1324,10167,,227.91,0.9687,Include Route 1324 Trip 10167 in automated telemetry monitoring queue for subsequent schedules.,PASSENGER_UNDERREPORTING,OPEN,1.0.0
ALT-2AC0B3251991,2026-08-31T04:21:56.084465+00:00,1324,10168,MONITOR,0.5569,Localized Segment Discrepancy Alert — Route 1324,Graph analysis localized a concentrated revenue and passenger deficit along 22645_PF3 -> 21173 (Seq 1-37) with 66.5% spatial confidence (estimated impact: ₹494.91).,"['Expected Revenue: ₹754.91 | Reported Revenue: ₹260.00 (Deficit: ₹494.91, 65.6%)', 'Expected Passengers: 101 | Reported Passengers: 60 (Difference: 41, 40.7%)', 'Multi-factor Risk Score: 0.5569 (MONITOR)', 'Statistical Isolation Anomaly Score: 0.9897', 'Graph Discrepancy Localized Subpath: 22645_PF3 -> 21173 (Seq 1-37) (Confidence: 0.66)']","{'expected_passengers': 101.1, 'reported_passengers': 60.0, 'passenger_difference': 41.1, 'passenger_pct_difference': 40.68, 'expected_revenue_inr': 754.91, 'reported_revenue_inr': 260.0, 'revenue_difference_inr': 494.91, 'revenue_pct_difference': 65.56, 'anomaly_score': 0.9897, 'risk_score': 0.5569, 'localization_confidence': 0.6647, 'localized_subpath': '22645_PF3 -> 21173 (Seq 1-37)', 'is_repeated_pattern': False, 'historical_anomaly_rate': 0.0}",1324,10168,22645_PF3 -> 21173 (Seq 1-37),494.91,0.9897,Include Route 1324 Trip 10168 in automated telemetry monitoring queue for subsequent schedules.,SEGMENT_ANOMALY,OPEN,1.0.0
ALT-0D37C2F811FA,2026-08-31T04:21:56.084524+00:00,1324,10169,MONITOR,0.4045,Passenger & Revenue Discrepancy Alert — Route 1324,"Trip 10169 on Route 1324 recorded 45 passengers (expected 66, -32.3%) and ₹497.00 revenue (expected ₹754.91, -34.2%).","['Expected Revenue: ₹754.91 | Reported Revenue: ₹497.00 (Deficit: ₹257.91, 34.2%)', 'Expected Passengers: 66 | Reported Passengers: 45 (Difference: 21, 32.3%)', 'Multi-factor Risk Score: 0.4045 (MONITOR)', 'Statistical Isolation Anomaly Score: 0.9728']","{'expected_passengers': 66.4, 'reported_passengers': 45.0, 'passenger_difference': 21.4, 'passenger_pct_difference': 32.27, 'expected_revenue_inr': 754.91, 'reported_revenue_inr': 497.0, 'revenue_difference_inr': 257.91, 'revenue_pct_difference': 34.16, 'anomaly_score': 0.9728, 'risk_score': 0.4045, 'localization_confidence': 0.0, 'localized_subpath': None, 'is_repeated_pattern': False, 'historical_anomaly_rate': 0.0}",1324,10169,,257.91,0.9728,Include Route 1324 Trip 10169 in automated telemetry monitoring queue for subsequent schedules.,PASSENGER_UNDERREPORTING,OPEN,1.0.0
ALT-5725D8684E0B,2026-08-31T04:21:56.084580+00:00,999,1017,NORMAL,0.2647,Nominal Operating Status — Route 999,Trip 1017 operates within nominal baseline parameters (risk score 0.26).,"['Expected Revenue: ₹648.01 | Reported Revenue: ₹607.00 (Deficit: ₹41.01, 6.3%)', 'Expected Passengers: 66 | Reported Passengers: 63 (Difference: 3, 5.1%)', 'Multi-factor Risk Score: 0.2647 (NORMAL)', 'Statistical Isolation Anomaly Score: 0.9831']","{'expected_passengers': 66.4, 'reported_passengers': 63.0, 'passenger_difference': 3.4, 'passenger_pct_difference': 5.13, 'expected_revenue_inr': 648.01, 'reported_revenue_inr': 607.0, 'revenue_difference_inr': 41.01, 'revenue_pct_difference': 6.33, 'anomaly_score': 0.9831, 'risk_score': 0.2647, 'localization_confidence': 0.0, 'localized_subpath': None, 'is_repeated_pattern': False, 'historical_anomaly_rate': 0.0}",999,1017,,41.01,0.9831,No immediate operational audit required. Telemetry within nominal bounds.,NOMINAL,OPEN,1.0.0
ALT-5746B5A5F713,2026-08-31T04:21:56.084639+00:00,1324,10170,NORMAL,0.2995,Nominal Operating Status — Route 1324,Trip 10170 operates within nominal baseline parameters (risk score 0.30).,"['Expected Revenue: ₹754.91 | Reported Revenue: ₹691.00 (Deficit: ₹63.91, 8.5%)', 'Expected Passengers: 57 | Reported Passengers: 52 (Difference: 5, 9.3%)', 'Multi-factor Risk Score: 0.2995 (NORMAL)', 'Statistical Isolation Anomaly Score: 0.9570']","{'expected_passengers': 57.3, 'reported_passengers': 52.0, 'passenger_difference': 5.3, 'passenger_pct_difference': 9.27, 'expected_revenue_inr': 754.91, 'reported_revenue_inr': 691.0, 'revenue_difference_inr': 63.91, 'revenue_pct_difference': 8.47, 'anomaly_score': 0.957, 'risk_score': 0.2995, 'localization_confidence': 0.0, 'localized_subpath': None, 'is_repeated_pattern': False, 'historical_anomaly_rate': 0.0}",1324,10170,,63.91,0.957,No immediate operational audit required. Telemetry within nominal bounds.,NOMINAL,OPEN,1.0.0
ALT-1B9CA58072D5,2026-08-31T04:21:56.084694+00:00,1324,10171,NORMAL,0.2394,Nominal Operating Status — Route 1324,Trip 10171 operates within nominal baseline parameters (risk score 0.24).,"['Expected Revenue: ₹785.00 | Reported Revenue: ₹785.00 (Deficit: ₹0.00, 0.0%)', 'Expected Passengers: 63 | Reported Passengers: 63 (Difference: 0, 0.0%)', 'Multi-factor Risk Score: 0.2394 (NORMAL)', 'Statistical Isolation Anomaly Score: 0.9574']","{'expected_passengers': 63.0, 'reported_passengers': 63.0, 'passenger_difference': 0.0, 'passenger_pct_difference': 0.0, 'expected_revenue_inr': 785.0, 'reported_revenue_inr': 785.0, 'revenue_difference_inr': 0.0, 'revenue_pct_difference': 0.0, 'anomaly_score': 0.9574, 'risk_score': 0.2394, 'localization_confidence': 0.0, 'localized_subpath': None, 'is_repeated_pattern': False, 'historical_anomaly_rate': 0.0}",1324,10171,,0.0,0.9574,No immediate operational audit required. Telemetry within nominal bounds.,NOMINAL,OPEN,1.0.0
ALT-3610AB776DCB,2026-08-31T04:21:56.084748+00:00,1324,10172,NORMAL,0.2441,Nominal Operating Status — Route 1324,Trip 10172 operates within nominal baseline parameters (risk score 0.24).,"['Expected Revenue: ₹885.00 | Reported Revenue: ₹885.00 (Deficit: ₹0.00, 0.0%)', 'Expected Passengers: 74 | Reported Passengers: 74 (Difference: 0, 0.0%)', 'Multi-factor Risk Score: 0.2441 (NORMAL)', 'Statistical Isolation Anomaly Score: 0.9764']","{'expected_passengers': 74.0, 'reported_passengers': 74.0, 'passenger_difference': 0.0, 'passenger_pct_difference': 0.0, 'expected_revenue_inr': 885.0, 'reported_revenue_inr': 885.0, 'revenue_difference_inr': 0.0, 'revenue_pct_difference': 0.0, 'anomaly_score': 0.9764, 'risk_score': 0.2441, 'localization_confidence': 0.0, 'localized_subpath': None, 'is_repeated_pattern': False, 'historical_anomaly_rate': 0.0}",1324,10172,,0.0,0.9764,No immediate operational audit required. Telemetry within nominal bounds.,NOMINAL,OPEN,1.0.0
ALT-1B050AA4C833,2026-08-31T04:21:56.084820+00:00,1324,10173,NORMAL,0.2684,Nominal Operating Status — Route 1324,Trip 10173 operates within nominal baseline parameters (risk score 0.27).,"['Expected Revenue: ₹754.91 | Reported Revenue: ₹702.00 (Deficit: ₹52.91, 7.0%)', 'Expected Passengers: 64 | Reported Passengers: 60 (Difference: 4, 6.8%)', 'Multi-factor Risk Score: 0.2684 (NORMAL)', 'Statistical Isolation Anomaly Score: 0.9526']","{'expected_passengers': 64.4, 'reported_passengers': 60.0, 'passenger_difference': 4.4, 'passenger_pct_difference': 6.83, 'expected_revenue_inr': 754.91, 'reported_revenue_inr': 702.0, 'revenue_difference_inr': 52.91, 'revenue_pct_difference': 7.01, 'anomaly_score': 0.9526, 'risk_score': 0.2684, 'localization_confidence': 0.0, 'localized_subpath': None, 'is_repeated_pattern': False, 'historical_anomaly_rate': 0.0}",1324,10173,,52.91,0.9526,No immediate operational audit required. Telemetry within nominal bounds.,NOMINAL,OPEN,1.0.0
ALT-3692E106E37A,2026-08-31T04:21:56.084887+00:00,1324,10174,MONITOR,0.5477,Localized Segment Discrepancy Alert — Route 1324,Graph analysis localized a concentrated revenue and passenger deficit along 22645_PF3 -> 21173 (Seq 1-37) with 64.5% spatial confidence (estimated impact: ₹494.91).,"['Expected Revenue: ₹754.91 | Reported Revenue: ₹260.00 (Deficit: ₹494.91, 65.6%)', 'Expected Passengers: 103 | Reported Passengers: 62 (Difference: 41, 39.9%)', 'Multi-factor Risk Score: 0.5477 (MONITOR)', 'Statistical Isolation Anomaly Score: 0.9901', 'Graph Discrepancy Localized Subpath: 22645_PF3 -> 21173 (Seq 1-37) (Confidence: 0.65)']","{'expected_passengers': 103.1, 'reported_passengers': 62.0, 'passenger_difference': 41.1, 'passenger_pct_difference': 39.89, 'expected_revenue_inr': 754.91, 'reported_revenue_inr': 260.0, 'revenue_difference_inr': 494.91, 'revenue_pct_difference': 65.56, 'anomaly_score': 0.9901, 'risk_score': 0.5477, 'localization_confidence': 0.6451, 'localized_subpath': '22645_PF3 -> 21173 (Seq 1-37)', 'is_repeated_pattern': False, 'historical_anomaly_rate': 0.0}",1324,10174,22645_PF3 -> 21173 (Seq 1-37),494.91,0.9901,Include Route 1324 Trip 10174 in automated telemetry monitoring queue for subsequent schedules.,SEGMENT_ANOMALY,OPEN,1.0.0
ALT-D03EAA7D0FA9,2026-08-31T04:21:56.084951+00:00,1324,10175,MONITOR,0.5674,Localized Segment Discrepancy Alert — Route 1324,Graph analysis localized a concentrated revenue and passenger deficit along 22645_PF3 -> 21173 (Seq 1-37) with 70.0% spatial confidence (estimated impact: ₹499.91).,"['Expected Revenue: ₹754.91 | Reported Revenue: ₹255.00 (Deficit: ₹499.91, 66.2%)', 'Expected Passengers: 101 | Reported Passengers: 59 (Difference: 42, 41.3%)', 'Multi-factor Risk Score: 0.5674 (MONITOR)', 'Statistical Isolation Anomaly Score: 0.9897', 'Graph Discrepancy Localized Subpath: 22645_PF3 -> 21173 (Seq 1-37) (Confidence: 0.70)']","{'expected_passengers': 100.6, 'reported_passengers': 59.0, 'passenger_difference': 41.6, 'passenger_pct_difference': 41.33, 'expected_revenue_inr': 754.91, 'reported_revenue_inr': 255.0, 'revenue_difference_inr': 499.91, 'revenue_pct_difference': 66.22, 'anomaly_score': 0.9897, 'risk_score': 0.5674, 'localization_confidence': 0.7001, 'localized_subpath': '22645_PF3 -> 21173 (Seq 1-37)', 'is_repeated_pattern': False, 'historical_anomaly_rate': 0.0}",1324,10175,22645_PF3 -> 21173 (Seq 1-37),499.91,0.9897,Include Route 1324 Trip 10175 in automated telemetry monitoring queue for subsequent schedules.,SEGMENT_ANOMALY,OPEN,1.0.0
ALT-C1EF6C5AB731,2026-08-31T04:21:56.085025+00:00,1324,10176,MONITOR,0.3104,Operational Review Alert — Route 1324,Trip 10176 on Route 1324 triggered operational monitoring with composite risk score 0.31.,"['Expected Revenue: ₹754.91 | Reported Revenue: ₹672.00 (Deficit: ₹82.91, 11.0%)', 'Expected Passengers: 58 | Reported Passengers: 51 (Difference: 7, 11.9%)', 'Multi-factor Risk Score: 0.3104 (MONITOR)', 'Statistical Isolation Anomaly Score: 0.9572']","{'expected_passengers': 57.9, 'reported_passengers': 51.0, 'passenger_difference': 6.9, 'passenger_pct_difference': 11.9, 'expected_revenue_inr': 754.91, 'reported_revenue_inr': 672.0, 'revenue_difference_inr': 82.91, 'revenue_pct_difference': 10.98, 'anomaly_score': 0.9572, 'risk_score': 0.3104, 'localization_confidence': 0.0, 'localized_subpath': None, 'is_repeated_pattern': False, 'historical_anomaly_rate': 0.0}",1324,10176,,82.91,0.9572,Include Route 1324 Trip 10176 in automated telemetry monitoring queue for subsequent schedules.,COMPOSITE_ANOMALY,OPEN,1.0.0
ALT-6DDD35261D28,2026-08-31T04:21:56.085088+00:00,1324,10177,MONITOR,0.3297,Operational Review Alert — Route 1324,Trip 10177 on Route 1324 triggered operational monitoring with composite risk score 0.33.,"['Expected Revenue: ₹754.91 | Reported Revenue: ₹606.00 (Deficit: ₹148.91, 19.7%)', 'Expected Passengers: 65 | Reported Passengers: 53 (Difference: 12, 18.9%)', 'Multi-factor Risk Score: 0.3297 (MONITOR)', 'Statistical Isolation Anomaly Score: 0.9526']","{'expected_passengers': 65.4, 'reported_passengers': 53.0, 'passenger_difference': 12.4, 'passenger_pct_difference': 18.93, 'expected_revenue_inr': 754.91, 'reported_revenue_inr': 606.0, 'revenue_difference_inr': 148.91, 'revenue_pct_difference': 19.73, 'anomaly_score': 0.9526, 'risk_score': 0.3297, 'localization_confidence': 0.0, 'localized_subpath': None, 'is_repeated_pattern': False, 'historical_anomaly_rate': 0.0}",1324,10177,,148.91,0.9526,Include Route 1324 Trip 10177 in automated telemetry monitoring queue for subsequent schedules.,COMPOSITE_ANOMALY,OPEN,1.0.0
