segment_id,route_id,trip_id,date,from_stop,to_stop,stop_sequence,distance_km,boardings,alightings,passenger_load,segment_revenue_inr,synthetic_flag
991_1_1_20921_PF5_20603,991,1,2026-08-29,20921_PF5,20603,1,0.481,3,0,3,4.97,True
991_1_2_20603_35303,991,1,2026-08-29,20603,35303,2,0.761,2,0,5,7.47,True
991_1_3_35303_20702,991,1,2026-08-29,35303,20702,3,0.334,0,0,5,7.47,True
991_1_4_20702_20990,991,1,2026-08-29,20702,20990,4,0.823,4,1,8,12.89,True
991_1_5_20990_20751,991,1,2026-08-29,20990,20751,5,0.494,1,0,9,14.32,True
991_1_6_20751_20810,991,1,2026-08-29,20751,20810,6,0.371,1,1,9,13.24,True
991_1_7_20810_21007,991,1,2026-08-29,20810,21007,7,0.587,0,0,9,13.24,True
991_1_8_21007_21049,991,1,2026-08-29,21007,21049,8,0.758,0,1,8,11.82,True
991_1_9_21049_21027,991,1,2026-08-29,21049,21027,9,0.337,0,1,7,9.94,True
991_1_10_21027_21164,991,1,2026-08-29,21027,21164,10,0.47,2,1,8,10.77,True
991_1_11_21164_33636,991,1,2026-08-29,21164,33636,11,0.664,0,1,7,10.77,True
991_1_12_33636_32209,991,1,2026-08-29,33636,32209,12,0.573,0,4,3,3.1,True
991_10_1_20921_PF5_20603,991,10,2026-08-29,20921_PF5,20603,1,0.481,6,0,6,9.64,True
991_10_2_20603_35303,991,10,2026-08-29,20603,35303,2,0.761,5,0,11,18.11,True
991_10_3_35303_20702,991,10,2026-08-29,35303,20702,3,0.334,5,0,16,27.08,True
991_10_4_20702_20990,991,10,2026-08-29,20702,20990,4,0.823,2,0,18,31.24,True
991_10_5_20990_20751,991,10,2026-08-29,20990,20751,5,0.494,2,0,20,34.78,True
991_10_6_20751_20810,991,10,2026-08-29,20751,20810,6,0.371,4,0,24,42.05,True
991_10_7_20810_21007,991,10,2026-08-29,20810,21007,7,0.587,3,5,22,36.71,True
991_10_8_21007_21049,991,10,2026-08-29,21007,21049,8,0.758,3,3,22,36.21,True
991_10_9_21049_21027,991,10,2026-08-29,21049,21027,9,0.337,4,1,25,41.21,True
991_10_10_21027_21164,991,10,2026-08-29,21027,21164,10,0.47,2,3,24,39.78,True
991_10_11_21164_33636,991,10,2026-08-29,21164,33636,11,0.664,2,7,19,36.41,True
991_10_12_33636_32209,991,10,2026-08-29,33636,32209,12,0.573,1,6,14,30.77,True
991_100_1_24379_33635,991,100,2026-08-29,24379,33635,1,0.598,2,0,2,1.67,True
991_100_2_33635_21165,991,100,2026-08-29,33635,21165,2,0.651,0,0,2,1.67,True
991_100_3_21165_21028,991,100,2026-08-29,21165,21028,3,0.496,1,0,3,1.67,True
991_100_4_21028_21051,991,100,2026-08-29,21028,21051,4,0.623,0,0,3,1.67,True
991_100_5_21051_21008,991,100,2026-08-29,21051,21008,5,0.54,1,0,4,3.33,True
991_100_6_21008_20811,991,100,2026-08-29,21008,20811,6,0.453,0,1,3,3.33,True
991_100_7_20811_20752,991,100,2026-08-29,20811,20752,7,0.414,2,1,4,5.83,True
991_100_8_20752_20991,991,100,2026-08-29,20752,20991,8,0.487,0,1,3,4.17,True
991_100_9_20991_20971,991,100,2026-08-29,20991,20971,9,0.637,0,0,3,4.17,True
991_100_10_20971_20703,991,100,2026-08-29,20971,20703,10,0.535,1,2,2,7.5,True
991_100_11_20703_20921_PF5,991,100,2026-08-29,20703,20921_PF5,11,1.334,0,2,0,0.0,True
998_1000_1_20940_21231,998,1000,2026-08-29,20940,21231,1,0.583,16,0,16,36.0,True
998_1000_2_21231_20726,998,1000,2026-08-29,21231,20726,2,0.729,10,0,26,62.33,True
998_1000_3_20726_22317,998,1000,2026-08-29,20726,22317,3,0.948,10,2,34,75.67,True
998_1000_4_22317_22286,998,1000,2026-08-29,22317,22286,4,0.398,5,9,30,64.0,True
998_1000_5_22286_21572,998,1000,2026-08-29,22286,21572,5,0.41,3,7,26,53.17,True
998_1000_6_21572_21173,998,1000,2026-08-29,21572,21173,6,0.62,8,9,25,73.83,True
1324_10000_1_21172_22068,1324,10000,2026-08-29,21172,22068,1,0.638,3,0,3,4.21,True
1324_10000_2_22068_21869,1324,10000,2026-08-29,22068,21869,2,0.53,8,0,11,13.3,True
1324_10000_3_21869_22585,1324,10000,2026-08-29,21869,22585,3,0.552,3,0,14,17.17,True
1324_10000_4_22585_21704,1324,10000,2026-08-29,22585,21704,4,0.914,4,0,18,20.58,True
1324_10000_5_21704_21859,1324,10000,2026-08-29,21704,21859,5,0.552,6,0,24,29.21,True
1324_10000_6_21859_21912,1324,10000,2026-08-29,21859,21912,6,0.968,8,1,31,35.19,True
1324_10000_7_21912_21801,1324,10000,2026-08-29,21912,21801,7,0.396,3,1,33,37.87,True
1324_10000_8_21801_22378,1324,10000,2026-08-29,21801,22378,8,0.267,3,0,36,39.0,True
1324_10000_9_22378_22318,1324,10000,2026-08-29,22378,22318,9,0.3,6,2,40,43.89,True
1324_10000_10_22318_22401,1324,10000,2026-08-29,22318,22401,10,0.297,9,1,48,51.6,True
1324_10000_11_22401_22596,1324,10000,2026-08-29,22401,22596,11,0.311,4,2,50,53.76,True
1324_10000_12_22596_22135,1324,10000,2026-08-29,22596,22135,12,0.588,2,1,51,55.29,True
1324_10000_13_22135_22172,1324,10000,2026-08-29,22135,22172,13,0.614,0,1,50,53.62,True
1324_10000_14_22172_21656,1324,10000,2026-08-29,22172,21656,14,0.492,3,6,47,44.3,True
1324_10000_15_21656_21976,1324,10000,2026-08-29,21656,21976,15,0.277,2,4,45,41.46,True
1324_10000_16_21976_21966,1324,10000,2026-08-29,21976,21966,16,0.205,5,2,48,42.72,True
1324_10000_17_21966_22326,1324,10000,2026-08-29,21966,22326,17,0.349,2,2,48,42.48,True
1324_10000_18_22326_35837,1324,10000,2026-08-29,22326,35837,18,0.313,4,5,47,40.74,True
1324_10000_19_35837_22383,1324,10000,2026-08-29,35837,22383,19,0.227,5,3,49,44.71,True
1324_10000_20_22383_22600,1324,10000,2026-08-29,22383,22600,20,0.504,4,2,51,47.43,True
1324_10000_21_22600_22461,1324,10000,2026-08-29,22600,22461,21,0.236,2,4,49,43.78,True
1324_10000_22_22461_21667,1324,10000,2026-08-29,22461,21667,22,0.654,5,5,49,45.67,True
1324_10000_23_21667_22540,1324,10000,2026-08-29,21667,22540,23,0.414,4,5,48,49.18,True
1324_10000_24_22540_21777,1324,10000,2026-08-29,22540,21777,24,0.61,4,6,46,47.98,True
1324_10000_25_21777_22125,1324,10000,2026-08-29,21777,22125,25,0.738,1,3,44,46.25,True
1324_10000_26_22125_22429,1324,10000,2026-08-29,22125,22429,26,0.372,1,3,42,43.49,True
1324_10000_27_22429_22187,1324,10000,2026-08-29,22429,22187,27,0.262,6,3,45,51.97,True
1324_10000_28_22187_22366,1324,10000,2026-08-29,22187,22366,28,0.675,2,3,44,52.22,True
1324_10000_29_22366_21847,1324,10000,2026-08-29,22366,21847,29,0.53,2,5,41,51.41,True
1324_10000_30_21847_22556,1324,10000,2026-08-29,21847,22556,30,0.429,3,5,39,47.5,True
1324_10000_31_22556_27778,1324,10000,2026-08-29,22556,27778,31,0.814,3,7,35,45.37,True
1324_10000_32_27778_38787,1324,10000,2026-08-29,27778,38787,32,0.159,6,5,36,45.49,True
1324_10000_33_38787_21739,1324,10000,2026-08-29,38787,21739,33,0.453,1,5,32,41.33,True
1324_10000_34_21739_22088,1324,10000,2026-08-29,21739,22088,34,0.636,4,5,31,43.17,True
1324_10000_35_22088_22514,1324,10000,2026-08-29,22088,22514,35,0.618,0,4,27,36.86,True
1324_10000_36_22514_22182,1324,10000,2026-08-29,22514,22182,36,0.794,2,5,24,33.06,True
1324_10000_37_22182_22458,1324,10000,2026-08-29,22182,22458,37,0.626,3,2,25,37.06,True
1324_10000_38_22458_22267,1324,10000,2026-08-29,22458,22267,38,0.456,0,4,21,32.14,True
1324_10000_39_22267_22185,1324,10000,2026-08-29,22267,22185,39,0.576,1,3,19,27.14,True
1324_10000_40_22185_22645_PF3,1324,10000,2026-08-29,22185,22645_PF3,40,0.745,3,6,16,31.32,True
1324_10000_41_22645_PF3_22645_PF3,1324,10000,2026-08-29,22645_PF3,22645_PF3,41,0.0,0,16,0,13.04,True
1324_10001_1_21172_22068,1324,10001,2026-08-29,21172,22068,1,0.638,5,0,5,4.99,True
1324_10001_2_22068_21869,1324,10001,2026-08-29,22068,21869,2,0.53,7,0,12,12.86,True
1324_10001_3_21869_22585,1324,10001,2026-08-29,21869,22585,3,0.552,8,0,20,23.76,True
1324_10001_4_22585_21704,1324,10001,2026-08-29,22585,21704,4,0.914,4,0,24,29.5,True
1324_10001_5_21704_21859,1324,10001,2026-08-29,21704,21859,5,0.552,4,2,26,30.74,True
1324_10001_6_21859_21912,1324,10001,2026-08-29,21859,21912,6,0.968,3,0,29,34.73,True
1324_10001_7_21912_21801,1324,10001,2026-08-29,21912,21801,7,0.396,4,1,32,38.45,True
1324_10001_8_21801_22378,1324,10001,2026-08-29,21801,22378,8,0.267,5,1,36,41.15,True
1324_10001_9_22378_22318,1324,10001,2026-08-29,22378,22318,9,0.3,3,2,37,41.84,True
1324_10001_10_22318_22401,1324,10001,2026-08-29,22318,22401,10,0.297,3,1,39,44.29,True
1324_10001_11_22401_22596,1324,10001,2026-08-29,22401,22596,11,0.311,7,2,44,48.53,True
1324_10001_12_22596_22135,1324,10001,2026-08-29,22596,22135,12,0.588,1,3,42,46.66,True
1324_10001_13_22135_22172,1324,10001,2026-08-29,22135,22172,13,0.614,3,4,41,44.64,True
1324_10001_14_22172_21656,1324,10001,2026-08-29,22172,21656,14,0.492,5,1,45,47.53,True
1324_10001_15_21656_21976,1324,10001,2026-08-29,21656,21976,15,0.277,2,4,43,45.13,True
1324_10001_16_21976_21966,1324,10001,2026-08-29,21976,21966,16,0.205,1,1,43,44.93,True
1324_10001_17_21966_22326,1324,10001,2026-08-29,21966,22326,17,0.349,2,4,41,41.58,True
1324_10001_18_22326_35837,1324,10001,2026-08-29,22326,35837,18,0.313,6,4,43,45.37,True
1324_10001_19_35837_22383,1324,10001,2026-08-29,35837,22383,19,0.227,0,5,38,39.25,True
1324_10001_20_22383_22600,1324,10001,2026-08-29,22383,22600,20,0.504,2,3,37,40.04,True
1324_10001_21_22600_22461,1324,10001,2026-08-29,22600,22461,21,0.236,1,7,31,33.4,True
1324_10001_22_22461_21667,1324,10001,2026-08-29,22461,21667,22,0.654,2,5,28,29.0,True
1324_10001_23_21667_22540,1324,10001,2026-08-29,21667,22540,23,0.414,4,4,28,36.07,True
1324_10001_24_22540_21777,1324,10001,2026-08-29,22540,21777,24,0.61,2,5,25,27.42,True
1324_10001_25_21777_22125,1324,10001,2026-08-29,21777,22125,25,0.738,4,3,26,28.29,True
1324_10001_26_22125_22429,1324,10001,2026-08-29,22125,22429,26,0.372,4,3,27,29.45,True
1324_10001_27_22429_22187,1324,10001,2026-08-29,22429,22187,27,0.262,5,2,30,34.38,True
1324_10001_28_22187_22366,1324,10001,2026-08-29,22187,22366,28,0.675,0,3,27,30.28,True
1324_10001_29_22366_21847,1324,10001,2026-08-29,22366,21847,29,0.53,5,0,32,37.9,True
1324_10001_30_21847_22556,1324,10001,2026-08-29,21847,22556,30,0.429,3,1,34,41.61,True
1324_10001_31_22556_27778,1324,10001,2026-08-29,22556,27778,31,0.814,1,2,33,41.85,True
1324_10001_32_27778_38787,1324,10001,2026-08-29,27778,38787,32,0.159,4,5,32,41.93,True
1324_10001_33_38787_21739,1324,10001,2026-08-29,38787,21739,33,0.453,4,4,32,43.39,True
1324_10001_34_21739_22088,1324,10001,2026-08-29,21739,22088,34,0.636,1,3,30,41.67,True
1324_10001_35_22088_22514,1324,10001,2026-08-29,22088,22514,35,0.618,5,3,32,47.19,True
1324_10001_36_22514_22182,1324,10001,2026-08-29,22514,22182,36,0.794,2,3,31,49.37,True
1324_10001_37_22182_22458,1324,10001,2026-08-29,22182,22458,37,0.626,2,4,29,48.08,True
1324_10001_38_22458_22267,1324,10001,2026-08-29,22458,22267,38,0.456,5,2,32,52.83,True
1324_10001_39_22267_22185,1324,10001,2026-08-29,22267,22185,39,0.576,0,6,26,44.29,True
1324_10001_40_22185_22645_PF3,1324,10001,2026-08-29,22185,22645_PF3,40,0.745,0,8,18,27.94,True
1324_10001_41_22645_PF3_22645_PF3,1324,10001,2026-08-29,22645_PF3,22645_PF3,41,0.0,0,18,0,12.73,True
1324_10002_1_21172_22068,1324,10002,2026-08-29,21172,22068,1,0.638,5,0,5,5.57,True
1324_10002_2_22068_21869,1324,10002,2026-08-29,22068,21869,2,0.53,4,0,9,9.67,True
1324_10002_3_21869_22585,1324,10002,2026-08-29,21869,22585,3,0.552,6,0,15,14.5,True
1324_10002_4_22585_21704,1324,10002,2026-08-29,22585,21704,4,0.914,3,0,18,19.26,True
1324_10002_5_21704_21859,1324,10002,2026-08-29,21704,21859,5,0.552,4,0,22,24.42,True
1324_10002_6_21859_21912,1324,10002,2026-08-29,21859,21912,6,0.968,3,0,25,29.15,True
1324_10002_7_21912_21801,1324,10002,2026-08-29,21912,21801,7,0.396,2,1,26,30.58,True
1324_10002_8_21801_22378,1324,10002,2026-08-29,21801,22378,8,0.267,7,1,32,36.27,True
1324_10002_9_22378_22318,1324,10002,2026-08-29,22378,22318,9,0.3,5,2,35,37.4,True
1324_10002_10_22318_22401,1324,10002,2026-08-29,22318,22401,10,0.297,3,3,35,35.34,True
1324_10002_11_22401_22596,1324,10002,2026-08-29,22401,22596,11,0.311,4,4,35,35.33,True
1324_10002_12_22596_22135,1324,10002,2026-08-29,22596,22135,12,0.588,4,0,39,39.39,True
1324_10002_13_22135_22172,1324,10002,2026-08-29,22135,22172,13,0.614,5,2,42,42.34,True
1324_10002_14_22172_21656,1324,10002,2026-08-29,22172,21656,14,0.492,7,1,48,46.54,True
1324_10002_15_21656_21976,1324,10002,2026-08-29,21656,21976,15,0.277,7,4,51,49.65,True
1324_10002_16_21976_21966,1324,10002,2026-08-29,21976,21966,16,0.205,3,2,52,50.17,True
1324_10002_17_21966_22326,1324,10002,2026-08-29,21966,22326,17,0.349,2,2,52,49.21,True
1324_10002_18_22326_35837,1324,10002,2026-08-29,22326,35837,18,0.313,3,2,53,49.79,True
1324_10002_19_35837_22383,1324,10002,2026-08-29,35837,22383,19,0.227,3,3,53,47.1,True
1324_10002_20_22383_22600,1324,10002,2026-08-29,22383,22600,20,0.504,3,7,49,46.35,True
1324_10002_21_22600_22461,1324,10002,2026-08-29,22600,22461,21,0.236,4,1,52,51.21,True
1324_10002_22_22461_21667,1324,10002,2026-08-29,22461,21667,22,0.654,3,6,49,49.38,True
1324_10002_23_21667_22540,1324,10002,2026-08-29,21667,22540,23,0.414,2,6,45,45.88,True
1324_10002_24_22540_21777,1324,10002,2026-08-29,22540,21777,24,0.61,2,2,45,49.38,True
1324_10002_25_21777_22125,1324,10002,2026-08-29,21777,22125,25,0.738,2,1,46,50.76,True
1324_10002_26_22125_22429,1324,10002,2026-08-29,22125,22429,26,0.372,1,4,43,44.86,True
1324_10002_27_22429_22187,1324,10002,2026-08-29,22429,22187,27,0.262,1,1,43,45.34,True
1324_10002_28_22187_22366,1324,10002,2026-08-29,22187,22366,28,0.675,4,4,43,45.22,True
1324_10002_29_22366_21847,1324,10002,2026-08-29,22366,21847,29,0.53,2,6,39,40.52,True
1324_10002_30_21847_22556,1324,10002,2026-08-29,21847,22556,30,0.429,2,4,37,40.21,True
1324_10002_31_22556_27778,1324,10002,2026-08-29,22556,27778,31,0.814,3,4,36,40.54,True
1324_10002_32_27778_38787,1324,10002,2026-08-29,27778,38787,32,0.159,4,9,31,37.9,True
1324_10002_33_38787_21739,1324,10002,2026-08-29,38787,21739,33,0.453,1,2,30,37.28,True
1324_10002_34_21739_22088,1324,10002,2026-08-29,21739,22088,34,0.636,4,4,30,41.45,True
1324_10002_35_22088_22514,1324,10002,2026-08-29,22088,22514,35,0.618,4,3,31,49.59,True
1324_10002_36_22514_22182,1324,10002,2026-08-29,22514,22182,36,0.794,2,6,27,46.5,True
1324_10002_37_22182_22458,1324,10002,2026-08-29,22182,22458,37,0.626,2,6,23,41.3,True
1324_10002_38_22458_22267,1324,10002,2026-08-29,22458,22267,38,0.456,0,3,20,35.35,True
1324_10002_39_22267_22185,1324,10002,2026-08-29,22267,22185,39,0.576,4,2,22,39.92,True
1324_10002_40_22185_22645_PF3,1324,10002,2026-08-29,22185,22645_PF3,40,0.745,1,10,13,24.47,True
1324_10002_41_22645_PF3_22645_PF3,1324,10002,2026-08-29,22645_PF3,22645_PF3,41,0.0,0,13,0,12.92,True
1324_10003_1_21172_22068,1324,10003,2026-08-29,21172,22068,1,0.638,6,0,6,9.77,True
1324_10003_2_22068_21869,1324,10003,2026-08-29,22068,21869,2,0.53,10,0,16,23.71,True
1324_10003_3_21869_22585,1324,10003,2026-08-29,21869,22585,3,0.552,5,1,20,28.54,True
1324_10003_4_22585_21704,1324,10003,2026-08-29,22585,21704,4,0.914,3,1,22,30.37,True
1324_10003_5_21704_21859,1324,10003,2026-08-29,21704,21859,5,0.552,3,1,24,32.28,True
1324_10003_6_21859_21912,1324,10003,2026-08-29,21859,21912,6,0.968,3,1,26,33.66,True
1324_10003_7_21912_21801,1324,10003,2026-08-29,21912,21801,7,0.396,0,1,25,31.16,True
1324_10003_8_21801_22378,1324,10003,2026-08-29,21801,22378,8,0.267,4,1,28,32.29,True
1324_10003_9_22378_22318,1324,10003,2026-08-29,22378,22318,9,0.3,6,4,30,31.81,True
1324_10003_10_22318_22401,1324,10003,2026-08-29,22318,22401,10,0.297,6,0,36,37.11,True
1324_10003_11_22401_22596,1324,10003,2026-08-29,22401,22596,11,0.311,1,2,35,37.11,True
1324_10003_12_22596_22135,1324,10003,2026-08-29,22596,22135,12,0.588,5,3,37,37.91,True
1324_10003_13_22135_22172,1324,10003,2026-08-29,22135,22172,13,0.614,2,0,39,39.06,True
1324_10003_14_22172_21656,1324,10003,2026-08-29,22172,21656,14,0.492,8,2,45,43.03,True
1324_10003_15_21656_21976,1324,10003,2026-08-29,21656,21976,15,0.277,2,2,45,41.95,True
1324_10003_16_21976_21966,1324,10003,2026-08-29,21976,21966,16,0.205,5,3,47,41.47,True
1324_10003_17_21966_22326,1324,10003,2026-08-29,21966,22326,17,0.349,3,3,47,39.71,True
1324_10003_18_22326_35837,1324,10003,2026-08-29,22326,35837,18,0.313,5,4,48,42.13,True
1324_10003_19_35837_22383,1324,10003,2026-08-29,35837,22383,19,0.227,3,4,47,42.85,True
1324_10003_20_22383_22600,1324,10003,2026-08-29,22383,22600,20,0.504,5,2,50,45.56,True
1324_10003_21_22600_22461,1324,10003,2026-08-29,22600,22461,21,0.236,2,2,50,45.81,True
1324_10003_22_22461_21667,1324,10003,2026-08-29,22461,21667,22,0.654,6,2,54,52.31,True
1324_10003_23_21667_22540,1324,10003,2026-08-29,21667,22540,23,0.414,3,3,54,53.74,True
1324_10003_24_22540_21777,1324,10003,2026-08-29,22540,21777,24,0.61,4,6,52,49.75,True
1324_10003_25_21777_22125,1324,10003,2026-08-29,21777,22125,25,0.738,5,2,55,57.35,True
1324_10003_26_22125_22429,1324,10003,2026-08-29,22125,22429,26,0.372,9,3,61,68.27,True
1324_10003_27_22429_22187,1324,10003,2026-08-29,22429,22187,27,0.262,1,5,57,63.28,True
1324_10003_28_22187_22366,1324,10003,2026-08-29,22187,22366,28,0.675,1,7,51,56.59,True
1324_10003_29_22366_21847,1324,10003,2026-08-29,22366,21847,29,0.53,1,2,50,55.22,True
1324_10003_30_21847_22556,1324,10003,2026-08-29,21847,22556,30,0.429,1,5,46,51.59,True
1324_10003_31_22556_27778,1324,10003,2026-08-29,22556,27778,31,0.814,3,5,44,51.47,True
1324_10003_32_27778_38787,1324,10003,2026-08-29,27778,38787,32,0.159,6,7,43,51.69,True
1324_10003_33_38787_21739,1324,10003,2026-08-29,38787,21739,33,0.453,4,2,45,58.43,True
1324_10003_34_21739_22088,1324,10003,2026-08-29,21739,22088,34,0.636,1,6,40,51.37,True
1324_10003_35_22088_22514,1324,10003,2026-08-29,22088,22514,35,0.618,2,4,38,49.96,True
1324_10003_36_22514_22182,1324,10003,2026-08-29,22514,22182,36,0.794,2,5,35,45.98,True
1324_10003_37_22182_22458,1324,10003,2026-08-29,22182,22458,37,0.626,2,5,32,42.47,True
1324_10003_38_22458_22267,1324,10003,2026-08-29,22458,22267,38,0.456,0,8,24,33.43,True
1324_10003_39_22267_22185,1324,10003,2026-08-29,22267,22185,39,0.576,1,7,18,27.42,True
1324_10003_40_22185_22645_PF3,1324,10003,2026-08-29,22185,22645_PF3,40,0.745,0,4,14,19.73,True
1324_10003_41_22645_PF3_22645_PF3,1324,10003,2026-08-29,22645_PF3,22645_PF3,41,0.0,0,14,0,7.68,True
1324_10004_1_21172_22068,1324,10004,2026-08-29,21172,22068,1,0.638,6,0,6,7.28,True
1324_10004_2_22068_21869,1324,10004,2026-08-29,22068,21869,2,0.53,4,0,10,12.61,True
1324_10004_3_21869_22585,1324,10004,2026-08-29,21869,22585,3,0.552,5,0,15,22.94,True
1324_10004_4_22585_21704,1324,10004,2026-08-29,22585,21704,4,0.914,9,0,24,33.54,True
1324_10004_5_21704_21859,1324,10004,2026-08-29,21704,21859,5,0.552,6,0,30,39.78,True
1324_10004_6_21859_21912,1324,10004,2026-08-29,21859,21912,6,0.968,10,2,38,45.94,True
1324_10004_7_21912_21801,1324,10004,2026-08-29,21912,21801,7,0.396,4,1,41,47.52,True
1324_10004_8_21801_22378,1324,10004,2026-08-29,21801,22378,8,0.267,4,1,44,48.73,True
1324_10004_9_22378_22318,1324,10004,2026-08-29,22378,22318,9,0.3,4,0,48,52.42,True
1324_10004_10_22318_22401,1324,10004,2026-08-29,22318,22401,10,0.297,2,1,49,53.22,True
1324_10004_11_22401_22596,1324,10004,2026-08-29,22401,22596,11,0.311,3,1,51,54.51,True
1324_10004_12_22596_22135,1324,10004,2026-08-29,22596,22135,12,0.588,4,2,53,56.06,True
1324_10004_13_22135_22172,1324,10004,2026-08-29,22135,22172,13,0.614,1,4,50,50.04,True
1324_10004_14_22172_21656,1324,10004,2026-08-29,22172,21656,14,0.492,7,2,55,52.95,True
1324_10004_15_21656_21976,1324,10004,2026-08-29,21656,21976,15,0.277,2,5,52,47.56,True
1324_10004_16_21976_21966,1324,10004,2026-08-29,21976,21966,16,0.205,2,2,52,47.08,True
1324_10004_17_21966_22326,1324,10004,2026-08-29,21966,22326,17,0.349,5,2,55,49.98,True
1324_10004_18_22326_35837,1324,10004,2026-08-29,22326,35837,18,0.313,1,3,53,47.36,True
1324_10004_19_35837_22383,1324,10004,2026-08-29,35837,22383,19,0.227,6,2,57,52.86,True
1324_10004_20_22383_22600,1324,10004,2026-08-29,22383,22600,20,0.504,4,3,58,54.67,True
1324_10004_21_22600_22461,1324,10004,2026-08-29,22600,22461,21,0.236,1,9,50,44.84,True
1324_10004_22_22461_21667,1324,10004,2026-08-29,22461,21667,22,0.654,4,10,44,38.59,True
1324_10004_23_21667_22540,1324,10004,2026-08-29,21667,22540,23,0.414,4,2,46,42.5,True
1324_10004_24_22540_21777,1324,10004,2026-08-29,22540,21777,24,0.61,4,7,43,42.49,True
1324_10004_25_21777_22125,1324,10004,2026-08-29,21777,22125,25,0.738,4,8,39,39.97,True
1324_10004_26_22125_22429,1324,10004,2026-08-29,22125,22429,26,0.372,4,5,38,42.21,True
1324_10004_27_22429_22187,1324,10004,2026-08-29,22429,22187,27,0.262,3,2,39,44.57,True
1324_10004_28_22187_22366,1324,10004,2026-08-29,22187,22366,28,0.675,2,4,37,41.57,True
1324_10004_29_22366_21847,1324,10004,2026-08-29,22366,21847,29,0.53,3,3,37,42.52,True
1324_10004_30_21847_22556,1324,10004,2026-08-29,21847,22556,30,0.429,5,2,40,45.69,True
1324_10004_31_22556_27778,1324,10004,2026-08-29,22556,27778,31,0.814,2,3,39,45.43,True
1324_10004_32_27778_38787,1324,10004,2026-08-29,27778,38787,32,0.159,2,2,39,45.67,True
1324_10004_33_38787_21739,1324,10004,2026-08-29,38787,21739,33,0.453,1,1,39,45.67,True
1324_10004_34_21739_22088,1324,10004,2026-08-29,21739,22088,34,0.636,2,1,40,50.17,True
1324_10004_35_22088_22514,1324,10004,2026-08-29,22088,22514,35,0.618,5,6,39,47.24,True
1324_10004_36_22514_22182,1324,10004,2026-08-29,22514,22182,36,0.794,0,3,36,43.34,True
1324_10004_37_22182_22458,1324,10004,2026-08-29,22182,22458,37,0.626,0,7,29,34.85,True
1324_10004_38_22458_22267,1324,10004,2026-08-29,22458,22267,38,0.456,1,6,24,28.81,True
1324_10004_39_22267_22185,1324,10004,2026-08-29,22267,22185,39,0.576,1,6,19,22.05,True
1324_10004_40_22185_22645_PF3,1324,10004,2026-08-29,22185,22645_PF3,40,0.745,1,12,8,13.39,True
1324_10004_41_22645_PF3_22645_PF3,1324,10004,2026-08-29,22645_PF3,22645_PF3,41,0.0,0,8,0,9.39,True
1324_10005_1_21172_22068,1324,10005,2026-08-29,21172,22068,1,0.638,2,0,2,3.45,True
1324_10005_2_22068_21869,1324,10005,2026-08-29,22068,21869,2,0.53,7,0,9,14.5,True
1324_10005_3_21869_22585,1324,10005,2026-08-29,21869,22585,3,0.552,5,0,14,22.01,True
1324_10005_4_22585_21704,1324,10005,2026-08-29,22585,21704,4,0.914,2,0,16,23.82,True
1324_10005_5_21704_21859,1324,10005,2026-08-29,21704,21859,5,0.552,2,1,17,22.68,True
1324_10005_6_21859_21912,1324,10005,2026-08-29,21859,21912,6,0.968,6,0,23,29.55,True
1324_10005_7_21912_21801,1324,10005,2026-08-29,21912,21801,7,0.396,3,2,24,28.52,True
1324_10005_8_21801_22378,1324,10005,2026-08-29,21801,22378,8,0.267,7,0,31,34.17,True
1324_10005_9_22378_22318,1324,10005,2026-08-29,22378,22318,9,0.3,5,0,36,38.46,True
1324_10005_10_22318_22401,1324,10005,2026-08-29,22318,22401,10,0.297,5,2,39,41.19,True
1324_10005_11_22401_22596,1324,10005,2026-08-29,22401,22596,11,0.311,3,2,40,42.2,True
1324_10005_12_22596_22135,1324,10005,2026-08-29,22596,22135,12,0.588,5,2,43,45.47,True
1324_10005_13_22135_22172,1324,10005,2026-08-29,22135,22172,13,0.614,7,3,47,48.26,True
1324_10005_14_22172_21656,1324,10005,2026-08-29,22172,21656,14,0.492,1,4,44,42.48,True
1324_10005_15_21656_21976,1324,10005,2026-08-29,21656,21976,15,0.277,2,2,44,43.22,True
1324_10005_16_21976_21966,1324,10005,2026-08-29,21976,21966,16,0.205,2,5,41,39.54,True
1324_10005_17_21966_22326,1324,10005,2026-08-29,21966,22326,17,0.349,3,1,43,40.54,True
1324_10005_18_22326_35837,1324,10005,2026-08-29,22326,35837,18,0.313,4,1,46,44.69,True
1324_10005_19_35837_22383,1324,10005,2026-08-29,35837,22383,19,0.227,3,4,45,42.11,True
1324_10005_20_22383_22600,1324,10005,2026-08-29,22383,22600,20,0.504,3,2,46,44.24,True
1324_10005_21_22600_22461,1324,10005,2026-08-29,22600,22461,21,0.236,2,5,43,41.55,True
1324_10005_22_22461_21667,1324,10005,2026-08-29,22461,21667,22,0.654,1,5,39,35.8,True
1324_10005_23_21667_22540,1324,10005,2026-08-29,21667,22540,23,0.414,2,2,39,36.46,True
1324_10005_24_22540_21777,1324,10005,2026-08-29,22540,21777,24,0.61,5,5,39,37.53,True
1324_10005_25_21777_22125,1324,10005,2026-08-29,21777,22125,25,0.738,3,3,39,39.55,True
1324_10005_26_22125_22429,1324,10005,2026-08-29,22125,22429,26,0.372,2,1,40,41.29,True
1324_10005_27_22429_22187,1324,10005,2026-08-29,22429,22187,27,0.262,4,3,41,46.82,True
1324_10005_28_22187_22366,1324,10005,2026-08-29,22187,22366,28,0.675,0,4,37,41.86,True
1324_10005_29_22366_21847,1324,10005,2026-08-29,22366,21847,29,0.53,2,4,35,40.1,True
1324_10005_30_21847_22556,1324,10005,2026-08-29,21847,22556,30,0.429,1,3,33,37.63,True
1324_10005_31_22556_27778,1324,10005,2026-08-29,22556,27778,31,0.814,7,5,35,45.94,True
1324_10005_32_27778_38787,1324,10005,2026-08-29,27778,38787,32,0.159,3,3,35,47.98,True
1324_10005_33_38787_21739,1324,10005,2026-08-29,38787,21739,33,0.453,2,4,33,45.76,True
1324_10005_34_21739_22088,1324,10005,2026-08-29,21739,22088,34,0.636,0,2,31,43.63,True
1324_10005_35_22088_22514,1324,10005,2026-08-29,22088,22514,35,0.618,1,2,30,43.76,True
1324_10005_36_22514_22182,1324,10005,2026-08-29,22514,22182,36,0.794,3,4,29,44.32,True
1324_10005_37_22182_22458,1324,10005,2026-08-29,22182,22458,37,0.626,1,4,26,41.53,True
1324_10005_38_22458_22267,1324,10005,2026-08-29,22458,22267,38,0.456,4,10,20,30.53,True
1324_10005_39_22267_22185,1324,10005,2026-08-29,22267,22185,39,0.576,2,3,19,30.17,True
1324_10005_40_22185_22645_PF3,1324,10005,2026-08-29,22185,22645_PF3,40,0.745,1,8,12,18.71,True
1324_10005_41_22645_PF3_22645_PF3,1324,10005,2026-08-29,22645_PF3,22645_PF3,41,0.0,0,12,0,11.99,True
1324_10006_1_21172_22068,1324,10006,2026-08-29,21172,22068,1,0.638,6,0,6,3.47,True
1324_10006_2_22068_21869,1324,10006,2026-08-29,22068,21869,2,0.53,7,0,13,10.95,True
1324_10006_3_21869_22585,1324,10006,2026-08-29,21869,22585,3,0.552,4,0,17,14.63,True
1324_10006_4_22585_21704,1324,10006,2026-08-29,22585,21704,4,0.914,8,0,25,28.98,True
1324_10006_5_21704_21859,1324,10006,2026-08-29,21704,21859,5,0.552,4,1,28,36.0,True
1324_10006_6_21859_21912,1324,10006,2026-08-29,21859,21912,6,0.968,7,1,34,38.56,True
1324_10006_7_21912_21801,1324,10006,2026-08-29,21912,21801,7,0.396,2,0,36,40.92,True
1324_10006_8_21801_22378,1324,10006,2026-08-29,21801,22378,8,0.267,1,1,36,39.19,True
1324_10006_9_22378_22318,1324,10006,2026-08-29,22378,22318,9,0.3,11,2,45,45.64,True
1324_10006_10_22318_22401,1324,10006,2026-08-29,22318,22401,10,0.297,6,4,47,47.73,True
1324_10006_11_22401_22596,1324,10006,2026-08-29,22401,22596,11,0.311,6,2,51,49.84,True
1324_10006_12_22596_22135,1324,10006,2026-08-29,22596,22135,12,0.588,7,3,55,55.65,True
1324_10006_13_22135_22172,1324,10006,2026-08-29,22135,22172,13,0.614,3,0,58,59.58,True
1324_10006_14_22172_21656,1324,10006,2026-08-29,22172,21656,14,0.492,2,3,57,56.57,True
1324_10006_15_21656_21976,1324,10006,2026-08-29,21656,21976,15,0.277,2,2,57,55.78,True
1324_10006_16_21976_21966,1324,10006,2026-08-29,21976,21966,16,0.205,3,6,54,50.75,True
1324_10006_17_21966_22326,1324,10006,2026-08-29,21966,22326,17,0.349,2,5,51,46.13,True
1324_10006_18_22326_35837,1324,10006,2026-08-29,22326,35837,18,0.313,6,2,55,54.12,True
1324_10006_19_35837_22383,1324,10006,2026-08-29,35837,22383,19,0.227,0,8,47,42.62,True
1324_10006_20_22383_22600,1324,10006,2026-08-29,22383,22600,20,0.504,2,6,43,37.88,True
1324_10006_21_22600_22461,1324,10006,2026-08-29,22600,22461,21,0.236,2,7,38,34.05,True
1324_10006_22_22461_21667,1324,10006,2026-08-29,22461,21667,22,0.654,2,2,38,34.18,True
1324_10006_23_21667_22540,1324,10006,2026-08-29,21667,22540,23,0.414,2,2,38,33.87,True
1324_10006_24_22540_21777,1324,10006,2026-08-29,22540,21777,24,0.61,4,2,40,35.12,True
1324_10006_25_21777_22125,1324,10006,2026-08-29,21777,22125,25,0.738,2,3,39,34.27,True
1324_10006_26_22125_22429,1324,10006,2026-08-29,22125,22429,26,0.372,4,3,40,37.3,True
1324_10006_27_22429_22187,1324,10006,2026-08-29,22429,22187,27,0.262,5,1,44,45.16,True
1324_10006_28_22187_22366,1324,10006,2026-08-29,22187,22366,28,0.675,3,4,43,46.45,True
1324_10006_29_22366_21847,1324,10006,2026-08-29,22366,21847,29,0.53,3,3,43,47.52,True
1324_10006_30_21847_22556,1324,10006,2026-08-29,21847,22556,30,0.429,2,3,42,46.01,True
1324_10006_31_22556_27778,1324,10006,2026-08-29,22556,27778,31,0.814,1,1,42,45.37,True
1324_10006_32_27778_38787,1324,10006,2026-08-29,27778,38787,32,0.159,2,4,40,44.91,True
1324_10006_33_38787_21739,1324,10006,2026-08-29,38787,21739,33,0.453,5,2,43,50.64,True
1324_10006_34_21739_22088,1324,10006,2026-08-29,21739,22088,34,0.636,2,7,38,46.66,True
1324_10006_35_22088_22514,1324,10006,2026-08-29,22088,22514,35,0.618,1,4,35,43.24,True
1324_10006_36_22514_22182,1324,10006,2026-08-29,22514,22182,36,0.794,2,6,31,39.95,True
1324_10006_37_22182_22458,1324,10006,2026-08-29,22182,22458,37,0.626,3,4,30,40.93,True
1324_10006_38_22458_22267,1324,10006,2026-08-29,22458,22267,38,0.456,2,6,26,34.03,True
1324_10006_39_22267_22185,1324,10006,2026-08-29,22267,22185,39,0.576,2,6,22,32.87,True
1324_10006_40_22185_22645_PF3,1324,10006,2026-08-29,22185,22645_PF3,40,0.745,0,5,17,24.77,True
1324_10006_41_22645_PF3_22645_PF3,1324,10006,2026-08-29,22645_PF3,22645_PF3,41,0.0,0,17,0,12.72,True
1324_10007_1_21172_22068,1324,10007,2026-08-29,21172,22068,1,0.638,5,0,5,4.87,True
1324_10007_2_22068_21869,1324,10007,2026-08-29,22068,21869,2,0.53,3,0,8,9.07,True
1324_10007_3_21869_22585,1324,10007,2026-08-29,21869,22585,3,0.552,6,0,14,16.57,True
1324_10007_4_22585_21704,1324,10007,2026-08-29,22585,21704,4,0.914,4,0,18,22.56,True
1324_10007_5_21704_21859,1324,10007,2026-08-29,21704,21859,5,0.552,4,1,21,27.52,True
1324_10007_6_21859_21912,1324,10007,2026-08-29,21859,21912,6,0.968,2,0,23,28.65,True
1324_10007_7_21912_21801,1324,10007,2026-08-29,21912,21801,7,0.396,4,2,25,26.93,True
1324_10007_8_21801_22378,1324,10007,2026-08-29,21801,22378,8,0.267,2,1,26,26.93,True
1324_10007_9_22378_22318,1324,10007,2026-08-29,22378,22318,9,0.3,5,0,31,31.28,True
1324_10007_10_22318_22401,1324,10007,2026-08-29,22318,22401,10,0.297,1,1,31,30.81,True
1324_10007_11_22401_22596,1324,10007,2026-08-29,22401,22596,11,0.311,8,2,37,34.66,True
1324_10007_12_22596_22135,1324,10007,2026-08-29,22596,22135,12,0.588,4,2,39,36.36,True
1324_10007_13_22135_22172,1324,10007,2026-08-29,22135,22172,13,0.614,2,2,39,35.22,True
1324_10007_14_22172_21656,1324,10007,2026-08-29,22172,21656,14,0.492,0,2,37,33.79,True
1324_10007_15_21656_21976,1324,10007,2026-08-29,21656,21976,15,0.277,3,4,36,32.5,True
1324_10007_16_21976_21966,1324,10007,2026-08-29,21976,21966,16,0.205,2,2,36,32.13,True
1324_10007_17_21966_22326,1324,10007,2026-08-29,21966,22326,17,0.349,2,1,37,33.45,True
1324_10007_18_22326_35837,1324,10007,2026-08-29,22326,35837,18,0.313,6,3,40,37.3,True
1324_10007_19_35837_22383,1324,10007,2026-08-29,35837,22383,19,0.227,4,1,43,42.75,True
1324_10007_20_22383_22600,1324,10007,2026-08-29,22383,22600,20,0.504,2,3,42,43.4,True
1324_10007_21_22600_22461,1324,10007,2026-08-29,22600,22461,21,0.236,4,5,41,42.77,True
1324_10007_22_22461_21667,1324,10007,2026-08-29,22461,21667,22,0.654,2,1,42,43.82,True
1324_10007_23_21667_22540,1324,10007,2026-08-29,21667,22540,23,0.414,7,4,45,51.8,True
1324_10007_24_22540_21777,1324,10007,2026-08-29,22540,21777,24,0.61,0,2,43,48.88,True
1324_10007_25_21777_22125,1324,10007,2026-08-29,21777,22125,25,0.738,4,6,41,47.32,True
1324_10007_26_22125_22429,1324,10007,2026-08-29,22125,22429,26,0.372,4,2,43,50.26,True
1324_10007_27_22429_22187,1324,10007,2026-08-29,22429,22187,27,0.262,1,3,41,48.13,True
1324_10007_28_22187_22366,1324,10007,2026-08-29,22187,22366,28,0.675,1,6,36,41.07,True
1324_10007_29_22366_21847,1324,10007,2026-08-29,22366,21847,29,0.53,2,4,34,38.55,True
1324_10007_30_21847_22556,1324,10007,2026-08-29,21847,22556,30,0.429,5,1,38,47.22,True
1324_10007_31_22556_27778,1324,10007,2026-08-29,22556,27778,31,0.814,2,3,37,44.86,True
1324_10007_32_27778_38787,1324,10007,2026-08-29,27778,38787,32,0.159,3,1,39,48.24,True
1324_10007_33_38787_21739,1324,10007,2026-08-29,38787,21739,33,0.453,3,3,39,47.89,True
1324_10007_34_21739_22088,1324,10007,2026-08-29,21739,22088,34,0.636,3,5,37,49.32,True
1324_10007_35_22088_22514,1324,10007,2026-08-29,22088,22514,35,0.618,2,5,34,46.29,True
1324_10007_36_22514_22182,1324,10007,2026-08-29,22514,22182,36,0.794,2,3,33,47.04,True
1324_10007_37_22182_22458,1324,10007,2026-08-29,22182,22458,37,0.626,2,1,34,48.21,True
1324_10007_38_22458_22267,1324,10007,2026-08-29,22458,22267,38,0.456,1,9,26,37.97,True
1324_10007_39_22267_22185,1324,10007,2026-08-29,22267,22185,39,0.576,2,7,21,33.09,True
1324_10007_40_22185_22645_PF3,1324,10007,2026-08-29,22185,22645_PF3,40,0.745,2,5,18,30.07,True
1324_10007_41_22645_PF3_22645_PF3,1324,10007,2026-08-29,22645_PF3,22645_PF3,41,0.0,0,18,0,17.47,True
1324_10008_1_21172_22068,1324,10008,2026-08-29,21172,22068,1,0.638,4,0,4,4.74,True
1324_10008_2_22068_21869,1324,10008,2026-08-29,22068,21869,2,0.53,12,0,16,17.11,True
1324_10008_3_21869_22585,1324,10008,2026-08-29,21869,22585,3,0.552,8,0,24,28.77,True
1324_10008_4_22585_21704,1324,10008,2026-08-29,22585,21704,4,0.914,5,0,29,35.8,True
1324_10008_5_21704_21859,1324,10008,2026-08-29,21704,21859,5,0.552,8,0,37,43.73,True
1324_10008_6_21859_21912,1324,10008,2026-08-29,21859,21912,6,0.968,6,0,43,47.14,True
1324_10008_7_21912_21801,1324,10008,2026-08-29,21912,21801,7,0.396,2,0,45,49.81,True
1324_10008_8_21801_22378,1324,10008,2026-08-29,21801,22378,8,0.267,5,0,50,55.12,True
1324_10008_9_22378_22318,1324,10008,2026-08-29,22378,22318,9,0.3,1,3,48,50.22,True
1324_10008_10_22318_22401,1324,10008,2026-08-29,22318,22401,10,0.297,4,3,49,49.62,True
1324_10008_11_22401_22596,1324,10008,2026-08-29,22401,22596,11,0.311,3,3,49,50.54,True
1324_10008_12_22596_22135,1324,10008,2026-08-29,22596,22135,12,0.588,0,2,47,48.67,True
1324_10008_13_22135_22172,1324,10008,2026-08-29,22135,22172,13,0.614,2,3,46,46.42,True
1324_10008_14_22172_21656,1324,10008,2026-08-29,22172,21656,14,0.492,7,3,50,48.16,True
1324_10008_15_21656_21976,1324,10008,2026-08-29,21656,21976,15,0.277,2,5,47,41.61,True
1324_10008_16_21976_21966,1324,10008,2026-08-29,21976,21966,16,0.205,1,3,45,40.11,True
1324_10008_17_21966_22326,1324,10008,2026-08-29,21966,22326,17,0.349,2,3,44,38.52,True
1324_10008_18_22326_35837,1324,10008,2026-08-29,22326,35837,18,0.313,3,1,46,40.95,True
1324_10008_19_35837_22383,1324,10008,2026-08-29,35837,22383,19,0.227,5,9,42,39.69,True
1324_10008_20_22383_22600,1324,10008,2026-08-29,22383,22600,20,0.504,4,3,43,42.25,True
1324_10008_21_22600_22461,1324,10008,2026-08-29,22600,22461,21,0.236,2,3,42,43.09,True
1324_10008_22_22461_21667,1324,10008,2026-08-29,22461,21667,22,0.654,1,3,40,41.52,True
1324_10008_23_21667_22540,1324,10008,2026-08-29,21667,22540,23,0.414,0,3,37,38.51,True
1324_10008_24_22540_21777,1324,10008,2026-08-29,22540,21777,24,0.61,2,5,34,36.18,True
1324_10008_25_21777_22125,1324,10008,2026-08-29,21777,22125,25,0.738,4,3,35,38.37,True
1324_10008_26_22125_22429,1324,10008,2026-08-29,22125,22429,26,0.372,3,3,35,39.46,True
1324_10008_27_22429_22187,1324,10008,2026-08-29,22429,22187,27,0.262,2,5,32,35.57,True
1324_10008_28_22187_22366,1324,10008,2026-08-29,22187,22366,28,0.675,3,4,31,33.34,True
1324_10008_29_22366_21847,1324,10008,2026-08-29,22366,21847,29,0.53,2,2,31,34.35,True
1324_10008_30_21847_22556,1324,10008,2026-08-29,21847,22556,30,0.429,2,4,29,34.12,True
1324_10008_31_22556_27778,1324,10008,2026-08-29,22556,27778,31,0.814,2,3,28,33.34,True
1324_10008_32_27778_38787,1324,10008,2026-08-29,27778,38787,32,0.159,3,2,29,34.71,True
1324_10008_33_38787_21739,1324,10008,2026-08-29,38787,21739,33,0.453,1,0,30,37.21,True
1324_10008_34_21739_22088,1324,10008,2026-08-29,21739,22088,34,0.636,4,2,32,41.58,True
1324_10008_35_22088_22514,1324,10008,2026-08-29,22088,22514,35,0.618,1,1,32,46.58,True
1324_10008_36_22514_22182,1324,10008,2026-08-29,22514,22182,36,0.794,0,7,25,36.56,True
1324_10008_37_22182_22458,1324,10008,2026-08-29,22182,22458,37,0.626,1,4,22,31.02,True
1324_10008_38_22458_22267,1324,10008,2026-08-29,22458,22267,38,0.456,2,4,20,26.26,True
1324_10008_39_22267_22185,1324,10008,2026-08-29,22267,22185,39,0.576,2,5,17,22.12,True
1324_10008_40_22185_22645_PF3,1324,10008,2026-08-29,22185,22645_PF3,40,0.745,1,7,11,15.76,True
1324_10008_41_22645_PF3_22645_PF3,1324,10008,2026-08-29,22645_PF3,22645_PF3,41,0.0,0,11,0,8.38,True
1324_10009_1_21172_22068,1324,10009,2026-08-29,21172,22068,1,0.638,4,0,4,6.25,True
1324_10009_2_22068_21869,1324,10009,2026-08-29,22068,21869,2,0.53,7,0,11,15.38,True
1324_10009_3_21869_22585,1324,10009,2026-08-29,21869,22585,3,0.552,3,0,14,16.81,True
1324_10009_4_22585_21704,1324,10009,2026-08-29,22585,21704,4,0.914,4,1,17,19.79,True
1324_10009_5_21704_21859,1324,10009,2026-08-29,21704,21859,5,0.552,5,1,21,25.56,True
1324_10009_6_21859_21912,1324,10009,2026-08-29,21859,21912,6,0.968,9,2,28,30.65,True
1324_10009_7_21912_21801,1324,10009,2026-08-29,21912,21801,7,0.396,5,0,33,36.12,True
1324_10009_8_21801_22378,1324,10009,2026-08-29,21801,22378,8,0.267,4,1,36,38.54,True
1324_10009_9_22378_22318,1324,10009,2026-08-29,22378,22318,9,0.3,9,0,45,45.03,True
1324_10009_10_22318_22401,1324,10009,2026-08-29,22318,22401,10,0.297,4,3,46,46.22,True
1324_10009_11_22401_22596,1324,10009,2026-08-29,22401,22596,11,0.311,4,0,50,49.92,True
1324_10009_12_22596_22135,1324,10009,2026-08-29,22596,22135,12,0.588,3,3,50,49.01,True
1324_10009_13_22135_22172,1324,10009,2026-08-29,22135,22172,13,0.614,3,3,50,50.12,True
1324_10009_14_22172_21656,1324,10009,2026-08-29,22172,21656,14,0.492,3,3,50,49.27,True
1324_10009_15_21656_21976,1324,10009,2026-08-29,21656,21976,15,0.277,5,3,52,52.7,True
1324_10009_16_21976_21966,1324,10009,2026-08-29,21976,21966,16,0.205,1,5,48,48.44,True
1324_10009_17_21966_22326,1324,10009,2026-08-29,21966,22326,17,0.349,5,2,51,52.56,True
1324_10009_18_22326_35837,1324,10009,2026-08-29,22326,35837,18,0.313,2,3,50,50.93,True
1324_10009_19_35837_22383,1324,10009,2026-08-29,35837,22383,19,0.227,3,6,47,51.05,True
1324_10009_20_22383_22600,1324,10009,2026-08-29,22383,22600,20,0.504,2,6,43,43.49,True
1324_10009_21_22600_22461,1324,10009,2026-08-29,22600,22461,21,0.236,4,4,43,43.82,True
1324_10009_22_22461_21667,1324,10009,2026-08-29,22461,21667,22,0.654,5,3,45,46.99,True
1324_10009_23_21667_22540,1324,10009,2026-08-29,21667,22540,23,0.414,3,3,45,48.49,True
1324_10009_24_22540_21777,1324,10009,2026-08-29,22540,21777,24,0.61,2,3,44,47.75,True
1324_10009_25_21777_22125,1324,10009,2026-08-29,21777,22125,25,0.738,2,5,41,44.37,True
1324_10009_26_22125_22429,1324,10009,2026-08-29,22125,22429,26,0.372,5,4,42,49.0,True
1324_10009_27_22429_22187,1324,10009,2026-08-29,22429,22187,27,0.262,2,1,43,51.82,True
1324_10009_28_22187_22366,1324,10009,2026-08-29,22187,22366,28,0.675,4,3,44,54.32,True
1324_10009_29_22366_21847,1324,10009,2026-08-29,22366,21847,29,0.53,2,2,44,53.23,True
1324_10009_30_21847_22556,1324,10009,2026-08-29,21847,22556,30,0.429,1,6,39,48.09,True
1324_10009_31_22556_27778,1324,10009,2026-08-29,22556,27778,31,0.814,4,5,38,49.25,True
1324_10009_32_27778_38787,1324,10009,2026-08-29,27778,38787,32,0.159,2,5,35,45.75,True
1324_10009_33_38787_21739,1324,10009,2026-08-29,38787,21739,33,0.453,0,3,32,41.71,True
1324_10009_34_21739_22088,1324,10009,2026-08-29,21739,22088,34,0.636,5,3,34,48.11,True
1324_10009_35_22088_22514,1324,10009,2026-08-29,22088,22514,35,0.618,1,3,32,46.36,True
1324_10009_36_22514_22182,1324,10009,2026-08-29,22514,22182,36,0.794,2,6,28,43.12,True
1324_10009_37_22182_22458,1324,10009,2026-08-29,22182,22458,37,0.626,2,2,28,43.59,True
1324_10009_38_22458_22267,1324,10009,2026-08-29,22458,22267,38,0.456,2,4,26,39.36,True
1324_10009_39_22267_22185,1324,10009,2026-08-29,22267,22185,39,0.576,3,7,22,37.79,True
1324_10009_40_22185_22645_PF3,1324,10009,2026-08-29,22185,22645_PF3,40,0.745,4,12,14,28.21,True
1324_10009_41_22645_PF3_22645_PF3,1324,10009,2026-08-29,22645_PF3,22645_PF3,41,0.0,0,14,0,14.04,True
998_1001_1_20940_21231,998,1001,2026-08-29,20940,21231,1,0.583,5,0,5,6.5,True
998_1001_2_21231_20726,998,1001,2026-08-29,21231,20726,2,0.729,6,0,11,22.67,True
998_1001_3_20726_22317,998,1001,2026-08-29,20726,22317,3,0.948,3,1,13,24.33,True
998_1001_4_22317_22286,998,1001,2026-08-29,22317,22286,4,0.398,1,1,13,23.5,True
998_1001_5_22286_21572,998,1001,2026-08-29,22286,21572,5,0.41,2,3,12,19.33,True
998_1001_6_21572_21173,998,1001,2026-08-29,21572,21173,6,0.62,0,4,8,13.67,True
1324_10010_1_21172_22068,1324,10010,2026-08-29,21172,22068,1,0.638,10,0,10,12.14,True
1324_10010_2_22068_21869,1324,10010,2026-08-29,22068,21869,2,0.53,10,0,20,22.98,True
1324_10010_3_21869_22585,1324,10010,2026-08-29,21869,22585,3,0.552,8,0,28,31.43,True
1324_10010_4_22585_21704,1324,10010,2026-08-29,22585,21704,4,0.914,3,0,31,34.83,True
1324_10010_5_21704_21859,1324,10010,2026-08-29,21704,21859,5,0.552,8,0,39,44.02,True
1324_10010_6_21859_21912,1324,10010,2026-08-29,21859,21912,6,0.968,7,0,46,50.7,True
1324_10010_7_21912_21801,1324,10010,2026-08-29,21912,21801,7,0.396,6,1,51,54.12,True
1324_10010_8_21801_22378,1324,10010,2026-08-29,21801,22378,8,0.267,2,1,52,54.78,True
1324_10010_9_22378_22318,1324,10010,2026-08-29,22378,22318,9,0.3,2,0,54,56.45,True
1324_10010_10_22318_22401,1324,10010,2026-08-29,22318,22401,10,0.297,7,4,57,61.48,True
1324_10010_11_22401_22596,1324,10010,2026-08-29,22401,22596,11,0.311,2,2,57,62.07,True
1324_10010_12_22596_22135,1324,10010,2026-08-29,22596,22135,12,0.588,3,5,55,56.82,True
1324_10010_13_22135_22172,1324,10010,2026-08-29,22135,22172,13,0.614,3,4,54,54.29,True
1324_10010_14_22172_21656,1324,10010,2026-08-29,22172,21656,14,0.492,1,4,51,49.63,True
1324_10010_15_21656_21976,1324,10010,2026-08-29,21656,21976,15,0.277,0,2,49,46.26,True
1324_10010_16_21976_21966,1324,10010,2026-08-29,21976,21966,16,0.205,9,5,53,50.72,True
1324_10010_17_21966_22326,1324,10010,2026-08-29,21966,22326,17,0.349,5,3,55,53.16,True
1324_10010_18_22326_35837,1324,10010,2026-08-29,22326,35837,18,0.313,6,7,54,54.37,True
1324_10010_19_35837_22383,1324,10010,2026-08-29,35837,22383,19,0.227,2,0,56,56.87,True
1324_10010_20_22383_22600,1324,10010,2026-08-29,22383,22600,20,0.504,2,3,55,55.76,True
1324_10010_21_22600_22461,1324,10010,2026-08-29,22600,22461,21,0.236,2,8,49,52.52,True
1324_10010_22_22461_21667,1324,10010,2026-08-29,22461,21667,22,0.654,3,4,48,49.41,True
1324_10010_23_21667_22540,1324,10010,2026-08-29,21667,22540,23,0.414,0,2,46,47.16,True
1324_10010_24_22540_21777,1324,10010,2026-08-29,22540,21777,24,0.61,4,4,46,49.11,True
1324_10010_25_21777_22125,1324,10010,2026-08-29,21777,22125,25,0.738,8,6,48,54.53,True
1324_10010_26_22125_22429,1324,10010,2026-08-29,22125,22429,26,0.372,2,4,46,53.08,True
1324_10010_27_22429_22187,1324,10010,2026-08-29,22429,22187,27,0.262,2,3,45,51.41,True
1324_10010_28_22187_22366,1324,10010,2026-08-29,22187,22366,28,0.675,2,4,43,49.46,True
1324_10010_29_22366_21847,1324,10010,2026-08-29,22366,21847,29,0.53,0,5,38,40.98,True
1324_10010_30_21847_22556,1324,10010,2026-08-29,21847,22556,30,0.429,1,4,35,37.58,True
1324_10010_31_22556_27778,1324,10010,2026-08-29,22556,27778,31,0.814,2,7,30,32.08,True
1324_10010_32_27778_38787,1324,10010,2026-08-29,27778,38787,32,0.159,2,5,27,26.59,True
1324_10010_33_38787_21739,1324,10010,2026-08-29,38787,21739,33,0.453,2,2,27,28.33,True
1324_10010_34_21739_22088,1324,10010,2026-08-29,21739,22088,34,0.636,3,4,26,32.79,True
1324_10010_35_22088_22514,1324,10010,2026-08-29,22088,22514,35,0.618,1,5,22,28.4,True
1324_10010_36_22514_22182,1324,10010,2026-08-29,22514,22182,36,0.794,0,3,19,23.24,True
1324_10010_37_22182_22458,1324,10010,2026-08-29,22182,22458,37,0.626,0,2,17,19.17,True
1324_10010_38_22458_22267,1324,10010,2026-08-29,22458,22267,38,0.456,1,4,14,15.03,True
1324_10010_39_22267_22185,1324,10010,2026-08-29,22267,22185,39,0.576,3,3,14,18.53,True
1324_10010_40_22185_22645_PF3,1324,10010,2026-08-29,22185,22645_PF3,40,0.745,2,4,12,18.54,True
1324_10010_41_22645_PF3_22645_PF3,1324,10010,2026-08-29,22645_PF3,22645_PF3,41,0.0,0,12,0,15.17,True
1324_10011_1_21172_22068,1324,10011,2026-08-29,21172,22068,1,0.638,3,0,3,5.16,True
1324_10011_2_22068_21869,1324,10011,2026-08-29,22068,21869,2,0.53,6,0,9,14.23,True
1324_10011_3_21869_22585,1324,10011,2026-08-29,21869,22585,3,0.552,2,0,11,15.08,True
1324_10011_4_22585_21704,1324,10011,2026-08-29,22585,21704,4,0.914,7,0,18,23.24,True
1324_10011_5_21704_21859,1324,10011,2026-08-29,21704,21859,5,0.552,3,0,21,26.66,True
1324_10011_6_21859_21912,1324,10011,2026-08-29,21859,21912,6,0.968,2,2,21,23.06,True
1324_10011_7_21912_21801,1324,10011,2026-08-29,21912,21801,7,0.396,0,0,21,23.06,True
1324_10011_8_21801_22378,1324,10011,2026-08-29,21801,22378,8,0.267,5,3,23,21.83,True
1324_10011_9_22378_22318,1324,10011,2026-08-29,22378,22318,9,0.3,2,1,24,21.62,True
1324_10011_10_22318_22401,1324,10011,2026-08-29,22318,22401,10,0.297,4,0,28,25.89,True
1324_10011_11_22401_22596,1324,10011,2026-08-29,22401,22596,11,0.311,1,1,28,25.89,True
1324_10011_12_22596_22135,1324,10011,2026-08-29,22596,22135,12,0.588,8,1,35,33.09,True
1324_10011_13_22135_22172,1324,10011,2026-08-29,22135,22172,13,0.614,1,1,35,31.42,True
1324_10011_14_22172_21656,1324,10011,2026-08-29,22172,21656,14,0.492,3,2,36,31.56,True
1324_10011_15_21656_21976,1324,10011,2026-08-29,21656,21976,15,0.277,5,3,38,34.85,True
1324_10011_16_21976_21966,1324,10011,2026-08-29,21976,21966,16,0.205,2,1,39,34.71,True
1324_10011_17_21966_22326,1324,10011,2026-08-29,21966,22326,17,0.349,2,1,40,34.53,True
1324_10011_18_22326_35837,1324,10011,2026-08-29,22326,35837,18,0.313,5,4,41,35.78,True
1324_10011_19_35837_22383,1324,10011,2026-08-29,35837,22383,19,0.227,2,2,41,35.89,True
1324_10011_20_22383_22600,1324,10011,2026-08-29,22383,22600,20,0.504,0,3,38,32.39,True
1324_10011_21_22600_22461,1324,10011,2026-08-29,22600,22461,21,0.236,3,3,38,33.09,True
1324_10011_22_22461_21667,1324,10011,2026-08-29,22461,21667,22,0.654,0,2,36,32.19,True
1324_10011_23_21667_22540,1324,10011,2026-08-29,21667,22540,23,0.414,6,3,39,37.07,True
1324_10011_24_22540_21777,1324,10011,2026-08-29,22540,21777,24,0.61,3,5,37,38.44,True
1324_10011_25_21777_22125,1324,10011,2026-08-29,21777,22125,25,0.738,3,3,37,39.03,True
1324_10011_26_22125_22429,1324,10011,2026-08-29,22125,22429,26,0.372,1,7,31,32.27,True
1324_10011_27_22429_22187,1324,10011,2026-08-29,22429,22187,27,0.262,3,2,32,35.39,True
1324_10011_28_22187_22366,1324,10011,2026-08-29,22187,22366,28,0.675,3,2,33,37.06,True
1324_10011_29_22366_21847,1324,10011,2026-08-29,22366,21847,29,0.53,0,3,30,33.25,True
1324_10011_30_21847_22556,1324,10011,2026-08-29,21847,22556,30,0.429,4,1,33,39.02,True
1324_10011_31_22556_27778,1324,10011,2026-08-29,22556,27778,31,0.814,2,0,35,42.19,True
1324_10011_32_27778_38787,1324,10011,2026-08-29,27778,38787,32,0.159,3,5,33,40.77,True
1324_10011_33_38787_21739,1324,10011,2026-08-29,38787,21739,33,0.453,1,4,30,36.64,True
1324_10011_34_21739_22088,1324,10011,2026-08-29,21739,22088,34,0.636,1,5,26,33.64,True
1324_10011_35_22088_22514,1324,10011,2026-08-29,22088,22514,35,0.618,3,5,24,33.27,True
1324_10011_36_22514_22182,1324,10011,2026-08-29,22514,22182,36,0.794,3,0,27,38.27,True
1324_10011_37_22182_22458,1324,10011,2026-08-29,22182,22458,37,0.626,1,6,22,34.39,True
1324_10011_38_22458_22267,1324,10011,2026-08-29,22458,22267,38,0.456,0,1,21,31.89,True
1324_10011_39_22267_22185,1324,10011,2026-08-29,22267,22185,39,0.576,4,7,18,28.9,True
1324_10011_40_22185_22645_PF3,1324,10011,2026-08-29,22185,22645_PF3,40,0.745,2,3,17,32.0,True
1324_10011_41_22645_PF3_22645_PF3,1324,10011,2026-08-29,22645_PF3,22645_PF3,41,0.0,0,17,0,15.29,True
1324_10012_1_21172_22068,1324,10012,2026-08-29,21172,22068,1,0.638,6,0,6,8.98,True
1324_10012_2_22068_21869,1324,10012,2026-08-29,22068,21869,2,0.53,2,0,8,9.65,True
1324_10012_3_21869_22585,1324,10012,2026-08-29,21869,22585,3,0.552,4,0,12,15.23,True
1324_10012_4_22585_21704,1324,10012,2026-08-29,22585,21704,4,0.914,4,0,16,18.78,True
1324_10012_5_21704_21859,1324,10012,2026-08-29,21704,21859,5,0.552,5,0,21,23.75,True
1324_10012_6_21859_21912,1324,10012,2026-08-29,21859,21912,6,0.968,2,0,23,26.41,True
1324_10012_7_21912_21801,1324,10012,2026-08-29,21912,21801,7,0.396,2,2,23,23.36,True
1324_10012_8_21801_22378,1324,10012,2026-08-29,21801,22378,8,0.267,5,2,26,26.06,True
1324_10012_9_22378_22318,1324,10012,2026-08-29,22378,22318,9,0.3,2,1,27,26.88,True
1324_10012_10_22318_22401,1324,10012,2026-08-29,22318,22401,10,0.297,3,1,29,30.12,True
1324_10012_11_22401_22596,1324,10012,2026-08-29,22401,22596,11,0.311,5,1,33,33.68,True
1324_10012_12_22596_22135,1324,10012,2026-08-29,22596,22135,12,0.588,5,1,37,38.12,True
1324_10012_13_22135_22172,1324,10012,2026-08-29,22135,22172,13,0.614,1,1,37,37.73,True
1324_10012_14_22172_21656,1324,10012,2026-08-29,22172,21656,14,0.492,5,1,41,41.87,True
1324_10012_15_21656_21976,1324,10012,2026-08-29,21656,21976,15,0.277,4,0,45,46.18,True
1324_10012_16_21976_21966,1324,10012,2026-08-29,21976,21966,16,0.205,2,8,39,37.5,True
1324_10012_17_21966_22326,1324,10012,2026-08-29,21966,22326,17,0.349,4,4,39,39.09,True
1324_10012_18_22326_35837,1324,10012,2026-08-29,22326,35837,18,0.313,4,0,43,43.79,True
1324_10012_19_35837_22383,1324,10012,2026-08-29,35837,22383,19,0.227,3,5,41,43.53,True
1324_10012_20_22383_22600,1324,10012,2026-08-29,22383,22600,20,0.504,3,4,40,43.01,True
1324_10012_21_22600_22461,1324,10012,2026-08-29,22600,22461,21,0.236,4,1,43,48.02,True
1324_10012_22_22461_21667,1324,10012,2026-08-29,22461,21667,22,0.654,9,3,49,58.89,True
1324_10012_23_21667_22540,1324,10012,2026-08-29,21667,22540,23,0.414,2,2,49,56.11,True
1324_10012_24_22540_21777,1324,10012,2026-08-29,22540,21777,24,0.61,3,2,50,63.06,True
1324_10012_25_21777_22125,1324,10012,2026-08-29,21777,22125,25,0.738,3,7,46,55.03,True
1324_10012_26_22125_22429,1324,10012,2026-08-29,22125,22429,26,0.372,3,7,42,51.08,True
1324_10012_27_22429_22187,1324,10012,2026-08-29,22429,22187,27,0.262,4,6,40,44.89,True
1324_10012_28_22187_22366,1324,10012,2026-08-29,22187,22366,28,0.675,0,3,37,41.07,True
1324_10012_29_22366_21847,1324,10012,2026-08-29,22366,21847,29,0.53,0,5,32,33.51,True
1324_10012_30_21847_22556,1324,10012,2026-08-29,21847,22556,30,0.429,2,3,31,34.14,True
1324_10012_31_22556_27778,1324,10012,2026-08-29,22556,27778,31,0.814,1,3,29,31.02,True
1324_10012_32_27778_38787,1324,10012,2026-08-29,27778,38787,32,0.159,2,2,29,32.37,True
1324_10012_33_38787_21739,1324,10012,2026-08-29,38787,21739,33,0.453,2,0,31,36.53,True
1324_10012_34_21739_22088,1324,10012,2026-08-29,21739,22088,34,0.636,3,2,32,38.13,True
1324_10012_35_22088_22514,1324,10012,2026-08-29,22088,22514,35,0.618,1,5,28,32.35,True
1324_10012_36_22514_22182,1324,10012,2026-08-29,22514,22182,36,0.794,1,9,20,23.56,True
1324_10012_37_22182_22458,1324,10012,2026-08-29,22182,22458,37,0.626,0,4,16,18.26,True
1324_10012_38_22458_22267,1324,10012,2026-08-29,22458,22267,38,0.456,1,1,16,18.51,True
1324_10012_39_22267_22185,1324,10012,2026-08-29,22267,22185,39,0.576,0,4,12,14.93,True
1324_10012_40_22185_22645_PF3,1324,10012,2026-08-29,22185,22645_PF3,40,0.745,2,3,11,14.48,True
1324_10012_41_22645_PF3_22645_PF3,1324,10012,2026-08-29,22645_PF3,22645_PF3,41,0.0,0,11,0,12.33,True
1324_10013_1_21172_22068,1324,10013,2026-08-29,21172,22068,1,0.638,4,0,4,7.74,True
1324_10013_2_22068_21869,1324,10013,2026-08-29,22068,21869,2,0.53,5,0,9,14.54,True
1324_10013_3_21869_22585,1324,10013,2026-08-29,21869,22585,3,0.552,3,0,12,18.16,True
1324_10013_4_22585_21704,1324,10013,2026-08-29,22585,21704,4,0.914,5,0,17,22.99,True
1324_10013_5_21704_21859,1324,10013,2026-08-29,21704,21859,5,0.552,4,0,21,27.68,True
1324_10013_6_21859_21912,1324,10013,2026-08-29,21859,21912,6,0.968,5,1,25,29.87,True
1324_10013_7_21912_21801,1324,10013,2026-08-29,21912,21801,7,0.396,3,1,27,30.26,True
1324_10013_8_21801_22378,1324,10013,2026-08-29,21801,22378,8,0.267,5,1,31,33.34,True
1324_10013_9_22378_22318,1324,10013,2026-08-29,22378,22318,9,0.3,3,1,33,34.41,True
1324_10013_10_22318_22401,1324,10013,2026-08-29,22318,22401,10,0.297,2,1,34,34.73,True
1324_10013_11_22401_22596,1324,10013,2026-08-29,22401,22596,11,0.311,3,1,36,36.64,True
1324_10013_12_22596_22135,1324,10013,2026-08-29,22596,22135,12,0.588,1,2,35,34.83,True
1324_10013_13_22135_22172,1324,10013,2026-08-29,22135,22172,13,0.614,4,5,34,33.33,True
1324_10013_14_22172_21656,1324,10013,2026-08-29,22172,21656,14,0.492,5,1,38,37.68,True
1324_10013_15_21656_21976,1324,10013,2026-08-29,21656,21976,15,0.277,5,4,39,37.44,True
1324_10013_16_21976_21966,1324,10013,2026-08-29,21976,21966,16,0.205,3,3,39,39.69,True
1324_10013_17_21966_22326,1324,10013,2026-08-29,21966,22326,17,0.349,2,2,39,41.57,True
1324_10013_18_22326_35837,1324,10013,2026-08-29,22326,35837,18,0.313,5,2,42,45.78,True
1324_10013_19_35837_22383,1324,10013,2026-08-29,35837,22383,19,0.227,1,4,39,43.35,True
1324_10013_20_22383_22600,1324,10013,2026-08-29,22383,22600,20,0.504,3,5,37,43.1,True
1324_10013_21_22600_22461,1324,10013,2026-08-29,22600,22461,21,0.236,5,3,39,43.32,True
1324_10013_22_22461_21667,1324,10013,2026-08-29,22461,21667,22,0.654,2,3,38,42.87,True
1324_10013_23_21667_22540,1324,10013,2026-08-29,21667,22540,23,0.414,1,4,35,39.04,True
1324_10013_24_22540_21777,1324,10013,2026-08-29,22540,21777,24,0.61,2,1,36,40.79,True
1324_10013_25_21777_22125,1324,10013,2026-08-29,21777,22125,25,0.738,3,2,37,42.63,True
1324_10013_26_22125_22429,1324,10013,2026-08-29,22125,22429,26,0.372,1,1,37,43.1,True
1324_10013_27_22429_22187,1324,10013,2026-08-29,22429,22187,27,0.262,3,10,30,35.04,True
1324_10013_28_22187_22366,1324,10013,2026-08-29,22187,22366,28,0.675,2,2,30,35.38,True
1324_10013_29_22366_21847,1324,10013,2026-08-29,22366,21847,29,0.53,2,1,31,37.46,True
1324_10013_30_21847_22556,1324,10013,2026-08-29,21847,22556,30,0.429,2,1,32,37.67,True
1324_10013_31_22556_27778,1324,10013,2026-08-29,22556,27778,31,0.814,4,3,33,40.61,True
1324_10013_32_27778_38787,1324,10013,2026-08-29,27778,38787,32,0.159,2,5,30,37.66,True
1324_10013_33_38787_21739,1324,10013,2026-08-29,38787,21739,33,0.453,3,5,28,35.65,True
1324_10013_34_21739_22088,1324,10013,2026-08-29,21739,22088,34,0.636,2,1,29,38.15,True
1324_10013_35_22088_22514,1324,10013,2026-08-29,22088,22514,35,0.618,1,5,25,37.57,True
1324_10013_36_22514_22182,1324,10013,2026-08-29,22514,22182,36,0.794,2,3,24,34.12,True
1324_10013_37_22182_22458,1324,10013,2026-08-29,22182,22458,37,0.626,2,6,20,27.32,True
1324_10013_38_22458_22267,1324,10013,2026-08-29,22458,22267,38,0.456,2,6,16,20.94,True
1324_10013_39_22267_22185,1324,10013,2026-08-29,22267,22185,39,0.576,4,4,16,25.27,True
1324_10013_40_22185_22645_PF3,1324,10013,2026-08-29,22185,22645_PF3,40,0.745,0,2,14,21.72,True
1324_10013_41_22645_PF3_22645_PF3,1324,10013,2026-08-29,22645_PF3,22645_PF3,41,0.0,0,14,0,12.56,True
1324_10014_1_21172_22068,1324,10014,2026-08-29,21172,22068,1,0.638,5,0,5,6.36,True
1324_10014_2_22068_21869,1324,10014,2026-08-29,22068,21869,2,0.53,3,0,8,11.1,True
1324_10014_3_21869_22585,1324,10014,2026-08-29,21869,22585,3,0.552,2,0,10,14.05,True
1324_10014_4_22585_21704,1324,10014,2026-08-29,22585,21704,4,0.914,6,0,16,19.57,True
1324_10014_5_21704_21859,1324,10014,2026-08-29,21704,21859,5,0.552,7,0,23,28.07,True
1324_10014_6_21859_21912,1324,10014,2026-08-29,21859,21912,6,0.968,5,0,28,34.04,True
1324_10014_7_21912_21801,1324,10014,2026-08-29,21912,21801,7,0.396,7,2,33,37.22,True
1324_10014_8_21801_22378,1324,10014,2026-08-29,21801,22378,8,0.267,6,0,39,42.36,True
1324_10014_9_22378_22318,1324,10014,2026-08-29,22378,22318,9,0.3,1,2,38,39.32,True
1324_10014_10_22318_22401,1324,10014,2026-08-29,22318,22401,10,0.297,4,2,40,41.12,True
1324_10014_11_22401_22596,1324,10014,2026-08-29,22401,22596,11,0.311,2,2,40,40.75,True
1324_10014_12_22596_22135,1324,10014,2026-08-29,22596,22135,12,0.588,3,5,38,38.63,True
1324_10014_13_22135_22172,1324,10014,2026-08-29,22135,22172,13,0.614,1,1,38,38.13,True
1324_10014_14_22172_21656,1324,10014,2026-08-29,22172,21656,14,0.492,6,2,42,42.01,True
1324_10014_15_21656_21976,1324,10014,2026-08-29,21656,21976,15,0.277,3,1,44,43.95,True
1324_10014_16_21976_21966,1324,10014,2026-08-29,21976,21966,16,0.205,1,2,43,43.59,True
1324_10014_17_21966_22326,1324,10014,2026-08-29,21966,22326,17,0.349,2,5,40,40.06,True
1324_10014_18_22326_35837,1324,10014,2026-08-29,22326,35837,18,0.313,2,3,39,38.47,True
1324_10014_19_35837_22383,1324,10014,2026-08-29,35837,22383,19,0.227,3,7,35,34.39,True
1324_10014_20_22383_22600,1324,10014,2026-08-29,22383,22600,20,0.504,5,1,39,39.66,True
1324_10014_21_22600_22461,1324,10014,2026-08-29,22600,22461,21,0.236,1,3,37,38.73,True
1324_10014_22_22461_21667,1324,10014,2026-08-29,22461,21667,22,0.654,2,5,34,35.62,True
1324_10014_23_21667_22540,1324,10014,2026-08-29,21667,22540,23,0.414,2,5,31,32.56,True
1324_10014_24_22540_21777,1324,10014,2026-08-29,22540,21777,24,0.61,2,1,32,34.03,True
1324_10014_25_21777_22125,1324,10014,2026-08-29,21777,22125,25,0.738,2,3,31,34.08,True
1324_10014_26_22125_22429,1324,10014,2026-08-29,22125,22429,26,0.372,0,2,29,32.65,True
1324_10014_27_22429_22187,1324,10014,2026-08-29,22429,22187,27,0.262,1,2,28,31.94,True
1324_10014_28_22187_22366,1324,10014,2026-08-29,22187,22366,28,0.675,2,4,26,30.5,True
1324_10014_29_22366_21847,1324,10014,2026-08-29,22366,21847,29,0.53,4,1,29,34.16,True
1324_10014_30_21847_22556,1324,10014,2026-08-29,21847,22556,30,0.429,1,4,26,30.75,True
1324_10014_31_22556_27778,1324,10014,2026-08-29,22556,27778,31,0.814,1,2,25,30.39,True
1324_10014_32_27778_38787,1324,10014,2026-08-29,27778,38787,32,0.159,2,3,24,29.6,True
1324_10014_33_38787_21739,1324,10014,2026-08-29,38787,21739,33,0.453,3,1,26,34.46,True
1324_10014_34_21739_22088,1324,10014,2026-08-29,21739,22088,34,0.636,1,3,24,32.34,True
1324_10014_35_22088_22514,1324,10014,2026-08-29,22088,22514,35,0.618,0,4,20,26.34,True
1324_10014_36_22514_22182,1324,10014,2026-08-29,22514,22182,36,0.794,2,3,19,25.99,True
1324_10014_37_22182_22458,1324,10014,2026-08-29,22182,22458,37,0.626,1,2,18,24.84,True
1324_10014_38_22458_22267,1324,10014,2026-08-29,22458,22267,38,0.456,2,1,19,27.84,True
1324_10014_39_22267_22185,1324,10014,2026-08-29,22267,22185,39,0.576,1,4,16,27.49,True
1324_10014_40_22185_22645_PF3,1324,10014,2026-08-29,22185,22645_PF3,40,0.745,2,10,8,11.92,True
1324_10014_41_22645_PF3_22645_PF3,1324,10014,2026-08-29,22645_PF3,22645_PF3,41,0.0,0,8,0,9.92,True
1324_10015_1_21172_22068,1324,10015,2026-08-29,21172,22068,1,0.638,7,0,7,8.94,True
1324_10015_2_22068_21869,1324,10015,2026-08-29,22068,21869,2,0.53,8,0,15,20.18,True
1324_10015_3_21869_22585,1324,10015,2026-08-29,21869,22585,3,0.552,4,0,19,26.65,True
1324_10015_4_22585_21704,1324,10015,2026-08-29,22585,21704,4,0.914,4,0,23,31.78,True
1324_10015_5_21704_21859,1324,10015,2026-08-29,21704,21859,5,0.552,5,2,26,33.32,True
1324_10015_6_21859_21912,1324,10015,2026-08-29,21859,21912,6,0.968,6,1,31,38.93,True
1324_10015_7_21912_21801,1324,10015,2026-08-29,21912,21801,7,0.396,6,0,37,47.03,True
1324_10015_8_21801_22378,1324,10015,2026-08-29,21801,22378,8,0.267,6,1,42,51.65,True
1324_10015_9_22378_22318,1324,10015,2026-08-29,22378,22318,9,0.3,4,4,42,50.09,True
1324_10015_10_22318_22401,1324,10015,2026-08-29,22318,22401,10,0.297,7,1,48,55.32,True
1324_10015_11_22401_22596,1324,10015,2026-08-29,22401,22596,11,0.311,2,2,48,53.21,True
1324_10015_12_22596_22135,1324,10015,2026-08-29,22596,22135,12,0.588,6,3,51,55.23,True
1324_10015_13_22135_22172,1324,10015,2026-08-29,22135,22172,13,0.614,1,1,51,55.35,True
1324_10015_14_22172_21656,1324,10015,2026-08-29,22172,21656,14,0.492,3,6,48,49.61,True
1324_10015_15_21656_21976,1324,10015,2026-08-29,21656,21976,15,0.277,1,2,47,47.39,True
1324_10015_16_21976_21966,1324,10015,2026-08-29,21976,21966,16,0.205,3,4,46,45.16,True
1324_10015_17_21966_22326,1324,10015,2026-08-29,21966,22326,17,0.349,2,6,42,40.03,True
1324_10015_18_22326_35837,1324,10015,2026-08-29,22326,35837,18,0.313,1,4,39,35.92,True
1324_10015_19_35837_22383,1324,10015,2026-08-29,35837,22383,19,0.227,3,1,41,39.51,True
1324_10015_20_22383_22600,1324,10015,2026-08-29,22383,22600,20,0.504,4,2,43,43.78,True
1324_10015_21_22600_22461,1324,10015,2026-08-29,22600,22461,21,0.236,1,2,42,42.97,True
1324_10015_22_22461_21667,1324,10015,2026-08-29,22461,21667,22,0.654,4,3,43,45.1,True
1324_10015_23_21667_22540,1324,10015,2026-08-29,21667,22540,23,0.414,1,5,39,42.39,True
1324_10015_24_22540_21777,1324,10015,2026-08-29,22540,21777,24,0.61,1,3,37,41.2,True
1324_10015_25_21777_22125,1324,10015,2026-08-29,21777,22125,25,0.738,1,7,31,33.41,True
1324_10015_26_22125_22429,1324,10015,2026-08-29,22125,22429,26,0.372,3,6,28,31.87,True
1324_10015_27_22429_22187,1324,10015,2026-08-29,22429,22187,27,0.262,4,3,29,32.48,True
1324_10015_28_22187_22366,1324,10015,2026-08-29,22187,22366,28,0.675,3,2,30,33.54,True
1324_10015_29_22366_21847,1324,10015,2026-08-29,22366,21847,29,0.53,4,5,29,34.49,True
1324_10015_30_21847_22556,1324,10015,2026-08-29,21847,22556,30,0.429,2,0,31,37.55,True
1324_10015_31_22556_27778,1324,10015,2026-08-29,22556,27778,31,0.814,3,3,31,41.11,True
1324_10015_32_27778_38787,1324,10015,2026-08-29,27778,38787,32,0.159,5,2,34,45.34,True
1324_10015_33_38787_21739,1324,10015,2026-08-29,38787,21739,33,0.453,1,5,30,40.92,True
1324_10015_34_21739_22088,1324,10015,2026-08-29,21739,22088,34,0.636,0,1,29,39.97,True
1324_10015_35_22088_22514,1324,10015,2026-08-29,22088,22514,35,0.618,0,1,28,38.59,True
1324_10015_36_22514_22182,1324,10015,2026-08-29,22514,22182,36,0.794,2,5,25,36.28,True
1324_10015_37_22182_22458,1324,10015,2026-08-29,22182,22458,37,0.626,2,4,23,34.08,True
1324_10015_38_22458_22267,1324,10015,2026-08-29,22458,22267,38,0.456,0,4,19,27.91,True
1324_10015_39_22267_22185,1324,10015,2026-08-29,22267,22185,39,0.576,3,6,16,23.38,True
1324_10015_40_22185_22645_PF3,1324,10015,2026-08-29,22185,22645_PF3,40,0.745,0,4,12,15.88,True
1324_10015_41_22645_PF3_22645_PF3,1324,10015,2026-08-29,22645_PF3,22645_PF3,41,0.0,0,12,0,6.5,True
1324_10016_1_21172_22068,1324,10016,2026-08-29,21172,22068,1,0.638,4,0,4,3.81,True
1324_10016_2_22068_21869,1324,10016,2026-08-29,22068,21869,2,0.53,4,0,8,9.93,True
1324_10016_3_21869_22585,1324,10016,2026-08-29,21869,22585,3,0.552,4,0,12,14.78,True
1324_10016_4_22585_21704,1324,10016,2026-08-29,22585,21704,4,0.914,7,0,19,24.58,True
1324_10016_5_21704_21859,1324,10016,2026-08-29,21704,21859,5,0.552,4,0,23,29.01,True
1324_10016_6_21859_21912,1324,10016,2026-08-29,21859,21912,6,0.968,4,0,27,34.9,True
1324_10016_7_21912_21801,1324,10016,2026-08-29,21912,21801,7,0.396,5,0,32,38.76,True
1324_10016_8_21801_22378,1324,10016,2026-08-29,21801,22378,8,0.267,5,0,37,42.49,True
1324_10016_9_22378_22318,1324,10016,2026-08-29,22378,22318,9,0.3,2,0,39,44.46,True
1324_10016_10_22318_22401,1324,10016,2026-08-29,22318,22401,10,0.297,0,3,36,39.46,True
1324_10016_11_22401_22596,1324,10016,2026-08-29,22401,22596,11,0.311,3,3,36,38.57,True
1324_10016_12_22596_22135,1324,10016,2026-08-29,22596,22135,12,0.588,5,4,37,39.05,True
1324_10016_13_22135_22172,1324,10016,2026-08-29,22135,22172,13,0.614,3,3,37,38.42,True
1324_10016_14_22172_21656,1324,10016,2026-08-29,22172,21656,14,0.492,1,4,34,33.78,True
1324_10016_15_21656_21976,1324,10016,2026-08-29,21656,21976,15,0.277,4,1,37,36.35,True
1324_10016_16_21976_21966,1324,10016,2026-08-29,21976,21966,16,0.205,3,2,38,37.25,True
1324_10016_17_21966_22326,1324,10016,2026-08-29,21966,22326,17,0.349,3,2,39,37.5,True
1324_10016_18_22326_35837,1324,10016,2026-08-29,22326,35837,18,0.313,4,2,41,39.47,True
1324_10016_19_35837_22383,1324,10016,2026-08-29,35837,22383,19,0.227,3,2,42,39.6,True
1324_10016_20_22383_22600,1324,10016,2026-08-29,22383,22600,20,0.504,3,2,43,40.87,True
1324_10016_21_22600_22461,1324,10016,2026-08-29,22600,22461,21,0.236,3,2,44,42.07,True
1324_10016_22_22461_21667,1324,10016,2026-08-29,22461,21667,22,0.654,3,6,41,40.23,True
1324_10016_23_21667_22540,1324,10016,2026-08-29,21667,22540,23,0.414,2,4,39,39.98,True
1324_10016_24_22540_21777,1324,10016,2026-08-29,22540,21777,24,0.61,2,2,39,41.36,True
1324_10016_25_21777_22125,1324,10016,2026-08-29,21777,22125,25,0.738,2,1,40,40.28,True
1324_10016_26_22125_22429,1324,10016,2026-08-29,22125,22429,26,0.372,2,6,36,35.06,True
1324_10016_27_22429_22187,1324,10016,2026-08-29,22429,22187,27,0.262,1,1,36,35.19,True
1324_10016_28_22187_22366,1324,10016,2026-08-29,22187,22366,28,0.675,0,3,33,30.16,True
1324_10016_29_22366_21847,1324,10016,2026-08-29,22366,21847,29,0.53,2,4,31,27.83,True
1324_10016_30_21847_22556,1324,10016,2026-08-29,21847,22556,30,0.429,2,5,28,27.46,True
1324_10016_31_22556_27778,1324,10016,2026-08-29,22556,27778,31,0.814,1,7,22,23.21,True
1324_10016_32_27778_38787,1324,10016,2026-08-29,27778,38787,32,0.159,1,1,22,23.38,True
1324_10016_33_38787_21739,1324,10016,2026-08-29,38787,21739,33,0.453,0,1,21,22.58,True
1324_10016_34_21739_22088,1324,10016,2026-08-29,21739,22088,34,0.636,4,1,24,28.44,True
1324_10016_35_22088_22514,1324,10016,2026-08-29,22088,22514,35,0.618,2,2,24,31.45,True
1324_10016_36_22514_22182,1324,10016,2026-08-29,22514,22182,36,0.794,1,3,22,30.78,True
1324_10016_37_22182_22458,1324,10016,2026-08-29,22182,22458,37,0.626,1,5,18,25.49,True
1324_10016_38_22458_22267,1324,10016,2026-08-29,22458,22267,38,0.456,2,4,16,19.39,True
1324_10016_39_22267_22185,1324,10016,2026-08-29,22267,22185,39,0.576,1,4,13,17.61,True
1324_10016_40_22185_22645_PF3,1324,10016,2026-08-29,22185,22645_PF3,40,0.745,0,3,10,14.34,True
1324_10016_41_22645_PF3_22645_PF3,1324,10016,2026-08-29,22645_PF3,22645_PF3,41,0.0,0,10,0,6.66,True
1324_10017_1_21172_22068,1324,10017,2026-08-29,21172,22068,1,0.638,5,0,5,6.51,True
1324_10017_2_22068_21869,1324,10017,2026-08-29,22068,21869,2,0.53,4,1,8,9.66,True
1324_10017_3_21869_22585,1324,10017,2026-08-29,21869,22585,3,0.552,3,0,11,13.33,True
1324_10017_4_22585_21704,1324,10017,2026-08-29,22585,21704,4,0.914,7,0,18,26.3,True
1324_10017_5_21704_21859,1324,10017,2026-08-29,21704,21859,5,0.552,3,0,21,29.24,True
1324_10017_6_21859_21912,1324,10017,2026-08-29,21859,21912,6,0.968,3,0,24,33.41,True
1324_10017_7_21912_21801,1324,10017,2026-08-29,21912,21801,7,0.396,2,2,24,29.61,True
1324_10017_8_21801_22378,1324,10017,2026-08-29,21801,22378,8,0.267,5,0,29,34.63,True
1324_10017_9_22378_22318,1324,10017,2026-08-29,22378,22318,9,0.3,4,1,32,36.42,True
1324_10017_10_22318_22401,1324,10017,2026-08-29,22318,22401,10,0.297,6,1,37,40.45,True
1324_10017_11_22401_22596,1324,10017,2026-08-29,22401,22596,11,0.311,2,1,38,41.42,True
1324_10017_12_22596_22135,1324,10017,2026-08-29,22596,22135,12,0.588,4,5,37,37.47,True
1324_10017_13_22135_22172,1324,10017,2026-08-29,22135,22172,13,0.614,3,1,39,37.97,True
1324_10017_14_22172_21656,1324,10017,2026-08-29,22172,21656,14,0.492,2,3,38,37.73,True
1324_10017_15_21656_21976,1324,10017,2026-08-29,21656,21976,15,0.277,0,4,34,32.35,True
1324_10017_16_21976_21966,1324,10017,2026-08-29,21976,21966,16,0.205,4,1,37,35.96,True
1324_10017_17_21966_22326,1324,10017,2026-08-29,21966,22326,17,0.349,2,1,38,37.26,True
1324_10017_18_22326_35837,1324,10017,2026-08-29,22326,35837,18,0.313,3,4,37,35.89,True
1324_10017_19_35837_22383,1324,10017,2026-08-29,35837,22383,19,0.227,3,5,35,34.82,True
1324_10017_20_22383_22600,1324,10017,2026-08-29,22383,22600,20,0.504,0,1,34,33.82,True
1324_10017_21_22600_22461,1324,10017,2026-08-29,22600,22461,21,0.236,7,2,39,41.34,True
1324_10017_22_22461_21667,1324,10017,2026-08-29,22461,21667,22,0.654,4,3,40,43.97,True
1324_10017_23_21667_22540,1324,10017,2026-08-29,21667,22540,23,0.414,2,1,41,45.31,True
1324_10017_24_22540_21777,1324,10017,2026-08-29,22540,21777,24,0.61,3,6,38,41.8,True
1324_10017_25_21777_22125,1324,10017,2026-08-29,21777,22125,25,0.738,2,2,38,41.75,True
1324_10017_26_22125_22429,1324,10017,2026-08-29,22125,22429,26,0.372,3,7,34,36.87,True
1324_10017_27_22429_22187,1324,10017,2026-08-29,22429,22187,27,0.262,0,3,31,33.22,True
1324_10017_28_22187_22366,1324,10017,2026-08-29,22187,22366,28,0.675,2,2,31,35.05,True
1324_10017_29_22366_21847,1324,10017,2026-08-29,22366,21847,29,0.53,1,1,31,35.1,True
1324_10017_30_21847_22556,1324,10017,2026-08-29,21847,22556,30,0.429,2,4,29,34.94,True
1324_10017_31_22556_27778,1324,10017,2026-08-29,22556,27778,31,0.814,1,2,28,34.12,True
1324_10017_32_27778_38787,1324,10017,2026-08-29,27778,38787,32,0.159,0,1,27,32.62,True
1324_10017_33_38787_21739,1324,10017,2026-08-29,38787,21739,33,0.453,4,4,27,34.16,True
1324_10017_34_21739_22088,1324,10017,2026-08-29,21739,22088,34,0.636,0,3,24,30.33,True
1324_10017_35_22088_22514,1324,10017,2026-08-29,22088,22514,35,0.618,0,2,22,26.83,True
1324_10017_36_22514_22182,1324,10017,2026-08-29,22514,22182,36,0.794,1,2,21,27.45,True
1324_10017_37_22182_22458,1324,10017,2026-08-29,22182,22458,37,0.626,3,4,20,30.42,True
1324_10017_38_22458_22267,1324,10017,2026-08-29,22458,22267,38,0.456,1,2,19,29.87,True
1324_10017_39_22267_22185,1324,10017,2026-08-29,22267,22185,39,0.576,2,4,17,28.95,True
1324_10017_40_22185_22645_PF3,1324,10017,2026-08-29,22185,22645_PF3,40,0.745,1,7,11,19.23,True
1324_10017_41_22645_PF3_22645_PF3,1324,10017,2026-08-29,22645_PF3,22645_PF3,41,0.0,0,11,0,9.42,True
1324_10018_1_21172_22068,1324,10018,2026-08-29,21172,22068,1,0.638,1,0,1,0.77,True
1324_10018_2_22068_21869,1324,10018,2026-08-29,22068,21869,2,0.53,2,0,3,4.27,True
1324_10018_3_21869_22585,1324,10018,2026-08-29,21869,22585,3,0.552,1,0,4,5.65,True
1324_10018_4_22585_21704,1324,10018,2026-08-29,22585,21704,4,0.914,0,0,4,5.65,True
1324_10018_5_21704_21859,1324,10018,2026-08-29,21704,21859,5,0.552,1,0,5,7.02,True
1324_10018_6_21859_21912,1324,10018,2026-08-29,21859,21912,6,0.968,0,0,5,7.02,True
1324_10018_7_21912_21801,1324,10018,2026-08-29,21912,21801,7,0.396,1,1,5,5.96,True
1324_10018_8_21801_22378,1324,10018,2026-08-29,21801,22378,8,0.267,0,0,5,5.96,True
1324_10018_9_22378_22318,1324,10018,2026-08-29,22378,22318,9,0.3,0,0,5,5.96,True
1324_10018_10_22318_22401,1324,10018,2026-08-29,22318,22401,10,0.297,0,0,5,5.96,True
1324_10018_11_22401_22596,1324,10018,2026-08-29,22401,22596,11,0.311,0,0,5,5.96,True
1324_10018_12_22596_22135,1324,10018,2026-08-29,22596,22135,12,0.588,0,0,5,5.96,True
1324_10018_13_22135_22172,1324,10018,2026-08-29,22135,22172,13,0.614,0,0,5,5.96,True
1324_10018_14_22172_21656,1324,10018,2026-08-29,22172,21656,14,0.492,1,1,5,4.46,True
1324_10018_15_21656_21976,1324,10018,2026-08-29,21656,21976,15,0.277,1,0,6,5.71,True
1324_10018_16_21976_21966,1324,10018,2026-08-29,21976,21966,16,0.205,0,2,4,2.97,True
1324_10018_17_21966_22326,1324,10018,2026-08-29,21966,22326,17,0.349,0,0,4,2.97,True
1324_10018_18_22326_35837,1324,10018,2026-08-29,22326,35837,18,0.313,0,0,4,2.97,True
1324_10018_19_35837_22383,1324,10018,2026-08-29,35837,22383,19,0.227,0,0,4,2.97,True
1324_10018_20_22383_22600,1324,10018,2026-08-29,22383,22600,20,0.504,0,0,4,2.97,True
1324_10018_21_22600_22461,1324,10018,2026-08-29,22600,22461,21,0.236,1,0,5,4.22,True
1324_10018_22_22461_21667,1324,10018,2026-08-29,22461,21667,22,0.654,2,0,7,7.58,True
1324_10018_23_21667_22540,1324,10018,2026-08-29,21667,22540,23,0.414,0,0,7,7.58,True
1324_10018_24_22540_21777,1324,10018,2026-08-29,22540,21777,24,0.61,0,0,7,7.58,True
1324_10018_25_21777_22125,1324,10018,2026-08-29,21777,22125,25,0.738,0,0,7,7.58,True
1324_10018_26_22125_22429,1324,10018,2026-08-29,22125,22429,26,0.372,0,1,6,6.63,True
1324_10018_27_22429_22187,1324,10018,2026-08-29,22429,22187,27,0.262,0,3,3,2.61,True
1324_10018_28_22187_22366,1324,10018,2026-08-29,22187,22366,28,0.675,0,0,3,2.61,True
1324_10018_29_22366_21847,1324,10018,2026-08-29,22366,21847,29,0.53,0,1,2,1.36,True
1324_10018_30_21847_22556,1324,10018,2026-08-29,21847,22556,30,0.429,2,0,4,2.86,True
1324_10018_31_22556_27778,1324,10018,2026-08-29,22556,27778,31,0.814,0,0,4,2.86,True
1324_10018_32_27778_38787,1324,10018,2026-08-29,27778,38787,32,0.159,0,1,3,2.86,True
1324_10018_33_38787_21739,1324,10018,2026-08-29,38787,21739,33,0.453,0,1,2,1.5,True
1324_10018_34_21739_22088,1324,10018,2026-08-29,21739,22088,34,0.636,0,1,1,1.5,True
1324_10018_35_22088_22514,1324,10018,2026-08-29,22088,22514,35,0.618,0,0,1,1.5,True
1324_10018_36_22514_22182,1324,10018,2026-08-29,22514,22182,36,0.794,0,0,1,1.5,True
1324_10018_37_22182_22458,1324,10018,2026-08-29,22182,22458,37,0.626,0,0,1,1.5,True
1324_10018_38_22458_22267,1324,10018,2026-08-29,22458,22267,38,0.456,0,0,1,1.5,True
1324_10018_39_22267_22185,1324,10018,2026-08-29,22267,22185,39,0.576,0,0,1,1.5,True
1324_10018_40_22185_22645_PF3,1324,10018,2026-08-29,22185,22645_PF3,40,0.745,0,1,0,0.0,True
1324_10018_41_22645_PF3_22645_PF3,1324,10018,2026-08-29,22645_PF3,22645_PF3,41,0.0,0,0,0,0.0,True
1324_10019_1_21172_22068,1324,10019,2026-08-29,21172,22068,1,0.638,0,0,0,0.0,True
1324_10019_2_22068_21869,1324,10019,2026-08-29,22068,21869,2,0.53,3,0,3,4.92,True
1324_10019_3_21869_22585,1324,10019,2026-08-29,21869,22585,3,0.552,1,0,4,7.42,True
1324_10019_4_22585_21704,1324,10019,2026-08-29,22585,21704,4,0.914,1,0,5,8.48,True
1324_10019_5_21704_21859,1324,10019,2026-08-29,21704,21859,5,0.552,0,1,4,5.98,True
1324_10019_6_21859_21912,1324,10019,2026-08-29,21859,21912,6,0.968,2,1,5,4.48,True
1324_10019_7_21912_21801,1324,10019,2026-08-29,21912,21801,7,0.396,1,0,6,9.48,True
1324_10019_8_21801_22378,1324,10019,2026-08-29,21801,22378,8,0.267,0,1,5,4.48,True
1324_10019_9_22378_22318,1324,10019,2026-08-29,22378,22318,9,0.3,0,0,5,4.48,True
1324_10019_10_22318_22401,1324,10019,2026-08-29,22318,22401,10,0.297,1,0,6,5.73,True
1324_10019_11_22401_22596,1324,10019,2026-08-29,22401,22596,11,0.311,1,0,7,7.16,True
1324_10019_12_22596_22135,1324,10019,2026-08-29,22596,22135,12,0.588,1,0,8,8.16,True
1324_10019_13_22135_22172,1324,10019,2026-08-29,22135,22172,13,0.614,2,1,9,9.16,True
1324_10019_14_22172_21656,1324,10019,2026-08-29,22172,21656,14,0.492,0,0,9,9.16,True
1324_10019_15_21656_21976,1324,10019,2026-08-29,21656,21976,15,0.277,0,0,9,9.16,True
1324_10019_16_21976_21966,1324,10019,2026-08-29,21976,21966,16,0.205,0,0,9,9.16,True
1324_10019_17_21966_22326,1324,10019,2026-08-29,21966,22326,17,0.349,1,0,10,10.41,True
1324_10019_18_22326_35837,1324,10019,2026-08-29,22326,35837,18,0.313,0,2,8,7.73,True
1324_10019_19_35837_22383,1324,10019,2026-08-29,35837,22383,19,0.227,0,1,7,6.67,True
1324_10019_20_22383_22600,1324,10019,2026-08-29,22383,22600,20,0.504,1,0,8,8.34,True
1324_10019_21_22600_22461,1324,10019,2026-08-29,22600,22461,21,0.236,0,1,7,7.28,True
1324_10019_22_22461_21667,1324,10019,2026-08-29,22461,21667,22,0.654,1,0,8,8.95,True
1324_10019_23_21667_22540,1324,10019,2026-08-29,21667,22540,23,0.414,0,0,8,8.95,True
1324_10019_24_22540_21777,1324,10019,2026-08-29,22540,21777,24,0.61,0,3,5,6.58,True
1324_10019_25_21777_22125,1324,10019,2026-08-29,21777,22125,25,0.738,0,2,3,3.67,True
1324_10019_26_22125_22429,1324,10019,2026-08-29,22125,22429,26,0.372,0,1,2,2.0,True
1324_10019_27_22429_22187,1324,10019,2026-08-29,22429,22187,27,0.262,0,0,2,2.0,True
1324_10019_28_22187_22366,1324,10019,2026-08-29,22187,22366,28,0.675,0,0,2,2.0,True
1324_10019_29_22366_21847,1324,10019,2026-08-29,22366,21847,29,0.53,0,0,2,2.0,True
1324_10019_30_21847_22556,1324,10019,2026-08-29,21847,22556,30,0.429,0,1,1,1.0,True
1324_10019_31_22556_27778,1324,10019,2026-08-29,22556,27778,31,0.814,0,1,0,0.0,True
1324_10019_32_27778_38787,1324,10019,2026-08-29,27778,38787,32,0.159,2,0,2,3.67,True
1324_10019_33_38787_21739,1324,10019,2026-08-29,38787,21739,33,0.453,0,0,2,3.67,True
1324_10019_34_21739_22088,1324,10019,2026-08-29,21739,22088,34,0.636,0,0,2,3.67,True
1324_10019_35_22088_22514,1324,10019,2026-08-29,22088,22514,35,0.618,0,0,2,3.67,True
1324_10019_36_22514_22182,1324,10019,2026-08-29,22514,22182,36,0.794,0,0,2,3.67,True
1324_10019_37_22182_22458,1324,10019,2026-08-29,22182,22458,37,0.626,0,1,1,1.67,True
1324_10019_38_22458_22267,1324,10019,2026-08-29,22458,22267,38,0.456,0,1,0,0.0,True
1324_10019_39_22267_22185,1324,10019,2026-08-29,22267,22185,39,0.576,0,0,0,0.0,True
1324_10019_40_22185_22645_PF3,1324,10019,2026-08-29,22185,22645_PF3,40,0.745,1,0,1,2.5,True
1324_10019_41_22645_PF3_22645_PF3,1324,10019,2026-08-29,22645_PF3,22645_PF3,41,0.0,0,1,0,2.5,True
998_1002_1_20940_21231,998,1002,2026-08-29,20940,21231,1,0.583,1,0,1,2.0,True
998_1002_2_21231_20726,998,1002,2026-08-29,21231,20726,2,0.729,5,0,6,14.33,True
998_1002_3_20726_22317,998,1002,2026-08-29,20726,22317,3,0.948,4,0,10,21.83,True
998_1002_4_22317_22286,998,1002,2026-08-29,22317,22286,4,0.398,2,0,12,25.17,True
998_1002_5_22286_21572,998,1002,2026-08-29,22286,21572,5,0.41,3,1,14,24.33,True
998_1002_6_21572_21173,998,1002,2026-08-29,21572,21173,6,0.62,1,6,9,17.33,True
1324_10020_1_21172_22068,1324,10020,2026-08-29,21172,22068,1,0.638,3,0,3,5.42,True
1324_10020_2_22068_21869,1324,10020,2026-08-29,22068,21869,2,0.53,2,0,5,8.08,True
1324_10020_3_21869_22585,1324,10020,2026-08-29,21869,22585,3,0.552,3,0,8,13.6,True
1324_10020_4_22585_21704,1324,10020,2026-08-29,22585,21704,4,0.914,2,1,9,15.6,True
1324_10020_5_21704_21859,1324,10020,2026-08-29,21704,21859,5,0.552,3,0,12,18.84,True
1324_10020_6_21859_21912,1324,10020,2026-08-29,21859,21912,6,0.968,0,1,11,15.5,True
1324_10020_7_21912_21801,1324,10020,2026-08-29,21912,21801,7,0.396,1,0,12,17.17,True
1324_10020_8_21801_22378,1324,10020,2026-08-29,21801,22378,8,0.267,2,0,14,19.95,True
1324_10020_9_22378_22318,1324,10020,2026-08-29,22378,22318,9,0.3,1,3,12,16.2,True
1324_10020_10_22318_22401,1324,10020,2026-08-29,22318,22401,10,0.297,0,1,11,14.53,True
1324_10020_11_22401_22596,1324,10020,2026-08-29,22401,22596,11,0.311,1,1,11,14.12,True
1324_10020_12_22596_22135,1324,10020,2026-08-29,22596,22135,12,0.588,2,0,13,17.02,True
1324_10020_13_22135_22172,1324,10020,2026-08-29,22135,22172,13,0.614,0,1,12,15.35,True
1324_10020_14_22172_21656,1324,10020,2026-08-29,22172,21656,14,0.492,3,2,13,15.56,True
1324_10020_15_21656_21976,1324,10020,2026-08-29,21656,21976,15,0.277,3,0,16,19.35,True
1324_10020_16_21976_21966,1324,10020,2026-08-29,21976,21966,16,0.205,2,0,18,22.03,True
1324_10020_17_21966_22326,1324,10020,2026-08-29,21966,22326,17,0.349,1,3,16,19.1,True
1324_10020_18_22326_35837,1324,10020,2026-08-29,22326,35837,18,0.313,3,1,18,22.64,True
1324_10020_19_35837_22383,1324,10020,2026-08-29,35837,22383,19,0.227,0,2,16,20.26,True
1324_10020_20_22383_22600,1324,10020,2026-08-29,22383,22600,20,0.504,3,2,17,22.37,True
1324_10020_21_22600_22461,1324,10020,2026-08-29,22600,22461,21,0.236,2,2,17,21.78,True
1324_10020_22_22461_21667,1324,10020,2026-08-29,22461,21667,22,0.654,0,1,16,20.35,True
1324_10020_23_21667_22540,1324,10020,2026-08-29,21667,22540,23,0.414,2,1,17,22.62,True
1324_10020_24_22540_21777,1324,10020,2026-08-29,22540,21777,24,0.61,1,4,14,18.36,True
1324_10020_25_21777_22125,1324,10020,2026-08-29,21777,22125,25,0.738,1,0,15,19.49,True
1324_10020_26_22125_22429,1324,10020,2026-08-29,22125,22429,26,0.372,1,2,14,17.82,True
1324_10020_27_22429_22187,1324,10020,2026-08-29,22429,22187,27,0.262,1,2,13,15.74,True
1324_10020_28_22187_22366,1324,10020,2026-08-29,22187,22366,28,0.675,2,0,15,19.74,True
1324_10020_29_22366_21847,1324,10020,2026-08-29,22366,21847,29,0.53,2,4,13,18.6,True
1324_10020_30_21847_22556,1324,10020,2026-08-29,21847,22556,30,0.429,0,0,13,18.6,True
1324_10020_31_22556_27778,1324,10020,2026-08-29,22556,27778,31,0.814,1,0,14,20.75,True
1324_10020_32_27778_38787,1324,10020,2026-08-29,27778,38787,32,0.159,1,3,12,17.72,True
1324_10020_33_38787_21739,1324,10020,2026-08-29,38787,21739,33,0.453,1,1,12,16.47,True
1324_10020_34_21739_22088,1324,10020,2026-08-29,21739,22088,34,0.636,1,1,12,17.22,True
1324_10020_35_22088_22514,1324,10020,2026-08-29,22088,22514,35,0.618,0,0,12,17.22,True
1324_10020_36_22514_22182,1324,10020,2026-08-29,22514,22182,36,0.794,1,1,12,17.22,True
1324_10020_37_22182_22458,1324,10020,2026-08-29,22182,22458,37,0.626,0,1,11,15.35,True
1324_10020_38_22458_22267,1324,10020,2026-08-29,22458,22267,38,0.456,0,3,8,11.0,True
1324_10020_39_22267_22185,1324,10020,2026-08-29,22267,22185,39,0.576,1,3,6,7.8,True
1324_10020_40_22185_22645_PF3,1324,10020,2026-08-29,22185,22645_PF3,40,0.745,2,4,4,7.79,True
1324_10020_41_22645_PF3_22645_PF3,1324,10020,2026-08-29,22645_PF3,22645_PF3,41,0.0,0,4,0,6.67,True
1324_10021_1_21172_22068,1324,10021,2026-08-29,21172,22068,1,0.638,3,0,3,4.06,True
1324_10021_2_22068_21869,1324,10021,2026-08-29,22068,21869,2,0.53,2,0,5,6.3,True
1324_10021_3_21869_22585,1324,10021,2026-08-29,21869,22585,3,0.552,3,0,8,11.22,True
1324_10021_4_22585_21704,1324,10021,2026-08-29,22585,21704,4,0.914,3,0,11,14.54,True
1324_10021_5_21704_21859,1324,10021,2026-08-29,21704,21859,5,0.552,0,1,10,12.04,True
1324_10021_6_21859_21912,1324,10021,2026-08-29,21859,21912,6,0.968,1,0,11,12.89,True
1324_10021_7_21912_21801,1324,10021,2026-08-29,21912,21801,7,0.396,1,0,12,12.89,True
1324_10021_8_21801_22378,1324,10021,2026-08-29,21801,22378,8,0.267,0,0,12,12.89,True
1324_10021_9_22378_22318,1324,10021,2026-08-29,22378,22318,9,0.3,3,1,14,15.39,True
1324_10021_10_22318_22401,1324,10021,2026-08-29,22318,22401,10,0.297,0,1,13,13.73,True
1324_10021_11_22401_22596,1324,10021,2026-08-29,22401,22596,11,0.311,2,0,15,15.45,True
1324_10021_12_22596_22135,1324,10021,2026-08-29,22596,22135,12,0.588,1,0,16,15.45,True
1324_10021_13_22135_22172,1324,10021,2026-08-29,22135,22172,13,0.614,0,2,14,12.59,True
1324_10021_14_22172_21656,1324,10021,2026-08-29,22172,21656,14,0.492,1,2,13,9.23,True
1324_10021_15_21656_21976,1324,10021,2026-08-29,21656,21976,15,0.277,2,2,13,11.43,True
1324_10021_16_21976_21966,1324,10021,2026-08-29,21976,21966,16,0.205,2,0,15,13.78,True
1324_10021_17_21966_22326,1324,10021,2026-08-29,21966,22326,17,0.349,3,1,17,16.07,True
1324_10021_18_22326_35837,1324,10021,2026-08-29,22326,35837,18,0.313,0,0,17,16.07,True
1324_10021_19_35837_22383,1324,10021,2026-08-29,35837,22383,19,0.227,2,0,19,18.74,True
1324_10021_20_22383_22600,1324,10021,2026-08-29,22383,22600,20,0.504,3,2,20,20.4,True
1324_10021_21_22600_22461,1324,10021,2026-08-29,22600,22461,21,0.236,1,0,21,21.83,True
1324_10021_22_22461_21667,1324,10021,2026-08-29,22461,21667,22,0.654,0,0,21,21.83,True
1324_10021_23_21667_22540,1324,10021,2026-08-29,21667,22540,23,0.414,1,0,22,23.83,True
1324_10021_24_22540_21777,1324,10021,2026-08-29,22540,21777,24,0.61,0,0,22,23.83,True
1324_10021_25_21777_22125,1324,10021,2026-08-29,21777,22125,25,0.738,4,3,23,26.3,True
1324_10021_26_22125_22429,1324,10021,2026-08-29,22125,22429,26,0.372,1,2,22,25.25,True
1324_10021_27_22429_22187,1324,10021,2026-08-29,22429,22187,27,0.262,2,1,23,26.84,True
1324_10021_28_22187_22366,1324,10021,2026-08-29,22187,22366,28,0.675,2,3,22,23.25,True
1324_10021_29_22366_21847,1324,10021,2026-08-29,22366,21847,29,0.53,1,1,22,28.25,True
1324_10021_30_21847_22556,1324,10021,2026-08-29,21847,22556,30,0.429,2,3,21,24.5,True
1324_10021_31_22556_27778,1324,10021,2026-08-29,22556,27778,31,0.814,0,5,16,18.08,True
1324_10021_32_27778_38787,1324,10021,2026-08-29,27778,38787,32,0.159,1,1,16,18.89,True
1324_10021_33_38787_21739,1324,10021,2026-08-29,38787,21739,33,0.453,0,1,15,17.64,True
1324_10021_34_21739_22088,1324,10021,2026-08-29,21739,22088,34,0.636,1,2,14,15.1,True
1324_10021_35_22088_22514,1324,10021,2026-08-29,22088,22514,35,0.618,1,3,12,12.85,True
1324_10021_36_22514_22182,1324,10021,2026-08-29,22514,22182,36,0.794,2,0,14,17.35,True
1324_10021_37_22182_22458,1324,10021,2026-08-29,22182,22458,37,0.626,2,3,13,17.79,True
1324_10021_38_22458_22267,1324,10021,2026-08-29,22458,22267,38,0.456,2,3,12,15.29,True
1324_10021_39_22267_22185,1324,10021,2026-08-29,22267,22185,39,0.576,0,0,12,15.29,True
1324_10021_40_22185_22645_PF3,1324,10021,2026-08-29,22185,22645_PF3,40,0.745,0,2,10,12.13,True
1324_10021_41_22645_PF3_22645_PF3,1324,10021,2026-08-29,22645_PF3,22645_PF3,41,0.0,0,10,0,5.7,True
1324_10022_1_21172_22068,1324,10022,2026-08-29,21172,22068,1,0.638,4,0,4,7.12,True
1324_10022_2_22068_21869,1324,10022,2026-08-29,22068,21869,2,0.53,4,0,8,10.46,True
1324_10022_3_21869_22585,1324,10022,2026-08-29,21869,22585,3,0.552,1,0,9,12.46,True
1324_10022_4_22585_21704,1324,10022,2026-08-29,22585,21704,4,0.914,2,0,11,15.21,True
1324_10022_5_21704_21859,1324,10022,2026-08-29,21704,21859,5,0.552,1,0,12,16.71,True
1324_10022_6_21859_21912,1324,10022,2026-08-29,21859,21912,6,0.968,1,0,13,17.78,True
1324_10022_7_21912_21801,1324,10022,2026-08-29,21912,21801,7,0.396,1,3,11,12.78,True
1324_10022_8_21801_22378,1324,10022,2026-08-29,21801,22378,8,0.267,3,2,12,11.69,True
1324_10022_9_22378_22318,1324,10022,2026-08-29,22378,22318,9,0.3,1,0,13,12.69,True
1324_10022_10_22318_22401,1324,10022,2026-08-29,22318,22401,10,0.297,2,0,15,15.16,True
1324_10022_11_22401_22596,1324,10022,2026-08-29,22401,22596,11,0.311,2,0,17,18.16,True
1324_10022_12_22596_22135,1324,10022,2026-08-29,22596,22135,12,0.588,3,0,20,22.08,True
1324_10022_13_22135_22172,1324,10022,2026-08-29,22135,22172,13,0.614,1,1,20,21.24,True
1324_10022_14_22172_21656,1324,10022,2026-08-29,22172,21656,14,0.492,1,0,21,22.9,True
1324_10022_15_21656_21976,1324,10022,2026-08-29,21656,21976,15,0.277,5,4,22,23.14,True
1324_10022_16_21976_21966,1324,10022,2026-08-29,21976,21966,16,0.205,1,1,22,22.57,True
1324_10022_17_21966_22326,1324,10022,2026-08-29,21966,22326,17,0.349,2,2,22,21.67,True
1324_10022_18_22326_35837,1324,10022,2026-08-29,22326,35837,18,0.313,2,0,24,24.46,True
1324_10022_19_35837_22383,1324,10022,2026-08-29,35837,22383,19,0.227,1,1,24,24.7,True
1324_10022_20_22383_22600,1324,10022,2026-08-29,22383,22600,20,0.504,1,4,21,21.07,True
1324_10022_21_22600_22461,1324,10022,2026-08-29,22600,22461,21,0.236,0,2,19,18.16,True
1324_10022_22_22461_21667,1324,10022,2026-08-29,22461,21667,22,0.654,1,2,18,16.19,True
1324_10022_23_21667_22540,1324,10022,2026-08-29,21667,22540,23,0.414,1,2,17,14.96,True
1324_10022_24_22540_21777,1324,10022,2026-08-29,22540,21777,24,0.61,2,1,18,16.64,True
1324_10022_25_21777_22125,1324,10022,2026-08-29,21777,22125,25,0.738,2,1,19,19.14,True
1324_10022_26_22125_22429,1324,10022,2026-08-29,22125,22429,26,0.372,3,0,22,23.15,True
1324_10022_27_22429_22187,1324,10022,2026-08-29,22429,22187,27,0.262,3,0,25,26.01,True
1324_10022_28_22187_22366,1324,10022,2026-08-29,22187,22366,28,0.675,1,3,23,23.61,True
1324_10022_29_22366_21847,1324,10022,2026-08-29,22366,21847,29,0.53,0,1,22,22.61,True
1324_10022_30_21847_22556,1324,10022,2026-08-29,21847,22556,30,0.429,1,0,23,24.27,True
1324_10022_31_22556_27778,1324,10022,2026-08-29,22556,27778,31,0.814,1,4,20,22.01,True
1324_10022_32_27778_38787,1324,10022,2026-08-29,27778,38787,32,0.159,1,1,20,23.05,True
1324_10022_33_38787_21739,1324,10022,2026-08-29,38787,21739,33,0.453,0,0,20,23.05,True
1324_10022_34_21739_22088,1324,10022,2026-08-29,21739,22088,34,0.636,1,2,19,23.48,True
1324_10022_35_22088_22514,1324,10022,2026-08-29,22088,22514,35,0.618,1,3,17,22.7,True
1324_10022_36_22514_22182,1324,10022,2026-08-29,22514,22182,36,0.794,0,3,14,17.84,True
1324_10022_37_22182_22458,1324,10022,2026-08-29,22182,22458,37,0.626,2,2,14,19.6,True
1324_10022_38_22458_22267,1324,10022,2026-08-29,22458,22267,38,0.456,1,4,11,13.83,True
1324_10022_39_22267_22185,1324,10022,2026-08-29,22267,22185,39,0.576,1,5,7,10.08,True
1324_10022_40_22185_22645_PF3,1324,10022,2026-08-29,22185,22645_PF3,40,0.745,0,3,4,6.54,True
1324_10022_41_22645_PF3_22645_PF3,1324,10022,2026-08-29,22645_PF3,22645_PF3,41,0.0,0,4,0,4.04,True
1324_10023_1_21172_22068,1324,10023,2026-08-29,21172,22068,1,0.638,2,0,2,2.26,True
1324_10023_2_22068_21869,1324,10023,2026-08-29,22068,21869,2,0.53,2,0,4,5.26,True
1324_10023_3_21869_22585,1324,10023,2026-08-29,21869,22585,3,0.552,2,0,6,6.69,True
1324_10023_4_22585_21704,1324,10023,2026-08-29,22585,21704,4,0.914,2,0,8,8.61,True
1324_10023_5_21704_21859,1324,10023,2026-08-29,21704,21859,5,0.552,2,0,10,9.81,True
1324_10023_6_21859_21912,1324,10023,2026-08-29,21859,21912,6,0.968,1,0,11,10.96,True
1324_10023_7_21912_21801,1324,10023,2026-08-29,21912,21801,7,0.396,4,0,15,16.14,True
1324_10023_8_21801_22378,1324,10023,2026-08-29,21801,22378,8,0.267,2,0,17,18.0,True
1324_10023_9_22378_22318,1324,10023,2026-08-29,22378,22318,9,0.3,1,0,18,20.0,True
1324_10023_10_22318_22401,1324,10023,2026-08-29,22318,22401,10,0.297,2,3,17,17.66,True
1324_10023_11_22401_22596,1324,10023,2026-08-29,22401,22596,11,0.311,1,1,17,17.48,True
1324_10023_12_22596_22135,1324,10023,2026-08-29,22596,22135,12,0.588,2,1,18,16.83,True
1324_10023_13_22135_22172,1324,10023,2026-08-29,22135,22172,13,0.614,2,0,20,19.49,True
1324_10023_14_22172_21656,1324,10023,2026-08-29,22172,21656,14,0.492,2,2,20,17.07,True
1324_10023_15_21656_21976,1324,10023,2026-08-29,21656,21976,15,0.277,2,1,21,17.9,True
1324_10023_16_21976_21966,1324,10023,2026-08-29,21976,21966,16,0.205,0,2,19,16.23,True
1324_10023_17_21966_22326,1324,10023,2026-08-29,21966,22326,17,0.349,1,1,19,14.8,True
1324_10023_18_22326_35837,1324,10023,2026-08-29,22326,35837,18,0.313,0,2,17,13.68,True
1324_10023_19_35837_22383,1324,10023,2026-08-29,35837,22383,19,0.227,2,1,18,14.65,True
1324_10023_20_22383_22600,1324,10023,2026-08-29,22383,22600,20,0.504,1,1,18,14.83,True
1324_10023_21_22600_22461,1324,10023,2026-08-29,22600,22461,21,0.236,3,4,17,16.15,True
1324_10023_22_22461_21667,1324,10023,2026-08-29,22461,21667,22,0.654,1,1,17,21.15,True
1324_10023_23_21667_22540,1324,10023,2026-08-29,21667,22540,23,0.414,2,3,16,17.65,True
1324_10023_24_22540_21777,1324,10023,2026-08-29,22540,21777,24,0.61,1,2,15,16.19,True
1324_10023_25_21777_22125,1324,10023,2026-08-29,21777,22125,25,0.738,1,4,12,13.01,True
1324_10023_26_22125_22429,1324,10023,2026-08-29,22125,22429,26,0.372,2,0,14,15.76,True
1324_10023_27_22429_22187,1324,10023,2026-08-29,22429,22187,27,0.262,0,0,14,15.76,True
1324_10023_28_22187_22366,1324,10023,2026-08-29,22187,22366,28,0.675,1,1,14,15.63,True
1324_10023_29_22366_21847,1324,10023,2026-08-29,22366,21847,29,0.53,1,1,14,16.21,True
1324_10023_30_21847_22556,1324,10023,2026-08-29,21847,22556,30,0.429,2,1,15,19.58,True
1324_10023_31_22556_27778,1324,10023,2026-08-29,22556,27778,31,0.814,1,2,14,19.16,True
1324_10023_32_27778_38787,1324,10023,2026-08-29,27778,38787,32,0.159,4,0,18,23.69,True
1324_10023_33_38787_21739,1324,10023,2026-08-29,38787,21739,33,0.453,4,1,21,30.49,True
1324_10023_34_21739_22088,1324,10023,2026-08-29,21739,22088,34,0.636,1,1,21,32.57,True
1324_10023_35_22088_22514,1324,10023,2026-08-29,22088,22514,35,0.618,0,1,20,31.07,True
1324_10023_36_22514_22182,1324,10023,2026-08-29,22514,22182,36,0.794,1,4,17,26.73,True
1324_10023_37_22182_22458,1324,10023,2026-08-29,22182,22458,37,0.626,0,2,15,20.9,True
1324_10023_38_22458_22267,1324,10023,2026-08-29,22458,22267,38,0.456,2,2,15,20.28,True
1324_10023_39_22267_22185,1324,10023,2026-08-29,22267,22185,39,0.576,0,4,11,14.55,True
1324_10023_40_22185_22645_PF3,1324,10023,2026-08-29,22185,22645_PF3,40,0.745,1,4,8,11.33,True
1324_10023_41_22645_PF3_22645_PF3,1324,10023,2026-08-29,22645_PF3,22645_PF3,41,0.0,0,8,0,7.79,True
1324_10024_1_21172_22068,1324,10024,2026-08-29,21172,22068,1,0.638,4,0,4,6.49,True
1324_10024_2_22068_21869,1324,10024,2026-08-29,22068,21869,2,0.53,4,0,8,10.65,True
1324_10024_3_21869_22585,1324,10024,2026-08-29,21869,22585,3,0.552,1,0,9,12.03,True
1324_10024_4_22585_21704,1324,10024,2026-08-29,22585,21704,4,0.914,0,0,9,12.03,True
1324_10024_5_21704_21859,1324,10024,2026-08-29,21704,21859,5,0.552,2,0,11,13.96,True
1324_10024_6_21859_21912,1324,10024,2026-08-29,21859,21912,6,0.968,2,0,13,16.47,True
1324_10024_7_21912_21801,1324,10024,2026-08-29,21912,21801,7,0.396,1,1,13,15.09,True
1324_10024_8_21801_22378,1324,10024,2026-08-29,21801,22378,8,0.267,2,1,14,17.05,True
1324_10024_9_22378_22318,1324,10024,2026-08-29,22378,22318,9,0.3,2,0,16,18.96,True
1324_10024_10_22318_22401,1324,10024,2026-08-29,22318,22401,10,0.297,4,1,19,22.52,True
1324_10024_11_22401_22596,1324,10024,2026-08-29,22401,22596,11,0.311,1,1,19,21.71,True
1324_10024_12_22596_22135,1324,10024,2026-08-29,22596,22135,12,0.588,0,1,18,20.34,True
1324_10024_13_22135_22172,1324,10024,2026-08-29,22135,22172,13,0.614,1,0,19,20.34,True
1324_10024_14_22172_21656,1324,10024,2026-08-29,22172,21656,14,0.492,2,0,21,22.59,True
1324_10024_15_21656_21976,1324,10024,2026-08-29,21656,21976,15,0.277,1,2,20,19.59,True
1324_10024_16_21976_21966,1324,10024,2026-08-29,21976,21966,16,0.205,1,3,18,16.71,True
1324_10024_17_21966_22326,1324,10024,2026-08-29,21966,22326,17,0.349,1,3,16,14.46,True
1324_10024_18_22326_35837,1324,10024,2026-08-29,22326,35837,18,0.313,3,2,17,14.92,True
1324_10024_19_35837_22383,1324,10024,2026-08-29,35837,22383,19,0.227,4,1,20,18.63,True
1324_10024_20_22383_22600,1324,10024,2026-08-29,22383,22600,20,0.504,1,4,17,15.17,True
1324_10024_21_22600_22461,1324,10024,2026-08-29,22600,22461,21,0.236,1,1,17,14.51,True
1324_10024_22_22461_21667,1324,10024,2026-08-29,22461,21667,22,0.654,1,0,18,15.87,True
1324_10024_23_21667_22540,1324,10024,2026-08-29,21667,22540,23,0.414,1,0,19,17.74,True
1324_10024_24_22540_21777,1324,10024,2026-08-29,22540,21777,24,0.61,5,1,23,22.51,True
1324_10024_25_21777_22125,1324,10024,2026-08-29,21777,22125,25,0.738,1,1,23,22.71,True
1324_10024_26_22125_22429,1324,10024,2026-08-29,22125,22429,26,0.372,2,1,24,24.95,True
1324_10024_27_22429_22187,1324,10024,2026-08-29,22429,22187,27,0.262,3,2,25,27.78,True
1324_10024_28_22187_22366,1324,10024,2026-08-29,22187,22366,28,0.675,1,0,26,29.07,True
1324_10024_29_22366_21847,1324,10024,2026-08-29,22366,21847,29,0.53,0,0,26,29.07,True
1324_10024_30_21847_22556,1324,10024,2026-08-29,21847,22556,30,0.429,1,4,23,29.37,True
1324_10024_31_22556_27778,1324,10024,2026-08-29,22556,27778,31,0.814,1,4,20,25.24,True
1324_10024_32_27778_38787,1324,10024,2026-08-29,27778,38787,32,0.159,1,0,21,26.74,True
1324_10024_33_38787_21739,1324,10024,2026-08-29,38787,21739,33,0.453,3,2,22,32.51,True
1324_10024_34_21739_22088,1324,10024,2026-08-29,21739,22088,34,0.636,0,3,19,24.58,True
1324_10024_35_22088_22514,1324,10024,2026-08-29,22088,22514,35,0.618,0,2,17,21.79,True
1324_10024_36_22514_22182,1324,10024,2026-08-29,22514,22182,36,0.794,0,2,15,19.39,True
1324_10024_37_22182_22458,1324,10024,2026-08-29,22182,22458,37,0.626,0,2,13,16.62,True
1324_10024_38_22458_22267,1324,10024,2026-08-29,22458,22267,38,0.456,1,1,13,17.34,True
1324_10024_39_22267_22185,1324,10024,2026-08-29,22267,22185,39,0.576,2,3,12,12.79,True
1324_10024_40_22185_22645_PF3,1324,10024,2026-08-29,22185,22645_PF3,40,0.745,0,3,9,10.19,True
1324_10024_41_22645_PF3_22645_PF3,1324,10024,2026-08-29,22645_PF3,22645_PF3,41,0.0,0,9,0,8.52,True
1324_10025_1_21172_22068,1324,10025,2026-08-29,21172,22068,1,0.638,2,0,2,3.38,True
1324_10025_2_22068_21869,1324,10025,2026-08-29,22068,21869,2,0.53,1,0,3,4.12,True
1324_10025_3_21869_22585,1324,10025,2026-08-29,21869,22585,3,0.552,1,0,4,5.48,True
1324_10025_4_22585_21704,1324,10025,2026-08-29,22585,21704,4,0.914,0,0,4,5.48,True
1324_10025_5_21704_21859,1324,10025,2026-08-29,21704,21859,5,0.552,1,0,5,6.91,True
1324_10025_6_21859_21912,1324,10025,2026-08-29,21859,21912,6,0.968,0,0,5,6.91,True
1324_10025_7_21912_21801,1324,10025,2026-08-29,21912,21801,7,0.396,0,0,5,6.91,True
1324_10025_8_21801_22378,1324,10025,2026-08-29,21801,22378,8,0.267,0,0,5,6.91,True
1324_10025_9_22378_22318,1324,10025,2026-08-29,22378,22318,9,0.3,2,1,6,5.85,True
1324_10025_10_22318_22401,1324,10025,2026-08-29,22318,22401,10,0.297,4,0,10,10.3,True
1324_10025_11_22401_22596,1324,10025,2026-08-29,22401,22596,11,0.311,2,0,12,12.77,True
1324_10025_12_22596_22135,1324,10025,2026-08-29,22596,22135,12,0.588,0,1,11,11.34,True
1324_10025_13_22135_22172,1324,10025,2026-08-29,22135,22172,13,0.614,5,1,15,13.81,True
1324_10025_14_22172_21656,1324,10025,2026-08-29,22172,21656,14,0.492,4,1,18,16.57,True
1324_10025_15_21656_21976,1324,10025,2026-08-29,21656,21976,15,0.277,1,0,19,17.69,True
1324_10025_16_21976_21966,1324,10025,2026-08-29,21976,21966,16,0.205,0,0,19,17.69,True
1324_10025_17_21966_22326,1324,10025,2026-08-29,21966,22326,17,0.349,2,0,21,19.99,True
1324_10025_18_22326_35837,1324,10025,2026-08-29,22326,35837,18,0.313,3,1,23,22.52,True
1324_10025_19_35837_22383,1324,10025,2026-08-29,35837,22383,19,0.227,2,1,24,22.84,True
1324_10025_20_22383_22600,1324,10025,2026-08-29,22383,22600,20,0.504,1,2,23,23.73,True
1324_10025_21_22600_22461,1324,10025,2026-08-29,22600,22461,21,0.236,1,4,20,23.55,True
1324_10025_22_22461_21667,1324,10025,2026-08-29,22461,21667,22,0.654,3,2,21,25.11,True
1324_10025_23_21667_22540,1324,10025,2026-08-29,21667,22540,23,0.414,0,4,17,19.5,True
1324_10025_24_22540_21777,1324,10025,2026-08-29,22540,21777,24,0.61,0,1,16,18.39,True
1324_10025_25_21777_22125,1324,10025,2026-08-29,21777,22125,25,0.738,2,1,17,19.25,True
1324_10025_26_22125_22429,1324,10025,2026-08-29,22125,22429,26,0.372,0,1,16,17.82,True
1324_10025_27_22429_22187,1324,10025,2026-08-29,22429,22187,27,0.262,0,0,16,17.82,True
1324_10025_28_22187_22366,1324,10025,2026-08-29,22187,22366,28,0.675,0,3,13,13.46,True
1324_10025_29_22366_21847,1324,10025,2026-08-29,22366,21847,29,0.53,0,1,12,12.72,True
1324_10025_30_21847_22556,1324,10025,2026-08-29,21847,22556,30,0.429,0,0,12,12.72,True
1324_10025_31_22556_27778,1324,10025,2026-08-29,22556,27778,31,0.814,1,2,11,12.74,True
1324_10025_32_27778_38787,1324,10025,2026-08-29,27778,38787,32,0.159,1,0,12,14.41,True
1324_10025_33_38787_21739,1324,10025,2026-08-29,38787,21739,33,0.453,1,0,13,16.41,True
1324_10025_34_21739_22088,1324,10025,2026-08-29,21739,22088,34,0.636,0,4,9,11.89,True
1324_10025_35_22088_22514,1324,10025,2026-08-29,22088,22514,35,0.618,2,1,10,13.37,True
1324_10025_36_22514_22182,1324,10025,2026-08-29,22514,22182,36,0.794,1,3,8,9.26,True
1324_10025_37_22182_22458,1324,10025,2026-08-29,22182,22458,37,0.626,2,0,10,13.43,True
1324_10025_38_22458_22267,1324,10025,2026-08-29,22458,22267,38,0.456,0,1,9,11.43,True
1324_10025_39_22267_22185,1324,10025,2026-08-29,22267,22185,39,0.576,0,1,8,10.66,True
1324_10025_40_22185_22645_PF3,1324,10025,2026-08-29,22185,22645_PF3,40,0.745,0,4,4,7.02,True
1324_10025_41_22645_PF3_22645_PF3,1324,10025,2026-08-29,22645_PF3,22645_PF3,41,0.0,0,4,0,2.86,True
1324_10026_1_21172_22068,1324,10026,2026-08-29,21172,22068,1,0.638,4,0,4,4.4,True
1324_10026_2_22068_21869,1324,10026,2026-08-29,22068,21869,2,0.53,3,0,7,9.23,True
1324_10026_3_21869_22585,1324,10026,2026-08-29,21869,22585,3,0.552,1,0,8,10.13,True
1324_10026_4_22585_21704,1324,10026,2026-08-29,22585,21704,4,0.914,1,1,8,9.16,True
1324_10026_5_21704_21859,1324,10026,2026-08-29,21704,21859,5,0.552,2,0,10,12.16,True
1324_10026_6_21859_21912,1324,10026,2026-08-29,21859,21912,6,0.968,1,0,11,12.93,True
1324_10026_7_21912_21801,1324,10026,2026-08-29,21912,21801,7,0.396,1,0,12,13.93,True
1324_10026_8_21801_22378,1324,10026,2026-08-29,21801,22378,8,0.267,0,2,10,10.6,True
1324_10026_9_22378_22318,1324,10026,2026-08-29,22378,22318,9,0.3,1,0,11,11.85,True
1324_10026_10_22318_22401,1324,10026,2026-08-29,22318,22401,10,0.297,6,0,17,20.5,True
1324_10026_11_22401_22596,1324,10026,2026-08-29,22401,22596,11,0.311,2,0,19,23.37,True
1324_10026_12_22596_22135,1324,10026,2026-08-29,22596,22135,12,0.588,1,1,19,23.12,True
1324_10026_13_22135_22172,1324,10026,2026-08-29,22135,22172,13,0.614,2,0,21,25.06,True
1324_10026_14_22172_21656,1324,10026,2026-08-29,22172,21656,14,0.492,1,2,20,23.39,True
1324_10026_15_21656_21976,1324,10026,2026-08-29,21656,21976,15,0.277,3,4,19,19.42,True
1324_10026_16_21976_21966,1324,10026,2026-08-29,21976,21966,16,0.205,2,0,21,21.58,True
1324_10026_17_21966_22326,1324,10026,2026-08-29,21966,22326,17,0.349,0,1,20,20.33,True
1324_10026_18_22326_35837,1324,10026,2026-08-29,22326,35837,18,0.313,2,0,22,23.25,True
1324_10026_19_35837_22383,1324,10026,2026-08-29,35837,22383,19,0.227,0,1,21,22.25,True
1324_10026_20_22383_22600,1324,10026,2026-08-29,22383,22600,20,0.504,3,3,21,23.67,True
1324_10026_21_22600_22461,1324,10026,2026-08-29,22600,22461,21,0.236,4,4,21,24.3,True
1324_10026_22_22461_21667,1324,10026,2026-08-29,22461,21667,22,0.654,4,1,24,28.12,True
1324_10026_23_21667_22540,1324,10026,2026-08-29,21667,22540,23,0.414,1,2,23,28.57,True
1324_10026_24_22540_21777,1324,10026,2026-08-29,22540,21777,24,0.61,2,1,24,29.76,True
1324_10026_25_21777_22125,1324,10026,2026-08-29,21777,22125,25,0.738,2,5,21,29.72,True
1324_10026_26_22125_22429,1324,10026,2026-08-29,22125,22429,26,0.372,3,4,20,24.87,True
1324_10026_27_22429_22187,1324,10026,2026-08-29,22429,22187,27,0.262,1,1,20,23.57,True
1324_10026_28_22187_22366,1324,10026,2026-08-29,22187,22366,28,0.675,1,1,20,22.32,True
1324_10026_29_22366_21847,1324,10026,2026-08-29,22366,21847,29,0.53,0,1,19,20.65,True
1324_10026_30_21847_22556,1324,10026,2026-08-29,21847,22556,30,0.429,0,1,18,19.4,True
1324_10026_31_22556_27778,1324,10026,2026-08-29,22556,27778,31,0.814,2,1,19,19.88,True
1324_10026_32_27778_38787,1324,10026,2026-08-29,27778,38787,32,0.159,1,2,18,20.36,True
1324_10026_33_38787_21739,1324,10026,2026-08-29,38787,21739,33,0.453,0,1,17,18.93,True
1324_10026_34_21739_22088,1324,10026,2026-08-29,21739,22088,34,0.636,2,1,18,22.89,True
1324_10026_35_22088_22514,1324,10026,2026-08-29,22088,22514,35,0.618,1,2,17,22.95,True
1324_10026_36_22514_22182,1324,10026,2026-08-29,22514,22182,36,0.794,4,3,18,24.58,True
1324_10026_37_22182_22458,1324,10026,2026-08-29,22182,22458,37,0.626,1,2,17,23.05,True
1324_10026_38_22458_22267,1324,10026,2026-08-29,22458,22267,38,0.456,1,2,16,20.0,True
1324_10026_39_22267_22185,1324,10026,2026-08-29,22267,22185,39,0.576,1,3,14,18.26,True
1324_10026_40_22185_22645_PF3,1324,10026,2026-08-29,22185,22645_PF3,40,0.745,0,1,13,16.98,True
1324_10026_41_22645_PF3_22645_PF3,1324,10026,2026-08-29,22645_PF3,22645_PF3,41,0.0,0,13,0,9.48,True
1324_10027_1_21172_22068,1324,10027,2026-08-29,21172,22068,1,0.638,4,0,4,5.38,True
1324_10027_2_22068_21869,1324,10027,2026-08-29,22068,21869,2,0.53,4,0,8,11.66,True
1324_10027_3_21869_22585,1324,10027,2026-08-29,21869,22585,3,0.552,4,0,12,18.77,True
1324_10027_4_22585_21704,1324,10027,2026-08-29,22585,21704,4,0.914,3,0,15,22.11,True
1324_10027_5_21704_21859,1324,10027,2026-08-29,21704,21859,5,0.552,6,1,20,26.59,True
1324_10027_6_21859_21912,1324,10027,2026-08-29,21859,21912,6,0.968,3,2,21,26.08,True
1324_10027_7_21912_21801,1324,10027,2026-08-29,21912,21801,7,0.396,4,1,24,28.08,True
1324_10027_8_21801_22378,1324,10027,2026-08-29,21801,22378,8,0.267,1,1,24,27.33,True
1324_10027_9_22378_22318,1324,10027,2026-08-29,22378,22318,9,0.3,4,2,26,27.65,True
1324_10027_10_22318_22401,1324,10027,2026-08-29,22318,22401,10,0.297,7,1,32,32.01,True
1324_10027_11_22401_22596,1324,10027,2026-08-29,22401,22596,11,0.311,4,4,32,29.75,True
1324_10027_12_22596_22135,1324,10027,2026-08-29,22596,22135,12,0.588,1,0,33,31.11,True
1324_10027_13_22135_22172,1324,10027,2026-08-29,22135,22172,13,0.614,3,2,34,31.47,True
1324_10027_14_22172_21656,1324,10027,2026-08-29,22172,21656,14,0.492,0,2,32,29.8,True
1324_10027_15_21656_21976,1324,10027,2026-08-29,21656,21976,15,0.277,2,1,33,29.71,True
1324_10027_16_21976_21966,1324,10027,2026-08-29,21976,21966,16,0.205,1,2,32,28.35,True
1324_10027_17_21966_22326,1324,10027,2026-08-29,21966,22326,17,0.349,2,2,32,32.35,True
1324_10027_18_22326_35837,1324,10027,2026-08-29,22326,35837,18,0.313,1,2,31,27.3,True
1324_10027_19_35837_22383,1324,10027,2026-08-29,35837,22383,19,0.227,0,7,24,21.27,True
1324_10027_20_22383_22600,1324,10027,2026-08-29,22383,22600,20,0.504,1,2,23,20.61,True
1324_10027_21_22600_22461,1324,10027,2026-08-29,22600,22461,21,0.236,0,1,22,20.61,True
1324_10027_22_22461_21667,1324,10027,2026-08-29,22461,21667,22,0.654,1,3,20,19.08,True
1324_10027_23_21667_22540,1324,10027,2026-08-29,21667,22540,23,0.414,3,3,20,21.51,True
1324_10027_24_22540_21777,1324,10027,2026-08-29,22540,21777,24,0.61,2,1,21,22.44,True
1324_10027_25_21777_22125,1324,10027,2026-08-29,21777,22125,25,0.738,3,2,22,25.35,True
1324_10027_26_22125_22429,1324,10027,2026-08-29,22125,22429,26,0.372,2,2,22,23.47,True
1324_10027_27_22429_22187,1324,10027,2026-08-29,22429,22187,27,0.262,1,1,22,24.32,True
1324_10027_28_22187_22366,1324,10027,2026-08-29,22187,22366,28,0.675,1,2,21,23.65,True
1324_10027_29_22366_21847,1324,10027,2026-08-29,22366,21847,29,0.53,1,4,18,17.92,True
1324_10027_30_21847_22556,1324,10027,2026-08-29,21847,22556,30,0.429,0,1,17,17.02,True
1324_10027_31_22556_27778,1324,10027,2026-08-29,22556,27778,31,0.814,2,2,17,17.57,True
1324_10027_32_27778_38787,1324,10027,2026-08-29,27778,38787,32,0.159,2,0,19,20.67,True
1324_10027_33_38787_21739,1324,10027,2026-08-29,38787,21739,33,0.453,1,5,15,16.32,True
1324_10027_34_21739_22088,1324,10027,2026-08-29,21739,22088,34,0.636,2,0,17,18.32,True
1324_10027_35_22088_22514,1324,10027,2026-08-29,22088,22514,35,0.618,0,2,15,14.32,True
1324_10027_36_22514_22182,1324,10027,2026-08-29,22514,22182,36,0.794,2,3,14,13.79,True
1324_10027_37_22182_22458,1324,10027,2026-08-29,22182,22458,37,0.626,0,1,13,13.79,True
1324_10027_38_22458_22267,1324,10027,2026-08-29,22458,22267,38,0.456,2,2,13,14.62,True
1324_10027_39_22267_22185,1324,10027,2026-08-29,22267,22185,39,0.576,0,4,9,10.36,True
1324_10027_40_22185_22645_PF3,1324,10027,2026-08-29,22185,22645_PF3,40,0.745,1,5,5,5.74,True
1324_10027_41_22645_PF3_22645_PF3,1324,10027,2026-08-29,22645_PF3,22645_PF3,41,0.0,0,5,0,5.74,True
1324_10028_1_21172_22068,1324,10028,2026-08-29,21172,22068,1,0.638,3,0,3,4.7,True
1324_10028_2_22068_21869,1324,10028,2026-08-29,22068,21869,2,0.53,2,0,5,9.34,True
1324_10028_3_21869_22585,1324,10028,2026-08-29,21869,22585,3,0.552,2,0,7,11.63,True
1324_10028_4_22585_21704,1324,10028,2026-08-29,22585,21704,4,0.914,0,0,7,11.63,True
1324_10028_5_21704_21859,1324,10028,2026-08-29,21704,21859,5,0.552,2,0,9,13.48,True
1324_10028_6_21859_21912,1324,10028,2026-08-29,21859,21912,6,0.968,3,1,11,14.31,True
1324_10028_7_21912_21801,1324,10028,2026-08-29,21912,21801,7,0.396,1,0,12,15.31,True
1324_10028_8_21801_22378,1324,10028,2026-08-29,21801,22378,8,0.267,2,1,13,15.69,True
1324_10028_9_22378_22318,1324,10028,2026-08-29,22378,22318,9,0.3,0,1,12,13.55,True
1324_10028_10_22318_22401,1324,10028,2026-08-29,22318,22401,10,0.297,4,1,15,16.46,True
1324_10028_11_22401_22596,1324,10028,2026-08-29,22401,22596,11,0.311,4,1,18,21.08,True
1324_10028_12_22596_22135,1324,10028,2026-08-29,22596,22135,12,0.588,0,1,17,19.41,True
1324_10028_13_22135_22172,1324,10028,2026-08-29,22135,22172,13,0.614,1,0,18,20.41,True
1324_10028_14_22172_21656,1324,10028,2026-08-29,22172,21656,14,0.492,1,1,18,19.74,True
1324_10028_15_21656_21976,1324,10028,2026-08-29,21656,21976,15,0.277,3,2,19,18.85,True
1324_10028_16_21976_21966,1324,10028,2026-08-29,21976,21966,16,0.205,1,0,20,20.1,True
1324_10028_17_21966_22326,1324,10028,2026-08-29,21966,22326,17,0.349,2,1,21,21.25,True
1324_10028_18_22326_35837,1324,10028,2026-08-29,22326,35837,18,0.313,0,2,19,18.77,True
1324_10028_19_35837_22383,1324,10028,2026-08-29,35837,22383,19,0.227,0,1,18,17.66,True
1324_10028_20_22383_22600,1324,10028,2026-08-29,22383,22600,20,0.504,2,3,17,19.11,True
1324_10028_21_22600_22461,1324,10028,2026-08-29,22600,22461,21,0.236,2,1,18,20.63,True
1324_10028_22_22461_21667,1324,10028,2026-08-29,22461,21667,22,0.654,2,2,18,20.75,True
1324_10028_23_21667_22540,1324,10028,2026-08-29,21667,22540,23,0.414,2,1,19,23.04,True
1324_10028_24_22540_21777,1324,10028,2026-08-29,22540,21777,24,0.61,1,2,18,22.67,True
1324_10028_25_21777_22125,1324,10028,2026-08-29,21777,22125,25,0.738,1,1,18,22.97,True
1324_10028_26_22125_22429,1324,10028,2026-08-29,22125,22429,26,0.372,3,1,20,25.23,True
1324_10028_27_22429_22187,1324,10028,2026-08-29,22429,22187,27,0.262,2,1,21,25.35,True
1324_10028_28_22187_22366,1324,10028,2026-08-29,22187,22366,28,0.675,2,2,21,26.44,True
1324_10028_29_22366_21847,1324,10028,2026-08-29,22366,21847,29,0.53,3,1,23,30.84,True
1324_10028_30_21847_22556,1324,10028,2026-08-29,21847,22556,30,0.429,0,1,22,29.68,True
1324_10028_31_22556_27778,1324,10028,2026-08-29,22556,27778,31,0.814,1,4,19,25.76,True
1324_10028_32_27778_38787,1324,10028,2026-08-29,27778,38787,32,0.159,1,3,17,22.85,True
1324_10028_33_38787_21739,1324,10028,2026-08-29,38787,21739,33,0.453,0,2,15,20.55,True
1324_10028_34_21739_22088,1324,10028,2026-08-29,21739,22088,34,0.636,0,2,13,17.5,True
1324_10028_35_22088_22514,1324,10028,2026-08-29,22088,22514,35,0.618,0,3,10,13.38,True
1324_10028_36_22514_22182,1324,10028,2026-08-29,22514,22182,36,0.794,0,0,10,13.38,True
1324_10028_37_22182_22458,1324,10028,2026-08-29,22182,22458,37,0.626,0,3,7,9.63,True
1324_10028_38_22458_22267,1324,10028,2026-08-29,22458,22267,38,0.456,1,2,6,9.31,True
1324_10028_39_22267_22185,1324,10028,2026-08-29,22267,22185,39,0.576,1,4,3,4.53,True
1324_10028_40_22185_22645_PF3,1324,10028,2026-08-29,22185,22645_PF3,40,0.745,0,1,2,3.33,True
1324_10028_41_22645_PF3_22645_PF3,1324,10028,2026-08-29,22645_PF3,22645_PF3,41,0.0,0,2,0,1.67,True
1324_10029_1_21172_22068,1324,10029,2026-08-29,21172,22068,1,0.638,5,0,5,8.87,True
1324_10029_2_22068_21869,1324,10029,2026-08-29,22068,21869,2,0.53,5,0,10,14.71,True
1324_10029_3_21869_22585,1324,10029,2026-08-29,21869,22585,3,0.552,3,0,13,18.1,True
1324_10029_4_22585_21704,1324,10029,2026-08-29,22585,21704,4,0.914,3,0,16,22.53,True
1324_10029_5_21704_21859,1324,10029,2026-08-29,21704,21859,5,0.552,1,1,16,20.03,True
1324_10029_6_21859_21912,1324,10029,2026-08-29,21859,21912,6,0.968,2,1,17,20.26,True
1324_10029_7_21912_21801,1324,10029,2026-08-29,21912,21801,7,0.396,3,0,20,23.79,True
1324_10029_8_21801_22378,1324,10029,2026-08-29,21801,22378,8,0.267,0,0,20,23.79,True
1324_10029_9_22378_22318,1324,10029,2026-08-29,22378,22318,9,0.3,1,1,20,22.59,True
1324_10029_10_22318_22401,1324,10029,2026-08-29,22318,22401,10,0.297,7,2,25,26.82,True
1324_10029_11_22401_22596,1324,10029,2026-08-29,22401,22596,11,0.311,1,1,25,26.23,True
1324_10029_12_22596_22135,1324,10029,2026-08-29,22596,22135,12,0.588,1,0,26,27.0,True
1324_10029_13_22135_22172,1324,10029,2026-08-29,22135,22172,13,0.614,1,1,26,26.5,True
1324_10029_14_22172_21656,1324,10029,2026-08-29,22172,21656,14,0.492,3,3,26,24.11,True
1324_10029_15_21656_21976,1324,10029,2026-08-29,21656,21976,15,0.277,2,0,28,26.47,True
1324_10029_16_21976_21966,1324,10029,2026-08-29,21976,21966,16,0.205,3,1,30,27.63,True
1324_10029_17_21966_22326,1324,10029,2026-08-29,21966,22326,17,0.349,2,2,30,27.7,True
1324_10029_18_22326_35837,1324,10029,2026-08-29,22326,35837,18,0.313,0,1,29,27.7,True
1324_10029_19_35837_22383,1324,10029,2026-08-29,35837,22383,19,0.227,2,2,29,27.89,True
1324_10029_20_22383_22600,1324,10029,2026-08-29,22383,22600,20,0.504,0,2,27,25.74,True
1324_10029_21_22600_22461,1324,10029,2026-08-29,22600,22461,21,0.236,3,1,29,30.6,True
1324_10029_22_22461_21667,1324,10029,2026-08-29,22461,21667,22,0.654,0,1,28,29.7,True
1324_10029_23_21667_22540,1324,10029,2026-08-29,21667,22540,23,0.414,1,2,27,28.34,True
1324_10029_24_22540_21777,1324,10029,2026-08-29,22540,21777,24,0.61,2,1,28,30.02,True
1324_10029_25_21777_22125,1324,10029,2026-08-29,21777,22125,25,0.738,1,2,27,30.61,True
1324_10029_26_22125_22429,1324,10029,2026-08-29,22125,22429,26,0.372,2,4,25,27.96,True
1324_10029_27_22429_22187,1324,10029,2026-08-29,22429,22187,27,0.262,2,4,23,24.18,True
1324_10029_28_22187_22366,1324,10029,2026-08-29,22187,22366,28,0.675,4,3,24,27.4,True
1324_10029_29_22366_21847,1324,10029,2026-08-29,22366,21847,29,0.53,0,2,22,25.37,True
1324_10029_30_21847_22556,1324,10029,2026-08-29,21847,22556,30,0.429,2,2,22,25.39,True
1324_10029_31_22556_27778,1324,10029,2026-08-29,22556,27778,31,0.814,2,3,21,26.17,True
1324_10029_32_27778_38787,1324,10029,2026-08-29,27778,38787,32,0.159,0,2,19,24.15,True
1324_10029_33_38787_21739,1324,10029,2026-08-29,38787,21739,33,0.453,1,0,20,26.15,True
1324_10029_34_21739_22088,1324,10029,2026-08-29,21739,22088,34,0.636,3,2,21,29.06,True
1324_10029_35_22088_22514,1324,10029,2026-08-29,22088,22514,35,0.618,2,3,20,27.51,True
1324_10029_36_22514_22182,1324,10029,2026-08-29,22514,22182,36,0.794,2,3,19,27.44,True
1324_10029_37_22182_22458,1324,10029,2026-08-29,22182,22458,37,0.626,1,3,17,25.77,True
1324_10029_38_22458_22267,1324,10029,2026-08-29,22458,22267,38,0.456,0,7,10,15.83,True
1324_10029_39_22267_22185,1324,10029,2026-08-29,22267,22185,39,0.576,2,0,12,19.99,True
1324_10029_40_22185_22645_PF3,1324,10029,2026-08-29,22185,22645_PF3,40,0.745,0,6,6,11.38,True
1324_10029_41_22645_PF3_22645_PF3,1324,10029,2026-08-29,22645_PF3,22645_PF3,41,0.0,0,6,0,3.54,True
998_1003_1_20940_21231,998,1003,2026-08-29,20940,21231,1,0.583,6,0,6,19.17,True
998_1003_2_21231_20726,998,1003,2026-08-29,21231,20726,2,0.729,6,1,11,27.67,True
998_1003_3_20726_22317,998,1003,2026-08-29,20726,22317,3,0.948,4,0,15,35.17,True
998_1003_4_22317_22286,998,1003,2026-08-29,22317,22286,4,0.398,8,4,19,38.5,True
998_1003_5_22286_21572,998,1003,2026-08-29,22286,21572,5,0.41,0,1,18,36.0,True
998_1003_6_21572_21173,998,1003,2026-08-29,21572,21173,6,0.62,4,5,17,33.5,True
1324_10030_1_21172_22068,1324,10030,2026-08-29,21172,22068,1,0.638,1,0,1,0.74,True
1324_10030_2_22068_21869,1324,10030,2026-08-29,22068,21869,2,0.53,1,0,2,2.24,True
1324_10030_3_21869_22585,1324,10030,2026-08-29,21869,22585,3,0.552,3,0,5,4.91,True
1324_10030_4_22585_21704,1324,10030,2026-08-29,22585,21704,4,0.914,1,0,6,5.91,True
1324_10030_5_21704_21859,1324,10030,2026-08-29,21704,21859,5,0.552,3,1,8,9.0,True
1324_10030_6_21859_21912,1324,10030,2026-08-29,21859,21912,6,0.968,2,0,10,12.06,True
1324_10030_7_21912_21801,1324,10030,2026-08-29,21912,21801,7,0.396,2,0,12,13.22,True
1324_10030_8_21801_22378,1324,10030,2026-08-29,21801,22378,8,0.267,1,1,12,13.22,True
1324_10030_9_22378_22318,1324,10030,2026-08-29,22378,22318,9,0.3,3,0,15,16.19,True
1324_10030_10_22318_22401,1324,10030,2026-08-29,22318,22401,10,0.297,0,0,15,16.19,True
1324_10030_11_22401_22596,1324,10030,2026-08-29,22401,22596,11,0.311,4,2,17,15.08,True
1324_10030_12_22596_22135,1324,10030,2026-08-29,22596,22135,12,0.588,1,2,16,13.11,True
1324_10030_13_22135_22172,1324,10030,2026-08-29,22135,22172,13,0.614,0,1,15,11.86,True
1324_10030_14_22172_21656,1324,10030,2026-08-29,22172,21656,14,0.492,2,1,16,12.03,True
1324_10030_15_21656_21976,1324,10030,2026-08-29,21656,21976,15,0.277,1,0,17,13.15,True
1324_10030_16_21976_21966,1324,10030,2026-08-29,21976,21966,16,0.205,1,0,18,14.4,True
1324_10030_17_21966_22326,1324,10030,2026-08-29,21966,22326,17,0.349,3,1,20,17.57,True
1324_10030_18_22326_35837,1324,10030,2026-08-29,22326,35837,18,0.313,3,1,22,18.57,True
1324_10030_19_35837_22383,1324,10030,2026-08-29,35837,22383,19,0.227,2,0,24,20.94,True
1324_10030_20_22383_22600,1324,10030,2026-08-29,22383,22600,20,0.504,4,5,23,22.02,True
1324_10030_21_22600_22461,1324,10030,2026-08-29,22600,22461,21,0.236,1,1,23,22.68,True
1324_10030_22_22461_21667,1324,10030,2026-08-29,22461,21667,22,0.654,0,2,21,21.68,True
1324_10030_23_21667_22540,1324,10030,2026-08-29,21667,22540,23,0.414,2,2,21,21.54,True
1324_10030_24_22540_21777,1324,10030,2026-08-29,22540,21777,24,0.61,0,2,19,20.29,True
1324_10030_25_21777_22125,1324,10030,2026-08-29,21777,22125,25,0.738,0,1,18,18.86,True
1324_10030_26_22125_22429,1324,10030,2026-08-29,22125,22429,26,0.372,0,1,17,17.44,True
1324_10030_27_22429_22187,1324,10030,2026-08-29,22429,22187,27,0.262,1,3,15,14.63,True
1324_10030_28_22187_22366,1324,10030,2026-08-29,22187,22366,28,0.675,1,3,13,13.39,True
1324_10030_29_22366_21847,1324,10030,2026-08-29,22366,21847,29,0.53,1,1,13,15.03,True
1324_10030_30_21847_22556,1324,10030,2026-08-29,21847,22556,30,0.429,2,1,14,16.69,True
1324_10030_31_22556_27778,1324,10030,2026-08-29,22556,27778,31,0.814,2,3,13,17.5,True
1324_10030_32_27778_38787,1324,10030,2026-08-29,27778,38787,32,0.159,3,0,16,22.86,True
1324_10030_33_38787_21739,1324,10030,2026-08-29,38787,21739,33,0.453,0,0,16,22.86,True
1324_10030_34_21739_22088,1324,10030,2026-08-29,21739,22088,34,0.636,0,2,14,20.36,True
1324_10030_35_22088_22514,1324,10030,2026-08-29,22088,22514,35,0.618,1,1,14,19.53,True
1324_10030_36_22514_22182,1324,10030,2026-08-29,22514,22182,36,0.794,0,5,9,12.47,True
1324_10030_37_22182_22458,1324,10030,2026-08-29,22182,22458,37,0.626,1,0,10,14.47,True
1324_10030_38_22458_22267,1324,10030,2026-08-29,22458,22267,38,0.456,2,3,9,14.24,True
1324_10030_39_22267_22185,1324,10030,2026-08-29,22267,22185,39,0.576,2,3,8,9.72,True
1324_10030_40_22185_22645_PF3,1324,10030,2026-08-29,22185,22645_PF3,40,0.745,1,1,8,8.08,True
1324_10030_41_22645_PF3_22645_PF3,1324,10030,2026-08-29,22645_PF3,22645_PF3,41,0.0,0,8,0,3.25,True
1324_10031_1_21172_22068,1324,10031,2026-08-29,21172,22068,1,0.638,0,0,0,0.0,True
1324_10031_2_22068_21869,1324,10031,2026-08-29,22068,21869,2,0.53,0,0,0,0.0,True
1324_10031_3_21869_22585,1324,10031,2026-08-29,21869,22585,3,0.552,2,0,2,1.67,True
1324_10031_4_22585_21704,1324,10031,2026-08-29,22585,21704,4,0.914,3,0,5,5.36,True
1324_10031_5_21704_21859,1324,10031,2026-08-29,21704,21859,5,0.552,3,0,8,8.28,True
1324_10031_6_21859_21912,1324,10031,2026-08-29,21859,21912,6,0.968,1,0,9,9.64,True
1324_10031_7_21912_21801,1324,10031,2026-08-29,21912,21801,7,0.396,1,0,10,11.31,True
1324_10031_8_21801_22378,1324,10031,2026-08-29,21801,22378,8,0.267,3,1,12,12.14,True
1324_10031_9_22378_22318,1324,10031,2026-08-29,22378,22318,9,0.3,0,0,12,12.14,True
1324_10031_10_22318_22401,1324,10031,2026-08-29,22318,22401,10,0.297,2,1,13,13.73,True
1324_10031_11_22401_22596,1324,10031,2026-08-29,22401,22596,11,0.311,2,1,14,14.24,True
1324_10031_12_22596_22135,1324,10031,2026-08-29,22596,22135,12,0.588,1,1,14,14.24,True
1324_10031_13_22135_22172,1324,10031,2026-08-29,22135,22172,13,0.614,2,1,15,15.23,True
1324_10031_14_22172_21656,1324,10031,2026-08-29,22172,21656,14,0.492,1,2,14,13.59,True
1324_10031_15_21656_21976,1324,10031,2026-08-29,21656,21976,15,0.277,2,4,12,9.65,True
1324_10031_16_21976_21966,1324,10031,2026-08-29,21976,21966,16,0.205,1,0,13,10.9,True
1324_10031_17_21966_22326,1324,10031,2026-08-29,21966,22326,17,0.349,2,1,14,11.83,True
1324_10031_18_22326_35837,1324,10031,2026-08-29,22326,35837,18,0.313,2,1,15,12.83,True
1324_10031_19_35837_22383,1324,10031,2026-08-29,35837,22383,19,0.227,0,1,14,11.58,True
1324_10031_20_22383_22600,1324,10031,2026-08-29,22383,22600,20,0.504,2,1,15,13.5,True
1324_10031_21_22600_22461,1324,10031,2026-08-29,22600,22461,21,0.236,3,1,17,17.96,True
1324_10031_22_22461_21667,1324,10031,2026-08-29,22461,21667,22,0.654,4,2,19,20.97,True
1324_10031_23_21667_22540,1324,10031,2026-08-29,21667,22540,23,0.414,1,2,18,20.53,True
1324_10031_24_22540_21777,1324,10031,2026-08-29,22540,21777,24,0.61,1,0,19,22.2,True
1324_10031_25_21777_22125,1324,10031,2026-08-29,21777,22125,25,0.738,1,0,20,23.26,True
1324_10031_26_22125_22429,1324,10031,2026-08-29,22125,22429,26,0.372,3,3,20,20.17,True
1324_10031_27_22429_22187,1324,10031,2026-08-29,22429,22187,27,0.262,1,2,19,18.37,True
1324_10031_28_22187_22366,1324,10031,2026-08-29,22187,22366,28,0.675,1,3,17,17.66,True
1324_10031_29_22366_21847,1324,10031,2026-08-29,22366,21847,29,0.53,2,2,17,19.54,True
1324_10031_30_21847_22556,1324,10031,2026-08-29,21847,22556,30,0.429,0,2,15,17.27,True
1324_10031_31_22556_27778,1324,10031,2026-08-29,22556,27778,31,0.814,2,0,17,20.3,True
1324_10031_32_27778_38787,1324,10031,2026-08-29,27778,38787,32,0.159,1,2,16,19.31,True
1324_10031_33_38787_21739,1324,10031,2026-08-29,38787,21739,33,0.453,1,1,16,19.52,True
1324_10031_34_21739_22088,1324,10031,2026-08-29,21739,22088,34,0.636,2,2,16,21.81,True
1324_10031_35_22088_22514,1324,10031,2026-08-29,22088,22514,35,0.618,1,0,17,23.24,True
1324_10031_36_22514_22182,1324,10031,2026-08-29,22514,22182,36,0.794,2,1,18,25.03,True
1324_10031_37_22182_22458,1324,10031,2026-08-29,22182,22458,37,0.626,1,1,18,26.33,True
1324_10031_38_22458_22267,1324,10031,2026-08-29,22458,22267,38,0.456,0,3,15,23.47,True
1324_10031_39_22267_22185,1324,10031,2026-08-29,22267,22185,39,0.576,3,2,16,25.3,True
1324_10031_40_22185_22645_PF3,1324,10031,2026-08-29,22185,22645_PF3,40,0.745,0,4,12,19.4,True
1324_10031_41_22645_PF3_22645_PF3,1324,10031,2026-08-29,22645_PF3,22645_PF3,41,0.0,0,12,0,11.53,True
1324_10032_1_21172_22068,1324,10032,2026-08-29,21172,22068,1,0.638,5,0,5,6.84,True
1324_10032_2_22068_21869,1324,10032,2026-08-29,22068,21869,2,0.53,2,0,7,11.49,True
1324_10032_3_21869_22585,1324,10032,2026-08-29,21869,22585,3,0.552,3,0,10,15.2,True
1324_10032_4_22585_21704,1324,10032,2026-08-29,22585,21704,4,0.914,2,1,11,16.77,True
1324_10032_5_21704_21859,1324,10032,2026-08-29,21704,21859,5,0.552,3,0,14,21.04,True
1324_10032_6_21859_21912,1324,10032,2026-08-29,21859,21912,6,0.968,2,1,15,19.79,True
1324_10032_7_21912_21801,1324,10032,2026-08-29,21912,21801,7,0.396,1,0,16,20.74,True
1324_10032_8_21801_22378,1324,10032,2026-08-29,21801,22378,8,0.267,0,0,16,20.74,True
1324_10032_9_22378_22318,1324,10032,2026-08-29,22378,22318,9,0.3,0,2,14,16.72,True
1324_10032_10_22318_22401,1324,10032,2026-08-29,22318,22401,10,0.297,5,2,17,19.8,True
1324_10032_11_22401_22596,1324,10032,2026-08-29,22401,22596,11,0.311,3,0,20,24.61,True
1324_10032_12_22596_22135,1324,10032,2026-08-29,22596,22135,12,0.588,1,1,20,24.02,True
1324_10032_13_22135_22172,1324,10032,2026-08-29,22135,22172,13,0.614,2,3,19,20.6,True
1324_10032_14_22172_21656,1324,10032,2026-08-29,22172,21656,14,0.492,2,2,19,21.18,True
1324_10032_15_21656_21976,1324,10032,2026-08-29,21656,21976,15,0.277,1,2,18,19.56,True
1324_10032_16_21976_21966,1324,10032,2026-08-29,21976,21966,16,0.205,1,0,19,20.56,True
1324_10032_17_21966_22326,1324,10032,2026-08-29,21966,22326,17,0.349,2,3,18,18.9,True
1324_10032_18_22326_35837,1324,10032,2026-08-29,22326,35837,18,0.313,1,1,18,19.1,True
1324_10032_19_35837_22383,1324,10032,2026-08-29,35837,22383,19,0.227,1,1,18,19.27,True
1324_10032_20_22383_22600,1324,10032,2026-08-29,22383,22600,20,0.504,1,1,18,19.5,True
1324_10032_21_22600_22461,1324,10032,2026-08-29,22600,22461,21,0.236,0,1,17,18.5,True
1324_10032_22_22461_21667,1324,10032,2026-08-29,22461,21667,22,0.654,2,2,17,19.11,True
1324_10032_23_21667_22540,1324,10032,2026-08-29,21667,22540,23,0.414,2,2,17,19.99,True
1324_10032_24_22540_21777,1324,10032,2026-08-29,22540,21777,24,0.61,5,0,22,25.91,True
1324_10032_25_21777_22125,1324,10032,2026-08-29,21777,22125,25,0.738,0,1,21,24.24,True
1324_10032_26_22125_22429,1324,10032,2026-08-29,22125,22429,26,0.372,2,2,21,24.93,True
1324_10032_27_22429_22187,1324,10032,2026-08-29,22429,22187,27,0.262,3,3,21,24.98,True
1324_10032_28_22187_22366,1324,10032,2026-08-29,22187,22366,28,0.675,1,2,20,25.56,True
1324_10032_29_22366_21847,1324,10032,2026-08-29,22366,21847,29,0.53,2,2,20,25.5,True
1324_10032_30_21847_22556,1324,10032,2026-08-29,21847,22556,30,0.429,3,0,23,30.08,True
1324_10032_31_22556_27778,1324,10032,2026-08-29,22556,27778,31,0.814,1,7,17,23.08,True
1324_10032_32_27778_38787,1324,10032,2026-08-29,27778,38787,32,0.159,2,0,19,26.25,True
1324_10032_33_38787_21739,1324,10032,2026-08-29,38787,21739,33,0.453,0,1,18,24.82,True
1324_10032_34_21739_22088,1324,10032,2026-08-29,21739,22088,34,0.636,0,2,16,22.67,True
1324_10032_35_22088_22514,1324,10032,2026-08-29,22088,22514,35,0.618,0,2,14,19.5,True
1324_10032_36_22514_22182,1324,10032,2026-08-29,22514,22182,36,0.794,0,1,13,18.56,True
1324_10032_37_22182_22458,1324,10032,2026-08-29,22182,22458,37,0.626,0,1,12,17.06,True
1324_10032_38_22458_22267,1324,10032,2026-08-29,22458,22267,38,0.456,0,3,9,12.83,True
1324_10032_39_22267_22185,1324,10032,2026-08-29,22267,22185,39,0.576,0,3,6,7.86,True
1324_10032_40_22185_22645_PF3,1324,10032,2026-08-29,22185,22645_PF3,40,0.745,0,0,6,7.86,True
1324_10032_41_22645_PF3_22645_PF3,1324,10032,2026-08-29,22645_PF3,22645_PF3,41,0.0,0,6,0,4.25,True
1324_10033_1_21172_22068,1324,10033,2026-08-29,21172,22068,1,0.638,5,0,5,7.41,True
1324_10033_2_22068_21869,1324,10033,2026-08-29,22068,21869,2,0.53,3,0,8,10.04,True
1324_10033_3_21869_22585,1324,10033,2026-08-29,21869,22585,3,0.552,3,0,11,12.83,True
1324_10033_4_22585_21704,1324,10033,2026-08-29,22585,21704,4,0.914,2,0,13,16.71,True
1324_10033_5_21704_21859,1324,10033,2026-08-29,21704,21859,5,0.552,2,0,15,18.21,True
1324_10033_6_21859_21912,1324,10033,2026-08-29,21859,21912,6,0.968,2,2,15,16.96,True
1324_10033_7_21912_21801,1324,10033,2026-08-29,21912,21801,7,0.396,3,0,18,19.07,True
1324_10033_8_21801_22378,1324,10033,2026-08-29,21801,22378,8,0.267,2,0,20,21.13,True
1324_10033_9_22378_22318,1324,10033,2026-08-29,22378,22318,9,0.3,1,1,20,20.92,True
1324_10033_10_22318_22401,1324,10033,2026-08-29,22318,22401,10,0.297,3,2,21,21.98,True
1324_10033_11_22401_22596,1324,10033,2026-08-29,22401,22596,11,0.311,3,0,24,25.19,True
1324_10033_12_22596_22135,1324,10033,2026-08-29,22596,22135,12,0.588,5,2,27,25.43,True
1324_10033_13_22135_22172,1324,10033,2026-08-29,22135,22172,13,0.614,2,2,27,24.21,True
1324_10033_14_22172_21656,1324,10033,2026-08-29,22172,21656,14,0.492,2,3,26,22.71,True
1324_10033_15_21656_21976,1324,10033,2026-08-29,21656,21976,15,0.277,2,2,26,23.83,True
1324_10033_16_21976_21966,1324,10033,2026-08-29,21976,21966,16,0.205,2,2,26,23.2,True
1324_10033_17_21966_22326,1324,10033,2026-08-29,21966,22326,17,0.349,1,2,25,22.17,True
1324_10033_18_22326_35837,1324,10033,2026-08-29,22326,35837,18,0.313,0,4,21,17.55,True
1324_10033_19_35837_22383,1324,10033,2026-08-29,35837,22383,19,0.227,5,0,26,24.64,True
1324_10033_20_22383_22600,1324,10033,2026-08-29,22383,22600,20,0.504,2,1,27,24.78,True
1324_10033_21_22600_22461,1324,10033,2026-08-29,22600,22461,21,0.236,2,1,28,24.28,True
1324_10033_22_22461_21667,1324,10033,2026-08-29,22461,21667,22,0.654,1,3,26,23.3,True
1324_10033_23_21667_22540,1324,10033,2026-08-29,21667,22540,23,0.414,2,2,26,22.18,True
1324_10033_24_22540_21777,1324,10033,2026-08-29,22540,21777,24,0.61,0,2,24,18.43,True
1324_10033_25_21777_22125,1324,10033,2026-08-29,21777,22125,25,0.738,1,3,22,17.41,True
1324_10033_26_22125_22429,1324,10033,2026-08-29,22125,22429,26,0.372,0,3,19,13.98,True
1324_10033_27_22429_22187,1324,10033,2026-08-29,22429,22187,27,0.262,0,3,16,13.17,True
1324_10033_28_22187_22366,1324,10033,2026-08-29,22187,22366,28,0.675,0,3,13,9.4,True
1324_10033_29_22366_21847,1324,10033,2026-08-29,22366,21847,29,0.53,2,1,14,12.7,True
1324_10033_30_21847_22556,1324,10033,2026-08-29,21847,22556,30,0.429,1,0,15,14.13,True
1324_10033_31_22556_27778,1324,10033,2026-08-29,22556,27778,31,0.814,3,1,17,18.21,True
1324_10033_32_27778_38787,1324,10033,2026-08-29,27778,38787,32,0.159,3,2,18,22.94,True
1324_10033_33_38787_21739,1324,10033,2026-08-29,38787,21739,33,0.453,0,0,18,22.94,True
1324_10033_34_21739_22088,1324,10033,2026-08-29,21739,22088,34,0.636,2,2,18,23.89,True
1324_10033_35_22088_22514,1324,10033,2026-08-29,22088,22514,35,0.618,1,0,19,25.89,True
1324_10033_36_22514_22182,1324,10033,2026-08-29,22514,22182,36,0.794,2,2,19,26.13,True
1324_10033_37_22182_22458,1324,10033,2026-08-29,22182,22458,37,0.626,1,5,15,22.32,True
1324_10033_38_22458_22267,1324,10033,2026-08-29,22458,22267,38,0.456,0,1,14,21.42,True
1324_10033_39_22267_22185,1324,10033,2026-08-29,22267,22185,39,0.576,0,2,12,19.61,True
1324_10033_40_22185_22645_PF3,1324,10033,2026-08-29,22185,22645_PF3,40,0.745,0,3,9,14.54,True
1324_10033_41_22645_PF3_22645_PF3,1324,10033,2026-08-29,22645_PF3,22645_PF3,41,0.0,0,9,0,3.18,True
1324_10034_1_21172_22068,1324,10034,2026-08-29,21172,22068,1,0.638,2,0,2,5.0,True
1324_10034_2_22068_21869,1324,10034,2026-08-29,22068,21869,2,0.53,4,1,5,4.75,True
1324_10034_3_21869_22585,1324,10034,2026-08-29,21869,22585,3,0.552,0,0,5,4.75,True
1324_10034_4_22585_21704,1324,10034,2026-08-29,22585,21704,4,0.914,4,0,9,11.18,True
1324_10034_5_21704_21859,1324,10034,2026-08-29,21704,21859,5,0.552,4,0,13,13.93,True
1324_10034_6_21859_21912,1324,10034,2026-08-29,21859,21912,6,0.968,5,0,18,17.2,True
1324_10034_7_21912_21801,1324,10034,2026-08-29,21912,21801,7,0.396,0,2,16,11.86,True
1324_10034_8_21801_22378,1324,10034,2026-08-29,21801,22378,8,0.267,0,0,16,11.86,True
1324_10034_9_22378_22318,1324,10034,2026-08-29,22378,22318,9,0.3,4,0,20,15.86,True
1324_10034_10_22318_22401,1324,10034,2026-08-29,22318,22401,10,0.297,2,1,21,15.56,True
1324_10034_11_22401_22596,1324,10034,2026-08-29,22401,22596,11,0.311,2,2,21,16.74,True
1324_10034_12_22596_22135,1324,10034,2026-08-29,22596,22135,12,0.588,2,0,23,19.57,True
1324_10034_13_22135_22172,1324,10034,2026-08-29,22135,22172,13,0.614,0,2,21,16.54,True
1324_10034_14_22172_21656,1324,10034,2026-08-29,22172,21656,14,0.492,2,0,23,18.76,True
1324_10034_15_21656_21976,1324,10034,2026-08-29,21656,21976,15,0.277,4,3,24,17.84,True
1324_10034_16_21976_21966,1324,10034,2026-08-29,21976,21966,16,0.205,2,1,25,19.09,True
1324_10034_17_21966_22326,1324,10034,2026-08-29,21966,22326,17,0.349,2,1,26,20.27,True
1324_10034_18_22326_35837,1324,10034,2026-08-29,22326,35837,18,0.313,4,2,28,23.17,True
1324_10034_19_35837_22383,1324,10034,2026-08-29,35837,22383,19,0.227,2,1,29,26.46,True
1324_10034_20_22383_22600,1324,10034,2026-08-29,22383,22600,20,0.504,0,4,25,24.3,True
1324_10034_21_22600_22461,1324,10034,2026-08-29,22600,22461,21,0.236,2,2,25,25.35,True
1324_10034_22_22461_21667,1324,10034,2026-08-29,22461,21667,22,0.654,0,3,22,21.56,True
1324_10034_23_21667_22540,1324,10034,2026-08-29,21667,22540,23,0.414,1,2,21,20.69,True
1324_10034_24_22540_21777,1324,10034,2026-08-29,22540,21777,24,0.61,2,2,21,20.64,True
1324_10034_25_21777_22125,1324,10034,2026-08-29,21777,22125,25,0.738,0,4,17,15.81,True
1324_10034_26_22125_22429,1324,10034,2026-08-29,22125,22429,26,0.372,0,0,17,15.81,True
1324_10034_27_22429_22187,1324,10034,2026-08-29,22429,22187,27,0.262,2,1,18,17.75,True
1324_10034_28_22187_22366,1324,10034,2026-08-29,22187,22366,28,0.675,1,3,16,15.79,True
1324_10034_29_22366_21847,1324,10034,2026-08-29,22366,21847,29,0.53,1,2,15,16.48,True
1324_10034_30_21847_22556,1324,10034,2026-08-29,21847,22556,30,0.429,1,2,14,16.53,True
1324_10034_31_22556_27778,1324,10034,2026-08-29,22556,27778,31,0.814,2,0,16,20.53,True
1324_10034_32_27778_38787,1324,10034,2026-08-29,27778,38787,32,0.159,3,2,17,23.11,True
1324_10034_33_38787_21739,1324,10034,2026-08-29,38787,21739,33,0.453,0,3,14,18.96,True
1324_10034_34_21739_22088,1324,10034,2026-08-29,21739,22088,34,0.636,2,2,14,18.78,True
1324_10034_35_22088_22514,1324,10034,2026-08-29,22088,22514,35,0.618,0,4,10,14.85,True
1324_10034_36_22514_22182,1324,10034,2026-08-29,22514,22182,36,0.794,1,2,9,13.64,True
1324_10034_37_22182_22458,1324,10034,2026-08-29,22182,22458,37,0.626,1,1,9,13.64,True
1324_10034_38_22458_22267,1324,10034,2026-08-29,22458,22267,38,0.456,0,2,7,9.47,True
1324_10034_39_22267_22185,1324,10034,2026-08-29,22267,22185,39,0.576,0,1,6,9.47,True
1324_10034_40_22185_22645_PF3,1324,10034,2026-08-29,22185,22645_PF3,40,0.745,2,1,7,10.33,True
1324_10034_41_22645_PF3_22645_PF3,1324,10034,2026-08-29,22645_PF3,22645_PF3,41,0.0,0,7,0,6.17,True
1324_10035_1_21172_22068,1324,10035,2026-08-29,21172,22068,1,0.638,3,0,3,2.5,True
1324_10035_2_22068_21869,1324,10035,2026-08-29,22068,21869,2,0.53,0,0,3,2.5,True
1324_10035_3_21869_22585,1324,10035,2026-08-29,21869,22585,3,0.552,2,1,4,4.39,True
1324_10035_4_22585_21704,1324,10035,2026-08-29,22585,21704,4,0.914,4,0,8,8.23,True
1324_10035_5_21704_21859,1324,10035,2026-08-29,21704,21859,5,0.552,3,1,10,12.46,True
1324_10035_6_21859_21912,1324,10035,2026-08-29,21859,21912,6,0.968,0,1,9,9.12,True
1324_10035_7_21912_21801,1324,10035,2026-08-29,21912,21801,7,0.396,2,0,11,10.79,True
1324_10035_8_21801_22378,1324,10035,2026-08-29,21801,22378,8,0.267,2,0,13,12.46,True
1324_10035_9_22378_22318,1324,10035,2026-08-29,22378,22318,9,0.3,3,0,16,14.64,True
1324_10035_10_22318_22401,1324,10035,2026-08-29,22318,22401,10,0.297,0,1,15,12.64,True
1324_10035_11_22401_22596,1324,10035,2026-08-29,22401,22596,11,0.311,2,0,17,14.71,True
1324_10035_12_22596_22135,1324,10035,2026-08-29,22596,22135,12,0.588,4,1,20,19.01,True
1324_10035_13_22135_22172,1324,10035,2026-08-29,22135,22172,13,0.614,1,1,20,17.35,True
1324_10035_14_22172_21656,1324,10035,2026-08-29,22172,21656,14,0.492,1,1,20,16.75,True
1324_10035_15_21656_21976,1324,10035,2026-08-29,21656,21976,15,0.277,0,1,19,16.75,True
1324_10035_16_21976_21966,1324,10035,2026-08-29,21976,21966,16,0.205,0,1,18,15.39,True
1324_10035_17_21966_22326,1324,10035,2026-08-29,21966,22326,17,0.349,4,0,22,20.37,True
1324_10035_18_22326_35837,1324,10035,2026-08-29,22326,35837,18,0.313,5,0,27,25.42,True
1324_10035_19_35837_22383,1324,10035,2026-08-29,35837,22383,19,0.227,0,0,27,25.42,True
1324_10035_20_22383_22600,1324,10035,2026-08-29,22383,22600,20,0.504,3,2,28,28.05,True
1324_10035_21_22600_22461,1324,10035,2026-08-29,22600,22461,21,0.236,0,2,26,27.05,True
1324_10035_22_22461_21667,1324,10035,2026-08-29,22461,21667,22,0.654,2,1,27,28.24,True
1324_10035_23_21667_22540,1324,10035,2026-08-29,21667,22540,23,0.414,2,3,26,27.39,True
1324_10035_24_22540_21777,1324,10035,2026-08-29,22540,21777,24,0.61,1,1,26,27.84,True
1324_10035_25_21777_22125,1324,10035,2026-08-29,21777,22125,25,0.738,1,6,21,23.16,True
1324_10035_26_22125_22429,1324,10035,2026-08-29,22125,22429,26,0.372,2,2,21,22.74,True
1324_10035_27_22429_22187,1324,10035,2026-08-29,22429,22187,27,0.262,0,2,19,21.07,True
1324_10035_28_22187_22366,1324,10035,2026-08-29,22187,22366,28,0.675,5,3,21,24.94,True
1324_10035_29_22366_21847,1324,10035,2026-08-29,22366,21847,29,0.53,0,2,19,21.19,True
1324_10035_30_21847_22556,1324,10035,2026-08-29,21847,22556,30,0.429,0,0,19,21.19,True
1324_10035_31_22556_27778,1324,10035,2026-08-29,22556,27778,31,0.814,3,1,21,25.24,True
1324_10035_32_27778_38787,1324,10035,2026-08-29,27778,38787,32,0.159,1,1,21,25.04,True
1324_10035_33_38787_21739,1324,10035,2026-08-29,38787,21739,33,0.453,0,0,21,25.04,True
1324_10035_34_21739_22088,1324,10035,2026-08-29,21739,22088,34,0.636,0,1,20,23.98,True
1324_10035_35_22088_22514,1324,10035,2026-08-29,22088,22514,35,0.618,0,3,17,21.91,True
1324_10035_36_22514_22182,1324,10035,2026-08-29,22514,22182,36,0.794,1,3,15,19.57,True
1324_10035_37_22182_22458,1324,10035,2026-08-29,22182,22458,37,0.626,1,2,14,18.74,True
1324_10035_38_22458_22267,1324,10035,2026-08-29,22458,22267,38,0.456,1,3,12,16.95,True
1324_10035_39_22267_22185,1324,10035,2026-08-29,22267,22185,39,0.576,1,7,6,12.88,True
1324_10035_40_22185_22645_PF3,1324,10035,2026-08-29,22185,22645_PF3,40,0.745,1,3,4,6.38,True
1324_10035_41_22645_PF3_22645_PF3,1324,10035,2026-08-29,22645_PF3,22645_PF3,41,0.0,0,4,0,2.5,True
1324_10036_1_21172_22068,1324,10036,2026-08-29,21172,22068,1,0.638,5,0,5,6.84,True
1324_10036_2_22068_21869,1324,10036,2026-08-29,22068,21869,2,0.53,4,0,9,12.76,True
1324_10036_3_21869_22585,1324,10036,2026-08-29,21869,22585,3,0.552,3,1,11,14.82,True
1324_10036_4_22585_21704,1324,10036,2026-08-29,22585,21704,4,0.914,4,0,15,18.88,True
1324_10036_5_21704_21859,1324,10036,2026-08-29,21704,21859,5,0.552,2,1,16,19.12,True
1324_10036_6_21859_21912,1324,10036,2026-08-29,21859,21912,6,0.968,3,1,18,19.95,True
1324_10036_7_21912_21801,1324,10036,2026-08-29,21912,21801,7,0.396,0,0,18,19.95,True
1324_10036_8_21801_22378,1324,10036,2026-08-29,21801,22378,8,0.267,0,1,17,18.28,True
1324_10036_9_22378_22318,1324,10036,2026-08-29,22378,22318,9,0.3,1,0,18,19.28,True
1324_10036_10_22318_22401,1324,10036,2026-08-29,22318,22401,10,0.297,1,1,18,20.39,True
1324_10036_11_22401_22596,1324,10036,2026-08-29,22401,22596,11,0.311,1,5,14,14.77,True
1324_10036_12_22596_22135,1324,10036,2026-08-29,22596,22135,12,0.588,2,0,16,15.63,True
1324_10036_13_22135_22172,1324,10036,2026-08-29,22135,22172,13,0.614,0,0,16,15.63,True
1324_10036_14_22172_21656,1324,10036,2026-08-29,22172,21656,14,0.492,2,1,17,16.03,True
1324_10036_15_21656_21976,1324,10036,2026-08-29,21656,21976,15,0.277,0,2,15,13.36,True
1324_10036_16_21976_21966,1324,10036,2026-08-29,21976,21966,16,0.205,2,0,17,15.35,True
1324_10036_17_21966_22326,1324,10036,2026-08-29,21966,22326,17,0.349,0,1,16,14.15,True
1324_10036_18_22326_35837,1324,10036,2026-08-29,22326,35837,18,0.313,2,1,17,15.65,True
1324_10036_19_35837_22383,1324,10036,2026-08-29,35837,22383,19,0.227,1,4,14,13.77,True
1324_10036_20_22383_22600,1324,10036,2026-08-29,22383,22600,20,0.504,1,1,14,14.14,True
1324_10036_21_22600_22461,1324,10036,2026-08-29,22600,22461,21,0.236,0,1,13,13.14,True
1324_10036_22_22461_21667,1324,10036,2026-08-29,22461,21667,22,0.654,0,2,11,12.31,True
1324_10036_23_21667_22540,1324,10036,2026-08-29,21667,22540,23,0.414,1,0,12,14.81,True
1324_10036_24_22540_21777,1324,10036,2026-08-29,22540,21777,24,0.61,0,1,11,13.81,True
1324_10036_25_21777_22125,1324,10036,2026-08-29,21777,22125,25,0.738,0,0,11,13.81,True
1324_10036_26_22125_22429,1324,10036,2026-08-29,22125,22429,26,0.372,2,0,13,16.72,True
1324_10036_27_22429_22187,1324,10036,2026-08-29,22429,22187,27,0.262,0,2,11,12.8,True
1324_10036_28_22187_22366,1324,10036,2026-08-29,22187,22366,28,0.675,1,1,11,13.36,True
1324_10036_29_22366_21847,1324,10036,2026-08-29,22366,21847,29,0.53,1,3,9,10.98,True
1324_10036_30_21847_22556,1324,10036,2026-08-29,21847,22556,30,0.429,1,1,9,11.81,True
1324_10036_31_22556_27778,1324,10036,2026-08-29,22556,27778,31,0.814,1,1,9,10.91,True
1324_10036_32_27778_38787,1324,10036,2026-08-29,27778,38787,32,0.159,2,1,10,13.01,True
1324_10036_33_38787_21739,1324,10036,2026-08-29,38787,21739,33,0.453,1,2,9,12.95,True
1324_10036_34_21739_22088,1324,10036,2026-08-29,21739,22088,34,0.636,1,1,9,13.84,True
1324_10036_35_22088_22514,1324,10036,2026-08-29,22088,22514,35,0.618,1,3,7,13.01,True
1324_10036_36_22514_22182,1324,10036,2026-08-29,22514,22182,36,0.794,1,1,7,13.01,True
1324_10036_37_22182_22458,1324,10036,2026-08-29,22182,22458,37,0.626,2,0,9,17.18,True
1324_10036_38_22458_22267,1324,10036,2026-08-29,22458,22267,38,0.456,1,1,9,16.43,True
1324_10036_39_22267_22185,1324,10036,2026-08-29,22267,22185,39,0.576,2,5,6,10.86,True
1324_10036_40_22185_22645_PF3,1324,10036,2026-08-29,22185,22645_PF3,40,0.745,0,2,4,7.56,True
1324_10036_41_22645_PF3_22645_PF3,1324,10036,2026-08-29,22645_PF3,22645_PF3,41,0.0,0,4,0,2.92,True
1324_10037_1_21172_22068,1324,10037,2026-08-29,21172,22068,1,0.638,2,0,2,1.5,True
1324_10037_2_22068_21869,1324,10037,2026-08-29,22068,21869,2,0.53,3,0,5,4.23,True
1324_10037_3_21869_22585,1324,10037,2026-08-29,21869,22585,3,0.552,2,1,6,6.85,True
1324_10037_4_22585_21704,1324,10037,2026-08-29,22585,21704,4,0.914,1,0,7,8.22,True
1324_10037_5_21704_21859,1324,10037,2026-08-29,21704,21859,5,0.552,1,0,8,10.22,True
1324_10037_6_21859_21912,1324,10037,2026-08-29,21859,21912,6,0.968,3,0,11,12.83,True
1324_10037_7_21912_21801,1324,10037,2026-08-29,21912,21801,7,0.396,3,0,14,14.95,True
1324_10037_8_21801_22378,1324,10037,2026-08-29,21801,22378,8,0.267,4,0,18,19.95,True
1324_10037_9_22378_22318,1324,10037,2026-08-29,22378,22318,9,0.3,1,0,19,21.2,True
1324_10037_10_22318_22401,1324,10037,2026-08-29,22318,22401,10,0.297,1,1,19,20.45,True
1324_10037_11_22401_22596,1324,10037,2026-08-29,22401,22596,11,0.311,4,2,21,23.99,True
1324_10037_12_22596_22135,1324,10037,2026-08-29,22596,22135,12,0.588,6,0,27,30.15,True
1324_10037_13_22135_22172,1324,10037,2026-08-29,22135,22172,13,0.614,1,5,23,23.88,True
1324_10037_14_22172_21656,1324,10037,2026-08-29,22172,21656,14,0.492,4,1,26,26.49,True
1324_10037_15_21656_21976,1324,10037,2026-08-29,21656,21976,15,0.277,3,1,28,26.03,True
1324_10037_16_21976_21966,1324,10037,2026-08-29,21976,21966,16,0.205,4,1,31,29.08,True
1324_10037_17_21966_22326,1324,10037,2026-08-29,21966,22326,17,0.349,1,2,30,29.08,True
1324_10037_18_22326_35837,1324,10037,2026-08-29,22326,35837,18,0.313,0,1,29,27.65,True
1324_10037_19_35837_22383,1324,10037,2026-08-29,35837,22383,19,0.227,0,2,27,24.86,True
1324_10037_20_22383_22600,1324,10037,2026-08-29,22383,22600,20,0.504,3,4,26,23.57,True
1324_10037_21_22600_22461,1324,10037,2026-08-29,22600,22461,21,0.236,3,2,27,24.99,True
1324_10037_22_22461_21667,1324,10037,2026-08-29,22461,21667,22,0.654,1,1,27,25.36,True
1324_10037_23_21667_22540,1324,10037,2026-08-29,21667,22540,23,0.414,0,2,25,22.75,True
1324_10037_24_22540_21777,1324,10037,2026-08-29,22540,21777,24,0.61,0,2,23,20.63,True
1324_10037_25_21777_22125,1324,10037,2026-08-29,21777,22125,25,0.738,2,0,25,23.8,True
1324_10037_26_22125_22429,1324,10037,2026-08-29,22125,22429,26,0.372,3,1,27,26.66,True
1324_10037_27_22429_22187,1324,10037,2026-08-29,22429,22187,27,0.262,1,0,28,28.33,True
1324_10037_28_22187_22366,1324,10037,2026-08-29,22187,22366,28,0.675,2,1,29,31.46,True
1324_10037_29_22366_21847,1324,10037,2026-08-29,22366,21847,29,0.53,1,2,28,31.65,True
1324_10037_30_21847_22556,1324,10037,2026-08-29,21847,22556,30,0.429,2,2,28,34.2,True
1324_10037_31_22556_27778,1324,10037,2026-08-29,22556,27778,31,0.814,2,4,26,31.98,True
1324_10037_32_27778_38787,1324,10037,2026-08-29,27778,38787,32,0.159,0,1,25,31.15,True
1324_10037_33_38787_21739,1324,10037,2026-08-29,38787,21739,33,0.453,1,1,25,30.41,True
1324_10037_34_21739_22088,1324,10037,2026-08-29,21739,22088,34,0.636,2,4,23,31.18,True
1324_10037_35_22088_22514,1324,10037,2026-08-29,22088,22514,35,0.618,2,2,23,31.5,True
1324_10037_36_22514_22182,1324,10037,2026-08-29,22514,22182,36,0.794,0,5,18,24.41,True
1324_10037_37_22182_22458,1324,10037,2026-08-29,22182,22458,37,0.626,0,6,12,14.55,True
1324_10037_38_22458_22267,1324,10037,2026-08-29,22458,22267,38,0.456,1,2,11,11.78,True
1324_10037_39_22267_22185,1324,10037,2026-08-29,22267,22185,39,0.576,1,3,9,9.15,True
1324_10037_40_22185_22645_PF3,1324,10037,2026-08-29,22185,22645_PF3,40,0.745,0,3,6,5.98,True
1324_10037_41_22645_PF3_22645_PF3,1324,10037,2026-08-29,22645_PF3,22645_PF3,41,0.0,0,6,0,1.96,True
1324_10038_1_21172_22068,1324,10038,2026-08-29,21172,22068,1,0.638,5,0,5,8.34,True
1324_10038_2_22068_21869,1324,10038,2026-08-29,22068,21869,2,0.53,5,0,10,14.79,True
1324_10038_3_21869_22585,1324,10038,2026-08-29,21869,22585,3,0.552,3,0,13,18.41,True
1324_10038_4_22585_21704,1324,10038,2026-08-29,22585,21704,4,0.914,1,0,14,19.24,True
1324_10038_5_21704_21859,1324,10038,2026-08-29,21704,21859,5,0.552,4,1,17,22.23,True
1324_10038_6_21859_21912,1324,10038,2026-08-29,21859,21912,6,0.968,2,0,19,24.36,True
1324_10038_7_21912_21801,1324,10038,2026-08-29,21912,21801,7,0.396,1,1,19,23.36,True
1324_10038_8_21801_22378,1324,10038,2026-08-29,21801,22378,8,0.267,1,1,19,22.22,True
1324_10038_9_22378_22318,1324,10038,2026-08-29,22378,22318,9,0.3,1,0,20,23.34,True
1324_10038_10_22318_22401,1324,10038,2026-08-29,22318,22401,10,0.297,2,2,20,21.59,True
1324_10038_11_22401_22596,1324,10038,2026-08-29,22401,22596,11,0.311,3,0,23,25.29,True
1324_10038_12_22596_22135,1324,10038,2026-08-29,22596,22135,12,0.588,2,2,23,25.61,True
1324_10038_13_22135_22172,1324,10038,2026-08-29,22135,22172,13,0.614,1,1,23,25.31,True
1324_10038_14_22172_21656,1324,10038,2026-08-29,22172,21656,14,0.492,0,2,21,22.7,True
1324_10038_15_21656_21976,1324,10038,2026-08-29,21656,21976,15,0.277,3,1,23,24.27,True
1324_10038_16_21976_21966,1324,10038,2026-08-29,21976,21966,16,0.205,1,2,22,22.8,True
1324_10038_17_21966_22326,1324,10038,2026-08-29,21966,22326,17,0.349,1,1,22,22.63,True
1324_10038_18_22326_35837,1324,10038,2026-08-29,22326,35837,18,0.313,2,2,22,21.54,True
1324_10038_19_35837_22383,1324,10038,2026-08-29,35837,22383,19,0.227,3,2,23,24.38,True
1324_10038_20_22383_22600,1324,10038,2026-08-29,22383,22600,20,0.504,1,3,21,22.44,True
1324_10038_21_22600_22461,1324,10038,2026-08-29,22600,22461,21,0.236,2,1,22,23.99,True
1324_10038_22_22461_21667,1324,10038,2026-08-29,22461,21667,22,0.654,1,1,22,23.45,True
1324_10038_23_21667_22540,1324,10038,2026-08-29,21667,22540,23,0.414,3,1,24,24.94,True
1324_10038_24_22540_21777,1324,10038,2026-08-29,22540,21777,24,0.61,1,1,24,24.0,True
1324_10038_25_21777_22125,1324,10038,2026-08-29,21777,22125,25,0.738,2,4,22,23.49,True
1324_10038_26_22125_22429,1324,10038,2026-08-29,22125,22429,26,0.372,0,3,19,20.0,True
1324_10038_27_22429_22187,1324,10038,2026-08-29,22429,22187,27,0.262,1,1,19,20.84,True
1324_10038_28_22187_22366,1324,10038,2026-08-29,22187,22366,28,0.675,1,3,17,19.04,True
1324_10038_29_22366_21847,1324,10038,2026-08-29,22366,21847,29,0.53,1,0,18,20.71,True
1324_10038_30_21847_22556,1324,10038,2026-08-29,21847,22556,30,0.429,1,0,19,22.37,True
1324_10038_31_22556_27778,1324,10038,2026-08-29,22556,27778,31,0.814,2,1,20,25.25,True
1324_10038_32_27778_38787,1324,10038,2026-08-29,27778,38787,32,0.159,0,3,17,21.99,True
1324_10038_33_38787_21739,1324,10038,2026-08-29,38787,21739,33,0.453,2,2,17,23.99,True
1324_10038_34_21739_22088,1324,10038,2026-08-29,21739,22088,34,0.636,0,1,16,22.63,True
1324_10038_35_22088_22514,1324,10038,2026-08-29,22088,22514,35,0.618,1,3,14,19.63,True
1324_10038_36_22514_22182,1324,10038,2026-08-29,22514,22182,36,0.794,0,2,12,16.3,True
1324_10038_37_22182_22458,1324,10038,2026-08-29,22182,22458,37,0.626,0,1,11,15.24,True
1324_10038_38_22458_22267,1324,10038,2026-08-29,22458,22267,38,0.456,2,4,9,10.73,True
1324_10038_39_22267_22185,1324,10038,2026-08-29,22267,22185,39,0.576,0,4,5,5.78,True
1324_10038_40_22185_22645_PF3,1324,10038,2026-08-29,22185,22645_PF3,40,0.745,0,0,5,5.78,True
1324_10038_41_22645_PF3_22645_PF3,1324,10038,2026-08-29,22645_PF3,22645_PF3,41,0.0,0,5,0,0.0,True
1324_10039_1_21172_22068,1324,10039,2026-08-29,21172,22068,1,0.638,0,0,0,0.0,True
1324_10039_2_22068_21869,1324,10039,2026-08-29,22068,21869,2,0.53,3,0,3,1.67,True
1324_10039_3_21869_22585,1324,10039,2026-08-29,21869,22585,3,0.552,4,0,7,6.82,True
1324_10039_4_22585_21704,1324,10039,2026-08-29,22585,21704,4,0.914,2,0,9,7.54,True
1324_10039_5_21704_21859,1324,10039,2026-08-29,21704,21859,5,0.552,0,0,9,7.54,True
1324_10039_6_21859_21912,1324,10039,2026-08-29,21859,21912,6,0.968,3,0,12,12.96,True
1324_10039_7_21912_21801,1324,10039,2026-08-29,21912,21801,7,0.396,1,1,12,12.96,True
1324_10039_8_21801_22378,1324,10039,2026-08-29,21801,22378,8,0.267,1,1,12,11.14,True
1324_10039_9_22378_22318,1324,10039,2026-08-29,22378,22318,9,0.3,1,2,11,9.77,True
1324_10039_10_22318_22401,1324,10039,2026-08-29,22318,22401,10,0.297,3,2,12,11.87,True
1324_10039_11_22401_22596,1324,10039,2026-08-29,22401,22596,11,0.311,1,1,12,11.35,True
1324_10039_12_22596_22135,1324,10039,2026-08-29,22596,22135,12,0.588,2,0,14,13.5,True
1324_10039_13_22135_22172,1324,10039,2026-08-29,22135,22172,13,0.614,5,1,18,18.06,True
1324_10039_14_22172_21656,1324,10039,2026-08-29,22172,21656,14,0.492,2,0,20,20.26,True
1324_10039_15_21656_21976,1324,10039,2026-08-29,21656,21976,15,0.277,2,0,22,21.37,True
1324_10039_16_21976_21966,1324,10039,2026-08-29,21976,21966,16,0.205,1,1,22,21.07,True
1324_10039_17_21966_22326,1324,10039,2026-08-29,21966,22326,17,0.349,0,0,22,21.07,True
1324_10039_18_22326_35837,1324,10039,2026-08-29,22326,35837,18,0.313,1,2,21,20.69,True
1324_10039_19_35837_22383,1324,10039,2026-08-29,35837,22383,19,0.227,0,1,20,20.69,True
1324_10039_20_22383_22600,1324,10039,2026-08-29,22383,22600,20,0.504,0,0,20,20.69,True
1324_10039_21_22600_22461,1324,10039,2026-08-29,22600,22461,21,0.236,0,1,19,19.69,True
1324_10039_22_22461_21667,1324,10039,2026-08-29,22461,21667,22,0.654,2,0,21,22.86,True
1324_10039_23_21667_22540,1324,10039,2026-08-29,21667,22540,23,0.414,1,2,20,21.83,True
1324_10039_24_22540_21777,1324,10039,2026-08-29,22540,21777,24,0.61,0,4,16,16.95,True
1324_10039_25_21777_22125,1324,10039,2026-08-29,21777,22125,25,0.738,3,4,15,14.08,True
1324_10039_26_22125_22429,1324,10039,2026-08-29,22125,22429,26,0.372,0,0,15,14.08,True
1324_10039_27_22429_22187,1324,10039,2026-08-29,22429,22187,27,0.262,2,0,17,17.75,True
1324_10039_28_22187_22366,1324,10039,2026-08-29,22187,22366,28,0.675,1,0,18,19.13,True
1324_10039_29_22366_21847,1324,10039,2026-08-29,22366,21847,29,0.53,2,2,18,20.16,True
1324_10039_30_21847_22556,1324,10039,2026-08-29,21847,22556,30,0.429,0,1,17,19.42,True
1324_10039_31_22556_27778,1324,10039,2026-08-29,22556,27778,31,0.814,0,2,15,16.55,True
1324_10039_32_27778_38787,1324,10039,2026-08-29,27778,38787,32,0.159,3,3,15,17.36,True
1324_10039_33_38787_21739,1324,10039,2026-08-29,38787,21739,33,0.453,1,2,14,16.41,True
1324_10039_34_21739_22088,1324,10039,2026-08-29,21739,22088,34,0.636,0,1,13,14.74,True
1324_10039_35_22088_22514,1324,10039,2026-08-29,22088,22514,35,0.618,1,2,12,13.08,True
1324_10039_36_22514_22182,1324,10039,2026-08-29,22514,22182,36,0.794,2,3,11,12.93,True
1324_10039_37_22182_22458,1324,10039,2026-08-29,22182,22458,37,0.626,1,0,12,15.43,True
1324_10039_38_22458_22267,1324,10039,2026-08-29,22458,22267,38,0.456,2,1,13,18.76,True
1324_10039_39_22267_22185,1324,10039,2026-08-29,22267,22185,39,0.576,2,2,13,17.64,True
1324_10039_40_22185_22645_PF3,1324,10039,2026-08-29,22185,22645_PF3,40,0.745,2,4,11,15.76,True
1324_10039_41_22645_PF3_22645_PF3,1324,10039,2026-08-29,22645_PF3,22645_PF3,41,0.0,0,11,0,7.34,True
998_1004_1_20940_21231,998,1004,2026-08-29,20940,21231,1,0.583,7,0,7,17.83,True
998_1004_2_21231_20726,998,1004,2026-08-29,21231,20726,2,0.729,8,0,15,40.5,True
998_1004_3_20726_22317,998,1004,2026-08-29,20726,22317,3,0.948,3,3,15,36.33,True
998_1004_4_22317_22286,998,1004,2026-08-29,22317,22286,4,0.398,1,3,13,29.67,True
998_1004_5_22286_21572,998,1004,2026-08-29,22286,21572,5,0.41,3,3,13,28.0,True
998_1004_6_21572_21173,998,1004,2026-08-29,21572,21173,6,0.62,1,5,9,22.67,True
1324_10040_1_21172_22068,1324,10040,2026-08-29,21172,22068,1,0.638,4,0,4,6.62,True
1324_10040_2_22068_21869,1324,10040,2026-08-29,22068,21869,2,0.53,0,0,4,6.62,True
1324_10040_3_21869_22585,1324,10040,2026-08-29,21869,22585,3,0.552,5,1,8,12.99,True
1324_10040_4_22585_21704,1324,10040,2026-08-29,22585,21704,4,0.914,3,1,10,10.55,True
1324_10040_5_21704_21859,1324,10040,2026-08-29,21704,21859,5,0.552,2,0,12,11.98,True
1324_10040_6_21859_21912,1324,10040,2026-08-29,21859,21912,6,0.968,2,1,13,13.64,True
1324_10040_7_21912_21801,1324,10040,2026-08-29,21912,21801,7,0.396,1,0,14,14.64,True
1324_10040_8_21801_22378,1324,10040,2026-08-29,21801,22378,8,0.267,1,0,15,15.77,True
1324_10040_9_22378_22318,1324,10040,2026-08-29,22378,22318,9,0.3,1,1,15,14.76,True
1324_10040_10_22318_22401,1324,10040,2026-08-29,22318,22401,10,0.297,2,1,16,15.56,True
1324_10040_11_22401_22596,1324,10040,2026-08-29,22401,22596,11,0.311,2,1,17,17.36,True
1324_10040_12_22596_22135,1324,10040,2026-08-29,22596,22135,12,0.588,2,3,16,16.62,True
1324_10040_13_22135_22172,1324,10040,2026-08-29,22135,22172,13,0.614,3,0,19,18.91,True
1324_10040_14_22172_21656,1324,10040,2026-08-29,22172,21656,14,0.492,2,1,20,19.97,True
1324_10040_15_21656_21976,1324,10040,2026-08-29,21656,21976,15,0.277,0,2,18,17.47,True
1324_10040_16_21976_21966,1324,10040,2026-08-29,21976,21966,16,0.205,4,1,21,20.32,True
1324_10040_17_21966_22326,1324,10040,2026-08-29,21966,22326,17,0.349,2,2,21,22.72,True
1324_10040_18_22326_35837,1324,10040,2026-08-29,22326,35837,18,0.313,2,1,22,24.59,True
1324_10040_19_35837_22383,1324,10040,2026-08-29,35837,22383,19,0.227,4,2,24,26.18,True
1324_10040_20_22383_22600,1324,10040,2026-08-29,22383,22600,20,0.504,3,1,26,29.04,True
1324_10040_21_22600_22461,1324,10040,2026-08-29,22600,22461,21,0.236,2,1,27,30.23,True
1324_10040_22_22461_21667,1324,10040,2026-08-29,22461,21667,22,0.654,2,3,26,31.02,True
1324_10040_23_21667_22540,1324,10040,2026-08-29,21667,22540,23,0.414,3,1,28,33.44,True
1324_10040_24_22540_21777,1324,10040,2026-08-29,22540,21777,24,0.61,2,2,28,32.65,True
1324_10040_25_21777_22125,1324,10040,2026-08-29,21777,22125,25,0.738,0,2,26,30.04,True
1324_10040_26_22125_22429,1324,10040,2026-08-29,22125,22429,26,0.372,2,1,27,30.46,True
1324_10040_27_22429_22187,1324,10040,2026-08-29,22429,22187,27,0.262,3,3,27,29.66,True
1324_10040_28_22187_22366,1324,10040,2026-08-29,22187,22366,28,0.675,2,1,28,30.21,True
1324_10040_29_22366_21847,1324,10040,2026-08-29,22366,21847,29,0.53,0,2,26,27.51,True
1324_10040_30_21847_22556,1324,10040,2026-08-29,21847,22556,30,0.429,1,3,24,25.58,True
1324_10040_31_22556_27778,1324,10040,2026-08-29,22556,27778,31,0.814,1,1,24,26.38,True
1324_10040_32_27778_38787,1324,10040,2026-08-29,27778,38787,32,0.159,0,2,22,25.51,True
1324_10040_33_38787_21739,1324,10040,2026-08-29,38787,21739,33,0.453,1,2,21,24.88,True
1324_10040_34_21739_22088,1324,10040,2026-08-29,21739,22088,34,0.636,1,3,19,25.6,True
1324_10040_35_22088_22514,1324,10040,2026-08-29,22088,22514,35,0.618,0,1,18,24.4,True
1324_10040_36_22514_22182,1324,10040,2026-08-29,22514,22182,36,0.794,1,3,16,24.93,True
1324_10040_37_22182_22458,1324,10040,2026-08-29,22182,22458,37,0.626,2,4,14,21.4,True
1324_10040_38_22458_22267,1324,10040,2026-08-29,22458,22267,38,0.456,2,6,10,16.79,True
1324_10040_39_22267_22185,1324,10040,2026-08-29,22267,22185,39,0.576,1,2,9,14.79,True
1324_10040_40_22185_22645_PF3,1324,10040,2026-08-29,22185,22645_PF3,40,0.745,0,3,6,9.95,True
1324_10040_41_22645_PF3_22645_PF3,1324,10040,2026-08-29,22645_PF3,22645_PF3,41,0.0,0,6,0,3.29,True
1324_10041_1_21172_22068,1324,10041,2026-08-29,21172,22068,1,0.638,1,0,1,1.67,True
1324_10041_2_22068_21869,1324,10041,2026-08-29,22068,21869,2,0.53,1,0,2,1.67,True
1324_10041_3_21869_22585,1324,10041,2026-08-29,21869,22585,3,0.552,3,0,5,7.79,True
1324_10041_4_22585_21704,1324,10041,2026-08-29,22585,21704,4,0.914,3,0,8,12.01,True
1324_10041_5_21704_21859,1324,10041,2026-08-29,21704,21859,5,0.552,4,1,11,17.96,True
1324_10041_6_21859_21912,1324,10041,2026-08-29,21859,21912,6,0.968,1,1,11,15.88,True
1324_10041_7_21912_21801,1324,10041,2026-08-29,21912,21801,7,0.396,0,0,11,15.88,True
1324_10041_8_21801_22378,1324,10041,2026-08-29,21801,22378,8,0.267,2,0,13,16.88,True
1324_10041_9_22378_22318,1324,10041,2026-08-29,22378,22318,9,0.3,4,0,17,21.41,True
1324_10041_10_22318_22401,1324,10041,2026-08-29,22318,22401,10,0.297,5,3,19,21.48,True
1324_10041_11_22401_22596,1324,10041,2026-08-29,22401,22596,11,0.311,3,0,22,23.17,True
1324_10041_12_22596_22135,1324,10041,2026-08-29,22596,22135,12,0.588,1,0,23,24.29,True
1324_10041_13_22135_22172,1324,10041,2026-08-29,22135,22172,13,0.614,3,0,26,25.96,True
1324_10041_14_22172_21656,1324,10041,2026-08-29,22172,21656,14,0.492,0,1,25,24.46,True
1324_10041_15_21656_21976,1324,10041,2026-08-29,21656,21976,15,0.277,3,5,23,20.79,True
1324_10041_16_21976_21966,1324,10041,2026-08-29,21976,21966,16,0.205,1,3,21,18.75,True
1324_10041_17_21966_22326,1324,10041,2026-08-29,21966,22326,17,0.349,1,5,17,15.03,True
1324_10041_18_22326_35837,1324,10041,2026-08-29,22326,35837,18,0.313,1,2,16,14.17,True
1324_10041_19_35837_22383,1324,10041,2026-08-29,35837,22383,19,0.227,2,1,17,15.54,True
1324_10041_20_22383_22600,1324,10041,2026-08-29,22383,22600,20,0.504,0,1,16,15.54,True
1324_10041_21_22600_22461,1324,10041,2026-08-29,22600,22461,21,0.236,0,1,15,14.54,True
1324_10041_22_22461_21667,1324,10041,2026-08-29,22461,21667,22,0.654,2,1,16,15.66,True
1324_10041_23_21667_22540,1324,10041,2026-08-29,21667,22540,23,0.414,3,0,19,19.65,True
1324_10041_24_22540_21777,1324,10041,2026-08-29,22540,21777,24,0.61,1,2,18,19.51,True
1324_10041_25_21777_22125,1324,10041,2026-08-29,21777,22125,25,0.738,0,0,18,19.51,True
1324_10041_26_22125_22429,1324,10041,2026-08-29,22125,22429,26,0.372,1,1,18,18.96,True
1324_10041_27_22429_22187,1324,10041,2026-08-29,22429,22187,27,0.262,0,1,17,17.91,True
1324_10041_28_22187_22366,1324,10041,2026-08-29,22187,22366,28,0.675,1,6,12,12.81,True
1324_10041_29_22366_21847,1324,10041,2026-08-29,22366,21847,29,0.53,0,0,12,12.81,True
1324_10041_30_21847_22556,1324,10041,2026-08-29,21847,22556,30,0.429,1,1,12,11.56,True
1324_10041_31_22556_27778,1324,10041,2026-08-29,22556,27778,31,0.814,1,0,13,13.22,True
1324_10041_32_27778_38787,1324,10041,2026-08-29,27778,38787,32,0.159,0,1,12,11.35,True
1324_10041_33_38787_21739,1324,10041,2026-08-29,38787,21739,33,0.453,0,1,11,10.29,True
1324_10041_34_21739_22088,1324,10041,2026-08-29,21739,22088,34,0.636,2,2,11,12.74,True
1324_10041_35_22088_22514,1324,10041,2026-08-29,22088,22514,35,0.618,1,1,11,12.66,True
1324_10041_36_22514_22182,1324,10041,2026-08-29,22514,22182,36,0.794,0,1,10,12.66,True
1324_10041_37_22182_22458,1324,10041,2026-08-29,22182,22458,37,0.626,2,2,10,14.33,True
1324_10041_38_22458_22267,1324,10041,2026-08-29,22458,22267,38,0.456,2,1,11,16.12,True
1324_10041_39_22267_22185,1324,10041,2026-08-29,22267,22185,39,0.576,2,2,11,22.5,True
1324_10041_40_22185_22645_PF3,1324,10041,2026-08-29,22185,22645_PF3,40,0.745,1,5,7,15.11,True
1324_10041_41_22645_PF3_22645_PF3,1324,10041,2026-08-29,22645_PF3,22645_PF3,41,0.0,0,7,0,3.8,True
1324_10042_1_21172_22068,1324,10042,2026-08-29,21172,22068,1,0.638,1,0,1,1.06,True
1324_10042_2_22068_21869,1324,10042,2026-08-29,22068,21869,2,0.53,1,0,2,6.06,True
1324_10042_3_21869_22585,1324,10042,2026-08-29,21869,22585,3,0.552,3,1,4,5.68,True
1324_10042_4_22585_21704,1324,10042,2026-08-29,22585,21704,4,0.914,3,0,7,9.33,True
1324_10042_5_21704_21859,1324,10042,2026-08-29,21704,21859,5,0.552,0,0,7,9.33,True
1324_10042_6_21859_21912,1324,10042,2026-08-29,21859,21912,6,0.968,1,0,8,11.33,True
1324_10042_7_21912_21801,1324,10042,2026-08-29,21912,21801,7,0.396,2,0,10,13.33,True
1324_10042_8_21801_22378,1324,10042,2026-08-29,21801,22378,8,0.267,0,1,9,11.33,True
1324_10042_9_22378_22318,1324,10042,2026-08-29,22378,22318,9,0.3,2,0,11,14.06,True
1324_10042_10_22318_22401,1324,10042,2026-08-29,22318,22401,10,0.297,2,0,13,16.18,True
1324_10042_11_22401_22596,1324,10042,2026-08-29,22401,22596,11,0.311,4,2,15,17.11,True
1324_10042_12_22596_22135,1324,10042,2026-08-29,22596,22135,12,0.588,1,0,16,18.11,True
1324_10042_13_22135_22172,1324,10042,2026-08-29,22135,22172,13,0.614,1,1,16,17.86,True
1324_10042_14_22172_21656,1324,10042,2026-08-29,22172,21656,14,0.492,0,1,15,16.36,True
1324_10042_15_21656_21976,1324,10042,2026-08-29,21656,21976,15,0.277,1,1,15,15.69,True
1324_10042_16_21976_21966,1324,10042,2026-08-29,21976,21966,16,0.205,3,1,17,16.75,True
1324_10042_17_21966_22326,1324,10042,2026-08-29,21966,22326,17,0.349,2,1,18,17.42,True
1324_10042_18_22326_35837,1324,10042,2026-08-29,22326,35837,18,0.313,1,1,18,17.61,True
1324_10042_19_35837_22383,1324,10042,2026-08-29,35837,22383,19,0.227,4,3,19,19.6,True
1324_10042_20_22383_22600,1324,10042,2026-08-29,22383,22600,20,0.504,3,3,19,21.61,True
1324_10042_21_22600_22461,1324,10042,2026-08-29,22600,22461,21,0.236,0,2,17,19.36,True
1324_10042_22_22461_21667,1324,10042,2026-08-29,22461,21667,22,0.654,1,2,16,19.03,True
1324_10042_23_21667_22540,1324,10042,2026-08-29,21667,22540,23,0.414,3,2,17,21.13,True
1324_10042_24_22540_21777,1324,10042,2026-08-29,22540,21777,24,0.61,2,0,19,23.8,True
1324_10042_25_21777_22125,1324,10042,2026-08-29,21777,22125,25,0.738,4,1,22,27.52,True
1324_10042_26_22125_22429,1324,10042,2026-08-29,22125,22429,26,0.372,0,2,20,24.6,True
1324_10042_27_22429_22187,1324,10042,2026-08-29,22429,22187,27,0.262,2,2,20,25.26,True
1324_10042_28_22187_22366,1324,10042,2026-08-29,22187,22366,28,0.675,0,1,19,23.59,True
1324_10042_29_22366_21847,1324,10042,2026-08-29,22366,21847,29,0.53,1,1,19,23.76,True
1324_10042_30_21847_22556,1324,10042,2026-08-29,21847,22556,30,0.429,2,2,19,24.1,True
1324_10042_31_22556_27778,1324,10042,2026-08-29,22556,27778,31,0.814,2,3,18,21.97,True
1324_10042_32_27778_38787,1324,10042,2026-08-29,27778,38787,32,0.159,0,2,16,19.58,True
1324_10042_33_38787_21739,1324,10042,2026-08-29,38787,21739,33,0.453,0,2,14,16.92,True
1324_10042_34_21739_22088,1324,10042,2026-08-29,21739,22088,34,0.636,2,0,16,20.25,True
1324_10042_35_22088_22514,1324,10042,2026-08-29,22088,22514,35,0.618,0,5,11,14.94,True
1324_10042_36_22514_22182,1324,10042,2026-08-29,22514,22182,36,0.794,1,1,11,15.55,True
1324_10042_37_22182_22458,1324,10042,2026-08-29,22182,22458,37,0.626,1,4,8,11.83,True
1324_10042_38_22458_22267,1324,10042,2026-08-29,22458,22267,38,0.456,0,2,6,8.67,True
1324_10042_39_22267_22185,1324,10042,2026-08-29,22267,22185,39,0.576,3,2,7,15.33,True
1324_10042_40_22185_22645_PF3,1324,10042,2026-08-29,22185,22645_PF3,40,0.745,3,1,9,20.33,True
1324_10042_41_22645_PF3_22645_PF3,1324,10042,2026-08-29,22645_PF3,22645_PF3,41,0.0,0,9,0,4.7,True
1324_10043_1_21172_22068,1324,10043,2026-08-29,21172,22068,1,0.638,2,0,2,1.88,True
1324_10043_2_22068_21869,1324,10043,2026-08-29,22068,21869,2,0.53,1,0,3,4.38,True
1324_10043_3_21869_22585,1324,10043,2026-08-29,21869,22585,3,0.552,0,0,3,4.38,True
1324_10043_4_22585_21704,1324,10043,2026-08-29,22585,21704,4,0.914,5,1,7,8.67,True
1324_10043_5_21704_21859,1324,10043,2026-08-29,21704,21859,5,0.552,3,0,10,13.49,True
1324_10043_6_21859_21912,1324,10043,2026-08-29,21859,21912,6,0.968,4,0,14,15.99,True
1324_10043_7_21912_21801,1324,10043,2026-08-29,21912,21801,7,0.396,1,0,15,16.99,True
1324_10043_8_21801_22378,1324,10043,2026-08-29,21801,22378,8,0.267,1,0,16,18.14,True
1324_10043_9_22378_22318,1324,10043,2026-08-29,22378,22318,9,0.3,1,2,15,15.02,True
1324_10043_10_22318_22401,1324,10043,2026-08-29,22318,22401,10,0.297,1,2,14,13.35,True
1324_10043_11_22401_22596,1324,10043,2026-08-29,22401,22596,11,0.311,2,1,15,16.6,True
1324_10043_12_22596_22135,1324,10043,2026-08-29,22596,22135,12,0.588,4,0,19,22.46,True
1324_10043_13_22135_22172,1324,10043,2026-08-29,22135,22172,13,0.614,3,1,21,25.22,True
1324_10043_14_22172_21656,1324,10043,2026-08-29,22172,21656,14,0.492,2,3,20,22.38,True
1324_10043_15_21656_21976,1324,10043,2026-08-29,21656,21976,15,0.277,1,0,21,23.63,True
1324_10043_16_21976_21966,1324,10043,2026-08-29,21976,21966,16,0.205,2,3,20,19.29,True
1324_10043_17_21966_22326,1324,10043,2026-08-29,21966,22326,17,0.349,2,2,20,19.69,True
1324_10043_18_22326_35837,1324,10043,2026-08-29,22326,35837,18,0.313,2,0,22,22.86,True
1324_10043_19_35837_22383,1324,10043,2026-08-29,35837,22383,19,0.227,1,2,21,21.41,True
1324_10043_20_22383_22600,1324,10043,2026-08-29,22383,22600,20,0.504,0,2,19,18.55,True
1324_10043_21_22600_22461,1324,10043,2026-08-29,22600,22461,21,0.236,0,4,15,15.23,True
1324_10043_22_22461_21667,1324,10043,2026-08-29,22461,21667,22,0.654,4,2,17,20.22,True
1324_10043_23_21667_22540,1324,10043,2026-08-29,21667,22540,23,0.414,2,1,18,21.41,True
1324_10043_24_22540_21777,1324,10043,2026-08-29,22540,21777,24,0.61,3,3,18,22.43,True
1324_10043_25_21777_22125,1324,10043,2026-08-29,21777,22125,25,0.738,1,0,19,23.56,True
1324_10043_26_22125_22429,1324,10043,2026-08-29,22125,22429,26,0.372,1,2,18,23.65,True
1324_10043_27_22429_22187,1324,10043,2026-08-29,22429,22187,27,0.262,0,3,15,20.83,True
1324_10043_28_22187_22366,1324,10043,2026-08-29,22187,22366,28,0.675,2,2,15,21.27,True
1324_10043_29_22366_21847,1324,10043,2026-08-29,22366,21847,29,0.53,0,0,15,21.27,True
1324_10043_30_21847_22556,1324,10043,2026-08-29,21847,22556,30,0.429,1,3,13,17.52,True
1324_10043_31_22556_27778,1324,10043,2026-08-29,22556,27778,31,0.814,0,1,12,16.24,True
1324_10043_32_27778_38787,1324,10043,2026-08-29,27778,38787,32,0.159,0,0,12,16.24,True
1324_10043_33_38787_21739,1324,10043,2026-08-29,38787,21739,33,0.453,0,0,12,16.24,True
1324_10043_34_21739_22088,1324,10043,2026-08-29,21739,22088,34,0.636,1,3,10,14.32,True
1324_10043_35_22088_22514,1324,10043,2026-08-29,22088,22514,35,0.618,2,0,12,19.08,True
1324_10043_36_22514_22182,1324,10043,2026-08-29,22514,22182,36,0.794,5,2,15,27.7,True
1324_10043_37_22182_22458,1324,10043,2026-08-29,22182,22458,37,0.626,0,3,12,20.11,True
1324_10043_38_22458_22267,1324,10043,2026-08-29,22458,22267,38,0.456,0,3,9,13.62,True
1324_10043_39_22267_22185,1324,10043,2026-08-29,22267,22185,39,0.576,1,1,9,13.65,True
1324_10043_40_22185_22645_PF3,1324,10043,2026-08-29,22185,22645_PF3,40,0.745,0,2,7,10.09,True
1324_10043_41_22645_PF3_22645_PF3,1324,10043,2026-08-29,22645_PF3,22645_PF3,41,0.0,0,7,0,8.96,True
1324_10044_1_21172_22068,1324,10044,2026-08-29,21172,22068,1,0.638,2,0,2,3.88,True
1324_10044_2_22068_21869,1324,10044,2026-08-29,22068,21869,2,0.53,0,0,2,3.88,True
1324_10044_3_21869_22585,1324,10044,2026-08-29,21869,22585,3,0.552,6,0,8,13.38,True
1324_10044_4_22585_21704,1324,10044,2026-08-29,22585,21704,4,0.914,2,0,10,14.38,True
1324_10044_5_21704_21859,1324,10044,2026-08-29,21704,21859,5,0.552,2,0,12,16.66,True
1324_10044_6_21859_21912,1324,10044,2026-08-29,21859,21912,6,0.968,2,0,14,19.91,True
1324_10044_7_21912_21801,1324,10044,2026-08-29,21912,21801,7,0.396,6,1,19,23.69,True
1324_10044_8_21801_22378,1324,10044,2026-08-29,21801,22378,8,0.267,3,1,21,23.84,True
1324_10044_9_22378_22318,1324,10044,2026-08-29,22378,22318,9,0.3,0,0,21,23.84,True
1324_10044_10_22318_22401,1324,10044,2026-08-29,22318,22401,10,0.297,2,1,22,23.67,True
1324_10044_11_22401_22596,1324,10044,2026-08-29,22401,22596,11,0.311,2,2,22,25.92,True
1324_10044_12_22596_22135,1324,10044,2026-08-29,22596,22135,12,0.588,3,4,21,20.04,True
1324_10044_13_22135_22172,1324,10044,2026-08-29,22135,22172,13,0.614,6,0,27,26.69,True
1324_10044_14_22172_21656,1324,10044,2026-08-29,22172,21656,14,0.492,2,3,26,24.28,True
1324_10044_15_21656_21976,1324,10044,2026-08-29,21656,21976,15,0.277,3,1,28,26.36,True
1324_10044_16_21976_21966,1324,10044,2026-08-29,21976,21966,16,0.205,1,0,29,27.72,True
1324_10044_17_21966_22326,1324,10044,2026-08-29,21966,22326,17,0.349,1,0,30,29.01,True
1324_10044_18_22326_35837,1324,10044,2026-08-29,22326,35837,18,0.313,1,2,29,28.96,True
1324_10044_19_35837_22383,1324,10044,2026-08-29,35837,22383,19,0.227,2,0,31,30.09,True
1324_10044_20_22383_22600,1324,10044,2026-08-29,22383,22600,20,0.504,0,3,28,26.67,True
1324_10044_21_22600_22461,1324,10044,2026-08-29,22600,22461,21,0.236,1,2,27,25.79,True
1324_10044_22_22461_21667,1324,10044,2026-08-29,22461,21667,22,0.654,0,6,21,19.0,True
1324_10044_23_21667_22540,1324,10044,2026-08-29,21667,22540,23,0.414,0,1,20,19.0,True
1324_10044_24_22540_21777,1324,10044,2026-08-29,22540,21777,24,0.61,2,2,20,19.64,True
1324_10044_25_21777_22125,1324,10044,2026-08-29,21777,22125,25,0.738,0,1,19,18.39,True
1324_10044_26_22125_22429,1324,10044,2026-08-29,22125,22429,26,0.372,2,1,20,20.39,True
1324_10044_27_22429_22187,1324,10044,2026-08-29,22429,22187,27,0.262,1,3,18,18.28,True
1324_10044_28_22187_22366,1324,10044,2026-08-29,22187,22366,28,0.675,1,3,16,18.85,True
1324_10044_29_22366_21847,1324,10044,2026-08-29,22366,21847,29,0.53,2,1,17,20.65,True
1324_10044_30_21847_22556,1324,10044,2026-08-29,21847,22556,30,0.429,1,0,18,22.15,True
1324_10044_31_22556_27778,1324,10044,2026-08-29,22556,27778,31,0.814,2,2,18,21.86,True
1324_10044_32_27778_38787,1324,10044,2026-08-29,27778,38787,32,0.159,0,2,16,19.36,True
1324_10044_33_38787_21739,1324,10044,2026-08-29,38787,21739,33,0.453,0,1,15,18.36,True
1324_10044_34_21739_22088,1324,10044,2026-08-29,21739,22088,34,0.636,1,2,14,17.35,True
1324_10044_35_22088_22514,1324,10044,2026-08-29,22088,22514,35,0.618,1,1,14,18.73,True
1324_10044_36_22514_22182,1324,10044,2026-08-29,22514,22182,36,0.794,1,4,11,15.05,True
1324_10044_37_22182_22458,1324,10044,2026-08-29,22182,22458,37,0.626,1,1,11,16.72,True
1324_10044_38_22458_22267,1324,10044,2026-08-29,22458,22267,38,0.456,0,0,11,16.72,True
1324_10044_39_22267_22185,1324,10044,2026-08-29,22267,22185,39,0.576,0,3,8,11.6,True
1324_10044_40_22185_22645_PF3,1324,10044,2026-08-29,22185,22645_PF3,40,0.745,0,4,4,7.38,True
1324_10044_41_22645_PF3_22645_PF3,1324,10044,2026-08-29,22645_PF3,22645_PF3,41,0.0,0,4,0,1.88,True
1324_10045_1_21172_22068,1324,10045,2026-08-29,21172,22068,1,0.638,4,0,4,6.87,True
1324_10045_2_22068_21869,1324,10045,2026-08-29,22068,21869,2,0.53,2,0,6,10.2,True
1324_10045_3_21869_22585,1324,10045,2026-08-29,21869,22585,3,0.552,5,0,11,15.92,True
1324_10045_4_22585_21704,1324,10045,2026-08-29,22585,21704,4,0.914,6,0,17,26.67,True
1324_10045_5_21704_21859,1324,10045,2026-08-29,21704,21859,5,0.552,2,0,19,30.84,True
1324_10045_6_21859_21912,1324,10045,2026-08-29,21859,21912,6,0.968,1,0,20,31.97,True
1324_10045_7_21912_21801,1324,10045,2026-08-29,21912,21801,7,0.396,3,3,20,25.42,True
1324_10045_8_21801_22378,1324,10045,2026-08-29,21801,22378,8,0.267,1,2,19,22.08,True
1324_10045_9_22378_22318,1324,10045,2026-08-29,22378,22318,9,0.3,2,0,21,23.14,True
1324_10045_10_22318_22401,1324,10045,2026-08-29,22318,22401,10,0.297,0,1,20,21.47,True
1324_10045_11_22401_22596,1324,10045,2026-08-29,22401,22596,11,0.311,3,3,20,20.53,True
1324_10045_12_22596_22135,1324,10045,2026-08-29,22596,22135,12,0.588,4,1,23,21.97,True
1324_10045_13_22135_22172,1324,10045,2026-08-29,22135,22172,13,0.614,0,1,22,21.97,True
1324_10045_14_22172_21656,1324,10045,2026-08-29,22172,21656,14,0.492,2,3,21,19.8,True
1324_10045_15_21656_21976,1324,10045,2026-08-29,21656,21976,15,0.277,3,1,23,21.6,True
1324_10045_16_21976_21966,1324,10045,2026-08-29,21976,21966,16,0.205,0,4,19,15.9,True
1324_10045_17_21966_22326,1324,10045,2026-08-29,21966,22326,17,0.349,1,1,19,15.87,True
1324_10045_18_22326_35837,1324,10045,2026-08-29,22326,35837,18,0.313,1,1,19,15.62,True
1324_10045_19_35837_22383,1324,10045,2026-08-29,35837,22383,19,0.227,2,0,21,17.97,True
1324_10045_20_22383_22600,1324,10045,2026-08-29,22383,22600,20,0.504,1,0,22,17.97,True
1324_10045_21_22600_22461,1324,10045,2026-08-29,22600,22461,21,0.236,0,3,19,16.72,True
1324_10045_22_22461_21667,1324,10045,2026-08-29,22461,21667,22,0.654,1,2,18,15.95,True
1324_10045_23_21667_22540,1324,10045,2026-08-29,21667,22540,23,0.414,1,0,19,17.32,True
1324_10045_24_22540_21777,1324,10045,2026-08-29,22540,21777,24,0.61,0,0,19,17.32,True
1324_10045_25_21777_22125,1324,10045,2026-08-29,21777,22125,25,0.738,2,0,21,20.41,True
1324_10045_26_22125_22429,1324,10045,2026-08-29,22125,22429,26,0.372,0,1,20,19.35,True
1324_10045_27_22429_22187,1324,10045,2026-08-29,22429,22187,27,0.262,2,2,20,19.63,True
1324_10045_28_22187_22366,1324,10045,2026-08-29,22187,22366,28,0.675,2,0,22,21.3,True
1324_10045_29_22366_21847,1324,10045,2026-08-29,22366,21847,29,0.53,2,4,20,21.29,True
1324_10045_30_21847_22556,1324,10045,2026-08-29,21847,22556,30,0.429,0,2,18,19.31,True
1324_10045_31_22556_27778,1324,10045,2026-08-29,22556,27778,31,0.814,1,0,19,20.67,True
1324_10045_32_27778_38787,1324,10045,2026-08-29,27778,38787,32,0.159,2,2,19,19.63,True
1324_10045_33_38787_21739,1324,10045,2026-08-29,38787,21739,33,0.453,1,2,18,18.65,True
1324_10045_34_21739_22088,1324,10045,2026-08-29,21739,22088,34,0.636,0,4,14,13.96,True
1324_10045_35_22088_22514,1324,10045,2026-08-29,22088,22514,35,0.618,0,3,11,10.94,True
1324_10045_36_22514_22182,1324,10045,2026-08-29,22514,22182,36,0.794,1,4,8,11.13,True
1324_10045_37_22182_22458,1324,10045,2026-08-29,22182,22458,37,0.626,1,1,8,11.25,True
1324_10045_38_22458_22267,1324,10045,2026-08-29,22458,22267,38,0.456,2,1,9,15.42,True
1324_10045_39_22267_22185,1324,10045,2026-08-29,22267,22185,39,0.576,1,1,9,19.47,True
1324_10045_40_22185_22645_PF3,1324,10045,2026-08-29,22185,22645_PF3,40,0.745,0,4,5,8.08,True
1324_10045_41_22645_PF3_22645_PF3,1324,10045,2026-08-29,22645_PF3,22645_PF3,41,0.0,0,5,0,6.41,True
1324_10046_1_21172_22068,1324,10046,2026-08-29,21172,22068,1,0.638,4,0,4,7.34,True
1324_10046_2_22068_21869,1324,10046,2026-08-29,22068,21869,2,0.53,3,0,7,10.95,True
1324_10046_3_21869_22585,1324,10046,2026-08-29,21869,22585,3,0.552,0,0,7,10.95,True
1324_10046_4_22585_21704,1324,10046,2026-08-29,22585,21704,4,0.914,1,0,8,11.69,True
1324_10046_5_21704_21859,1324,10046,2026-08-29,21704,21859,5,0.552,1,1,8,10.86,True
1324_10046_6_21859_21912,1324,10046,2026-08-29,21859,21912,6,0.968,1,0,9,12.53,True
1324_10046_7_21912_21801,1324,10046,2026-08-29,21912,21801,7,0.396,4,0,13,15.61,True
1324_10046_8_21801_22378,1324,10046,2026-08-29,21801,22378,8,0.267,3,2,14,14.67,True
1324_10046_9_22378_22318,1324,10046,2026-08-29,22378,22318,9,0.3,1,0,15,15.67,True
1324_10046_10_22318_22401,1324,10046,2026-08-29,22318,22401,10,0.297,2,0,17,17.98,True
1324_10046_11_22401_22596,1324,10046,2026-08-29,22401,22596,11,0.311,1,1,17,17.56,True
1324_10046_12_22596_22135,1324,10046,2026-08-29,22596,22135,12,0.588,3,0,20,21.06,True
1324_10046_13_22135_22172,1324,10046,2026-08-29,22135,22172,13,0.614,4,1,23,24.31,True
1324_10046_14_22172_21656,1324,10046,2026-08-29,22172,21656,14,0.492,0,0,23,24.31,True
1324_10046_15_21656_21976,1324,10046,2026-08-29,21656,21976,15,0.277,1,1,23,23.54,True
1324_10046_16_21976_21966,1324,10046,2026-08-29,21976,21966,16,0.205,4,1,26,27.0,True
1324_10046_17_21966_22326,1324,10046,2026-08-29,21966,22326,17,0.349,2,0,28,29.91,True
1324_10046_18_22326_35837,1324,10046,2026-08-29,22326,35837,18,0.313,3,1,30,32.66,True
1324_10046_19_35837_22383,1324,10046,2026-08-29,35837,22383,19,0.227,1,0,31,32.66,True
1324_10046_20_22383_22600,1324,10046,2026-08-29,22383,22600,20,0.504,0,2,29,30.25,True
1324_10046_21_22600_22461,1324,10046,2026-08-29,22600,22461,21,0.236,2,3,28,29.4,True
1324_10046_22_22461_21667,1324,10046,2026-08-29,22461,21667,22,0.654,0,2,26,27.15,True
1324_10046_23_21667_22540,1324,10046,2026-08-29,21667,22540,23,0.414,3,3,26,25.8,True
1324_10046_24_22540_21777,1324,10046,2026-08-29,22540,21777,24,0.61,2,6,22,22.61,True
1324_10046_25_21777_22125,1324,10046,2026-08-29,21777,22125,25,0.738,1,0,23,22.61,True
1324_10046_26_22125_22429,1324,10046,2026-08-29,22125,22429,26,0.372,1,2,22,21.33,True
1324_10046_27_22429_22187,1324,10046,2026-08-29,22429,22187,27,0.262,2,3,21,19.93,True
1324_10046_28_22187_22366,1324,10046,2026-08-29,22187,22366,28,0.675,3,2,22,22.66,True
1324_10046_29_22366_21847,1324,10046,2026-08-29,22366,21847,29,0.53,0,2,20,20.25,True
1324_10046_30_21847_22556,1324,10046,2026-08-29,21847,22556,30,0.429,2,0,22,23.25,True
1324_10046_31_22556_27778,1324,10046,2026-08-29,22556,27778,31,0.814,0,2,20,21.26,True
1324_10046_32_27778_38787,1324,10046,2026-08-29,27778,38787,32,0.159,2,1,21,21.57,True
1324_10046_33_38787_21739,1324,10046,2026-08-29,38787,21739,33,0.453,1,1,21,22.19,True
1324_10046_34_21739_22088,1324,10046,2026-08-29,21739,22088,34,0.636,0,3,18,17.49,True
1324_10046_35_22088_22514,1324,10046,2026-08-29,22088,22514,35,0.618,1,2,17,16.66,True
1324_10046_36_22514_22182,1324,10046,2026-08-29,22514,22182,36,0.794,1,2,16,16.69,True
1324_10046_37_22182_22458,1324,10046,2026-08-29,22182,22458,37,0.626,1,1,16,18.07,True
1324_10046_38_22458_22267,1324,10046,2026-08-29,22458,22267,38,0.456,0,5,11,14.01,True
1324_10046_39_22267_22185,1324,10046,2026-08-29,22267,22185,39,0.576,1,2,10,13.05,True
1324_10046_40_22185_22645_PF3,1324,10046,2026-08-29,22185,22645_PF3,40,0.745,0,4,6,8.93,True
1324_10046_41_22645_PF3_22645_PF3,1324,10046,2026-08-29,22645_PF3,22645_PF3,41,0.0,0,6,0,2.55,True
1324_10047_1_21172_22068,1324,10047,2026-08-29,21172,22068,1,0.638,5,0,5,7.94,True
1324_10047_2_22068_21869,1324,10047,2026-08-29,22068,21869,2,0.53,3,0,8,11.83,True
1324_10047_3_21869_22585,1324,10047,2026-08-29,21869,22585,3,0.552,4,0,12,16.6,True
1324_10047_4_22585_21704,1324,10047,2026-08-29,22585,21704,4,0.914,2,0,14,19.13,True
1324_10047_5_21704_21859,1324,10047,2026-08-29,21704,21859,5,0.552,1,0,15,19.85,True
1324_10047_6_21859_21912,1324,10047,2026-08-29,21859,21912,6,0.968,4,1,18,21.15,True
1324_10047_7_21912_21801,1324,10047,2026-08-29,21912,21801,7,0.396,2,1,19,20.79,True
1324_10047_8_21801_22378,1324,10047,2026-08-29,21801,22378,8,0.267,1,0,20,21.85,True
1324_10047_9_22378_22318,1324,10047,2026-08-29,22378,22318,9,0.3,2,1,21,21.9,True
1324_10047_10_22318_22401,1324,10047,2026-08-29,22318,22401,10,0.297,3,3,21,20.7,True
1324_10047_11_22401_22596,1324,10047,2026-08-29,22401,22596,11,0.311,1,0,22,22.07,True
1324_10047_12_22596_22135,1324,10047,2026-08-29,22596,22135,12,0.588,3,0,25,25.83,True
1324_10047_13_22135_22172,1324,10047,2026-08-29,22135,22172,13,0.614,0,0,25,25.83,True
1324_10047_14_22172_21656,1324,10047,2026-08-29,22172,21656,14,0.492,2,2,25,26.44,True
1324_10047_15_21656_21976,1324,10047,2026-08-29,21656,21976,15,0.277,7,0,32,32.81,True
1324_10047_16_21976_21966,1324,10047,2026-08-29,21976,21966,16,0.205,3,2,33,34.12,True
1324_10047_17_21966_22326,1324,10047,2026-08-29,21966,22326,17,0.349,2,2,33,35.08,True
1324_10047_18_22326_35837,1324,10047,2026-08-29,22326,35837,18,0.313,2,1,34,35.69,True
1324_10047_19_35837_22383,1324,10047,2026-08-29,35837,22383,19,0.227,1,3,32,32.36,True
1324_10047_20_22383_22600,1324,10047,2026-08-29,22383,22600,20,0.504,1,0,33,33.86,True
1324_10047_21_22600_22461,1324,10047,2026-08-29,22600,22461,21,0.236,0,4,29,29.77,True
1324_10047_22_22461_21667,1324,10047,2026-08-29,22461,21667,22,0.654,1,4,26,26.68,True
1324_10047_23_21667_22540,1324,10047,2026-08-29,21667,22540,23,0.414,1,4,23,23.23,True
1324_10047_24_22540_21777,1324,10047,2026-08-29,22540,21777,24,0.61,1,2,22,23.22,True
1324_10047_25_21777_22125,1324,10047,2026-08-29,21777,22125,25,0.738,1,2,21,22.45,True
1324_10047_26_22125_22429,1324,10047,2026-08-29,22125,22429,26,0.372,0,2,19,19.67,True
1324_10047_27_22429_22187,1324,10047,2026-08-29,22429,22187,27,0.262,0,1,18,18.42,True
1324_10047_28_22187_22366,1324,10047,2026-08-29,22187,22366,28,0.675,0,1,17,17.42,True
1324_10047_29_22366_21847,1324,10047,2026-08-29,22366,21847,29,0.53,1,1,17,17.88,True
1324_10047_30_21847_22556,1324,10047,2026-08-29,21847,22556,30,0.429,0,0,17,17.88,True
1324_10047_31_22556_27778,1324,10047,2026-08-29,22556,27778,31,0.814,3,1,19,24.95,True
1324_10047_32_27778_38787,1324,10047,2026-08-29,27778,38787,32,0.159,0,3,16,16.57,True
1324_10047_33_38787_21739,1324,10047,2026-08-29,38787,21739,33,0.453,2,3,15,16.4,True
1324_10047_34_21739_22088,1324,10047,2026-08-29,21739,22088,34,0.636,0,0,15,16.4,True
1324_10047_35_22088_22514,1324,10047,2026-08-29,22088,22514,35,0.618,2,2,15,17.06,True
1324_10047_36_22514_22182,1324,10047,2026-08-29,22514,22182,36,0.794,1,1,15,17.78,True
1324_10047_37_22182_22458,1324,10047,2026-08-29,22182,22458,37,0.626,2,1,16,21.06,True
1324_10047_38_22458_22267,1324,10047,2026-08-29,22458,22267,38,0.456,1,2,15,24.39,True
1324_10047_39_22267_22185,1324,10047,2026-08-29,22267,22185,39,0.576,0,6,9,12.76,True
1324_10047_40_22185_22645_PF3,1324,10047,2026-08-29,22185,22645_PF3,40,0.745,0,1,8,11.56,True
1324_10047_41_22645_PF3_22645_PF3,1324,10047,2026-08-29,22645_PF3,22645_PF3,41,0.0,0,8,0,7.63,True
1324_10048_1_21172_22068,1324,10048,2026-08-29,21172,22068,1,0.638,2,0,2,2.41,True
1324_10048_2_22068_21869,1324,10048,2026-08-29,22068,21869,2,0.53,1,0,3,3.91,True
1324_10048_3_21869_22585,1324,10048,2026-08-29,21869,22585,3,0.552,4,0,7,7.66,True
1324_10048_4_22585_21704,1324,10048,2026-08-29,22585,21704,4,0.914,2,0,9,10.54,True
1324_10048_5_21704_21859,1324,10048,2026-08-29,21704,21859,5,0.552,5,0,14,13.16,True
1324_10048_6_21859_21912,1324,10048,2026-08-29,21859,21912,6,0.968,1,0,15,14.66,True
1324_10048_7_21912_21801,1324,10048,2026-08-29,21912,21801,7,0.396,2,0,17,16.52,True
1324_10048_8_21801_22378,1324,10048,2026-08-29,21801,22378,8,0.267,4,0,21,19.67,True
1324_10048_9_22378_22318,1324,10048,2026-08-29,22378,22318,9,0.3,4,1,24,24.69,True
1324_10048_10_22318_22401,1324,10048,2026-08-29,22318,22401,10,0.297,1,0,25,24.69,True
1324_10048_11_22401_22596,1324,10048,2026-08-29,22401,22596,11,0.311,2,4,23,21.76,True
1324_10048_12_22596_22135,1324,10048,2026-08-29,22596,22135,12,0.588,3,2,24,23.77,True
1324_10048_13_22135_22172,1324,10048,2026-08-29,22135,22172,13,0.614,2,1,25,25.69,True
1324_10048_14_22172_21656,1324,10048,2026-08-29,22172,21656,14,0.492,2,3,24,24.3,True
1324_10048_15_21656_21976,1324,10048,2026-08-29,21656,21976,15,0.277,2,0,26,26.05,True
1324_10048_16_21976_21966,1324,10048,2026-08-29,21976,21966,16,0.205,3,2,27,27.92,True
1324_10048_17_21966_22326,1324,10048,2026-08-29,21966,22326,17,0.349,1,2,26,26.65,True
1324_10048_18_22326_35837,1324,10048,2026-08-29,22326,35837,18,0.313,0,1,25,25.54,True
1324_10048_19_35837_22383,1324,10048,2026-08-29,35837,22383,19,0.227,1,1,25,24.83,True
1324_10048_20_22383_22600,1324,10048,2026-08-29,22383,22600,20,0.504,2,5,22,19.82,True
1324_10048_21_22600_22461,1324,10048,2026-08-29,22600,22461,21,0.236,1,1,22,19.77,True
1324_10048_22_22461_21667,1324,10048,2026-08-29,22461,21667,22,0.654,1,1,22,20.16,True
1324_10048_23_21667_22540,1324,10048,2026-08-29,21667,22540,23,0.414,2,3,21,24.28,True
1324_10048_24_22540_21777,1324,10048,2026-08-29,22540,21777,24,0.61,1,1,21,20.7,True
1324_10048_25_21777_22125,1324,10048,2026-08-29,21777,22125,25,0.738,4,0,25,27.62,True
1324_10048_26_22125_22429,1324,10048,2026-08-29,22125,22429,26,0.372,1,2,24,26.42,True
1324_10048_27_22429_22187,1324,10048,2026-08-29,22429,22187,27,0.262,2,1,25,27.09,True
1324_10048_28_22187_22366,1324,10048,2026-08-29,22187,22366,28,0.675,1,3,23,25.47,True
1324_10048_29_22366_21847,1324,10048,2026-08-29,22366,21847,29,0.53,0,1,22,22.97,True
1324_10048_30_21847_22556,1324,10048,2026-08-29,21847,22556,30,0.429,1,1,22,23.11,True
1324_10048_31_22556_27778,1324,10048,2026-08-29,22556,27778,31,0.814,0,2,20,20.01,True
1324_10048_32_27778_38787,1324,10048,2026-08-29,27778,38787,32,0.159,2,2,20,21.21,True
1324_10048_33_38787_21739,1324,10048,2026-08-29,38787,21739,33,0.453,1,3,18,20.44,True
1324_10048_34_21739_22088,1324,10048,2026-08-29,21739,22088,34,0.636,0,0,18,20.44,True
1324_10048_35_22088_22514,1324,10048,2026-08-29,22088,22514,35,0.618,1,3,16,18.08,True
1324_10048_36_22514_22182,1324,10048,2026-08-29,22514,22182,36,0.794,3,3,16,19.36,True
1324_10048_37_22182_22458,1324,10048,2026-08-29,22182,22458,37,0.626,0,4,12,16.15,True
1324_10048_38_22458_22267,1324,10048,2026-08-29,22458,22267,38,0.456,1,1,12,16.7,True
1324_10048_39_22267_22185,1324,10048,2026-08-29,22267,22185,39,0.576,0,4,8,11.44,True
1324_10048_40_22185_22645_PF3,1324,10048,2026-08-29,22185,22645_PF3,40,0.745,1,4,5,8.51,True
1324_10048_41_22645_PF3_22645_PF3,1324,10048,2026-08-29,22645_PF3,22645_PF3,41,0.0,0,5,0,6.85,True
1324_10049_1_21172_22068,1324,10049,2026-08-29,21172,22068,1,0.638,1,0,1,1.5,True
1324_10049_2_22068_21869,1324,10049,2026-08-29,22068,21869,2,0.53,2,0,3,4.37,True
1324_10049_3_21869_22585,1324,10049,2026-08-29,21869,22585,3,0.552,4,0,7,9.18,True
1324_10049_4_22585_21704,1324,10049,2026-08-29,22585,21704,4,0.914,2,0,9,11.25,True
1324_10049_5_21704_21859,1324,10049,2026-08-29,21704,21859,5,0.552,1,0,10,12.75,True
1324_10049_6_21859_21912,1324,10049,2026-08-29,21859,21912,6,0.968,2,0,12,14.75,True
1324_10049_7_21912_21801,1324,10049,2026-08-29,21912,21801,7,0.396,0,1,11,12.75,True
1324_10049_8_21801_22378,1324,10049,2026-08-29,21801,22378,8,0.267,1,1,11,12.12,True
1324_10049_9_22378_22318,1324,10049,2026-08-29,22378,22318,9,0.3,1,0,12,13.12,True
1324_10049_10_22318_22401,1324,10049,2026-08-29,22318,22401,10,0.297,1,0,13,14.48,True
1324_10049_11_22401_22596,1324,10049,2026-08-29,22401,22596,11,0.311,0,1,12,12.98,True
1324_10049_12_22596_22135,1324,10049,2026-08-29,22596,22135,12,0.588,2,0,14,15.4,True
1324_10049_13_22135_22172,1324,10049,2026-08-29,22135,22172,13,0.614,1,0,15,16.69,True
1324_10049_14_22172_21656,1324,10049,2026-08-29,22172,21656,14,0.492,1,0,16,17.76,True
1324_10049_15_21656_21976,1324,10049,2026-08-29,21656,21976,15,0.277,6,1,21,23.67,True
1324_10049_16_21976_21966,1324,10049,2026-08-29,21976,21966,16,0.205,0,0,21,23.67,True
1324_10049_17_21966_22326,1324,10049,2026-08-29,21966,22326,17,0.349,0,1,20,21.17,True
1324_10049_18_22326_35837,1324,10049,2026-08-29,22326,35837,18,0.313,3,0,23,25.38,True
1324_10049_19_35837_22383,1324,10049,2026-08-29,35837,22383,19,0.227,0,3,20,21.81,True
1324_10049_20_22383_22600,1324,10049,2026-08-29,22383,22600,20,0.504,3,2,21,23.67,True
1324_10049_21_22600_22461,1324,10049,2026-08-29,22600,22461,21,0.236,2,2,21,24.22,True
1324_10049_22_22461_21667,1324,10049,2026-08-29,22461,21667,22,0.654,1,1,21,24.66,True
1324_10049_23_21667_22540,1324,10049,2026-08-29,21667,22540,23,0.414,0,2,19,22.23,True
1324_10049_24_22540_21777,1324,10049,2026-08-29,22540,21777,24,0.61,1,0,20,23.66,True
1324_10049_25_21777_22125,1324,10049,2026-08-29,21777,22125,25,0.738,2,2,20,24.94,True
1324_10049_26_22125_22429,1324,10049,2026-08-29,22125,22429,26,0.372,0,0,20,24.94,True
1324_10049_27_22429_22187,1324,10049,2026-08-29,22429,22187,27,0.262,2,4,18,20.81,True
1324_10049_28_22187_22366,1324,10049,2026-08-29,22187,22366,28,0.675,2,3,17,20.95,True
1324_10049_29_22366_21847,1324,10049,2026-08-29,22366,21847,29,0.53,1,1,17,21.77,True
1324_10049_30_21847_22556,1324,10049,2026-08-29,21847,22556,30,0.429,0,1,16,20.27,True
1324_10049_31_22556_27778,1324,10049,2026-08-29,22556,27778,31,0.814,1,2,15,19.48,True
1324_10049_32_27778_38787,1324,10049,2026-08-29,27778,38787,32,0.159,1,2,14,18.66,True
1324_10049_33_38787_21739,1324,10049,2026-08-29,38787,21739,33,0.453,0,2,12,17.41,True
1324_10049_34_21739_22088,1324,10049,2026-08-29,21739,22088,34,0.636,2,2,12,16.96,True
1324_10049_35_22088_22514,1324,10049,2026-08-29,22088,22514,35,0.618,0,1,11,15.57,True
1324_10049_36_22514_22182,1324,10049,2026-08-29,22514,22182,36,0.794,2,3,10,12.57,True
1324_10049_37_22182_22458,1324,10049,2026-08-29,22182,22458,37,0.626,0,1,9,10.7,True
1324_10049_38_22458_22267,1324,10049,2026-08-29,22458,22267,38,0.456,0,4,5,4.66,True
1324_10049_39_22267_22185,1324,10049,2026-08-29,22267,22185,39,0.576,1,0,6,6.32,True
1324_10049_40_22185_22645_PF3,1324,10049,2026-08-29,22185,22645_PF3,40,0.745,1,1,6,6.32,True
1324_10049_41_22645_PF3_22645_PF3,1324,10049,2026-08-29,22645_PF3,22645_PF3,41,0.0,0,6,0,5.45,True
998_1005_1_20940_21231,998,1005,2026-08-29,20940,21231,1,0.583,2,0,2,1.67,True
998_1005_2_21231_20726,998,1005,2026-08-29,21231,20726,2,0.729,7,0,9,17.67,True
998_1005_3_20726_22317,998,1005,2026-08-29,20726,22317,3,0.948,3,0,12,22.67,True
998_1005_4_22317_22286,998,1005,2026-08-29,22317,22286,4,0.398,2,0,14,26.83,True
998_1005_5_22286_21572,998,1005,2026-08-29,22286,21572,5,0.41,2,4,12,26.83,True
998_1005_6_21572_21173,998,1005,2026-08-29,21572,21173,6,0.62,4,7,9,29.33,True
1324_10050_1_21172_22068,1324,10050,2026-08-29,21172,22068,1,0.638,0,0,0,0.0,True
1324_10050_2_22068_21869,1324,10050,2026-08-29,22068,21869,2,0.53,1,0,1,1.12,True
1324_10050_3_21869_22585,1324,10050,2026-08-29,21869,22585,3,0.552,0,0,1,1.12,True
1324_10050_4_22585_21704,1324,10050,2026-08-29,22585,21704,4,0.914,2,0,3,1.89,True
1324_10050_5_21704_21859,1324,10050,2026-08-29,21704,21859,5,0.552,1,0,4,3.09,True
1324_10050_6_21859_21912,1324,10050,2026-08-29,21859,21912,6,0.968,4,0,8,7.0,True
1324_10050_7_21912_21801,1324,10050,2026-08-29,21912,21801,7,0.396,2,0,10,13.66,True
1324_10050_8_21801_22378,1324,10050,2026-08-29,21801,22378,8,0.267,1,2,9,9.91,True
1324_10050_9_22378_22318,1324,10050,2026-08-29,22378,22318,9,0.3,2,0,11,12.18,True
1324_10050_10_22318_22401,1324,10050,2026-08-29,22318,22401,10,0.297,4,0,15,17.29,True
1324_10050_11_22401_22596,1324,10050,2026-08-29,22401,22596,11,0.311,1,0,16,19.29,True
1324_10050_12_22596_22135,1324,10050,2026-08-29,22596,22135,12,0.588,0,0,16,19.29,True
1324_10050_13_22135_22172,1324,10050,2026-08-29,22135,22172,13,0.614,0,1,15,17.62,True
1324_10050_14_22172_21656,1324,10050,2026-08-29,22172,21656,14,0.492,3,0,18,21.01,True
1324_10050_15_21656_21976,1324,10050,2026-08-29,21656,21976,15,0.277,3,0,21,24.41,True
1324_10050_16_21976_21966,1324,10050,2026-08-29,21976,21966,16,0.205,1,3,19,21.16,True
1324_10050_17_21966_22326,1324,10050,2026-08-29,21966,22326,17,0.349,0,1,18,19.74,True
1324_10050_18_22326_35837,1324,10050,2026-08-29,22326,35837,18,0.313,2,2,18,20.18,True
1324_10050_19_35837_22383,1324,10050,2026-08-29,35837,22383,19,0.227,2,1,19,22.06,True
1324_10050_20_22383_22600,1324,10050,2026-08-29,22383,22600,20,0.504,1,1,19,20.86,True
1324_10050_21_22600_22461,1324,10050,2026-08-29,22600,22461,21,0.236,0,1,18,19.49,True
1324_10050_22_22461_21667,1324,10050,2026-08-29,22461,21667,22,0.654,1,1,18,20.37,True
1324_10050_23_21667_22540,1324,10050,2026-08-29,21667,22540,23,0.414,2,1,19,22.0,True
1324_10050_24_22540_21777,1324,10050,2026-08-29,22540,21777,24,0.61,4,2,21,25.93,True
1324_10050_25_21777_22125,1324,10050,2026-08-29,21777,22125,25,0.738,0,2,19,23.62,True
1324_10050_26_22125_22429,1324,10050,2026-08-29,22125,22429,26,0.372,3,1,21,27.72,True
1324_10050_27_22429_22187,1324,10050,2026-08-29,22429,22187,27,0.262,1,3,19,24.89,True
1324_10050_28_22187_22366,1324,10050,2026-08-29,22187,22366,28,0.675,1,3,17,20.36,True
1324_10050_29_22366_21847,1324,10050,2026-08-29,22366,21847,29,0.53,2,1,18,21.87,True
1324_10050_30_21847_22556,1324,10050,2026-08-29,21847,22556,30,0.429,1,4,15,16.41,True
1324_10050_31_22556_27778,1324,10050,2026-08-29,22556,27778,31,0.814,0,1,14,15.25,True
1324_10050_32_27778_38787,1324,10050,2026-08-29,27778,38787,32,0.159,0,0,14,15.25,True
1324_10050_33_38787_21739,1324,10050,2026-08-29,38787,21739,33,0.453,2,3,13,14.89,True
1324_10050_34_21739_22088,1324,10050,2026-08-29,21739,22088,34,0.636,1,0,14,16.56,True
1324_10050_35_22088_22514,1324,10050,2026-08-29,22088,22514,35,0.618,0,1,13,16.56,True
1324_10050_36_22514_22182,1324,10050,2026-08-29,22514,22182,36,0.794,1,3,11,16.06,True
1324_10050_37_22182_22458,1324,10050,2026-08-29,22182,22458,37,0.626,0,2,9,13.28,True
1324_10050_38_22458_22267,1324,10050,2026-08-29,22458,22267,38,0.456,1,0,10,14.53,True
1324_10050_39_22267_22185,1324,10050,2026-08-29,22267,22185,39,0.576,2,2,10,12.89,True
1324_10050_40_22185_22645_PF3,1324,10050,2026-08-29,22185,22645_PF3,40,0.745,1,6,5,7.08,True
1324_10050_41_22645_PF3_22645_PF3,1324,10050,2026-08-29,22645_PF3,22645_PF3,41,0.0,0,5,0,7.08,True
1324_10051_1_21172_22068,1324,10051,2026-08-29,21172,22068,1,0.638,3,0,3,4.27,True
1324_10051_2_22068_21869,1324,10051,2026-08-29,22068,21869,2,0.53,0,0,3,4.27,True
1324_10051_3_21869_22585,1324,10051,2026-08-29,21869,22585,3,0.552,2,0,5,6.77,True
1324_10051_4_22585_21704,1324,10051,2026-08-29,22585,21704,4,0.914,0,0,5,6.77,True
1324_10051_5_21704_21859,1324,10051,2026-08-29,21704,21859,5,0.552,4,2,7,7.13,True
1324_10051_6_21859_21912,1324,10051,2026-08-29,21859,21912,6,0.968,1,0,8,9.13,True
1324_10051_7_21912_21801,1324,10051,2026-08-29,21912,21801,7,0.396,0,0,8,9.13,True
1324_10051_8_21801_22378,1324,10051,2026-08-29,21801,22378,8,0.267,3,0,11,11.52,True
1324_10051_9_22378_22318,1324,10051,2026-08-29,22378,22318,9,0.3,0,0,11,11.52,True
1324_10051_10_22318_22401,1324,10051,2026-08-29,22318,22401,10,0.297,2,0,13,13.25,True
1324_10051_11_22401_22596,1324,10051,2026-08-29,22401,22596,11,0.311,1,2,12,12.92,True
1324_10051_12_22596_22135,1324,10051,2026-08-29,22596,22135,12,0.588,3,1,14,15.69,True
1324_10051_13_22135_22172,1324,10051,2026-08-29,22135,22172,13,0.614,1,0,15,16.4,True
1324_10051_14_22172_21656,1324,10051,2026-08-29,22172,21656,14,0.492,0,2,13,13.07,True
1324_10051_15_21656_21976,1324,10051,2026-08-29,21656,21976,15,0.277,1,1,13,12.57,True
1324_10051_16_21976_21966,1324,10051,2026-08-29,21976,21966,16,0.205,4,1,16,15.85,True
1324_10051_17_21966_22326,1324,10051,2026-08-29,21966,22326,17,0.349,3,0,19,18.88,True
1324_10051_18_22326_35837,1324,10051,2026-08-29,22326,35837,18,0.313,1,1,19,18.46,True
1324_10051_19_35837_22383,1324,10051,2026-08-29,35837,22383,19,0.227,0,2,17,16.39,True
1324_10051_20_22383_22600,1324,10051,2026-08-29,22383,22600,20,0.504,0,2,15,14.14,True
1324_10051_21_22600_22461,1324,10051,2026-08-29,22600,22461,21,0.236,1,0,16,15.42,True
1324_10051_22_22461_21667,1324,10051,2026-08-29,22461,21667,22,0.654,1,0,17,16.42,True
1324_10051_23_21667_22540,1324,10051,2026-08-29,21667,22540,23,0.414,3,0,20,21.14,True
1324_10051_24_22540_21777,1324,10051,2026-08-29,22540,21777,24,0.61,0,2,18,19.89,True
1324_10051_25_21777_22125,1324,10051,2026-08-29,21777,22125,25,0.738,3,1,20,22.43,True
1324_10051_26_22125_22429,1324,10051,2026-08-29,22125,22429,26,0.372,0,2,18,19.47,True
1324_10051_27_22429_22187,1324,10051,2026-08-29,22429,22187,27,0.262,3,1,20,23.71,True
1324_10051_28_22187_22366,1324,10051,2026-08-29,22187,22366,28,0.675,1,1,20,23.77,True
1324_10051_29_22366_21847,1324,10051,2026-08-29,22366,21847,29,0.53,0,3,17,17.94,True
1324_10051_30_21847_22556,1324,10051,2026-08-29,21847,22556,30,0.429,2,2,17,18.72,True
1324_10051_31_22556_27778,1324,10051,2026-08-29,22556,27778,31,0.814,0,1,16,17.95,True
1324_10051_32_27778_38787,1324,10051,2026-08-29,27778,38787,32,0.159,3,1,18,20.37,True
1324_10051_33_38787_21739,1324,10051,2026-08-29,38787,21739,33,0.453,1,2,17,19.12,True
1324_10051_34_21739_22088,1324,10051,2026-08-29,21739,22088,34,0.636,3,3,17,23.02,True
1324_10051_35_22088_22514,1324,10051,2026-08-29,22088,22514,35,0.618,1,2,16,21.74,True
1324_10051_36_22514_22182,1324,10051,2026-08-29,22514,22182,36,0.794,0,3,13,17.78,True
1324_10051_37_22182_22458,1324,10051,2026-08-29,22182,22458,37,0.626,0,1,12,16.36,True
1324_10051_38_22458_22267,1324,10051,2026-08-29,22458,22267,38,0.456,1,2,11,13.44,True
1324_10051_39_22267_22185,1324,10051,2026-08-29,22267,22185,39,0.576,0,2,9,10.15,True
1324_10051_40_22185_22645_PF3,1324,10051,2026-08-29,22185,22645_PF3,40,0.745,1,4,6,6.89,True
1324_10051_41_22645_PF3_22645_PF3,1324,10051,2026-08-29,22645_PF3,22645_PF3,41,0.0,0,6,0,6.18,True
1324_10052_1_21172_22068,1324,10052,2026-08-29,21172,22068,1,0.638,4,0,4,6.6,True
1324_10052_2_22068_21869,1324,10052,2026-08-29,22068,21869,2,0.53,1,0,5,8.1,True
1324_10052_3_21869_22585,1324,10052,2026-08-29,21869,22585,3,0.552,5,0,10,14.53,True
1324_10052_4_22585_21704,1324,10052,2026-08-29,22585,21704,4,0.914,3,1,12,17.93,True
1324_10052_5_21704_21859,1324,10052,2026-08-29,21704,21859,5,0.552,3,0,15,21.1,True
1324_10052_6_21859_21912,1324,10052,2026-08-29,21859,21912,6,0.968,3,1,17,19.6,True
1324_10052_7_21912_21801,1324,10052,2026-08-29,21912,21801,7,0.396,2,0,19,21.49,True
1324_10052_8_21801_22378,1324,10052,2026-08-29,21801,22378,8,0.267,2,1,20,22.14,True
1324_10052_9_22378_22318,1324,10052,2026-08-29,22378,22318,9,0.3,3,1,22,27.72,True
1324_10052_10_22318_22401,1324,10052,2026-08-29,22318,22401,10,0.297,3,2,23,24.56,True
1324_10052_11_22401_22596,1324,10052,2026-08-29,22401,22596,11,0.311,1,1,23,24.31,True
1324_10052_12_22596_22135,1324,10052,2026-08-29,22596,22135,12,0.588,4,1,26,26.69,True
1324_10052_13_22135_22172,1324,10052,2026-08-29,22135,22172,13,0.614,1,0,27,26.69,True
1324_10052_14_22172_21656,1324,10052,2026-08-29,22172,21656,14,0.492,1,0,28,27.49,True
1324_10052_15_21656_21976,1324,10052,2026-08-29,21656,21976,15,0.277,1,3,26,24.39,True
1324_10052_16_21976_21966,1324,10052,2026-08-29,21976,21966,16,0.205,1,1,26,23.79,True
1324_10052_17_21966_22326,1324,10052,2026-08-29,21966,22326,17,0.349,1,0,27,25.29,True
1324_10052_18_22326_35837,1324,10052,2026-08-29,22326,35837,18,0.313,3,4,26,24.14,True
1324_10052_19_35837_22383,1324,10052,2026-08-29,35837,22383,19,0.227,2,5,23,22.86,True
1324_10052_20_22383_22600,1324,10052,2026-08-29,22383,22600,20,0.504,5,1,27,21.61,True
1324_10052_21_22600_22461,1324,10052,2026-08-29,22600,22461,21,0.236,0,1,26,19.11,True
1324_10052_22_22461_21667,1324,10052,2026-08-29,22461,21667,22,0.654,2,2,26,19.33,True
1324_10052_23_21667_22540,1324,10052,2026-08-29,21667,22540,23,0.414,0,0,26,19.33,True
1324_10052_24_22540_21777,1324,10052,2026-08-29,22540,21777,24,0.61,1,4,23,15.26,True
1324_10052_25_21777_22125,1324,10052,2026-08-29,21777,22125,25,0.738,1,2,22,14.06,True
1324_10052_26_22125_22429,1324,10052,2026-08-29,22125,22429,26,0.372,2,3,21,13.15,True
1324_10052_27_22429_22187,1324,10052,2026-08-29,22429,22187,27,0.262,2,6,17,11.06,True
1324_10052_28_22187_22366,1324,10052,2026-08-29,22187,22366,28,0.675,1,0,18,12.34,True
1324_10052_29_22366_21847,1324,10052,2026-08-29,22366,21847,29,0.53,0,2,16,12.34,True
1324_10052_30_21847_22556,1324,10052,2026-08-29,21847,22556,30,0.429,1,0,17,14.01,True
1324_10052_31_22556_27778,1324,10052,2026-08-29,22556,27778,31,0.814,1,3,15,13.08,True
1324_10052_32_27778_38787,1324,10052,2026-08-29,27778,38787,32,0.159,2,3,14,13.24,True
1324_10052_33_38787_21739,1324,10052,2026-08-29,38787,21739,33,0.453,1,1,14,13.91,True
1324_10052_34_21739_22088,1324,10052,2026-08-29,21739,22088,34,0.636,3,3,14,20.16,True
1324_10052_35_22088_22514,1324,10052,2026-08-29,22088,22514,35,0.618,4,1,17,31.66,True
1324_10052_36_22514_22182,1324,10052,2026-08-29,22514,22182,36,0.794,0,4,13,20.83,True
1324_10052_37_22182_22458,1324,10052,2026-08-29,22182,22458,37,0.626,2,0,15,23.33,True
1324_10052_38_22458_22267,1324,10052,2026-08-29,22458,22267,38,0.456,1,0,16,25.83,True
1324_10052_39_22267_22185,1324,10052,2026-08-29,22267,22185,39,0.576,0,4,12,20.65,True
1324_10052_40_22185_22645_PF3,1324,10052,2026-08-29,22185,22645_PF3,40,0.745,0,5,7,12.28,True
1324_10052_41_22645_PF3_22645_PF3,1324,10052,2026-08-29,22645_PF3,22645_PF3,41,0.0,0,7,0,5.04,True
1324_10053_1_21172_22068,1324,10053,2026-08-29,21172,22068,1,0.638,0,0,0,0.0,True
1324_10053_2_22068_21869,1324,10053,2026-08-29,22068,21869,2,0.53,2,0,2,7.14,True
1324_10053_3_21869_22585,1324,10053,2026-08-29,21869,22585,3,0.552,1,1,2,3.64,True
1324_10053_4_22585_21704,1324,10053,2026-08-29,22585,21704,4,0.914,1,0,3,3.64,True
1324_10053_5_21704_21859,1324,10053,2026-08-29,21704,21859,5,0.552,2,0,5,5.5,True
1324_10053_6_21859_21912,1324,10053,2026-08-29,21859,21912,6,0.968,5,0,10,9.79,True
1324_10053_7_21912_21801,1324,10053,2026-08-29,21912,21801,7,0.396,0,0,10,9.79,True
1324_10053_8_21801_22378,1324,10053,2026-08-29,21801,22378,8,0.267,1,0,11,11.22,True
1324_10053_9_22378_22318,1324,10053,2026-08-29,22378,22318,9,0.3,4,2,13,13.09,True
1324_10053_10_22318_22401,1324,10053,2026-08-29,22318,22401,10,0.297,2,0,15,15.24,True
1324_10053_11_22401_22596,1324,10053,2026-08-29,22401,22596,11,0.311,3,0,18,18.63,True
1324_10053_12_22596_22135,1324,10053,2026-08-29,22596,22135,12,0.588,2,1,19,19.02,True
1324_10053_13_22135_22172,1324,10053,2026-08-29,22135,22172,13,0.614,2,1,20,20.13,True
1324_10053_14_22172_21656,1324,10053,2026-08-29,22172,21656,14,0.492,1,0,21,21.28,True
1324_10053_15_21656_21976,1324,10053,2026-08-29,21656,21976,15,0.277,1,1,21,21.05,True
1324_10053_16_21976_21966,1324,10053,2026-08-29,21976,21966,16,0.205,2,1,22,20.5,True
1324_10053_17_21966_22326,1324,10053,2026-08-29,21966,22326,17,0.349,0,0,22,20.5,True
1324_10053_18_22326_35837,1324,10053,2026-08-29,22326,35837,18,0.313,1,1,22,21.75,True
1324_10053_19_35837_22383,1324,10053,2026-08-29,35837,22383,19,0.227,1,1,22,22.14,True
1324_10053_20_22383_22600,1324,10053,2026-08-29,22383,22600,20,0.504,2,1,23,23.75,True
1324_10053_21_22600_22461,1324,10053,2026-08-29,22600,22461,21,0.236,2,0,25,26.5,True
1324_10053_22_22461_21667,1324,10053,2026-08-29,22461,21667,22,0.654,3,4,24,25.61,True
1324_10053_23_21667_22540,1324,10053,2026-08-29,21667,22540,23,0.414,2,0,26,29.11,True
1324_10053_24_22540_21777,1324,10053,2026-08-29,22540,21777,24,0.61,0,3,23,26.75,True
1324_10053_25_21777_22125,1324,10053,2026-08-29,21777,22125,25,0.738,3,2,24,29.93,True
1324_10053_26_22125_22429,1324,10053,2026-08-29,22125,22429,26,0.372,3,3,24,31.09,True
1324_10053_27_22429_22187,1324,10053,2026-08-29,22429,22187,27,0.262,1,2,23,30.81,True
1324_10053_28_22187_22366,1324,10053,2026-08-29,22187,22366,28,0.675,1,3,21,25.36,True
1324_10053_29_22366_21847,1324,10053,2026-08-29,22366,21847,29,0.53,1,3,19,23.25,True
1324_10053_30_21847_22556,1324,10053,2026-08-29,21847,22556,30,0.429,3,3,19,25.89,True
1324_10053_31_22556_27778,1324,10053,2026-08-29,22556,27778,31,0.814,1,1,19,25.75,True
1324_10053_32_27778_38787,1324,10053,2026-08-29,27778,38787,32,0.159,1,2,18,24.24,True
1324_10053_33_38787_21739,1324,10053,2026-08-29,38787,21739,33,0.453,2,1,19,26.24,True
1324_10053_34_21739_22088,1324,10053,2026-08-29,21739,22088,34,0.636,1,0,20,29.58,True
1324_10053_35_22088_22514,1324,10053,2026-08-29,22088,22514,35,0.618,0,6,14,21.05,True
1324_10053_36_22514_22182,1324,10053,2026-08-29,22514,22182,36,0.794,1,1,14,21.43,True
1324_10053_37_22182_22458,1324,10053,2026-08-29,22182,22458,37,0.626,2,4,12,19.79,True
1324_10053_38_22458_22267,1324,10053,2026-08-29,22458,22267,38,0.456,0,3,9,14.79,True
1324_10053_39_22267_22185,1324,10053,2026-08-29,22267,22185,39,0.576,1,2,8,11.74,True
1324_10053_40_22185_22645_PF3,1324,10053,2026-08-29,22185,22645_PF3,40,0.745,0,2,6,8.23,True
1324_10053_41_22645_PF3_22645_PF3,1324,10053,2026-08-29,22645_PF3,22645_PF3,41,0.0,0,6,0,7.03,True
1324_10054_1_21172_22068,1324,10054,2026-08-29,21172,22068,1,0.638,6,0,6,6.48,True
1324_10054_2_22068_21869,1324,10054,2026-08-29,22068,21869,2,0.53,2,0,8,10.29,True
1324_10054_3_21869_22585,1324,10054,2026-08-29,21869,22585,3,0.552,0,0,8,10.29,True
1324_10054_4_22585_21704,1324,10054,2026-08-29,22585,21704,4,0.914,0,0,8,10.29,True
1324_10054_5_21704_21859,1324,10054,2026-08-29,21704,21859,5,0.552,3,1,10,13.08,True
1324_10054_6_21859_21912,1324,10054,2026-08-29,21859,21912,6,0.968,2,0,12,15.08,True
1324_10054_7_21912_21801,1324,10054,2026-08-29,21912,21801,7,0.396,2,0,14,16.33,True
1324_10054_8_21801_22378,1324,10054,2026-08-29,21801,22378,8,0.267,3,1,16,18.22,True
1324_10054_9_22378_22318,1324,10054,2026-08-29,22378,22318,9,0.3,2,1,17,17.94,True
1324_10054_10_22318_22401,1324,10054,2026-08-29,22318,22401,10,0.297,3,0,20,20.44,True
1324_10054_11_22401_22596,1324,10054,2026-08-29,22401,22596,11,0.311,3,0,23,24.0,True
1324_10054_12_22596_22135,1324,10054,2026-08-29,22596,22135,12,0.588,2,2,23,24.64,True
1324_10054_13_22135_22172,1324,10054,2026-08-29,22135,22172,13,0.614,0,0,23,24.64,True
1324_10054_14_22172_21656,1324,10054,2026-08-29,22172,21656,14,0.492,1,1,23,24.68,True
1324_10054_15_21656_21976,1324,10054,2026-08-29,21656,21976,15,0.277,1,3,21,25.72,True
1324_10054_16_21976_21966,1324,10054,2026-08-29,21976,21966,16,0.205,2,4,19,19.46,True
1324_10054_17_21966_22326,1324,10054,2026-08-29,21966,22326,17,0.349,1,0,20,20.36,True
1324_10054_18_22326_35837,1324,10054,2026-08-29,22326,35837,18,0.313,2,2,20,19.26,True
1324_10054_19_35837_22383,1324,10054,2026-08-29,35837,22383,19,0.227,1,2,19,18.44,True
1324_10054_20_22383_22600,1324,10054,2026-08-29,22383,22600,20,0.504,2,1,20,20.53,True
1324_10054_21_22600_22461,1324,10054,2026-08-29,22600,22461,21,0.236,1,1,20,20.77,True
1324_10054_22_22461_21667,1324,10054,2026-08-29,22461,21667,22,0.654,3,0,23,25.82,True
1324_10054_23_21667_22540,1324,10054,2026-08-29,21667,22540,23,0.414,1,0,24,27.82,True
1324_10054_24_22540_21777,1324,10054,2026-08-29,22540,21777,24,0.61,2,5,21,24.43,True
1324_10054_25_21777_22125,1324,10054,2026-08-29,21777,22125,25,0.738,1,1,21,23.79,True
1324_10054_26_22125_22429,1324,10054,2026-08-29,22125,22429,26,0.372,1,3,19,20.03,True
1324_10054_27_22429_22187,1324,10054,2026-08-29,22429,22187,27,0.262,2,2,19,21.23,True
1324_10054_28_22187_22366,1324,10054,2026-08-29,22187,22366,28,0.675,3,1,21,24.82,True
1324_10054_29_22366_21847,1324,10054,2026-08-29,22366,21847,29,0.53,1,1,21,25.9,True
1324_10054_30_21847_22556,1324,10054,2026-08-29,21847,22556,30,0.429,2,2,21,23.65,True
1324_10054_31_22556_27778,1324,10054,2026-08-29,22556,27778,31,0.814,0,2,19,19.99,True
1324_10054_32_27778_38787,1324,10054,2026-08-29,27778,38787,32,0.159,2,2,19,23.12,True
1324_10054_33_38787_21739,1324,10054,2026-08-29,38787,21739,33,0.453,1,0,20,25.26,True
1324_10054_34_21739_22088,1324,10054,2026-08-29,21739,22088,34,0.636,1,1,20,26.95,True
1324_10054_35_22088_22514,1324,10054,2026-08-29,22088,22514,35,0.618,1,3,18,26.29,True
1324_10054_36_22514_22182,1324,10054,2026-08-29,22514,22182,36,0.794,0,2,16,23.26,True
1324_10054_37_22182_22458,1324,10054,2026-08-29,22182,22458,37,0.626,0,6,10,14.69,True
1324_10054_38_22458_22267,1324,10054,2026-08-29,22458,22267,38,0.456,0,6,4,5.08,True
1324_10054_39_22267_22185,1324,10054,2026-08-29,22267,22185,39,0.576,0,0,4,5.08,True
1324_10054_40_22185_22645_PF3,1324,10054,2026-08-29,22185,22645_PF3,40,0.745,0,2,2,1.44,True
1324_10054_41_22645_PF3_22645_PF3,1324,10054,2026-08-29,22645_PF3,22645_PF3,41,0.0,0,2,0,1.44,True
1324_10055_1_21172_22068,1324,10055,2026-08-29,21172,22068,1,0.638,6,0,6,8.36,True
1324_10055_2_22068_21869,1324,10055,2026-08-29,22068,21869,2,0.53,3,0,9,13.6,True
1324_10055_3_21869_22585,1324,10055,2026-08-29,21869,22585,3,0.552,4,0,13,16.9,True
1324_10055_4_22585_21704,1324,10055,2026-08-29,22585,21704,4,0.914,4,0,17,21.99,True
1324_10055_5_21704_21859,1324,10055,2026-08-29,21704,21859,5,0.552,2,1,18,25.12,True
1324_10055_6_21859_21912,1324,10055,2026-08-29,21859,21912,6,0.968,1,0,19,25.12,True
1324_10055_7_21912_21801,1324,10055,2026-08-29,21912,21801,7,0.396,3,1,21,26.73,True
1324_10055_8_21801_22378,1324,10055,2026-08-29,21801,22378,8,0.267,1,1,21,26.02,True
1324_10055_9_22378_22318,1324,10055,2026-08-29,22378,22318,9,0.3,1,3,19,21.69,True
1324_10055_10_22318_22401,1324,10055,2026-08-29,22318,22401,10,0.297,1,4,16,15.84,True
1324_10055_11_22401_22596,1324,10055,2026-08-29,22401,22596,11,0.311,0,3,13,11.28,True
1324_10055_12_22596_22135,1324,10055,2026-08-29,22596,22135,12,0.588,0,0,13,11.28,True
1324_10055_13_22135_22172,1324,10055,2026-08-29,22135,22172,13,0.614,2,1,14,12.29,True
1324_10055_14_22172_21656,1324,10055,2026-08-29,22172,21656,14,0.492,2,0,16,14.54,True
1324_10055_15_21656_21976,1324,10055,2026-08-29,21656,21976,15,0.277,1,1,16,13.86,True
1324_10055_16_21976_21966,1324,10055,2026-08-29,21976,21966,16,0.205,0,2,14,12.43,True
1324_10055_17_21966_22326,1324,10055,2026-08-29,21966,22326,17,0.349,1,2,13,12.37,True
1324_10055_18_22326_35837,1324,10055,2026-08-29,22326,35837,18,0.313,2,1,14,13.51,True
1324_10055_19_35837_22383,1324,10055,2026-08-29,35837,22383,19,0.227,0,2,12,11.4,True
1324_10055_20_22383_22600,1324,10055,2026-08-29,22383,22600,20,0.504,1,0,13,12.76,True
1324_10055_21_22600_22461,1324,10055,2026-08-29,22600,22461,21,0.236,2,2,13,13.44,True
1324_10055_22_22461_21667,1324,10055,2026-08-29,22461,21667,22,0.654,1,0,14,14.87,True
1324_10055_23_21667_22540,1324,10055,2026-08-29,21667,22540,23,0.414,2,2,14,15.8,True
1324_10055_24_22540_21777,1324,10055,2026-08-29,22540,21777,24,0.61,3,0,17,19.96,True
1324_10055_25_21777_22125,1324,10055,2026-08-29,21777,22125,25,0.738,0,0,17,19.96,True
1324_10055_26_22125_22429,1324,10055,2026-08-29,22125,22429,26,0.372,0,2,15,17.91,True
1324_10055_27_22429_22187,1324,10055,2026-08-29,22429,22187,27,0.262,0,1,14,16.25,True
1324_10055_28_22187_22366,1324,10055,2026-08-29,22187,22366,28,0.675,2,0,16,19.41,True
1324_10055_29_22366_21847,1324,10055,2026-08-29,22366,21847,29,0.53,3,2,17,18.73,True
1324_10055_30_21847_22556,1324,10055,2026-08-29,21847,22556,30,0.429,1,1,17,18.32,True
1324_10055_31_22556_27778,1324,10055,2026-08-29,22556,27778,31,0.814,3,2,18,20.76,True
1324_10055_32_27778_38787,1324,10055,2026-08-29,27778,38787,32,0.159,1,1,18,21.55,True
1324_10055_33_38787_21739,1324,10055,2026-08-29,38787,21739,33,0.453,0,2,16,19.88,True
1324_10055_34_21739_22088,1324,10055,2026-08-29,21739,22088,34,0.636,0,4,12,14.08,True
1324_10055_35_22088_22514,1324,10055,2026-08-29,22088,22514,35,0.618,1,0,13,15.51,True
1324_10055_36_22514_22182,1324,10055,2026-08-29,22514,22182,36,0.794,1,1,13,16.23,True
1324_10055_37_22182_22458,1324,10055,2026-08-29,22182,22458,37,0.626,0,3,10,12.69,True
1324_10055_38_22458_22267,1324,10055,2026-08-29,22458,22267,38,0.456,0,2,8,9.04,True
1324_10055_39_22267_22185,1324,10055,2026-08-29,22267,22185,39,0.576,0,2,6,5.5,True
1324_10055_40_22185_22645_PF3,1324,10055,2026-08-29,22185,22645_PF3,40,0.745,1,0,7,8.0,True
1324_10055_41_22645_PF3_22645_PF3,1324,10055,2026-08-29,22645_PF3,22645_PF3,41,0.0,0,7,0,8.0,True
1324_10056_1_21172_22068,1324,10056,2026-08-29,21172,22068,1,0.638,2,0,2,2.67,True
1324_10056_2_22068_21869,1324,10056,2026-08-29,22068,21869,2,0.53,5,0,7,9.66,True
1324_10056_3_21869_22585,1324,10056,2026-08-29,21869,22585,3,0.552,1,0,8,10.52,True
1324_10056_4_22585_21704,1324,10056,2026-08-29,22585,21704,4,0.914,3,0,11,13.53,True
1324_10056_5_21704_21859,1324,10056,2026-08-29,21704,21859,5,0.552,2,0,13,16.18,True
1324_10056_6_21859_21912,1324,10056,2026-08-29,21859,21912,6,0.968,3,0,16,19.76,True
1324_10056_7_21912_21801,1324,10056,2026-08-29,21912,21801,7,0.396,0,0,16,19.76,True
1324_10056_8_21801_22378,1324,10056,2026-08-29,21801,22378,8,0.267,2,0,18,21.43,True
1324_10056_9_22378_22318,1324,10056,2026-08-29,22378,22318,9,0.3,0,3,15,15.27,True
1324_10056_10_22318_22401,1324,10056,2026-08-29,22318,22401,10,0.297,3,1,17,17.52,True
1324_10056_11_22401_22596,1324,10056,2026-08-29,22401,22596,11,0.311,1,0,18,18.39,True
1324_10056_12_22596_22135,1324,10056,2026-08-29,22596,22135,12,0.588,1,1,18,18.0,True
1324_10056_13_22135_22172,1324,10056,2026-08-29,22135,22172,13,0.614,2,1,19,18.73,True
1324_10056_14_22172_21656,1324,10056,2026-08-29,22172,21656,14,0.492,1,2,18,18.73,True
1324_10056_15_21656_21976,1324,10056,2026-08-29,21656,21976,15,0.277,2,1,19,19.28,True
1324_10056_16_21976_21966,1324,10056,2026-08-29,21976,21966,16,0.205,2,0,21,20.41,True
1324_10056_17_21966_22326,1324,10056,2026-08-29,21966,22326,17,0.349,0,2,19,17.82,True
1324_10056_18_22326_35837,1324,10056,2026-08-29,22326,35837,18,0.313,2,2,19,16.62,True
1324_10056_19_35837_22383,1324,10056,2026-08-29,35837,22383,19,0.227,1,0,20,18.29,True
1324_10056_20_22383_22600,1324,10056,2026-08-29,22383,22600,20,0.504,1,2,19,17.35,True
1324_10056_21_22600_22461,1324,10056,2026-08-29,22600,22461,21,0.236,0,1,18,16.24,True
1324_10056_22_22461_21667,1324,10056,2026-08-29,22461,21667,22,0.654,1,1,18,17.07,True
1324_10056_23_21667_22540,1324,10056,2026-08-29,21667,22540,23,0.414,2,1,19,18.69,True
1324_10056_24_22540_21777,1324,10056,2026-08-29,22540,21777,24,0.61,3,2,20,22.13,True
1324_10056_25_21777_22125,1324,10056,2026-08-29,21777,22125,25,0.738,3,1,22,25.97,True
1324_10056_26_22125_22429,1324,10056,2026-08-29,22125,22429,26,0.372,1,5,18,20.8,True
1324_10056_27_22429_22187,1324,10056,2026-08-29,22429,22187,27,0.262,0,0,18,20.8,True
1324_10056_28_22187_22366,1324,10056,2026-08-29,22187,22366,28,0.675,1,2,17,19.87,True
1324_10056_29_22366_21847,1324,10056,2026-08-29,22366,21847,29,0.53,0,0,17,19.87,True
1324_10056_30_21847_22556,1324,10056,2026-08-29,21847,22556,30,0.429,1,2,16,18.93,True
1324_10056_31_22556_27778,1324,10056,2026-08-29,22556,27778,31,0.814,0,1,15,17.5,True
1324_10056_32_27778_38787,1324,10056,2026-08-29,27778,38787,32,0.159,3,3,15,19.91,True
1324_10056_33_38787_21739,1324,10056,2026-08-29,38787,21739,33,0.453,0,2,13,17.28,True
1324_10056_34_21739_22088,1324,10056,2026-08-29,21739,22088,34,0.636,0,3,10,13.98,True
1324_10056_35_22088_22514,1324,10056,2026-08-29,22088,22514,35,0.618,1,2,9,13.31,True
1324_10056_36_22514_22182,1324,10056,2026-08-29,22514,22182,36,0.794,0,1,8,11.95,True
1324_10056_37_22182_22458,1324,10056,2026-08-29,22182,22458,37,0.626,0,1,7,10.89,True
1324_10056_38_22458_22267,1324,10056,2026-08-29,22458,22267,38,0.456,1,0,8,12.56,True
1324_10056_39_22267_22185,1324,10056,2026-08-29,22267,22185,39,0.576,2,5,5,7.17,True
1324_10056_40_22185_22645_PF3,1324,10056,2026-08-29,22185,22645_PF3,40,0.745,0,0,5,7.17,True
1324_10056_41_22645_PF3_22645_PF3,1324,10056,2026-08-29,22645_PF3,22645_PF3,41,0.0,0,5,0,3.0,True
1324_10057_1_21172_22068,1324,10057,2026-08-29,21172,22068,1,0.638,1,0,1,2.5,True
1324_10057_2_22068_21869,1324,10057,2026-08-29,22068,21869,2,0.53,4,0,5,9.57,True
1324_10057_3_21869_22585,1324,10057,2026-08-29,21869,22585,3,0.552,1,0,6,11.44,True
1324_10057_4_22585_21704,1324,10057,2026-08-29,22585,21704,4,0.914,1,0,7,12.87,True
1324_10057_5_21704_21859,1324,10057,2026-08-29,21704,21859,5,0.552,2,1,8,12.62,True
1324_10057_6_21859_21912,1324,10057,2026-08-29,21859,21912,6,0.968,1,1,8,11.79,True
1324_10057_7_21912_21801,1324,10057,2026-08-29,21912,21801,7,0.396,3,1,10,13.29,True
1324_10057_8_21801_22378,1324,10057,2026-08-29,21801,22378,8,0.267,6,1,15,18.7,True
1324_10057_9_22378_22318,1324,10057,2026-08-29,22378,22318,9,0.3,3,1,17,20.34,True
1324_10057_10_22318_22401,1324,10057,2026-08-29,22318,22401,10,0.297,2,0,19,22.33,True
1324_10057_11_22401_22596,1324,10057,2026-08-29,22401,22596,11,0.311,1,2,18,20.46,True
1324_10057_12_22596_22135,1324,10057,2026-08-29,22596,22135,12,0.588,5,0,23,25.37,True
1324_10057_13_22135_22172,1324,10057,2026-08-29,22135,22172,13,0.614,3,1,25,27.49,True
1324_10057_14_22172_21656,1324,10057,2026-08-29,22172,21656,14,0.492,2,0,27,28.32,True
1324_10057_15_21656_21976,1324,10057,2026-08-29,21656,21976,15,0.277,0,1,26,27.07,True
1324_10057_16_21976_21966,1324,10057,2026-08-29,21976,21966,16,0.205,0,4,22,23.32,True
1324_10057_17_21966_22326,1324,10057,2026-08-29,21966,22326,17,0.349,0,3,19,19.07,True
1324_10057_18_22326_35837,1324,10057,2026-08-29,22326,35837,18,0.313,1,2,18,17.4,True
1324_10057_19_35837_22383,1324,10057,2026-08-29,35837,22383,19,0.227,0,2,16,14.79,True
1324_10057_20_22383_22600,1324,10057,2026-08-29,22383,22600,20,0.504,3,1,18,17.59,True
1324_10057_21_22600_22461,1324,10057,2026-08-29,22600,22461,21,0.236,0,2,16,15.18,True
1324_10057_22_22461_21667,1324,10057,2026-08-29,22461,21667,22,0.654,1,2,15,14.7,True
1324_10057_23_21667_22540,1324,10057,2026-08-29,21667,22540,23,0.414,3,1,17,18.4,True
1324_10057_24_22540_21777,1324,10057,2026-08-29,22540,21777,24,0.61,3,1,19,21.7,True
1324_10057_25_21777_22125,1324,10057,2026-08-29,21777,22125,25,0.738,0,2,17,20.64,True
1324_10057_26_22125_22429,1324,10057,2026-08-29,22125,22429,26,0.372,1,2,16,19.36,True
1324_10057_27_22429_22187,1324,10057,2026-08-29,22429,22187,27,0.262,2,1,17,21.43,True
1324_10057_28_22187_22366,1324,10057,2026-08-29,22187,22366,28,0.675,3,1,19,25.03,True
1324_10057_29_22366_21847,1324,10057,2026-08-29,22366,21847,29,0.53,1,1,19,25.03,True
1324_10057_30_21847_22556,1324,10057,2026-08-29,21847,22556,30,0.429,1,0,20,26.67,True
1324_10057_31_22556_27778,1324,10057,2026-08-29,22556,27778,31,0.814,1,2,19,25.72,True
1324_10057_32_27778_38787,1324,10057,2026-08-29,27778,38787,32,0.159,1,2,18,23.48,True
1324_10057_33_38787_21739,1324,10057,2026-08-29,38787,21739,33,0.453,0,2,16,20.43,True
1324_10057_34_21739_22088,1324,10057,2026-08-29,21739,22088,34,0.636,0,2,14,17.57,True
1324_10057_35_22088_22514,1324,10057,2026-08-29,22088,22514,35,0.618,2,0,16,20.43,True
1324_10057_36_22514_22182,1324,10057,2026-08-29,22514,22182,36,0.794,1,1,16,18.55,True
1324_10057_37_22182_22458,1324,10057,2026-08-29,22182,22458,37,0.626,0,2,14,16.33,True
1324_10057_38_22458_22267,1324,10057,2026-08-29,22458,22267,38,0.456,1,2,13,15.22,True
1324_10057_39_22267_22185,1324,10057,2026-08-29,22267,22185,39,0.576,1,2,12,14.91,True
1324_10057_40_22185_22645_PF3,1324,10057,2026-08-29,22185,22645_PF3,40,0.745,0,3,9,12.53,True
1324_10057_41_22645_PF3_22645_PF3,1324,10057,2026-08-29,22645_PF3,22645_PF3,41,0.0,0,9,0,5.39,True
1324_10058_1_21172_22068,1324,10058,2026-08-29,21172,22068,1,0.638,4,0,4,6.58,True
1324_10058_2_22068_21869,1324,10058,2026-08-29,22068,21869,2,0.53,4,0,8,12.31,True
1324_10058_3_21869_22585,1324,10058,2026-08-29,21869,22585,3,0.552,3,0,11,17.94,True
1324_10058_4_22585_21704,1324,10058,2026-08-29,22585,21704,4,0.914,2,0,13,19.37,True
1324_10058_5_21704_21859,1324,10058,2026-08-29,21704,21859,5,0.552,4,1,16,23.49,True
1324_10058_6_21859_21912,1324,10058,2026-08-29,21859,21912,6,0.968,4,1,19,25.36,True
1324_10058_7_21912_21801,1324,10058,2026-08-29,21912,21801,7,0.396,3,2,20,22.92,True
1324_10058_8_21801_22378,1324,10058,2026-08-29,21801,22378,8,0.267,3,1,22,23.77,True
1324_10058_9_22378_22318,1324,10058,2026-08-29,22378,22318,9,0.3,3,3,22,20.69,True
1324_10058_10_22318_22401,1324,10058,2026-08-29,22318,22401,10,0.297,2,1,23,23.56,True
1324_10058_11_22401_22596,1324,10058,2026-08-29,22401,22596,11,0.311,0,2,21,20.13,True
1324_10058_12_22596_22135,1324,10058,2026-08-29,22596,22135,12,0.588,1,1,21,19.48,True
1324_10058_13_22135_22172,1324,10058,2026-08-29,22135,22172,13,0.614,1,0,22,20.54,True
1324_10058_14_22172_21656,1324,10058,2026-08-29,22172,21656,14,0.492,2,0,24,22.9,True
1324_10058_15_21656_21976,1324,10058,2026-08-29,21656,21976,15,0.277,1,0,25,24.01,True
1324_10058_16_21976_21966,1324,10058,2026-08-29,21976,21966,16,0.205,1,4,22,21.54,True
1324_10058_17_21966_22326,1324,10058,2026-08-29,21966,22326,17,0.349,4,2,24,28.3,True
1324_10058_18_22326_35837,1324,10058,2026-08-29,22326,35837,18,0.313,1,1,24,24.46,True
1324_10058_19_35837_22383,1324,10058,2026-08-29,35837,22383,19,0.227,0,0,24,24.46,True
1324_10058_20_22383_22600,1324,10058,2026-08-29,22383,22600,20,0.504,1,2,23,24.22,True
1324_10058_21_22600_22461,1324,10058,2026-08-29,22600,22461,21,0.236,0,0,23,24.22,True
1324_10058_22_22461_21667,1324,10058,2026-08-29,22461,21667,22,0.654,0,3,20,20.94,True
1324_10058_23_21667_22540,1324,10058,2026-08-29,21667,22540,23,0.414,1,2,19,20.42,True
1324_10058_24_22540_21777,1324,10058,2026-08-29,22540,21777,24,0.61,3,2,20,22.49,True
1324_10058_25_21777_22125,1324,10058,2026-08-29,21777,22125,25,0.738,0,2,18,19.92,True
1324_10058_26_22125_22429,1324,10058,2026-08-29,22125,22429,26,0.372,0,5,13,14.47,True
1324_10058_27_22429_22187,1324,10058,2026-08-29,22429,22187,27,0.262,1,1,13,15.55,True
1324_10058_28_22187_22366,1324,10058,2026-08-29,22187,22366,28,0.675,1,4,10,12.57,True
1324_10058_29_22366_21847,1324,10058,2026-08-29,22366,21847,29,0.53,0,1,9,10.07,True
1324_10058_30_21847_22556,1324,10058,2026-08-29,21847,22556,30,0.429,0,2,7,8.15,True
1324_10058_31_22556_27778,1324,10058,2026-08-29,22556,27778,31,0.814,1,2,6,7.23,True
1324_10058_32_27778_38787,1324,10058,2026-08-29,27778,38787,32,0.159,3,0,9,12.07,True
1324_10058_33_38787_21739,1324,10058,2026-08-29,38787,21739,33,0.453,0,1,8,10.07,True
1324_10058_34_21739_22088,1324,10058,2026-08-29,21739,22088,34,0.636,0,1,7,9.35,True
1324_10058_35_22088_22514,1324,10058,2026-08-29,22088,22514,35,0.618,1,0,8,11.85,True
1324_10058_36_22514_22182,1324,10058,2026-08-29,22514,22182,36,0.794,0,1,7,10.35,True
1324_10058_37_22182_22458,1324,10058,2026-08-29,22182,22458,37,0.626,1,1,7,8.69,True
1324_10058_38_22458_22267,1324,10058,2026-08-29,22458,22267,38,0.456,0,1,6,7.02,True
1324_10058_39_22267_22185,1324,10058,2026-08-29,22267,22185,39,0.576,0,3,3,3.88,True
1324_10058_40_22185_22645_PF3,1324,10058,2026-08-29,22185,22645_PF3,40,0.745,1,1,3,8.17,True
1324_10058_41_22645_PF3_22645_PF3,1324,10058,2026-08-29,22645_PF3,22645_PF3,41,0.0,0,3,0,1.5,True
1324_10059_1_21172_22068,1324,10059,2026-08-29,21172,22068,1,0.638,2,0,2,3.41,True
1324_10059_2_22068_21869,1324,10059,2026-08-29,22068,21869,2,0.53,3,0,5,7.88,True
1324_10059_3_21869_22585,1324,10059,2026-08-29,21869,22585,3,0.552,3,0,8,12.69,True
1324_10059_4_22585_21704,1324,10059,2026-08-29,22585,21704,4,0.914,4,0,12,17.39,True
1324_10059_5_21704_21859,1324,10059,2026-08-29,21704,21859,5,0.552,4,0,16,20.5,True
1324_10059_6_21859_21912,1324,10059,2026-08-29,21859,21912,6,0.968,6,0,22,27.21,True
1324_10059_7_21912_21801,1324,10059,2026-08-29,21912,21801,7,0.396,2,2,22,24.83,True
1324_10059_8_21801_22378,1324,10059,2026-08-29,21801,22378,8,0.267,3,1,24,25.47,True
1324_10059_9_22378_22318,1324,10059,2026-08-29,22378,22318,9,0.3,1,0,25,26.72,True
1324_10059_10_22318_22401,1324,10059,2026-08-29,22318,22401,10,0.297,2,3,24,26.49,True
1324_10059_11_22401_22596,1324,10059,2026-08-29,22401,22596,11,0.311,5,2,27,28.88,True
1324_10059_12_22596_22135,1324,10059,2026-08-29,22596,22135,12,0.588,4,0,31,34.86,True
1324_10059_13_22135_22172,1324,10059,2026-08-29,22135,22172,13,0.614,3,2,32,36.09,True
1324_10059_14_22172_21656,1324,10059,2026-08-29,22172,21656,14,0.492,4,1,35,40.55,True
1324_10059_15_21656_21976,1324,10059,2026-08-29,21656,21976,15,0.277,3,2,36,40.55,True
1324_10059_16_21976_21966,1324,10059,2026-08-29,21976,21966,16,0.205,5,6,35,36.78,True
1324_10059_17_21966_22326,1324,10059,2026-08-29,21966,22326,17,0.349,2,3,34,34.68,True
1324_10059_18_22326_35837,1324,10059,2026-08-29,22326,35837,18,0.313,4,1,37,38.04,True
1324_10059_19_35837_22383,1324,10059,2026-08-29,35837,22383,19,0.227,2,0,39,39.33,True
1324_10059_20_22383_22600,1324,10059,2026-08-29,22383,22600,20,0.504,2,2,39,39.13,True
1324_10059_21_22600_22461,1324,10059,2026-08-29,22600,22461,21,0.236,3,10,32,32.93,True
1324_10059_22_22461_21667,1324,10059,2026-08-29,22461,21667,22,0.654,1,1,32,33.6,True
1324_10059_23_21667_22540,1324,10059,2026-08-29,21667,22540,23,0.414,3,3,32,36.18,True
1324_10059_24_22540_21777,1324,10059,2026-08-29,22540,21777,24,0.61,3,3,32,36.77,True
1324_10059_25_21777_22125,1324,10059,2026-08-29,21777,22125,25,0.738,1,4,29,33.73,True
1324_10059_26_22125_22429,1324,10059,2026-08-29,22125,22429,26,0.372,8,0,37,43.97,True
1324_10059_27_22429_22187,1324,10059,2026-08-29,22429,22187,27,0.262,0,4,33,38.18,True
1324_10059_28_22187_22366,1324,10059,2026-08-29,22187,22366,28,0.675,4,2,35,42.12,True
1324_10059_29_22366_21847,1324,10059,2026-08-29,22366,21847,29,0.53,2,2,35,41.98,True
1324_10059_30_21847_22556,1324,10059,2026-08-29,21847,22556,30,0.429,1,1,35,42.49,True
1324_10059_31_22556_27778,1324,10059,2026-08-29,22556,27778,31,0.814,0,3,32,37.82,True
1324_10059_32_27778_38787,1324,10059,2026-08-29,27778,38787,32,0.159,3,3,32,39.55,True
1324_10059_33_38787_21739,1324,10059,2026-08-29,38787,21739,33,0.453,2,5,29,39.88,True
1324_10059_34_21739_22088,1324,10059,2026-08-29,21739,22088,34,0.636,2,3,28,39.88,True
1324_10059_35_22088_22514,1324,10059,2026-08-29,22088,22514,35,0.618,1,2,27,37.98,True
1324_10059_36_22514_22182,1324,10059,2026-08-29,22514,22182,36,0.794,1,4,24,34.59,True
1324_10059_37_22182_22458,1324,10059,2026-08-29,22182,22458,37,0.626,3,2,25,38.14,True
1324_10059_38_22458_22267,1324,10059,2026-08-29,22458,22267,38,0.456,2,4,23,35.73,True
1324_10059_39_22267_22185,1324,10059,2026-08-29,22267,22185,39,0.576,1,5,19,28.75,True
1324_10059_40_22185_22645_PF3,1324,10059,2026-08-29,22185,22645_PF3,40,0.745,0,5,14,19.57,True
1324_10059_41_22645_PF3_22645_PF3,1324,10059,2026-08-29,22645_PF3,22645_PF3,41,0.0,0,14,0,14.67,True
999_1006_1_21172_PF10_20857,999,1006,2026-08-29,21172_PF10,20857,1,0.601,4,0,4,5.61,True
999_1006_2_20857_21520,999,1006,2026-08-29,20857,21520,2,0.787,2,0,6,7.88,True
999_1006_3_21520_21574,999,1006,2026-08-29,21520,21574,3,0.502,2,0,8,11.44,True
999_1006_4_21574_21193,999,1006,2026-08-29,21574,21193,4,0.419,1,0,9,12.44,True
999_1006_5_21193_23674,999,1006,2026-08-29,21193,23674,5,0.796,1,0,10,14.44,True
999_1006_6_23674_20927,999,1006,2026-08-29,23674,20927,6,0.776,1,0,11,15.94,True
999_1006_7_20927_21166_PF1,999,1006,2026-08-29,20927,21166_PF1,7,0.356,1,2,10,12.72,True
999_1006_8_21166_PF1_23825,999,1006,2026-08-29,21166_PF1,23825,8,0.365,2,0,12,13.97,True
999_1006_9_23825_21565,999,1006,2026-08-29,23825,21565,9,0.4,1,1,12,13.16,True
999_1006_10_21565_21603,999,1006,2026-08-29,21565,21603,10,0.383,1,1,12,12.22,True
999_1006_11_21603_21458,999,1006,2026-08-29,21603,21458,11,0.504,3,0,15,17.75,True
999_1006_12_21458_21593,999,1006,2026-08-29,21458,21593,12,0.493,5,2,18,19.89,True
999_1006_13_21593_21447,999,1006,2026-08-29,21593,21447,13,0.605,0,0,18,19.89,True
999_1006_14_21447_21544_PF1,999,1006,2026-08-29,21447,21544_PF1,14,0.561,3,0,21,24.59,True
999_1006_15_21544_PF1_21543,999,1006,2026-08-29,21544_PF1,21543,15,0.634,3,1,23,25.98,True
999_1006_16_21543_21445,999,1006,2026-08-29,21543,21445,16,0.199,2,1,24,26.59,True
999_1006_17_21445_21449,999,1006,2026-08-29,21445,21449,17,0.356,2,2,24,26.02,True
999_1006_18_21449_21148,999,1006,2026-08-29,21449,21148,18,0.38,2,0,26,28.56,True
999_1006_19_21148_20623_PF5,999,1006,2026-08-29,21148,20623_PF5,19,0.637,4,0,30,34.14,True
999_1006_20_20623_PF5_21713,999,1006,2026-08-29,20623_PF5,21713,20,0.378,0,4,26,28.8,True
999_1006_21_21713_22295,999,1006,2026-08-29,21713,22295,21,0.345,1,1,26,28.39,True
999_1006_22_22295_35150,999,1006,2026-08-29,22295,35150,22,0.265,1,3,24,27.69,True
999_1006_23_35150_22631,999,1006,2026-08-29,35150,22631,23,0.366,2,0,26,29.36,True
999_1006_24_22631_20897,999,1006,2026-08-29,22631,20897,24,0.384,1,3,24,26.13,True
999_1006_25_20897_21874,999,1006,2026-08-29,20897,21874,25,0.5,2,6,20,20.98,True
999_1006_26_21874_22213,999,1006,2026-08-29,21874,22213,26,0.555,0,9,11,11.51,True
999_1006_27_22213_22211,999,1006,2026-08-29,22213,22211,27,0.269,0,5,6,6.89,True
1324_10060_1_21172_22068,1324,10060,2026-08-29,21172,22068,1,0.638,3,0,3,4.24,True
1324_10060_2_22068_21869,1324,10060,2026-08-29,22068,21869,2,0.53,9,0,12,17.03,True
1324_10060_3_21869_22585,1324,10060,2026-08-29,21869,22585,3,0.552,8,0,20,24.89,True
1324_10060_4_22585_21704,1324,10060,2026-08-29,22585,21704,4,0.914,6,0,26,32.37,True
1324_10060_5_21704_21859,1324,10060,2026-08-29,21704,21859,5,0.552,2,0,28,35.23,True
1324_10060_6_21859_21912,1324,10060,2026-08-29,21859,21912,6,0.968,3,1,30,36.23,True
1324_10060_7_21912_21801,1324,10060,2026-08-29,21912,21801,7,0.396,2,1,31,35.56,True
1324_10060_8_21801_22378,1324,10060,2026-08-29,21801,22378,8,0.267,2,2,31,33.8,True
1324_10060_9_22378_22318,1324,10060,2026-08-29,22378,22318,9,0.3,8,0,39,40.96,True
1324_10060_10_22318_22401,1324,10060,2026-08-29,22318,22401,10,0.297,2,1,40,41.28,True
1324_10060_11_22401_22596,1324,10060,2026-08-29,22401,22596,11,0.311,5,3,42,39.92,True
1324_10060_12_22596_22135,1324,10060,2026-08-29,22596,22135,12,0.588,1,3,40,36.81,True
1324_10060_13_22135_22172,1324,10060,2026-08-29,22135,22172,13,0.614,3,1,42,37.06,True
1324_10060_14_22172_21656,1324,10060,2026-08-29,22172,21656,14,0.492,1,4,39,33.74,True
1324_10060_15_21656_21976,1324,10060,2026-08-29,21656,21976,15,0.277,1,2,38,31.92,True
1324_10060_16_21976_21966,1324,10060,2026-08-29,21976,21966,16,0.205,2,4,36,28.62,True
1324_10060_17_21966_22326,1324,10060,2026-08-29,21966,22326,17,0.349,6,0,42,37.06,True
1324_10060_18_22326_35837,1324,10060,2026-08-29,22326,35837,18,0.313,4,3,43,38.56,True
1324_10060_19_35837_22383,1324,10060,2026-08-29,35837,22383,19,0.227,4,3,44,40.89,True
1324_10060_20_22383_22600,1324,10060,2026-08-29,22383,22600,20,0.504,2,2,44,39.73,True
1324_10060_21_22600_22461,1324,10060,2026-08-29,22600,22461,21,0.236,4,3,45,43.86,True
1324_10060_22_22461_21667,1324,10060,2026-08-29,22461,21667,22,0.654,4,2,47,48.72,True
1324_10060_23_21667_22540,1324,10060,2026-08-29,21667,22540,23,0.414,3,4,46,49.36,True
1324_10060_24_22540_21777,1324,10060,2026-08-29,22540,21777,24,0.61,3,3,46,50.52,True
1324_10060_25_21777_22125,1324,10060,2026-08-29,21777,22125,25,0.738,4,4,46,51.54,True
1324_10060_26_22125_22429,1324,10060,2026-08-29,22125,22429,26,0.372,5,5,46,50.14,True
1324_10060_27_22429_22187,1324,10060,2026-08-29,22429,22187,27,0.262,6,4,48,54.61,True
1324_10060_28_22187_22366,1324,10060,2026-08-29,22187,22366,28,0.675,1,2,47,53.95,True
1324_10060_29_22366_21847,1324,10060,2026-08-29,22366,21847,29,0.53,0,3,44,51.82,True
1324_10060_30_21847_22556,1324,10060,2026-08-29,21847,22556,30,0.429,1,4,41,48.94,True
1324_10060_31_22556_27778,1324,10060,2026-08-29,22556,27778,31,0.814,1,5,37,44.77,True
1324_10060_32_27778_38787,1324,10060,2026-08-29,27778,38787,32,0.159,1,2,36,43.54,True
1324_10060_33_38787_21739,1324,10060,2026-08-29,38787,21739,33,0.453,1,3,34,42.11,True
1324_10060_34_21739_22088,1324,10060,2026-08-29,21739,22088,34,0.636,2,6,30,38.01,True
1324_10060_35_22088_22514,1324,10060,2026-08-29,22088,22514,35,0.618,2,2,30,41.84,True
1324_10060_36_22514_22182,1324,10060,2026-08-29,22514,22182,36,0.794,2,7,25,34.06,True
1324_10060_37_22182_22458,1324,10060,2026-08-29,22182,22458,37,0.626,4,3,26,38.67,True
1324_10060_38_22458_22267,1324,10060,2026-08-29,22458,22267,38,0.456,0,4,22,32.33,True
1324_10060_39_22267_22185,1324,10060,2026-08-29,22267,22185,39,0.576,0,6,16,22.59,True
1324_10060_40_22185_22645_PF3,1324,10060,2026-08-29,22185,22645_PF3,40,0.745,1,3,14,20.64,True
1324_10060_41_22645_PF3_22645_PF3,1324,10060,2026-08-29,22645_PF3,22645_PF3,41,0.0,0,14,0,9.09,True
1324_10061_1_21172_22068,1324,10061,2026-08-29,21172,22068,1,0.638,2,0,2,1.8,True
1324_10061_2_22068_21869,1324,10061,2026-08-29,22068,21869,2,0.53,6,0,8,8.69,True
1324_10061_3_21869_22585,1324,10061,2026-08-29,21869,22585,3,0.552,3,0,11,12.98,True
1324_10061_4_22585_21704,1324,10061,2026-08-29,22585,21704,4,0.914,7,0,18,19.5,True
1324_10061_5_21704_21859,1324,10061,2026-08-29,21704,21859,5,0.552,5,0,23,26.8,True
1324_10061_6_21859_21912,1324,10061,2026-08-29,21859,21912,6,0.968,3,0,26,30.61,True
1324_10061_7_21912_21801,1324,10061,2026-08-29,21912,21801,7,0.396,0,0,26,30.61,True
1324_10061_8_21801_22378,1324,10061,2026-08-29,21801,22378,8,0.267,6,1,31,35.12,True
1324_10061_9_22378_22318,1324,10061,2026-08-29,22378,22318,9,0.3,0,2,29,32.62,True
1324_10061_10_22318_22401,1324,10061,2026-08-29,22318,22401,10,0.297,4,2,31,34.13,True
1324_10061_11_22401_22596,1324,10061,2026-08-29,22401,22596,11,0.311,2,2,31,31.95,True
1324_10061_12_22596_22135,1324,10061,2026-08-29,22596,22135,12,0.588,1,2,30,30.14,True
1324_10061_13_22135_22172,1324,10061,2026-08-29,22135,22172,13,0.614,2,0,32,31.39,True
1324_10061_14_22172_21656,1324,10061,2026-08-29,22172,21656,14,0.492,2,2,32,31.26,True
1324_10061_15_21656_21976,1324,10061,2026-08-29,21656,21976,15,0.277,3,2,33,31.59,True
1324_10061_16_21976_21966,1324,10061,2026-08-29,21976,21966,16,0.205,2,1,34,33.13,True
1324_10061_17_21966_22326,1324,10061,2026-08-29,21966,22326,17,0.349,1,4,31,30.93,True
1324_10061_18_22326_35837,1324,10061,2026-08-29,22326,35837,18,0.313,2,2,31,31.36,True
1324_10061_19_35837_22383,1324,10061,2026-08-29,35837,22383,19,0.227,2,3,30,31.4,True
1324_10061_20_22383_22600,1324,10061,2026-08-29,22383,22600,20,0.504,4,1,33,35.65,True
1324_10061_21_22600_22461,1324,10061,2026-08-29,22600,22461,21,0.236,4,5,32,34.5,True
1324_10061_22_22461_21667,1324,10061,2026-08-29,22461,21667,22,0.654,2,4,30,33.58,True
1324_10061_23_21667_22540,1324,10061,2026-08-29,21667,22540,23,0.414,4,0,34,39.63,True
1324_10061_24_22540_21777,1324,10061,2026-08-29,22540,21777,24,0.61,1,5,30,34.01,True
1324_10061_25_21777_22125,1324,10061,2026-08-29,21777,22125,25,0.738,0,4,26,30.45,True
1324_10061_26_22125_22429,1324,10061,2026-08-29,22125,22429,26,0.372,0,1,25,28.45,True
1324_10061_27_22429_22187,1324,10061,2026-08-29,22429,22187,27,0.262,3,3,25,26.87,True
1324_10061_28_22187_22366,1324,10061,2026-08-29,22187,22366,28,0.675,1,3,23,25.22,True
1324_10061_29_22366_21847,1324,10061,2026-08-29,22366,21847,29,0.53,3,1,25,28.48,True
1324_10061_30_21847_22556,1324,10061,2026-08-29,21847,22556,30,0.429,1,6,20,23.67,True
1324_10061_31_22556_27778,1324,10061,2026-08-29,22556,27778,31,0.814,0,2,18,22.54,True
1324_10061_32_27778_38787,1324,10061,2026-08-29,27778,38787,32,0.159,1,2,17,21.03,True
1324_10061_33_38787_21739,1324,10061,2026-08-29,38787,21739,33,0.453,1,2,16,20.28,True
1324_10061_34_21739_22088,1324,10061,2026-08-29,21739,22088,34,0.636,1,1,16,21.75,True
1324_10061_35_22088_22514,1324,10061,2026-08-29,22088,22514,35,0.618,2,4,14,20.3,True
1324_10061_36_22514_22182,1324,10061,2026-08-29,22514,22182,36,0.794,1,3,12,17.85,True
1324_10061_37_22182_22458,1324,10061,2026-08-29,22182,22458,37,0.626,0,1,11,15.35,True
1324_10061_38_22458_22267,1324,10061,2026-08-29,22458,22267,38,0.456,2,1,12,17.82,True
1324_10061_39_22267_22185,1324,10061,2026-08-29,22267,22185,39,0.576,0,2,10,15.02,True
1324_10061_40_22185_22645_PF3,1324,10061,2026-08-29,22185,22645_PF3,40,0.745,0,3,7,9.87,True
1324_10061_41_22645_PF3_22645_PF3,1324,10061,2026-08-29,22645_PF3,22645_PF3,41,0.0,0,7,0,2.68,True
1324_10062_1_21172_22068,1324,10062,2026-08-29,21172,22068,1,0.638,8,0,8,8.91,True
1324_10062_2_22068_21869,1324,10062,2026-08-29,22068,21869,2,0.53,9,0,17,24.11,True
1324_10062_3_21869_22585,1324,10062,2026-08-29,21869,22585,3,0.552,3,0,20,28.54,True
1324_10062_4_22585_21704,1324,10062,2026-08-29,22585,21704,4,0.914,3,1,22,32.62,True
1324_10062_5_21704_21859,1324,10062,2026-08-29,21704,21859,5,0.552,9,0,31,44.28,True
1324_10062_6_21859_21912,1324,10062,2026-08-29,21859,21912,6,0.968,4,0,35,47.63,True
1324_10062_7_21912_21801,1324,10062,2026-08-29,21912,21801,7,0.396,6,0,41,53.88,True
1324_10062_8_21801_22378,1324,10062,2026-08-29,21801,22378,8,0.267,5,7,39,44.97,True
1324_10062_9_22378_22318,1324,10062,2026-08-29,22378,22318,9,0.3,2,3,38,41.8,True
1324_10062_10_22318_22401,1324,10062,2026-08-29,22318,22401,10,0.297,2,2,38,42.8,True
1324_10062_11_22401_22596,1324,10062,2026-08-29,22401,22596,11,0.311,3,2,39,42.55,True
1324_10062_12_22596_22135,1324,10062,2026-08-29,22596,22135,12,0.588,4,3,40,42.79,True
1324_10062_13_22135_22172,1324,10062,2026-08-29,22135,22172,13,0.614,3,3,40,42.41,True
1324_10062_14_22172_21656,1324,10062,2026-08-29,22172,21656,14,0.492,4,3,41,42.61,True
1324_10062_15_21656_21976,1324,10062,2026-08-29,21656,21976,15,0.277,3,3,41,41.55,True
1324_10062_16_21976_21966,1324,10062,2026-08-29,21976,21966,16,0.205,5,2,44,49.03,True
1324_10062_17_21966_22326,1324,10062,2026-08-29,21966,22326,17,0.349,1,5,40,40.7,True
1324_10062_18_22326_35837,1324,10062,2026-08-29,22326,35837,18,0.313,3,2,41,41.69,True
1324_10062_19_35837_22383,1324,10062,2026-08-29,35837,22383,19,0.227,0,9,32,30.62,True
1324_10062_20_22383_22600,1324,10062,2026-08-29,22383,22600,20,0.504,1,6,27,25.29,True
1324_10062_21_22600_22461,1324,10062,2026-08-29,22600,22461,21,0.236,2,2,27,24.18,True
1324_10062_22_22461_21667,1324,10062,2026-08-29,22461,21667,22,0.654,5,1,31,29.28,True
1324_10062_23_21667_22540,1324,10062,2026-08-29,21667,22540,23,0.414,2,3,30,29.77,True
1324_10062_24_22540_21777,1324,10062,2026-08-29,22540,21777,24,0.61,2,1,31,32.06,True
1324_10062_25_21777_22125,1324,10062,2026-08-29,21777,22125,25,0.738,3,4,30,29.88,True
1324_10062_26_22125_22429,1324,10062,2026-08-29,22125,22429,26,0.372,3,4,29,29.64,True
1324_10062_27_22429_22187,1324,10062,2026-08-29,22429,22187,27,0.262,2,2,29,29.71,True
1324_10062_28_22187_22366,1324,10062,2026-08-29,22187,22366,28,0.675,2,2,29,29.88,True
1324_10062_29_22366_21847,1324,10062,2026-08-29,22366,21847,29,0.53,2,2,29,30.84,True
1324_10062_30_21847_22556,1324,10062,2026-08-29,21847,22556,30,0.429,1,2,28,30.61,True
1324_10062_31_22556_27778,1324,10062,2026-08-29,22556,27778,31,0.814,2,2,28,32.96,True
1324_10062_32_27778_38787,1324,10062,2026-08-29,27778,38787,32,0.159,1,2,27,29.09,True
1324_10062_33_38787_21739,1324,10062,2026-08-29,38787,21739,33,0.453,2,3,26,28.08,True
1324_10062_34_21739_22088,1324,10062,2026-08-29,21739,22088,34,0.636,4,1,29,34.26,True
1324_10062_35_22088_22514,1324,10062,2026-08-29,22088,22514,35,0.618,1,3,27,34.59,True
1324_10062_36_22514_22182,1324,10062,2026-08-29,22514,22182,36,0.794,1,3,25,35.14,True
1324_10062_37_22182_22458,1324,10062,2026-08-29,22182,22458,37,0.626,4,4,25,34.02,True
1324_10062_38_22458_22267,1324,10062,2026-08-29,22458,22267,38,0.456,2,4,23,35.14,True
1324_10062_39_22267_22185,1324,10062,2026-08-29,22267,22185,39,0.576,3,8,18,25.12,True
1324_10062_40_22185_22645_PF3,1324,10062,2026-08-29,22185,22645_PF3,40,0.745,1,5,14,20.91,True
1324_10062_41_22645_PF3_22645_PF3,1324,10062,2026-08-29,22645_PF3,22645_PF3,41,0.0,0,14,0,15.06,True
1324_10063_1_21172_22068,1324,10063,2026-08-29,21172,22068,1,0.638,3,0,3,2.14,True
1324_10063_2_22068_21869,1324,10063,2026-08-29,22068,21869,2,0.53,3,0,6,6.43,True
1324_10063_3_21869_22585,1324,10063,2026-08-29,21869,22585,3,0.552,4,0,10,10.73,True
1324_10063_4_22585_21704,1324,10063,2026-08-29,22585,21704,4,0.914,8,0,18,22.28,True
1324_10063_5_21704_21859,1324,10063,2026-08-29,21704,21859,5,0.552,2,0,20,23.64,True
1324_10063_6_21859_21912,1324,10063,2026-08-29,21859,21912,6,0.968,4,0,24,29.89,True
1324_10063_7_21912_21801,1324,10063,2026-08-29,21912,21801,7,0.396,5,1,28,31.91,True
1324_10063_8_21801_22378,1324,10063,2026-08-29,21801,22378,8,0.267,6,2,32,34.3,True
1324_10063_9_22378_22318,1324,10063,2026-08-29,22378,22318,9,0.3,5,2,35,34.76,True
1324_10063_10_22318_22401,1324,10063,2026-08-29,22318,22401,10,0.297,7,3,39,41.26,True
1324_10063_11_22401_22596,1324,10063,2026-08-29,22401,22596,11,0.311,4,2,41,45.32,True
1324_10063_12_22596_22135,1324,10063,2026-08-29,22596,22135,12,0.588,4,1,44,44.15,True
1324_10063_13_22135_22172,1324,10063,2026-08-29,22135,22172,13,0.614,3,2,45,44.99,True
1324_10063_14_22172_21656,1324,10063,2026-08-29,22172,21656,14,0.492,2,5,42,39.49,True
1324_10063_15_21656_21976,1324,10063,2026-08-29,21656,21976,15,0.277,3,3,42,35.67,True
1324_10063_16_21976_21966,1324,10063,2026-08-29,21976,21966,16,0.205,4,3,43,35.04,True
1324_10063_17_21966_22326,1324,10063,2026-08-29,21966,22326,17,0.349,4,4,43,36.86,True
1324_10063_18_22326_35837,1324,10063,2026-08-29,22326,35837,18,0.313,4,2,45,38.25,True
1324_10063_19_35837_22383,1324,10063,2026-08-29,35837,22383,19,0.227,3,4,44,36.71,True
1324_10063_20_22383_22600,1324,10063,2026-08-29,22383,22600,20,0.504,4,1,47,42.58,True
1324_10063_21_22600_22461,1324,10063,2026-08-29,22600,22461,21,0.236,1,2,46,44.24,True
1324_10063_22_22461_21667,1324,10063,2026-08-29,22461,21667,22,0.654,2,3,45,42.46,True
1324_10063_23_21667_22540,1324,10063,2026-08-29,21667,22540,23,0.414,3,2,46,43.51,True
1324_10063_24_22540_21777,1324,10063,2026-08-29,22540,21777,24,0.61,0,3,43,39.83,True
1324_10063_25_21777_22125,1324,10063,2026-08-29,21777,22125,25,0.738,5,7,41,36.92,True
1324_10063_26_22125_22429,1324,10063,2026-08-29,22125,22429,26,0.372,1,2,40,35.63,True
1324_10063_27_22429_22187,1324,10063,2026-08-29,22429,22187,27,0.262,1,4,37,36.35,True
1324_10063_28_22187_22366,1324,10063,2026-08-29,22187,22366,28,0.675,3,5,35,38.08,True
1324_10063_29_22366_21847,1324,10063,2026-08-29,22366,21847,29,0.53,1,1,35,38.86,True
1324_10063_30_21847_22556,1324,10063,2026-08-29,21847,22556,30,0.429,2,7,30,34.28,True
1324_10063_31_22556_27778,1324,10063,2026-08-29,22556,27778,31,0.814,1,4,27,32.08,True
1324_10063_32_27778_38787,1324,10063,2026-08-29,27778,38787,32,0.159,1,1,27,29.58,True
1324_10063_33_38787_21739,1324,10063,2026-08-29,38787,21739,33,0.453,3,1,29,30.64,True
1324_10063_34_21739_22088,1324,10063,2026-08-29,21739,22088,34,0.636,2,3,28,33.88,True
1324_10063_35_22088_22514,1324,10063,2026-08-29,22088,22514,35,0.618,2,2,28,36.98,True
1324_10063_36_22514_22182,1324,10063,2026-08-29,22514,22182,36,0.794,1,2,27,35.81,True
1324_10063_37_22182_22458,1324,10063,2026-08-29,22182,22458,37,0.626,2,8,21,25.17,True
1324_10063_38_22458_22267,1324,10063,2026-08-29,22458,22267,38,0.456,2,0,23,27.67,True
1324_10063_39_22267_22185,1324,10063,2026-08-29,22267,22185,39,0.576,1,5,19,25.04,True
1324_10063_40_22185_22645_PF3,1324,10063,2026-08-29,22185,22645_PF3,40,0.745,2,7,14,23.04,True
1324_10063_41_22645_PF3_22645_PF3,1324,10063,2026-08-29,22645_PF3,22645_PF3,41,0.0,0,14,0,8.56,True
1324_10064_1_21172_22068,1324,10064,2026-08-29,21172,22068,1,0.638,5,0,5,6.14,True
1324_10064_2_22068_21869,1324,10064,2026-08-29,22068,21869,2,0.53,5,0,10,16.33,True
1324_10064_3_21869_22585,1324,10064,2026-08-29,21869,22585,3,0.552,7,0,17,24.77,True
1324_10064_4_22585_21704,1324,10064,2026-08-29,22585,21704,4,0.914,3,0,20,29.27,True
1324_10064_5_21704_21859,1324,10064,2026-08-29,21704,21859,5,0.552,2,0,22,32.14,True
1324_10064_6_21859_21912,1324,10064,2026-08-29,21859,21912,6,0.968,3,1,24,32.7,True
1324_10064_7_21912_21801,1324,10064,2026-08-29,21912,21801,7,0.396,7,1,30,38.96,True
1324_10064_8_21801_22378,1324,10064,2026-08-29,21801,22378,8,0.267,4,2,32,39.3,True
1324_10064_9_22378_22318,1324,10064,2026-08-29,22378,22318,9,0.3,2,3,31,34.93,True
1324_10064_10_22318_22401,1324,10064,2026-08-29,22318,22401,10,0.297,5,3,33,35.62,True
1324_10064_11_22401_22596,1324,10064,2026-08-29,22401,22596,11,0.311,4,3,34,32.82,True
1324_10064_12_22596_22135,1324,10064,2026-08-29,22596,22135,12,0.588,3,1,36,36.57,True
1324_10064_13_22135_22172,1324,10064,2026-08-29,22135,22172,13,0.614,0,2,34,33.82,True
1324_10064_14_22172_21656,1324,10064,2026-08-29,22172,21656,14,0.492,5,0,39,38.37,True
1324_10064_15_21656_21976,1324,10064,2026-08-29,21656,21976,15,0.277,4,2,41,40.21,True
1324_10064_16_21976_21966,1324,10064,2026-08-29,21976,21966,16,0.205,2,3,40,38.75,True
1324_10064_17_21966_22326,1324,10064,2026-08-29,21966,22326,17,0.349,2,2,40,39.61,True
1324_10064_18_22326_35837,1324,10064,2026-08-29,22326,35837,18,0.313,2,3,39,38.44,True
1324_10064_19_35837_22383,1324,10064,2026-08-29,35837,22383,19,0.227,4,4,39,39.29,True
1324_10064_20_22383_22600,1324,10064,2026-08-29,22383,22600,20,0.504,2,4,37,41.49,True
1324_10064_21_22600_22461,1324,10064,2026-08-29,22600,22461,21,0.236,2,3,36,36.99,True
1324_10064_22_22461_21667,1324,10064,2026-08-29,22461,21667,22,0.654,2,6,32,33.7,True
1324_10064_23_21667_22540,1324,10064,2026-08-29,21667,22540,23,0.414,7,5,34,36.17,True
1324_10064_24_22540_21777,1324,10064,2026-08-29,22540,21777,24,0.61,2,2,34,36.16,True
1324_10064_25_21777_22125,1324,10064,2026-08-29,21777,22125,25,0.738,2,3,33,35.99,True
1324_10064_26_22125_22429,1324,10064,2026-08-29,22125,22429,26,0.372,2,2,33,36.03,True
1324_10064_27_22429_22187,1324,10064,2026-08-29,22429,22187,27,0.262,3,3,33,36.12,True
1324_10064_28_22187_22366,1324,10064,2026-08-29,22187,22366,28,0.675,4,3,34,33.98,True
1324_10064_29_22366_21847,1324,10064,2026-08-29,22366,21847,29,0.53,6,3,37,35.99,True
1324_10064_30_21847_22556,1324,10064,2026-08-29,21847,22556,30,0.429,1,4,34,35.32,True
1324_10064_31_22556_27778,1324,10064,2026-08-29,22556,27778,31,0.814,1,3,32,32.69,True
1324_10064_32_27778_38787,1324,10064,2026-08-29,27778,38787,32,0.159,1,3,30,30.9,True
1324_10064_33_38787_21739,1324,10064,2026-08-29,38787,21739,33,0.453,2,0,32,34.44,True
1324_10064_34_21739_22088,1324,10064,2026-08-29,21739,22088,34,0.636,2,2,32,36.62,True
1324_10064_35_22088_22514,1324,10064,2026-08-29,22088,22514,35,0.618,1,5,28,32.38,True
1324_10064_36_22514_22182,1324,10064,2026-08-29,22514,22182,36,0.794,1,1,28,32.38,True
1324_10064_37_22182_22458,1324,10064,2026-08-29,22182,22458,37,0.626,0,3,25,28.84,True
1324_10064_38_22458_22267,1324,10064,2026-08-29,22458,22267,38,0.456,2,2,25,29.06,True
1324_10064_39_22267_22185,1324,10064,2026-08-29,22267,22185,39,0.576,1,4,22,27.84,True
1324_10064_40_22185_22645_PF3,1324,10064,2026-08-29,22185,22645_PF3,40,0.745,2,7,17,27.35,True
1324_10064_41_22645_PF3_22645_PF3,1324,10064,2026-08-29,22645_PF3,22645_PF3,41,0.0,0,17,0,14.52,True
1324_10065_1_21172_22068,1324,10065,2026-08-29,21172,22068,1,0.638,7,0,7,10.03,True
1324_10065_2_22068_21869,1324,10065,2026-08-29,22068,21869,2,0.53,7,0,14,18.65,True
1324_10065_3_21869_22585,1324,10065,2026-08-29,21869,22585,3,0.552,6,0,20,29.32,True
1324_10065_4_22585_21704,1324,10065,2026-08-29,22585,21704,4,0.914,8,1,27,37.99,True
1324_10065_5_21704_21859,1324,10065,2026-08-29,21704,21859,5,0.552,4,1,30,40.34,True
1324_10065_6_21859_21912,1324,10065,2026-08-29,21859,21912,6,0.968,8,2,36,44.77,True
1324_10065_7_21912_21801,1324,10065,2026-08-29,21912,21801,7,0.396,3,0,39,47.78,True
1324_10065_8_21801_22378,1324,10065,2026-08-29,21801,22378,8,0.267,1,1,39,46.89,True
1324_10065_9_22378_22318,1324,10065,2026-08-29,22378,22318,9,0.3,2,2,39,45.91,True
1324_10065_10_22318_22401,1324,10065,2026-08-29,22318,22401,10,0.297,4,1,42,48.93,True
1324_10065_11_22401_22596,1324,10065,2026-08-29,22401,22596,11,0.311,0,0,42,48.93,True
1324_10065_12_22596_22135,1324,10065,2026-08-29,22596,22135,12,0.588,2,2,42,48.44,True
1324_10065_13_22135_22172,1324,10065,2026-08-29,22135,22172,13,0.614,3,6,39,42.08,True
1324_10065_14_22172_21656,1324,10065,2026-08-29,22172,21656,14,0.492,4,2,41,43.83,True
1324_10065_15_21656_21976,1324,10065,2026-08-29,21656,21976,15,0.277,2,4,39,39.73,True
1324_10065_16_21976_21966,1324,10065,2026-08-29,21976,21966,16,0.205,3,4,38,37.43,True
1324_10065_17_21966_22326,1324,10065,2026-08-29,21966,22326,17,0.349,4,3,39,38.14,True
1324_10065_18_22326_35837,1324,10065,2026-08-29,22326,35837,18,0.313,4,1,42,41.96,True
1324_10065_19_35837_22383,1324,10065,2026-08-29,35837,22383,19,0.227,4,4,42,41.76,True
1324_10065_20_22383_22600,1324,10065,2026-08-29,22383,22600,20,0.504,2,3,41,39.89,True
1324_10065_21_22600_22461,1324,10065,2026-08-29,22600,22461,21,0.236,8,5,44,44.3,True
1324_10065_22_22461_21667,1324,10065,2026-08-29,22461,21667,22,0.654,4,3,45,46.3,True
1324_10065_23_21667_22540,1324,10065,2026-08-29,21667,22540,23,0.414,2,1,46,47.97,True
1324_10065_24_22540_21777,1324,10065,2026-08-29,22540,21777,24,0.61,0,4,42,44.59,True
1324_10065_25_21777_22125,1324,10065,2026-08-29,21777,22125,25,0.738,2,5,39,40.1,True
1324_10065_26_22125_22429,1324,10065,2026-08-29,22125,22429,26,0.372,4,5,38,39.29,True
1324_10065_27_22429_22187,1324,10065,2026-08-29,22429,22187,27,0.262,3,1,40,41.91,True
1324_10065_28_22187_22366,1324,10065,2026-08-29,22187,22366,28,0.675,4,5,39,40.59,True
1324_10065_29_22366_21847,1324,10065,2026-08-29,22366,21847,29,0.53,4,2,41,44.03,True
1324_10065_30_21847_22556,1324,10065,2026-08-29,21847,22556,30,0.429,2,3,40,44.24,True
1324_10065_31_22556_27778,1324,10065,2026-08-29,22556,27778,31,0.814,0,5,35,37.51,True
1324_10065_32_27778_38787,1324,10065,2026-08-29,27778,38787,32,0.159,0,2,33,35.84,True
1324_10065_33_38787_21739,1324,10065,2026-08-29,38787,21739,33,0.453,0,6,27,28.28,True
1324_10065_34_21739_22088,1324,10065,2026-08-29,21739,22088,34,0.636,1,1,27,29.03,True
1324_10065_35_22088_22514,1324,10065,2026-08-29,22088,22514,35,0.618,0,4,23,25.16,True
1324_10065_36_22514_22182,1324,10065,2026-08-29,22514,22182,36,0.794,2,5,20,20.72,True
1324_10065_37_22182_22458,1324,10065,2026-08-29,22182,22458,37,0.626,3,3,20,24.65,True
1324_10065_38_22458_22267,1324,10065,2026-08-29,22458,22267,38,0.456,0,3,17,20.73,True
1324_10065_39_22267_22185,1324,10065,2026-08-29,22267,22185,39,0.576,3,7,13,15.29,True
1324_10065_40_22185_22645_PF3,1324,10065,2026-08-29,22185,22645_PF3,40,0.745,0,5,8,12.83,True
1324_10065_41_22645_PF3_22645_PF3,1324,10065,2026-08-29,22645_PF3,22645_PF3,41,0.0,0,8,0,8.83,True
1324_10066_1_21172_22068,1324,10066,2026-08-29,21172,22068,1,0.638,9,0,9,12.64,True
1324_10066_2_22068_21869,1324,10066,2026-08-29,22068,21869,2,0.53,2,0,11,14.3,True
1324_10066_3_21869_22585,1324,10066,2026-08-29,21869,22585,3,0.552,3,0,14,17.14,True
1324_10066_4_22585_21704,1324,10066,2026-08-29,22585,21704,4,0.914,3,2,15,18.29,True
1324_10066_5_21704_21859,1324,10066,2026-08-29,21704,21859,5,0.552,4,1,18,22.75,True
1324_10066_6_21859_21912,1324,10066,2026-08-29,21859,21912,6,0.968,2,0,20,25.16,True
1324_10066_7_21912_21801,1324,10066,2026-08-29,21912,21801,7,0.396,4,0,24,29.47,True
1324_10066_8_21801_22378,1324,10066,2026-08-29,21801,22378,8,0.267,6,2,28,30.68,True
1324_10066_9_22378_22318,1324,10066,2026-08-29,22378,22318,9,0.3,2,1,29,30.82,True
1324_10066_10_22318_22401,1324,10066,2026-08-29,22318,22401,10,0.297,7,1,35,35.06,True
1324_10066_11_22401_22596,1324,10066,2026-08-29,22401,22596,11,0.311,7,3,39,39.53,True
1324_10066_12_22596_22135,1324,10066,2026-08-29,22596,22135,12,0.588,4,3,40,39.93,True
1324_10066_13_22135_22172,1324,10066,2026-08-29,22135,22172,13,0.614,6,1,45,44.49,True
1324_10066_14_22172_21656,1324,10066,2026-08-29,22172,21656,14,0.492,4,2,47,44.9,True
1324_10066_15_21656_21976,1324,10066,2026-08-29,21656,21976,15,0.277,3,1,49,46.88,True
1324_10066_16_21976_21966,1324,10066,2026-08-29,21976,21966,16,0.205,3,4,48,45.44,True
1324_10066_17_21966_22326,1324,10066,2026-08-29,21966,22326,17,0.349,1,5,44,42.95,True
1324_10066_18_22326_35837,1324,10066,2026-08-29,22326,35837,18,0.313,3,2,45,43.78,True
1324_10066_19_35837_22383,1324,10066,2026-08-29,35837,22383,19,0.227,5,0,50,49.7,True
1324_10066_20_22383_22600,1324,10066,2026-08-29,22383,22600,20,0.504,3,3,50,50.3,True
1324_10066_21_22600_22461,1324,10066,2026-08-29,22600,22461,21,0.236,2,2,50,50.64,True
1324_10066_22_22461_21667,1324,10066,2026-08-29,22461,21667,22,0.654,4,3,51,52.5,True
1324_10066_23_21667_22540,1324,10066,2026-08-29,21667,22540,23,0.414,6,6,51,57.81,True
1324_10066_24_22540_21777,1324,10066,2026-08-29,22540,21777,24,0.61,0,7,44,50.55,True
1324_10066_25_21777_22125,1324,10066,2026-08-29,21777,22125,25,0.738,2,0,46,53.71,True
1324_10066_26_22125_22429,1324,10066,2026-08-29,22125,22429,26,0.372,1,6,41,47.53,True
1324_10066_27_22429_22187,1324,10066,2026-08-29,22429,22187,27,0.262,5,7,39,43.88,True
1324_10066_28_22187_22366,1324,10066,2026-08-29,22187,22366,28,0.675,2,4,37,43.47,True
1324_10066_29_22366_21847,1324,10066,2026-08-29,22366,21847,29,0.53,1,4,34,40.08,True
1324_10066_30_21847_22556,1324,10066,2026-08-29,21847,22556,30,0.429,3,5,32,37.36,True
1324_10066_31_22556_27778,1324,10066,2026-08-29,22556,27778,31,0.814,2,3,31,36.87,True
1324_10066_32_27778_38787,1324,10066,2026-08-29,27778,38787,32,0.159,0,4,27,32.11,True
1324_10066_33_38787_21739,1324,10066,2026-08-29,38787,21739,33,0.453,3,4,26,33.99,True
1324_10066_34_21739_22088,1324,10066,2026-08-29,21739,22088,34,0.636,3,2,27,35.7,True
1324_10066_35_22088_22514,1324,10066,2026-08-29,22088,22514,35,0.618,0,2,25,32.77,True
1324_10066_36_22514_22182,1324,10066,2026-08-29,22514,22182,36,0.794,4,2,27,38.43,True
1324_10066_37_22182_22458,1324,10066,2026-08-29,22182,22458,37,0.626,0,5,22,32.26,True
1324_10066_38_22458_22267,1324,10066,2026-08-29,22458,22267,38,0.456,0,3,19,27.09,True
1324_10066_39_22267_22185,1324,10066,2026-08-29,22267,22185,39,0.576,2,5,16,23.81,True
1324_10066_40_22185_22645_PF3,1324,10066,2026-08-29,22185,22645_PF3,40,0.745,4,3,17,30.0,True
1324_10066_41_22645_PF3_22645_PF3,1324,10066,2026-08-29,22645_PF3,22645_PF3,41,0.0,0,17,0,8.21,True
1324_10067_1_21172_22068,1324,10067,2026-08-29,21172,22068,1,0.638,5,0,5,4.57,True
1324_10067_2_22068_21869,1324,10067,2026-08-29,22068,21869,2,0.53,5,0,10,10.3,True
1324_10067_3_21869_22585,1324,10067,2026-08-29,21869,22585,3,0.552,3,0,13,13.93,True
1324_10067_4_22585_21704,1324,10067,2026-08-29,22585,21704,4,0.914,4,0,17,18.77,True
1324_10067_5_21704_21859,1324,10067,2026-08-29,21704,21859,5,0.552,2,0,19,21.38,True
1324_10067_6_21859_21912,1324,10067,2026-08-29,21859,21912,6,0.968,2,0,21,22.44,True
1324_10067_7_21912_21801,1324,10067,2026-08-29,21912,21801,7,0.396,4,1,24,26.89,True
1324_10067_8_21801_22378,1324,10067,2026-08-29,21801,22378,8,0.267,5,3,26,26.0,True
1324_10067_9_22378_22318,1324,10067,2026-08-29,22378,22318,9,0.3,5,3,28,30.45,True
1324_10067_10_22318_22401,1324,10067,2026-08-29,22318,22401,10,0.297,5,0,33,36.99,True
1324_10067_11_22401_22596,1324,10067,2026-08-29,22401,22596,11,0.311,6,0,39,43.42,True
1324_10067_12_22596_22135,1324,10067,2026-08-29,22596,22135,12,0.588,4,3,40,42.6,True
1324_10067_13_22135_22172,1324,10067,2026-08-29,22135,22172,13,0.614,4,2,42,42.98,True
1324_10067_14_22172_21656,1324,10067,2026-08-29,22172,21656,14,0.492,4,1,45,46.23,True
1324_10067_15_21656_21976,1324,10067,2026-08-29,21656,21976,15,0.277,1,2,44,44.69,True
1324_10067_16_21976_21966,1324,10067,2026-08-29,21976,21966,16,0.205,4,4,44,42.81,True
1324_10067_17_21966_22326,1324,10067,2026-08-29,21966,22326,17,0.349,5,2,47,48.12,True
1324_10067_18_22326_35837,1324,10067,2026-08-29,22326,35837,18,0.313,2,5,44,45.08,True
1324_10067_19_35837_22383,1324,10067,2026-08-29,35837,22383,19,0.227,6,5,45,47.65,True
1324_10067_20_22383_22600,1324,10067,2026-08-29,22383,22600,20,0.504,2,1,46,50.6,True
1324_10067_21_22600_22461,1324,10067,2026-08-29,22600,22461,21,0.236,3,4,45,48.35,True
1324_10067_22_22461_21667,1324,10067,2026-08-29,22461,21667,22,0.654,6,1,50,55.88,True
1324_10067_23_21667_22540,1324,10067,2026-08-29,21667,22540,23,0.414,4,3,51,56.82,True
1324_10067_24_22540_21777,1324,10067,2026-08-29,22540,21777,24,0.61,3,4,50,57.09,True
1324_10067_25_21777_22125,1324,10067,2026-08-29,21777,22125,25,0.738,3,5,48,56.68,True
1324_10067_26_22125_22429,1324,10067,2026-08-29,22125,22429,26,0.372,1,8,41,48.06,True
1324_10067_27_22429_22187,1324,10067,2026-08-29,22429,22187,27,0.262,4,3,42,50.79,True
1324_10067_28_22187_22366,1324,10067,2026-08-29,22187,22366,28,0.675,3,5,40,48.11,True
1324_10067_29_22366_21847,1324,10067,2026-08-29,22366,21847,29,0.53,1,4,37,46.4,True
1324_10067_30_21847_22556,1324,10067,2026-08-29,21847,22556,30,0.429,1,5,33,40.19,True
1324_10067_31_22556_27778,1324,10067,2026-08-29,22556,27778,31,0.814,6,6,33,43.0,True
1324_10067_32_27778_38787,1324,10067,2026-08-29,27778,38787,32,0.159,1,2,32,40.14,True
1324_10067_33_38787_21739,1324,10067,2026-08-29,38787,21739,33,0.453,3,5,30,39.04,True
1324_10067_34_21739_22088,1324,10067,2026-08-29,21739,22088,34,0.636,1,4,27,36.04,True
1324_10067_35_22088_22514,1324,10067,2026-08-29,22088,22514,35,0.618,2,3,26,34.27,True
1324_10067_36_22514_22182,1324,10067,2026-08-29,22514,22182,36,0.794,2,3,25,35.02,True
1324_10067_37_22182_22458,1324,10067,2026-08-29,22182,22458,37,0.626,2,3,24,35.96,True
1324_10067_38_22458_22267,1324,10067,2026-08-29,22458,22267,38,0.456,2,3,23,32.11,True
1324_10067_39_22267_22185,1324,10067,2026-08-29,22267,22185,39,0.576,1,6,18,23.31,True
1324_10067_40_22185_22645_PF3,1324,10067,2026-08-29,22185,22645_PF3,40,0.745,2,3,17,25.67,True
1324_10067_41_22645_PF3_22645_PF3,1324,10067,2026-08-29,22645_PF3,22645_PF3,41,0.0,0,17,0,6.17,True
1324_10068_1_21172_22068,1324,10068,2026-08-29,21172,22068,1,0.638,4,0,4,2.2,True
1324_10068_2_22068_21869,1324,10068,2026-08-29,22068,21869,2,0.53,3,0,7,5.56,True
1324_10068_3_21869_22585,1324,10068,2026-08-29,21869,22585,3,0.552,6,0,13,9.13,True
1324_10068_4_22585_21704,1324,10068,2026-08-29,22585,21704,4,0.914,6,0,19,14.99,True
1324_10068_5_21704_21859,1324,10068,2026-08-29,21704,21859,5,0.552,3,0,22,17.44,True
1324_10068_6_21859_21912,1324,10068,2026-08-29,21859,21912,6,0.968,4,0,26,20.87,True
1324_10068_7_21912_21801,1324,10068,2026-08-29,21912,21801,7,0.396,3,1,28,21.69,True
1324_10068_8_21801_22378,1324,10068,2026-08-29,21801,22378,8,0.267,3,1,30,25.2,True
1324_10068_9_22378_22318,1324,10068,2026-08-29,22378,22318,9,0.3,3,1,32,28.86,True
1324_10068_10_22318_22401,1324,10068,2026-08-29,22318,22401,10,0.297,7,1,38,36.67,True
1324_10068_11_22401_22596,1324,10068,2026-08-29,22401,22596,11,0.311,6,2,42,38.76,True
1324_10068_12_22596_22135,1324,10068,2026-08-29,22596,22135,12,0.588,4,0,46,44.61,True
1324_10068_13_22135_22172,1324,10068,2026-08-29,22135,22172,13,0.614,3,4,45,43.18,True
1324_10068_14_22172_21656,1324,10068,2026-08-29,22172,21656,14,0.492,1,1,45,42.93,True
1324_10068_15_21656_21976,1324,10068,2026-08-29,21656,21976,15,0.277,3,0,48,49.92,True
1324_10068_16_21976_21966,1324,10068,2026-08-29,21976,21966,16,0.205,4,4,48,47.42,True
1324_10068_17_21966_22326,1324,10068,2026-08-29,21966,22326,17,0.349,5,4,49,47.77,True
1324_10068_18_22326_35837,1324,10068,2026-08-29,22326,35837,18,0.313,3,3,49,45.66,True
1324_10068_19_35837_22383,1324,10068,2026-08-29,35837,22383,19,0.227,6,4,51,48.1,True
1324_10068_20_22383_22600,1324,10068,2026-08-29,22383,22600,20,0.504,5,3,53,52.35,True
1324_10068_21_22600_22461,1324,10068,2026-08-29,22600,22461,21,0.236,1,2,52,52.06,True
1324_10068_22_22461_21667,1324,10068,2026-08-29,22461,21667,22,0.654,5,2,55,56.52,True
1324_10068_23_21667_22540,1324,10068,2026-08-29,21667,22540,23,0.414,2,10,47,50.26,True
1324_10068_24_22540_21777,1324,10068,2026-08-29,22540,21777,24,0.61,5,3,49,53.8,True
1324_10068_25_21777_22125,1324,10068,2026-08-29,21777,22125,25,0.738,3,5,47,51.95,True
1324_10068_26_22125_22429,1324,10068,2026-08-29,22125,22429,26,0.372,2,5,44,46.69,True
1324_10068_27_22429_22187,1324,10068,2026-08-29,22429,22187,27,0.262,2,2,44,47.89,True
1324_10068_28_22187_22366,1324,10068,2026-08-29,22187,22366,28,0.675,2,5,41,43.24,True
1324_10068_29_22366_21847,1324,10068,2026-08-29,22366,21847,29,0.53,4,2,43,47.83,True
1324_10068_30_21847_22556,1324,10068,2026-08-29,21847,22556,30,0.429,3,2,44,51.0,True
1324_10068_31_22556_27778,1324,10068,2026-08-29,22556,27778,31,0.814,1,6,39,46.26,True
1324_10068_32_27778_38787,1324,10068,2026-08-29,27778,38787,32,0.159,3,4,38,49.11,True
1324_10068_33_38787_21739,1324,10068,2026-08-29,38787,21739,33,0.453,1,3,36,46.67,True
1324_10068_34_21739_22088,1324,10068,2026-08-29,21739,22088,34,0.636,1,5,32,42.68,True
1324_10068_35_22088_22514,1324,10068,2026-08-29,22088,22514,35,0.618,1,10,23,32.27,True
1324_10068_36_22514_22182,1324,10068,2026-08-29,22514,22182,36,0.794,3,2,24,39.94,True
1324_10068_37_22182_22458,1324,10068,2026-08-29,22182,22458,37,0.626,2,2,24,36.61,True
1324_10068_38_22458_22267,1324,10068,2026-08-29,22458,22267,38,0.456,1,4,21,32.09,True
1324_10068_39_22267_22185,1324,10068,2026-08-29,22267,22185,39,0.576,2,4,19,31.96,True
1324_10068_40_22185_22645_PF3,1324,10068,2026-08-29,22185,22645_PF3,40,0.745,0,7,12,16.03,True
1324_10068_41_22645_PF3_22645_PF3,1324,10068,2026-08-29,22645_PF3,22645_PF3,41,0.0,0,12,0,5.81,True
1324_10069_1_21172_22068,1324,10069,2026-08-29,21172,22068,1,0.638,5,0,5,7.5,True
1324_10069_2_22068_21869,1324,10069,2026-08-29,22068,21869,2,0.53,3,0,8,11.61,True
1324_10069_3_21869_22585,1324,10069,2026-08-29,21869,22585,3,0.552,4,0,12,19.17,True
1324_10069_4_22585_21704,1324,10069,2026-08-29,22585,21704,4,0.914,11,0,23,34.82,True
1324_10069_5_21704_21859,1324,10069,2026-08-29,21704,21859,5,0.552,7,1,29,37.59,True
1324_10069_6_21859_21912,1324,10069,2026-08-29,21859,21912,6,0.968,7,2,34,40.4,True
1324_10069_7_21912_21801,1324,10069,2026-08-29,21912,21801,7,0.396,4,0,38,45.05,True
1324_10069_8_21801_22378,1324,10069,2026-08-29,21801,22378,8,0.267,5,2,41,47.18,True
1324_10069_9_22378_22318,1324,10069,2026-08-29,22378,22318,9,0.3,4,0,45,50.92,True
1324_10069_10_22318_22401,1324,10069,2026-08-29,22318,22401,10,0.297,5,2,48,51.03,True
1324_10069_11_22401_22596,1324,10069,2026-08-29,22401,22596,11,0.311,6,3,51,55.42,True
1324_10069_12_22596_22135,1324,10069,2026-08-29,22596,22135,12,0.588,2,1,52,55.17,True
1324_10069_13_22135_22172,1324,10069,2026-08-29,22135,22172,13,0.614,7,3,56,57.54,True
1324_10069_14_22172_21656,1324,10069,2026-08-29,22172,21656,14,0.492,6,3,59,60.5,True
1324_10069_15_21656_21976,1324,10069,2026-08-29,21656,21976,15,0.277,3,3,59,60.43,True
1324_10069_16_21976_21966,1324,10069,2026-08-29,21976,21966,16,0.205,7,1,65,66.03,True
1324_10069_17_21966_22326,1324,10069,2026-08-29,21966,22326,17,0.349,5,5,65,65.3,True
1324_10069_18_22326_35837,1324,10069,2026-08-29,22326,35837,18,0.313,0,2,63,62.62,True
1324_10069_19_35837_22383,1324,10069,2026-08-29,35837,22383,19,0.227,0,8,55,53.37,True
1324_10069_20_22383_22600,1324,10069,2026-08-29,22383,22600,20,0.504,3,7,51,51.41,True
1324_10069_21_22600_22461,1324,10069,2026-08-29,22600,22461,21,0.236,4,3,52,51.88,True
1324_10069_22_22461_21667,1324,10069,2026-08-29,22461,21667,22,0.654,1,8,45,46.41,True
1324_10069_23_21667_22540,1324,10069,2026-08-29,21667,22540,23,0.414,2,1,46,46.35,True
1324_10069_24_22540_21777,1324,10069,2026-08-29,22540,21777,24,0.61,2,4,44,44.98,True
1324_10069_25_21777_22125,1324,10069,2026-08-29,21777,22125,25,0.738,2,5,41,41.62,True
1324_10069_26_22125_22429,1324,10069,2026-08-29,22125,22429,26,0.372,0,5,36,33.51,True
1324_10069_27_22429_22187,1324,10069,2026-08-29,22429,22187,27,0.262,1,3,34,32.08,True
1324_10069_28_22187_22366,1324,10069,2026-08-29,22187,22366,28,0.675,4,7,31,30.65,True
1324_10069_29_22366_21847,1324,10069,2026-08-29,22366,21847,29,0.53,0,4,27,27.55,True
1324_10069_30_21847_22556,1324,10069,2026-08-29,21847,22556,30,0.429,3,2,28,30.33,True
1324_10069_31_22556_27778,1324,10069,2026-08-29,22556,27778,31,0.814,3,2,29,33.84,True
1324_10069_32_27778_38787,1324,10069,2026-08-29,27778,38787,32,0.159,5,3,31,38.53,True
1324_10069_33_38787_21739,1324,10069,2026-08-29,38787,21739,33,0.453,4,4,31,41.42,True
1324_10069_34_21739_22088,1324,10069,2026-08-29,21739,22088,34,0.636,3,2,32,45.87,True
1324_10069_35_22088_22514,1324,10069,2026-08-29,22088,22514,35,0.618,1,3,30,46.12,True
1324_10069_36_22514_22182,1324,10069,2026-08-29,22514,22182,36,0.794,0,1,29,44.87,True
1324_10069_37_22182_22458,1324,10069,2026-08-29,22182,22458,37,0.626,0,2,27,41.7,True
1324_10069_38_22458_22267,1324,10069,2026-08-29,22458,22267,38,0.456,1,10,18,27.13,True
1324_10069_39_22267_22185,1324,10069,2026-08-29,22267,22185,39,0.576,0,4,14,20.79,True
1324_10069_40_22185_22645_PF3,1324,10069,2026-08-29,22185,22645_PF3,40,0.745,4,5,13,22.24,True
1324_10069_41_22645_PF3_22645_PF3,1324,10069,2026-08-29,22645_PF3,22645_PF3,41,0.0,0,13,0,16.06,True
999_1007_1_21172_PF10_20857,999,1007,2026-08-29,21172_PF10,20857,1,0.601,5,0,5,1.88,True
999_1007_2_20857_21520,999,1007,2026-08-29,20857,21520,2,0.787,6,0,11,10.33,True
999_1007_3_21520_21574,999,1007,2026-08-29,21520,21574,3,0.502,3,0,14,14.36,True
999_1007_4_21574_21193,999,1007,2026-08-29,21574,21193,4,0.419,4,0,18,18.16,True
999_1007_5_21193_23674,999,1007,2026-08-29,21193,23674,5,0.796,5,1,22,21.61,True
999_1007_6_23674_20927,999,1007,2026-08-29,23674,20927,6,0.776,2,0,24,24.5,True
999_1007_7_20927_21166_PF1,999,1007,2026-08-29,20927,21166_PF1,7,0.356,4,0,28,29.58,True
999_1007_8_21166_PF1_23825,999,1007,2026-08-29,21166_PF1,23825,8,0.365,4,1,31,32.66,True
999_1007_9_23825_21565,999,1007,2026-08-29,23825,21565,9,0.4,7,3,35,37.29,True
999_1007_10_21565_21603,999,1007,2026-08-29,21565,21603,10,0.383,3,1,37,39.26,True
999_1007_11_21603_21458,999,1007,2026-08-29,21603,21458,11,0.504,4,0,41,44.38,True
999_1007_12_21458_21593,999,1007,2026-08-29,21458,21593,12,0.493,3,2,42,45.53,True
999_1007_13_21593_21447,999,1007,2026-08-29,21593,21447,13,0.605,4,1,45,49.96,True
999_1007_14_21447_21544_PF1,999,1007,2026-08-29,21447,21544_PF1,14,0.561,4,1,48,52.48,True
999_1007_15_21544_PF1_21543,999,1007,2026-08-29,21544_PF1,21543,15,0.634,3,3,48,53.14,True
999_1007_16_21543_21445,999,1007,2026-08-29,21543,21445,16,0.199,0,7,41,42.92,True
999_1007_17_21445_21449,999,1007,2026-08-29,21445,21449,17,0.356,4,0,45,45.95,True
999_1007_18_21449_21148,999,1007,2026-08-29,21449,21148,18,0.38,3,2,46,48.02,True
999_1007_19_21148_20623_PF5,999,1007,2026-08-29,21148,20623_PF5,19,0.637,3,2,47,50.66,True
999_1007_20_20623_PF5_21713,999,1007,2026-08-29,20623_PF5,21713,20,0.378,2,4,45,47.65,True
999_1007_21_21713_22295,999,1007,2026-08-29,21713,22295,21,0.345,1,6,40,39.4,True
999_1007_22_22295_35150,999,1007,2026-08-29,22295,35150,22,0.265,2,5,37,37.13,True
999_1007_23_35150_22631,999,1007,2026-08-29,35150,22631,23,0.366,1,6,32,31.09,True
999_1007_24_22631_20897,999,1007,2026-08-29,22631,20897,24,0.384,1,5,28,29.76,True
999_1007_25_20897_21874,999,1007,2026-08-29,20897,21874,25,0.5,1,5,24,26.18,True
999_1007_26_21874_22213,999,1007,2026-08-29,21874,22213,26,0.555,1,8,17,20.44,True
999_1007_27_22213_22211,999,1007,2026-08-29,22213,22211,27,0.269,3,10,10,19.7,True
1324_10070_1_21172_22068,1324,10070,2026-08-29,21172,22068,1,0.638,4,0,4,6.1,True
1324_10070_2_22068_21869,1324,10070,2026-08-29,22068,21869,2,0.53,6,0,10,16.03,True
1324_10070_3_21869_22585,1324,10070,2026-08-29,21869,22585,3,0.552,3,0,13,19.08,True
1324_10070_4_22585_21704,1324,10070,2026-08-29,22585,21704,4,0.914,9,1,21,32.43,True
1324_10070_5_21704_21859,1324,10070,2026-08-29,21704,21859,5,0.552,5,2,24,32.63,True
1324_10070_6_21859_21912,1324,10070,2026-08-29,21859,21912,6,0.968,5,0,29,38.29,True
1324_10070_7_21912_21801,1324,10070,2026-08-29,21912,21801,7,0.396,6,0,35,44.8,True
1324_10070_8_21801_22378,1324,10070,2026-08-29,21801,22378,8,0.267,6,0,41,48.86,True
1324_10070_9_22378_22318,1324,10070,2026-08-29,22378,22318,9,0.3,2,4,39,43.8,True
1324_10070_10_22318_22401,1324,10070,2026-08-29,22318,22401,10,0.297,3,4,38,40.45,True
1324_10070_11_22401_22596,1324,10070,2026-08-29,22401,22596,11,0.311,4,0,42,44.79,True
1324_10070_12_22596_22135,1324,10070,2026-08-29,22596,22135,12,0.588,3,2,43,46.15,True
1324_10070_13_22135_22172,1324,10070,2026-08-29,22135,22172,13,0.614,3,2,44,47.19,True
1324_10070_14_22172_21656,1324,10070,2026-08-29,22172,21656,14,0.492,3,1,46,48.79,True
1324_10070_15_21656_21976,1324,10070,2026-08-29,21656,21976,15,0.277,2,2,46,46.69,True
1324_10070_16_21976_21966,1324,10070,2026-08-29,21976,21966,16,0.205,2,5,43,42.59,True
1324_10070_17_21966_22326,1324,10070,2026-08-29,21966,22326,17,0.349,2,4,41,41.18,True
1324_10070_18_22326_35837,1324,10070,2026-08-29,22326,35837,18,0.313,1,7,35,34.98,True
1324_10070_19_35837_22383,1324,10070,2026-08-29,35837,22383,19,0.227,4,2,37,37.52,True
1324_10070_20_22383_22600,1324,10070,2026-08-29,22383,22600,20,0.504,2,7,32,32.91,True
1324_10070_21_22600_22461,1324,10070,2026-08-29,22600,22461,21,0.236,1,5,28,27.03,True
1324_10070_22_22461_21667,1324,10070,2026-08-29,22461,21667,22,0.654,6,1,33,33.76,True
1324_10070_23_21667_22540,1324,10070,2026-08-29,21667,22540,23,0.414,4,1,36,37.27,True
1324_10070_24_22540_21777,1324,10070,2026-08-29,22540,21777,24,0.61,6,5,37,35.77,True
1324_10070_25_21777_22125,1324,10070,2026-08-29,21777,22125,25,0.738,7,4,40,40.76,True
1324_10070_26_22125_22429,1324,10070,2026-08-29,22125,22429,26,0.372,3,0,43,46.29,True
1324_10070_27_22429_22187,1324,10070,2026-08-29,22429,22187,27,0.262,4,1,46,50.75,True
1324_10070_28_22187_22366,1324,10070,2026-08-29,22187,22366,28,0.675,1,6,41,46.74,True
1324_10070_29_22366_21847,1324,10070,2026-08-29,22366,21847,29,0.53,3,7,37,39.48,True
1324_10070_30_21847_22556,1324,10070,2026-08-29,21847,22556,30,0.429,2,2,37,39.17,True
1324_10070_31_22556_27778,1324,10070,2026-08-29,22556,27778,31,0.814,3,3,37,43.74,True
1324_10070_32_27778_38787,1324,10070,2026-08-29,27778,38787,32,0.159,1,5,33,39.75,True
1324_10070_33_38787_21739,1324,10070,2026-08-29,38787,21739,33,0.453,4,1,36,47.37,True
1324_10070_34_21739_22088,1324,10070,2026-08-29,21739,22088,34,0.636,1,6,31,44.77,True
1324_10070_35_22088_22514,1324,10070,2026-08-29,22088,22514,35,0.618,3,5,29,39.16,True
1324_10070_36_22514_22182,1324,10070,2026-08-29,22514,22182,36,0.794,5,3,31,46.86,True
1324_10070_37_22182_22458,1324,10070,2026-08-29,22182,22458,37,0.626,2,4,29,45.33,True
1324_10070_38_22458_22267,1324,10070,2026-08-29,22458,22267,38,0.456,0,5,24,36.48,True
1324_10070_39_22267_22185,1324,10070,2026-08-29,22267,22185,39,0.576,0,6,18,27.82,True
1324_10070_40_22185_22645_PF3,1324,10070,2026-08-29,22185,22645_PF3,40,0.745,1,9,10,15.29,True
1324_10070_41_22645_PF3_22645_PF3,1324,10070,2026-08-29,22645_PF3,22645_PF3,41,0.0,0,10,0,6.17,True
1324_10071_1_21172_22068,1324,10071,2026-08-29,21172,22068,1,0.638,4,0,4,6.54,True
1324_10071_2_22068_21869,1324,10071,2026-08-29,22068,21869,2,0.53,5,0,9,15.19,True
1324_10071_3_21869_22585,1324,10071,2026-08-29,21869,22585,3,0.552,6,1,14,15.7,True
1324_10071_4_22585_21704,1324,10071,2026-08-29,22585,21704,4,0.914,7,0,21,22.87,True
1324_10071_5_21704_21859,1324,10071,2026-08-29,21704,21859,5,0.552,3,0,24,24.12,True
1324_10071_6_21859_21912,1324,10071,2026-08-29,21859,21912,6,0.968,5,1,28,27.48,True
1324_10071_7_21912_21801,1324,10071,2026-08-29,21912,21801,7,0.396,7,0,35,34.75,True
1324_10071_8_21801_22378,1324,10071,2026-08-29,21801,22378,8,0.267,1,1,35,32.61,True
1324_10071_9_22378_22318,1324,10071,2026-08-29,22378,22318,9,0.3,6,1,40,37.36,True
1324_10071_10_22318_22401,1324,10071,2026-08-29,22318,22401,10,0.297,7,1,46,47.97,True
1324_10071_11_22401_22596,1324,10071,2026-08-29,22401,22596,11,0.311,6,2,50,47.03,True
1324_10071_12_22596_22135,1324,10071,2026-08-29,22596,22135,12,0.588,7,3,54,50.69,True
1324_10071_13_22135_22172,1324,10071,2026-08-29,22135,22172,13,0.614,5,3,56,53.62,True
1324_10071_14_22172_21656,1324,10071,2026-08-29,22172,21656,14,0.492,4,3,57,51.4,True
1324_10071_15_21656_21976,1324,10071,2026-08-29,21656,21976,15,0.277,3,2,58,51.35,True
1324_10071_16_21976_21966,1324,10071,2026-08-29,21976,21966,16,0.205,1,3,56,48.81,True
1324_10071_17_21966_22326,1324,10071,2026-08-29,21966,22326,17,0.349,0,5,51,42.88,True
1324_10071_18_22326_35837,1324,10071,2026-08-29,22326,35837,18,0.313,4,4,51,46.01,True
1324_10071_19_35837_22383,1324,10071,2026-08-29,35837,22383,19,0.227,2,1,52,44.34,True
1324_10071_20_22383_22600,1324,10071,2026-08-29,22383,22600,20,0.504,3,2,53,47.21,True
1324_10071_21_22600_22461,1324,10071,2026-08-29,22600,22461,21,0.236,5,3,55,49.61,True
1324_10071_22_22461_21667,1324,10071,2026-08-29,22461,21667,22,0.654,1,6,50,45.64,True
1324_10071_23_21667_22540,1324,10071,2026-08-29,21667,22540,23,0.414,2,3,49,44.74,True
1324_10071_24_22540_21777,1324,10071,2026-08-29,22540,21777,24,0.61,4,6,47,43.37,True
1324_10071_25_21777_22125,1324,10071,2026-08-29,21777,22125,25,0.738,0,5,42,40.3,True
1324_10071_26_22125_22429,1324,10071,2026-08-29,22125,22429,26,0.372,3,4,41,37.74,True
1324_10071_27_22429_22187,1324,10071,2026-08-29,22429,22187,27,0.262,1,3,39,37.38,True
1324_10071_28_22187_22366,1324,10071,2026-08-29,22187,22366,28,0.675,5,2,42,44.25,True
1324_10071_29_22366_21847,1324,10071,2026-08-29,22366,21847,29,0.53,4,5,41,42.3,True
1324_10071_30_21847_22556,1324,10071,2026-08-29,21847,22556,30,0.429,3,4,40,43.91,True
1324_10071_31_22556_27778,1324,10071,2026-08-29,22556,27778,31,0.814,2,7,35,39.65,True
1324_10071_32_27778_38787,1324,10071,2026-08-29,27778,38787,32,0.159,4,5,34,40.09,True
1324_10071_33_38787_21739,1324,10071,2026-08-29,38787,21739,33,0.453,1,3,32,37.05,True
1324_10071_34_21739_22088,1324,10071,2026-08-29,21739,22088,34,0.636,3,3,32,39.06,True
1324_10071_35_22088_22514,1324,10071,2026-08-29,22088,22514,35,0.618,1,2,31,37.99,True
1324_10071_36_22514_22182,1324,10071,2026-08-29,22514,22182,36,0.794,1,1,31,37.99,True
1324_10071_37_22182_22458,1324,10071,2026-08-29,22182,22458,37,0.626,2,5,28,34.51,True
1324_10071_38_22458_22267,1324,10071,2026-08-29,22458,22267,38,0.456,2,2,28,35.5,True
1324_10071_39_22267_22185,1324,10071,2026-08-29,22267,22185,39,0.576,2,8,22,27.44,True
1324_10071_40_22185_22645_PF3,1324,10071,2026-08-29,22185,22645_PF3,40,0.745,6,8,20,30.95,True
1324_10071_41_22645_PF3_22645_PF3,1324,10071,2026-08-29,22645_PF3,22645_PF3,41,0.0,0,20,0,21.63,True
1324_10072_1_21172_22068,1324,10072,2026-08-29,21172,22068,1,0.638,8,0,8,9.64,True
1324_10072_2_22068_21869,1324,10072,2026-08-29,22068,21869,2,0.53,9,0,17,23.0,True
1324_10072_3_21869_22585,1324,10072,2026-08-29,21869,22585,3,0.552,9,0,26,39.43,True
1324_10072_4_22585_21704,1324,10072,2026-08-29,22585,21704,4,0.914,4,1,29,42.05,True
1324_10072_5_21704_21859,1324,10072,2026-08-29,21704,21859,5,0.552,4,2,31,43.37,True
1324_10072_6_21859_21912,1324,10072,2026-08-29,21859,21912,6,0.968,4,2,33,37.91,True
1324_10072_7_21912_21801,1324,10072,2026-08-29,21912,21801,7,0.396,2,0,35,40.34,True
1324_10072_8_21801_22378,1324,10072,2026-08-29,21801,22378,8,0.267,4,0,39,43.96,True
1324_10072_9_22378_22318,1324,10072,2026-08-29,22378,22318,9,0.3,2,4,37,38.15,True
1324_10072_10_22318_22401,1324,10072,2026-08-29,22318,22401,10,0.297,1,0,38,38.15,True
1324_10072_11_22401_22596,1324,10072,2026-08-29,22401,22596,11,0.311,6,2,42,41.65,True
1324_10072_12_22596_22135,1324,10072,2026-08-29,22596,22135,12,0.588,6,4,44,41.58,True
1324_10072_13_22135_22172,1324,10072,2026-08-29,22135,22172,13,0.614,7,1,50,48.08,True
1324_10072_14_22172_21656,1324,10072,2026-08-29,22172,21656,14,0.492,3,3,50,46.22,True
1324_10072_15_21656_21976,1324,10072,2026-08-29,21656,21976,15,0.277,6,3,53,48.89,True
1324_10072_16_21976_21966,1324,10072,2026-08-29,21976,21966,16,0.205,3,2,54,49.25,True
1324_10072_17_21966_22326,1324,10072,2026-08-29,21966,22326,17,0.349,1,4,51,45.5,True
1324_10072_18_22326_35837,1324,10072,2026-08-29,22326,35837,18,0.313,3,4,50,46.19,True
1324_10072_19_35837_22383,1324,10072,2026-08-29,35837,22383,19,0.227,3,5,48,44.09,True
1324_10072_20_22383_22600,1324,10072,2026-08-29,22383,22600,20,0.504,3,6,45,43.15,True
1324_10072_21_22600_22461,1324,10072,2026-08-29,22600,22461,21,0.236,4,6,43,41.24,True
1324_10072_22_22461_21667,1324,10072,2026-08-29,22461,21667,22,0.654,2,6,39,37.08,True
1324_10072_23_21667_22540,1324,10072,2026-08-29,21667,22540,23,0.414,5,2,42,39.24,True
1324_10072_24_22540_21777,1324,10072,2026-08-29,22540,21777,24,0.61,1,2,41,38.41,True
1324_10072_25_21777_22125,1324,10072,2026-08-29,21777,22125,25,0.738,4,4,41,41.85,True
1324_10072_26_22125_22429,1324,10072,2026-08-29,22125,22429,26,0.372,5,2,44,45.21,True
1324_10072_27_22429_22187,1324,10072,2026-08-29,22429,22187,27,0.262,2,5,41,42.92,True
1324_10072_28_22187_22366,1324,10072,2026-08-29,22187,22366,28,0.675,4,5,40,45.63,True
1324_10072_29_22366_21847,1324,10072,2026-08-29,22366,21847,29,0.53,3,1,42,47.68,True
1324_10072_30_21847_22556,1324,10072,2026-08-29,21847,22556,30,0.429,0,2,40,44.35,True
1324_10072_31_22556_27778,1324,10072,2026-08-29,22556,27778,31,0.814,2,2,40,44.89,True
1324_10072_32_27778_38787,1324,10072,2026-08-29,27778,38787,32,0.159,2,7,35,39.31,True
1324_10072_33_38787_21739,1324,10072,2026-08-29,38787,21739,33,0.453,0,7,28,33.11,True
1324_10072_34_21739_22088,1324,10072,2026-08-29,21739,22088,34,0.636,2,2,28,34.64,True
1324_10072_35_22088_22514,1324,10072,2026-08-29,22088,22514,35,0.618,0,3,25,31.19,True
1324_10072_36_22514_22182,1324,10072,2026-08-29,22514,22182,36,0.794,1,5,21,25.31,True
1324_10072_37_22182_22458,1324,10072,2026-08-29,22182,22458,37,0.626,6,7,20,30.43,True
1324_10072_38_22458_22267,1324,10072,2026-08-29,22458,22267,38,0.456,3,4,19,27.22,True
1324_10072_39_22267_22185,1324,10072,2026-08-29,22267,22185,39,0.576,1,3,17,24.1,True
1324_10072_40_22185_22645_PF3,1324,10072,2026-08-29,22185,22645_PF3,40,0.745,1,6,12,18.61,True
1324_10072_41_22645_PF3_22645_PF3,1324,10072,2026-08-29,22645_PF3,22645_PF3,41,0.0,0,12,0,11.95,True
1324_10073_1_21172_22068,1324,10073,2026-08-29,21172,22068,1,0.638,8,0,8,8.34,True
1324_10073_2_22068_21869,1324,10073,2026-08-29,22068,21869,2,0.53,8,0,16,16.94,True
1324_10073_3_21869_22585,1324,10073,2026-08-29,21869,22585,3,0.552,6,0,22,23.3,True
1324_10073_4_22585_21704,1324,10073,2026-08-29,22585,21704,4,0.914,10,1,31,35.41,True
1324_10073_5_21704_21859,1324,10073,2026-08-29,21704,21859,5,0.552,2,0,33,37.53,True
1324_10073_6_21859_21912,1324,10073,2026-08-29,21859,21912,6,0.968,0,0,33,37.53,True
1324_10073_7_21912_21801,1324,10073,2026-08-29,21912,21801,7,0.396,3,0,36,40.52,True
1324_10073_8_21801_22378,1324,10073,2026-08-29,21801,22378,8,0.267,3,0,39,43.74,True
1324_10073_9_22378_22318,1324,10073,2026-08-29,22378,22318,9,0.3,5,0,44,48.9,True
1324_10073_10_22318_22401,1324,10073,2026-08-29,22318,22401,10,0.297,3,3,44,46.92,True
1324_10073_11_22401_22596,1324,10073,2026-08-29,22401,22596,11,0.311,5,0,49,54.02,True
1324_10073_12_22596_22135,1324,10073,2026-08-29,22596,22135,12,0.588,8,3,54,57.48,True
1324_10073_13_22135_22172,1324,10073,2026-08-29,22135,22172,13,0.614,5,2,57,60.86,True
1324_10073_14_22172_21656,1324,10073,2026-08-29,22172,21656,14,0.492,3,6,54,57.17,True
1324_10073_15_21656_21976,1324,10073,2026-08-29,21656,21976,15,0.277,8,3,59,60.52,True
1324_10073_16_21976_21966,1324,10073,2026-08-29,21976,21966,16,0.205,5,3,61,64.45,True
1324_10073_17_21966_22326,1324,10073,2026-08-29,21966,22326,17,0.349,5,3,63,65.65,True
1324_10073_18_22326_35837,1324,10073,2026-08-29,22326,35837,18,0.313,2,5,60,62.18,True
1324_10073_19_35837_22383,1324,10073,2026-08-29,35837,22383,19,0.227,4,6,58,59.89,True
1324_10073_20_22383_22600,1324,10073,2026-08-29,22383,22600,20,0.504,1,4,55,58.3,True
1324_10073_21_22600_22461,1324,10073,2026-08-29,22600,22461,21,0.236,2,7,50,51.86,True
1324_10073_22_22461_21667,1324,10073,2026-08-29,22461,21667,22,0.654,0,3,47,48.75,True
1324_10073_23_21667_22540,1324,10073,2026-08-29,21667,22540,23,0.414,4,2,49,51.56,True
1324_10073_24_22540_21777,1324,10073,2026-08-29,22540,21777,24,0.61,0,8,41,41.7,True
1324_10073_25_21777_22125,1324,10073,2026-08-29,21777,22125,25,0.738,3,1,43,43.89,True
1324_10073_26_22125_22429,1324,10073,2026-08-29,22125,22429,26,0.372,4,5,42,43.57,True
1324_10073_27_22429_22187,1324,10073,2026-08-29,22429,22187,27,0.262,2,4,40,41.2,True
1324_10073_28_22187_22366,1324,10073,2026-08-29,22187,22366,28,0.675,2,2,40,41.03,True
1324_10073_29_22366_21847,1324,10073,2026-08-29,22366,21847,29,0.53,5,3,42,43.09,True
1324_10073_30_21847_22556,1324,10073,2026-08-29,21847,22556,30,0.429,4,2,44,48.11,True
1324_10073_31_22556_27778,1324,10073,2026-08-29,22556,27778,31,0.814,4,4,44,50.35,True
1324_10073_32_27778_38787,1324,10073,2026-08-29,27778,38787,32,0.159,3,5,42,50.37,True
1324_10073_33_38787_21739,1324,10073,2026-08-29,38787,21739,33,0.453,1,5,38,48.21,True
1324_10073_34_21739_22088,1324,10073,2026-08-29,21739,22088,34,0.636,0,4,34,43.72,True
1324_10073_35_22088_22514,1324,10073,2026-08-29,22088,22514,35,0.618,2,6,30,36.32,True
1324_10073_36_22514_22182,1324,10073,2026-08-29,22514,22182,36,0.794,4,4,30,39.18,True
1324_10073_37_22182_22458,1324,10073,2026-08-29,22182,22458,37,0.626,0,6,24,31.58,True
1324_10073_38_22458_22267,1324,10073,2026-08-29,22458,22267,38,0.456,1,9,16,16.33,True
1324_10073_39_22267_22185,1324,10073,2026-08-29,22267,22185,39,0.576,3,2,17,22.33,True
1324_10073_40_22185_22645_PF3,1324,10073,2026-08-29,22185,22645_PF3,40,0.745,1,3,15,16.83,True
1324_10073_41_22645_PF3_22645_PF3,1324,10073,2026-08-29,22645_PF3,22645_PF3,41,0.0,0,15,0,6.33,True
1324_10074_1_21172_22068,1324,10074,2026-08-29,21172,22068,1,0.638,8,0,8,9.64,True
1324_10074_2_22068_21869,1324,10074,2026-08-29,22068,21869,2,0.53,5,0,13,15.36,True
1324_10074_3_21869_22585,1324,10074,2026-08-29,21869,22585,3,0.552,4,1,16,19.39,True
1324_10074_4_22585_21704,1324,10074,2026-08-29,22585,21704,4,0.914,5,0,21,27.77,True
1324_10074_5_21704_21859,1324,10074,2026-08-29,21704,21859,5,0.552,4,0,25,33.99,True
1324_10074_6_21859_21912,1324,10074,2026-08-29,21859,21912,6,0.968,5,0,30,40.47,True
1324_10074_7_21912_21801,1324,10074,2026-08-29,21912,21801,7,0.396,5,2,33,41.18,True
1324_10074_8_21801_22378,1324,10074,2026-08-29,21801,22378,8,0.267,4,1,36,41.72,True
1324_10074_9_22378_22318,1324,10074,2026-08-29,22378,22318,9,0.3,5,2,39,44.13,True
1324_10074_10_22318_22401,1324,10074,2026-08-29,22318,22401,10,0.297,1,3,37,41.32,True
1324_10074_11_22401_22596,1324,10074,2026-08-29,22401,22596,11,0.311,5,2,40,46.45,True
1324_10074_12_22596_22135,1324,10074,2026-08-29,22596,22135,12,0.588,8,5,43,43.76,True
1324_10074_13_22135_22172,1324,10074,2026-08-29,22135,22172,13,0.614,4,2,45,44.74,True
1324_10074_14_22172_21656,1324,10074,2026-08-29,22172,21656,14,0.492,5,4,46,47.16,True
1324_10074_15_21656_21976,1324,10074,2026-08-29,21656,21976,15,0.277,4,3,47,47.14,True
1324_10074_16_21976_21966,1324,10074,2026-08-29,21976,21966,16,0.205,4,3,48,47.7,True
1324_10074_17_21966_22326,1324,10074,2026-08-29,21966,22326,17,0.349,2,3,47,44.95,True
1324_10074_18_22326_35837,1324,10074,2026-08-29,22326,35837,18,0.313,7,1,53,51.41,True
1324_10074_19_35837_22383,1324,10074,2026-08-29,35837,22383,19,0.227,2,4,51,50.01,True
1324_10074_20_22383_22600,1324,10074,2026-08-29,22383,22600,20,0.504,1,2,50,49.05,True
1324_10074_21_22600_22461,1324,10074,2026-08-29,22600,22461,21,0.236,1,9,42,41.78,True
1324_10074_22_22461_21667,1324,10074,2026-08-29,22461,21667,22,0.654,3,7,38,39.97,True
1324_10074_23_21667_22540,1324,10074,2026-08-29,21667,22540,23,0.414,3,1,40,42.51,True
1324_10074_24_22540_21777,1324,10074,2026-08-29,22540,21777,24,0.61,3,3,40,43.14,True
1324_10074_25_21777_22125,1324,10074,2026-08-29,21777,22125,25,0.738,1,2,39,42.19,True
1324_10074_26_22125_22429,1324,10074,2026-08-29,22125,22429,26,0.372,3,5,37,41.69,True
1324_10074_27_22429_22187,1324,10074,2026-08-29,22429,22187,27,0.262,1,1,37,42.13,True
1324_10074_28_22187_22366,1324,10074,2026-08-29,22187,22366,28,0.675,4,2,39,42.57,True
1324_10074_29_22366_21847,1324,10074,2026-08-29,22366,21847,29,0.53,2,3,38,43.01,True
1324_10074_30_21847_22556,1324,10074,2026-08-29,21847,22556,30,0.429,2,1,39,45.51,True
1324_10074_31_22556_27778,1324,10074,2026-08-29,22556,27778,31,0.814,2,7,34,37.18,True
1324_10074_32_27778_38787,1324,10074,2026-08-29,27778,38787,32,0.159,2,2,34,36.8,True
1324_10074_33_38787_21739,1324,10074,2026-08-29,38787,21739,33,0.453,3,3,34,39.69,True
1324_10074_34_21739_22088,1324,10074,2026-08-29,21739,22088,34,0.636,7,3,38,49.32,True
1324_10074_35_22088_22514,1324,10074,2026-08-29,22088,22514,35,0.618,1,7,32,44.64,True
1324_10074_36_22514_22182,1324,10074,2026-08-29,22514,22182,36,0.794,1,4,29,39.78,True
1324_10074_37_22182_22458,1324,10074,2026-08-29,22182,22458,37,0.626,1,8,22,26.67,True
1324_10074_38_22458_22267,1324,10074,2026-08-29,22458,22267,38,0.456,2,5,19,20.26,True
1324_10074_39_22267_22185,1324,10074,2026-08-29,22267,22185,39,0.576,1,4,16,20.09,True
1324_10074_40_22185_22645_PF3,1324,10074,2026-08-29,22185,22645_PF3,40,0.745,1,6,11,13.12,True
1324_10074_41_22645_PF3_22645_PF3,1324,10074,2026-08-29,22645_PF3,22645_PF3,41,0.0,0,11,0,5.61,True
1324_10075_1_21172_22068,1324,10075,2026-08-29,21172,22068,1,0.638,7,0,7,7.8,True
1324_10075_2_22068_21869,1324,10075,2026-08-29,22068,21869,2,0.53,4,0,11,14.95,True
1324_10075_3_21869_22585,1324,10075,2026-08-29,21869,22585,3,0.552,2,0,13,16.9,True
1324_10075_4_22585_21704,1324,10075,2026-08-29,22585,21704,4,0.914,8,1,20,22.21,True
1324_10075_5_21704_21859,1324,10075,2026-08-29,21704,21859,5,0.552,2,0,22,25.03,True
1324_10075_6_21859_21912,1324,10075,2026-08-29,21859,21912,6,0.968,6,1,27,30.3,True
1324_10075_7_21912_21801,1324,10075,2026-08-29,21912,21801,7,0.396,4,0,31,34.35,True
1324_10075_8_21801_22378,1324,10075,2026-08-29,21801,22378,8,0.267,1,2,30,33.46,True
1324_10075_9_22378_22318,1324,10075,2026-08-29,22378,22318,9,0.3,3,0,33,37.29,True
1324_10075_10_22318_22401,1324,10075,2026-08-29,22318,22401,10,0.297,2,3,32,34.64,True
1324_10075_11_22401_22596,1324,10075,2026-08-29,22401,22596,11,0.311,3,5,30,29.93,True
1324_10075_12_22596_22135,1324,10075,2026-08-29,22596,22135,12,0.588,5,5,30,28.65,True
1324_10075_13_22135_22172,1324,10075,2026-08-29,22135,22172,13,0.614,5,1,34,35.3,True
1324_10075_14_22172_21656,1324,10075,2026-08-29,22172,21656,14,0.492,4,0,38,39.48,True
1324_10075_15_21656_21976,1324,10075,2026-08-29,21656,21976,15,0.277,6,2,42,42.75,True
1324_10075_16_21976_21966,1324,10075,2026-08-29,21976,21966,16,0.205,5,2,45,44.12,True
1324_10075_17_21966_22326,1324,10075,2026-08-29,21966,22326,17,0.349,5,2,48,47.04,True
1324_10075_18_22326_35837,1324,10075,2026-08-29,22326,35837,18,0.313,4,3,49,47.97,True
1324_10075_19_35837_22383,1324,10075,2026-08-29,35837,22383,19,0.227,5,2,52,51.21,True
1324_10075_20_22383_22600,1324,10075,2026-08-29,22383,22600,20,0.504,2,2,52,50.64,True
1324_10075_21_22600_22461,1324,10075,2026-08-29,22600,22461,21,0.236,2,5,49,47.91,True
1324_10075_22_22461_21667,1324,10075,2026-08-29,22461,21667,22,0.654,3,4,48,49.0,True
1324_10075_23_21667_22540,1324,10075,2026-08-29,21667,22540,23,0.414,5,1,52,54.53,True
1324_10075_24_22540_21777,1324,10075,2026-08-29,22540,21777,24,0.61,3,3,52,55.33,True
1324_10075_25_21777_22125,1324,10075,2026-08-29,21777,22125,25,0.738,7,2,57,63.43,True
1324_10075_26_22125_22429,1324,10075,2026-08-29,22125,22429,26,0.372,0,4,53,58.75,True
1324_10075_27_22429_22187,1324,10075,2026-08-29,22429,22187,27,0.262,3,2,54,60.27,True
1324_10075_28_22187_22366,1324,10075,2026-08-29,22187,22366,28,0.675,1,2,53,59.89,True
1324_10075_29_22366_21847,1324,10075,2026-08-29,22366,21847,29,0.53,5,6,52,60.5,True
1324_10075_30_21847_22556,1324,10075,2026-08-29,21847,22556,30,0.429,3,5,50,57.16,True
1324_10075_31_22556_27778,1324,10075,2026-08-29,22556,27778,31,0.814,3,5,48,54.22,True
1324_10075_32_27778_38787,1324,10075,2026-08-29,27778,38787,32,0.159,3,4,47,53.93,True
1324_10075_33_38787_21739,1324,10075,2026-08-29,38787,21739,33,0.453,0,6,41,47.06,True
1324_10075_34_21739_22088,1324,10075,2026-08-29,21739,22088,34,0.636,4,7,38,47.84,True
1324_10075_35_22088_22514,1324,10075,2026-08-29,22088,22514,35,0.618,4,3,39,49.13,True
1324_10075_36_22514_22182,1324,10075,2026-08-29,22514,22182,36,0.794,2,7,34,44.45,True
1324_10075_37_22182_22458,1324,10075,2026-08-29,22182,22458,37,0.626,1,6,29,38.15,True
1324_10075_38_22458_22267,1324,10075,2026-08-29,22458,22267,38,0.456,3,3,29,36.11,True
1324_10075_39_22267_22185,1324,10075,2026-08-29,22267,22185,39,0.576,2,8,23,34.21,True
1324_10075_40_22185_22645_PF3,1324,10075,2026-08-29,22185,22645_PF3,40,0.745,0,4,19,24.49,True
1324_10075_41_22645_PF3_22645_PF3,1324,10075,2026-08-29,22645_PF3,22645_PF3,41,0.0,0,19,0,7.64,True
1324_10076_1_21172_22068,1324,10076,2026-08-29,21172,22068,1,0.638,3,0,3,3.5,True
1324_10076_2_22068_21869,1324,10076,2026-08-29,22068,21869,2,0.53,5,0,8,10.2,True
1324_10076_3_21869_22585,1324,10076,2026-08-29,21869,22585,3,0.552,6,0,14,20.94,True
1324_10076_4_22585_21704,1324,10076,2026-08-29,22585,21704,4,0.914,3,0,17,24.29,True
1324_10076_5_21704_21859,1324,10076,2026-08-29,21704,21859,5,0.552,9,0,26,34.52,True
1324_10076_6_21859_21912,1324,10076,2026-08-29,21859,21912,6,0.968,2,2,26,31.71,True
1324_10076_7_21912_21801,1324,10076,2026-08-29,21912,21801,7,0.396,6,0,32,37.65,True
1324_10076_8_21801_22378,1324,10076,2026-08-29,21801,22378,8,0.267,3,1,34,38.35,True
1324_10076_9_22378_22318,1324,10076,2026-08-29,22378,22318,9,0.3,7,2,39,41.14,True
1324_10076_10_22318_22401,1324,10076,2026-08-29,22318,22401,10,0.297,6,2,43,45.99,True
1324_10076_11_22401_22596,1324,10076,2026-08-29,22401,22596,11,0.311,3,1,45,49.35,True
1324_10076_12_22596_22135,1324,10076,2026-08-29,22596,22135,12,0.588,4,7,42,46.9,True
1324_10076_13_22135_22172,1324,10076,2026-08-29,22135,22172,13,0.614,8,3,47,50.93,True
1324_10076_14_22172_21656,1324,10076,2026-08-29,22172,21656,14,0.492,4,2,49,51.23,True
1324_10076_15_21656_21976,1324,10076,2026-08-29,21656,21976,15,0.277,0,1,48,49.73,True
1324_10076_16_21976_21966,1324,10076,2026-08-29,21976,21966,16,0.205,5,0,53,54.01,True
1324_10076_17_21966_22326,1324,10076,2026-08-29,21966,22326,17,0.349,3,3,53,55.64,True
1324_10076_18_22326_35837,1324,10076,2026-08-29,22326,35837,18,0.313,2,4,51,53.52,True
1324_10076_19_35837_22383,1324,10076,2026-08-29,35837,22383,19,0.227,5,8,48,51.79,True
1324_10076_20_22383_22600,1324,10076,2026-08-29,22383,22600,20,0.504,7,3,52,54.1,True
1324_10076_21_22600_22461,1324,10076,2026-08-29,22600,22461,21,0.236,1,3,50,52.14,True
1324_10076_22_22461_21667,1324,10076,2026-08-29,22461,21667,22,0.654,3,2,51,55.45,True
1324_10076_23_21667_22540,1324,10076,2026-08-29,21667,22540,23,0.414,2,8,45,50.69,True
1324_10076_24_22540_21777,1324,10076,2026-08-29,22540,21777,24,0.61,5,6,44,51.55,True
1324_10076_25_21777_22125,1324,10076,2026-08-29,21777,22125,25,0.738,5,7,42,51.12,True
1324_10076_26_22125_22429,1324,10076,2026-08-29,22125,22429,26,0.372,5,6,41,49.36,True
1324_10076_27_22429_22187,1324,10076,2026-08-29,22429,22187,27,0.262,0,6,35,41.96,True
1324_10076_28_22187_22366,1324,10076,2026-08-29,22187,22366,28,0.675,0,1,34,41.96,True
1324_10076_29_22366_21847,1324,10076,2026-08-29,22366,21847,29,0.53,3,4,33,40.81,True
1324_10076_30_21847_22556,1324,10076,2026-08-29,21847,22556,30,0.429,1,6,28,33.03,True
1324_10076_31_22556_27778,1324,10076,2026-08-29,22556,27778,31,0.814,1,5,24,27.73,True
1324_10076_32_27778_38787,1324,10076,2026-08-29,27778,38787,32,0.159,2,1,25,30.32,True
1324_10076_33_38787_21739,1324,10076,2026-08-29,38787,21739,33,0.453,3,2,26,32.55,True
1324_10076_34_21739_22088,1324,10076,2026-08-29,21739,22088,34,0.636,3,4,25,32.05,True
1324_10076_35_22088_22514,1324,10076,2026-08-29,22088,22514,35,0.618,3,5,23,29.95,True
1324_10076_36_22514_22182,1324,10076,2026-08-29,22514,22182,36,0.794,0,1,22,29.21,True
1324_10076_37_22182_22458,1324,10076,2026-08-29,22182,22458,37,0.626,4,6,20,28.41,True
1324_10076_38_22458_22267,1324,10076,2026-08-29,22458,22267,38,0.456,2,4,18,26.16,True
1324_10076_39_22267_22185,1324,10076,2026-08-29,22267,22185,39,0.576,2,4,16,24.21,True
1324_10076_40_22185_22645_PF3,1324,10076,2026-08-29,22185,22645_PF3,40,0.745,2,3,15,27.33,True
1324_10076_41_22645_PF3_22645_PF3,1324,10076,2026-08-29,22645_PF3,22645_PF3,41,0.0,0,15,0,17.5,True
1324_10077_1_21172_22068,1324,10077,2026-08-29,21172,22068,1,0.638,2,0,2,2.83,True
1324_10077_2_22068_21869,1324,10077,2026-08-29,22068,21869,2,0.53,6,0,8,12.45,True
1324_10077_3_21869_22585,1324,10077,2026-08-29,21869,22585,3,0.552,2,0,10,14.21,True
1324_10077_4_22585_21704,1324,10077,2026-08-29,22585,21704,4,0.914,6,1,15,21.16,True
1324_10077_5_21704_21859,1324,10077,2026-08-29,21704,21859,5,0.552,4,0,19,24.45,True
1324_10077_6_21859_21912,1324,10077,2026-08-29,21859,21912,6,0.968,3,1,21,25.75,True
1324_10077_7_21912_21801,1324,10077,2026-08-29,21912,21801,7,0.396,4,1,24,26.58,True
1324_10077_8_21801_22378,1324,10077,2026-08-29,21801,22378,8,0.267,3,0,27,28.94,True
1324_10077_9_22378_22318,1324,10077,2026-08-29,22378,22318,9,0.3,4,1,30,31.66,True
1324_10077_10_22318_22401,1324,10077,2026-08-29,22318,22401,10,0.297,5,1,34,36.31,True
1324_10077_11_22401_22596,1324,10077,2026-08-29,22401,22596,11,0.311,7,2,39,41.17,True
1324_10077_12_22596_22135,1324,10077,2026-08-29,22596,22135,12,0.588,4,0,43,47.1,True
1324_10077_13_22135_22172,1324,10077,2026-08-29,22135,22172,13,0.614,4,2,45,49.42,True
1324_10077_14_22172_21656,1324,10077,2026-08-29,22172,21656,14,0.492,4,2,47,50.19,True
1324_10077_15_21656_21976,1324,10077,2026-08-29,21656,21976,15,0.277,3,3,47,49.47,True
1324_10077_16_21976_21966,1324,10077,2026-08-29,21976,21966,16,0.205,4,1,50,52.77,True
1324_10077_17_21966_22326,1324,10077,2026-08-29,21966,22326,17,0.349,4,2,52,55.33,True
1324_10077_18_22326_35837,1324,10077,2026-08-29,22326,35837,18,0.313,3,2,53,56.24,True
1324_10077_19_35837_22383,1324,10077,2026-08-29,35837,22383,19,0.227,5,4,54,57.07,True
1324_10077_20_22383_22600,1324,10077,2026-08-29,22383,22600,20,0.504,3,2,55,59.22,True
1324_10077_21_22600_22461,1324,10077,2026-08-29,22600,22461,21,0.236,1,3,53,55.66,True
1324_10077_22_22461_21667,1324,10077,2026-08-29,22461,21667,22,0.654,4,4,53,54.5,True
1324_10077_23_21667_22540,1324,10077,2026-08-29,21667,22540,23,0.414,4,4,53,58.66,True
1324_10077_24_22540_21777,1324,10077,2026-08-29,22540,21777,24,0.61,4,7,50,55.91,True
1324_10077_25_21777_22125,1324,10077,2026-08-29,21777,22125,25,0.738,2,9,43,48.7,True
1324_10077_26_22125_22429,1324,10077,2026-08-29,22125,22429,26,0.372,3,3,43,49.78,True
1324_10077_27_22429_22187,1324,10077,2026-08-29,22429,22187,27,0.262,8,5,46,47.35,True
1324_10077_28_22187_22366,1324,10077,2026-08-29,22187,22366,28,0.675,0,5,41,42.89,True
1324_10077_29_22366_21847,1324,10077,2026-08-29,22366,21847,29,0.53,2,8,35,37.08,True
1324_10077_30_21847_22556,1324,10077,2026-08-29,21847,22556,30,0.429,1,3,33,34.4,True
1324_10077_31_22556_27778,1324,10077,2026-08-29,22556,27778,31,0.814,3,3,33,37.3,True
1324_10077_32_27778_38787,1324,10077,2026-08-29,27778,38787,32,0.159,1,2,32,37.46,True
1324_10077_33_38787_21739,1324,10077,2026-08-29,38787,21739,33,0.453,2,1,33,40.75,True
1324_10077_34_21739_22088,1324,10077,2026-08-29,21739,22088,34,0.636,1,4,30,37.3,True
1324_10077_35_22088_22514,1324,10077,2026-08-29,22088,22514,35,0.618,0,5,25,31.55,True
1324_10077_36_22514_22182,1324,10077,2026-08-29,22514,22182,36,0.794,1,4,22,30.33,True
1324_10077_37_22182_22458,1324,10077,2026-08-29,22182,22458,37,0.626,1,4,19,24.58,True
1324_10077_38_22458_22267,1324,10077,2026-08-29,22458,22267,38,0.456,4,5,18,24.33,True
1324_10077_39_22267_22185,1324,10077,2026-08-29,22267,22185,39,0.576,1,6,13,12.24,True
1324_10077_40_22185_22645_PF3,1324,10077,2026-08-29,22185,22645_PF3,40,0.745,5,6,12,12.29,True
1324_10077_41_22645_PF3_22645_PF3,1324,10077,2026-08-29,22645_PF3,22645_PF3,41,0.0,0,12,0,10.62,True
1324_10078_1_21172_22068,1324,10078,2026-08-29,21172,22068,1,0.638,5,0,5,7.57,True
1324_10078_2_22068_21869,1324,10078,2026-08-29,22068,21869,2,0.53,5,0,10,14.82,True
1324_10078_3_21869_22585,1324,10078,2026-08-29,21869,22585,3,0.552,13,0,23,27.86,True
1324_10078_4_22585_21704,1324,10078,2026-08-29,22585,21704,4,0.914,4,2,25,26.49,True
1324_10078_5_21704_21859,1324,10078,2026-08-29,21704,21859,5,0.552,5,0,30,30.86,True
1324_10078_6_21859_21912,1324,10078,2026-08-29,21859,21912,6,0.968,6,2,34,35.29,True
1324_10078_7_21912_21801,1324,10078,2026-08-29,21912,21801,7,0.396,5,1,38,36.29,True
1324_10078_8_21801_22378,1324,10078,2026-08-29,21801,22378,8,0.267,2,0,40,37.4,True
1324_10078_9_22378_22318,1324,10078,2026-08-29,22378,22318,9,0.3,4,1,43,40.09,True
1324_10078_10_22318_22401,1324,10078,2026-08-29,22318,22401,10,0.297,5,3,45,43.46,True
1324_10078_11_22401_22596,1324,10078,2026-08-29,22401,22596,11,0.311,7,0,52,49.73,True
1324_10078_12_22596_22135,1324,10078,2026-08-29,22596,22135,12,0.588,7,1,58,56.84,True
1324_10078_13_22135_22172,1324,10078,2026-08-29,22135,22172,13,0.614,2,2,58,56.54,True
1324_10078_14_22172_21656,1324,10078,2026-08-29,22172,21656,14,0.492,2,2,58,56.22,True
1324_10078_15_21656_21976,1324,10078,2026-08-29,21656,21976,15,0.277,4,3,59,57.94,True
1324_10078_16_21976_21966,1324,10078,2026-08-29,21976,21966,16,0.205,3,1,61,58.49,True
1324_10078_17_21966_22326,1324,10078,2026-08-29,21966,22326,17,0.349,4,5,60,57.02,True
1324_10078_18_22326_35837,1324,10078,2026-08-29,22326,35837,18,0.313,5,5,60,57.03,True
1324_10078_19_35837_22383,1324,10078,2026-08-29,35837,22383,19,0.227,0,7,53,49.79,True
1324_10078_20_22383_22600,1324,10078,2026-08-29,22383,22600,20,0.504,5,3,55,54.1,True
1324_10078_21_22600_22461,1324,10078,2026-08-29,22600,22461,21,0.236,2,4,53,53.75,True
1324_10078_22_22461_21667,1324,10078,2026-08-29,22461,21667,22,0.654,7,9,51,56.43,True
1324_10078_23_21667_22540,1324,10078,2026-08-29,21667,22540,23,0.414,2,8,45,51.02,True
1324_10078_24_22540_21777,1324,10078,2026-08-29,22540,21777,24,0.61,4,4,45,53.18,True
1324_10078_25_21777_22125,1324,10078,2026-08-29,21777,22125,25,0.738,1,4,42,49.73,True
1324_10078_26_22125_22429,1324,10078,2026-08-29,22125,22429,26,0.372,2,3,41,46.21,True
1324_10078_27_22429_22187,1324,10078,2026-08-29,22429,22187,27,0.262,0,1,40,45.06,True
1324_10078_28_22187_22366,1324,10078,2026-08-29,22187,22366,28,0.675,3,7,36,41.91,True
1324_10078_29_22366_21847,1324,10078,2026-08-29,22366,21847,29,0.53,5,2,39,49.34,True
1324_10078_30_21847_22556,1324,10078,2026-08-29,21847,22556,30,0.429,4,4,39,48.63,True
1324_10078_31_22556_27778,1324,10078,2026-08-29,22556,27778,31,0.814,2,4,37,48.43,True
1324_10078_32_27778_38787,1324,10078,2026-08-29,27778,38787,32,0.159,0,4,33,43.14,True
1324_10078_33_38787_21739,1324,10078,2026-08-29,38787,21739,33,0.453,4,3,34,44.3,True
1324_10078_34_21739_22088,1324,10078,2026-08-29,21739,22088,34,0.636,1,4,31,41.08,True
1324_10078_35_22088_22514,1324,10078,2026-08-29,22088,22514,35,0.618,2,4,29,37.29,True
1324_10078_36_22514_22182,1324,10078,2026-08-29,22514,22182,36,0.794,1,2,28,36.24,True
1324_10078_37_22182_22458,1324,10078,2026-08-29,22182,22458,37,0.626,3,4,27,37.4,True
1324_10078_38_22458_22267,1324,10078,2026-08-29,22458,22267,38,0.456,1,6,22,27.32,True
1324_10078_39_22267_22185,1324,10078,2026-08-29,22267,22185,39,0.576,1,6,17,20.97,True
1324_10078_40_22185_22645_PF3,1324,10078,2026-08-29,22185,22645_PF3,40,0.745,2,5,14,25.81,True
1324_10078_41_22645_PF3_22645_PF3,1324,10078,2026-08-29,22645_PF3,22645_PF3,41,0.0,0,14,0,12.96,True
1324_10079_1_21172_22068,1324,10079,2026-08-29,21172,22068,1,0.638,9,0,9,11.66,True
1324_10079_2_22068_21869,1324,10079,2026-08-29,22068,21869,2,0.53,1,0,10,13.16,True
1324_10079_3_21869_22585,1324,10079,2026-08-29,21869,22585,3,0.552,9,0,19,31.65,True
1324_10079_4_22585_21704,1324,10079,2026-08-29,22585,21704,4,0.914,10,0,29,42.31,True
1324_10079_5_21704_21859,1324,10079,2026-08-29,21704,21859,5,0.552,5,0,34,48.53,True
1324_10079_6_21859_21912,1324,10079,2026-08-29,21859,21912,6,0.968,6,3,37,46.22,True
1324_10079_7_21912_21801,1324,10079,2026-08-29,21912,21801,7,0.396,3,2,38,49.25,True
1324_10079_8_21801_22378,1324,10079,2026-08-29,21801,22378,8,0.267,2,3,37,41.41,True
1324_10079_9_22378_22318,1324,10079,2026-08-29,22378,22318,9,0.3,3,1,39,43.91,True
1324_10079_10_22318_22401,1324,10079,2026-08-29,22318,22401,10,0.297,2,3,38,42.51,True
1324_10079_11_22401_22596,1324,10079,2026-08-29,22401,22596,11,0.311,4,2,40,45.83,True
1324_10079_12_22596_22135,1324,10079,2026-08-29,22596,22135,12,0.588,5,3,42,44.46,True
1324_10079_13_22135_22172,1324,10079,2026-08-29,22135,22172,13,0.614,0,5,37,37.54,True
1324_10079_14_22172_21656,1324,10079,2026-08-29,22172,21656,14,0.492,3,2,38,38.11,True
1324_10079_15_21656_21976,1324,10079,2026-08-29,21656,21976,15,0.277,1,5,34,30.8,True
1324_10079_16_21976_21966,1324,10079,2026-08-29,21976,21966,16,0.205,8,1,41,37.2,True
1324_10079_17_21966_22326,1324,10079,2026-08-29,21966,22326,17,0.349,5,1,45,42.42,True
1324_10079_18_22326_35837,1324,10079,2026-08-29,22326,35837,18,0.313,1,3,43,40.91,True
1324_10079_19_35837_22383,1324,10079,2026-08-29,35837,22383,19,0.227,5,4,44,43.35,True
1324_10079_20_22383_22600,1324,10079,2026-08-29,22383,22600,20,0.504,5,3,46,45.98,True
1324_10079_21_22600_22461,1324,10079,2026-08-29,22600,22461,21,0.236,5,5,46,48.7,True
1324_10079_22_22461_21667,1324,10079,2026-08-29,22461,21667,22,0.654,5,5,46,49.8,True
1324_10079_23_21667_22540,1324,10079,2026-08-29,21667,22540,23,0.414,3,2,47,52.66,True
1324_10079_24_22540_21777,1324,10079,2026-08-29,22540,21777,24,0.61,2,1,48,54.78,True
1324_10079_25_21777_22125,1324,10079,2026-08-29,21777,22125,25,0.738,5,2,51,58.7,True
1324_10079_26_22125_22429,1324,10079,2026-08-29,22125,22429,26,0.372,4,6,49,56.23,True
1324_10079_27_22429_22187,1324,10079,2026-08-29,22429,22187,27,0.262,1,5,45,52.46,True
1324_10079_28_22187_22366,1324,10079,2026-08-29,22187,22366,28,0.675,3,2,46,54.94,True
1324_10079_29_22366_21847,1324,10079,2026-08-29,22366,21847,29,0.53,2,6,42,51.13,True
1324_10079_30_21847_22556,1324,10079,2026-08-29,21847,22556,30,0.429,2,1,43,52.02,True
1324_10079_31_22556_27778,1324,10079,2026-08-29,22556,27778,31,0.814,2,7,38,45.66,True
1324_10079_32_27778_38787,1324,10079,2026-08-29,27778,38787,32,0.159,0,7,31,37.46,True
1324_10079_33_38787_21739,1324,10079,2026-08-29,38787,21739,33,0.453,2,4,29,37.65,True
1324_10079_34_21739_22088,1324,10079,2026-08-29,21739,22088,34,0.636,1,2,28,37.03,True
1324_10079_35_22088_22514,1324,10079,2026-08-29,22088,22514,35,0.618,0,5,23,29.52,True
1324_10079_36_22514_22182,1324,10079,2026-08-29,22514,22182,36,0.794,3,5,21,30.31,True
1324_10079_37_22182_22458,1324,10079,2026-08-29,22182,22458,37,0.626,2,1,22,34.11,True
1324_10079_38_22458_22267,1324,10079,2026-08-29,22458,22267,38,0.456,2,3,21,31.16,True
1324_10079_39_22267_22185,1324,10079,2026-08-29,22267,22185,39,0.576,1,8,14,23.4,True
1324_10079_40_22185_22645_PF3,1324,10079,2026-08-29,22185,22645_PF3,40,0.745,4,5,13,27.17,True
1324_10079_41_22645_PF3_22645_PF3,1324,10079,2026-08-29,22645_PF3,22645_PF3,41,0.0,0,13,0,11.91,True
999_1008_1_21172_PF10_20857,999,1008,2026-08-29,21172_PF10,20857,1,0.601,6,0,6,9.15,True
999_1008_2_20857_21520,999,1008,2026-08-29,20857,21520,2,0.787,11,0,17,23.02,True
999_1008_3_21520_21574,999,1008,2026-08-29,21520,21574,3,0.502,6,0,23,30.64,True
999_1008_4_21574_21193,999,1008,2026-08-29,21574,21193,4,0.419,7,1,29,36.66,True
999_1008_5_21193_23674,999,1008,2026-08-29,21193,23674,5,0.796,11,3,37,43.55,True
999_1008_6_23674_20927,999,1008,2026-08-29,23674,20927,6,0.776,3,2,38,44.08,True
999_1008_7_20927_21166_PF1,999,1008,2026-08-29,20927,21166_PF1,7,0.356,2,0,40,46.18,True
999_1008_8_21166_PF1_23825,999,1008,2026-08-29,21166_PF1,23825,8,0.365,5,2,43,50.55,True
999_1008_9_23825_21565,999,1008,2026-08-29,23825,21565,9,0.4,2,1,44,50.01,True
999_1008_10_21565_21603,999,1008,2026-08-29,21565,21603,10,0.383,3,2,45,48.34,True
999_1008_11_21603_21458,999,1008,2026-08-29,21603,21458,11,0.504,5,3,47,54.15,True
999_1008_12_21458_21593,999,1008,2026-08-29,21458,21593,12,0.493,4,1,50,54.6,True
999_1008_13_21593_21447,999,1008,2026-08-29,21593,21447,13,0.605,3,2,51,56.92,True
999_1008_14_21447_21544_PF1,999,1008,2026-08-29,21447,21544_PF1,14,0.561,4,5,50,58.09,True
999_1008_15_21544_PF1_21543,999,1008,2026-08-29,21544_PF1,21543,15,0.634,2,3,49,56.41,True
999_1008_16_21543_21445,999,1008,2026-08-29,21543,21445,16,0.199,1,3,47,53.92,True
999_1008_17_21445_21449,999,1008,2026-08-29,21445,21449,17,0.356,3,4,46,53.55,True
999_1008_18_21449_21148,999,1008,2026-08-29,21449,21148,18,0.38,1,6,41,47.97,True
999_1008_19_21148_20623_PF5,999,1008,2026-08-29,21148,20623_PF5,19,0.637,8,4,45,55.8,True
999_1008_20_20623_PF5_21713,999,1008,2026-08-29,20623_PF5,21713,20,0.378,2,5,42,50.65,True
999_1008_21_21713_22295,999,1008,2026-08-29,21713,22295,21,0.345,4,5,41,48.52,True
999_1008_22_22295_35150,999,1008,2026-08-29,22295,35150,22,0.265,4,6,39,47.73,True
999_1008_23_35150_22631,999,1008,2026-08-29,35150,22631,23,0.366,1,4,36,45.65,True
999_1008_24_22631_20897,999,1008,2026-08-29,22631,20897,24,0.384,1,5,32,38.99,True
999_1008_25_20897_21874,999,1008,2026-08-29,20897,21874,25,0.5,3,10,25,38.86,True
999_1008_26_21874_22213,999,1008,2026-08-29,21874,22213,26,0.555,1,13,13,19.56,True
999_1008_27_22213_22211,999,1008,2026-08-29,22213,22211,27,0.269,0,9,4,5.45,True
1324_10080_1_21172_22068,1324,10080,2026-08-29,21172,22068,1,0.638,7,0,7,11.02,True
1324_10080_2_22068_21869,1324,10080,2026-08-29,22068,21869,2,0.53,2,0,9,13.9,True
1324_10080_3_21869_22585,1324,10080,2026-08-29,21869,22585,3,0.552,4,0,13,17.72,True
1324_10080_4_22585_21704,1324,10080,2026-08-29,22585,21704,4,0.914,3,0,16,19.86,True
1324_10080_5_21704_21859,1324,10080,2026-08-29,21704,21859,5,0.552,7,0,23,27.58,True
1324_10080_6_21859_21912,1324,10080,2026-08-29,21859,21912,6,0.968,6,0,29,35.32,True
1324_10080_7_21912_21801,1324,10080,2026-08-29,21912,21801,7,0.396,5,1,33,37.74,True
1324_10080_8_21801_22378,1324,10080,2026-08-29,21801,22378,8,0.267,2,0,35,39.43,True
1324_10080_9_22378_22318,1324,10080,2026-08-29,22378,22318,9,0.3,4,0,39,42.45,True
1324_10080_10_22318_22401,1324,10080,2026-08-29,22318,22401,10,0.297,4,1,42,43.62,True
1324_10080_11_22401_22596,1324,10080,2026-08-29,22401,22596,11,0.311,5,0,47,49.0,True
1324_10080_12_22596_22135,1324,10080,2026-08-29,22596,22135,12,0.588,2,4,45,47.21,True
1324_10080_13_22135_22172,1324,10080,2026-08-29,22135,22172,13,0.614,5,2,48,47.62,True
1324_10080_14_22172_21656,1324,10080,2026-08-29,22172,21656,14,0.492,3,3,48,46.77,True
1324_10080_15_21656_21976,1324,10080,2026-08-29,21656,21976,15,0.277,7,6,49,46.58,True
1324_10080_16_21976_21966,1324,10080,2026-08-29,21976,21966,16,0.205,3,1,51,47.95,True
1324_10080_17_21966_22326,1324,10080,2026-08-29,21966,22326,17,0.349,1,3,49,44.79,True
1324_10080_18_22326_35837,1324,10080,2026-08-29,22326,35837,18,0.313,2,3,48,42.63,True
1324_10080_19_35837_22383,1324,10080,2026-08-29,35837,22383,19,0.227,2,3,47,41.41,True
1324_10080_20_22383_22600,1324,10080,2026-08-29,22383,22600,20,0.504,2,7,42,35.47,True
1324_10080_21_22600_22461,1324,10080,2026-08-29,22600,22461,21,0.236,5,3,44,39.84,True
1324_10080_22_22461_21667,1324,10080,2026-08-29,22461,21667,22,0.654,5,2,47,47.51,True
1324_10080_23_21667_22540,1324,10080,2026-08-29,21667,22540,23,0.414,1,1,47,48.01,True
1324_10080_24_22540_21777,1324,10080,2026-08-29,22540,21777,24,0.61,5,4,48,49.57,True
1324_10080_25_21777_22125,1324,10080,2026-08-29,21777,22125,25,0.738,1,4,45,47.1,True
1324_10080_26_22125_22429,1324,10080,2026-08-29,22125,22429,26,0.372,5,4,46,48.86,True
1324_10080_27_22429_22187,1324,10080,2026-08-29,22429,22187,27,0.262,1,1,46,48.69,True
1324_10080_28_22187_22366,1324,10080,2026-08-29,22187,22366,28,0.675,3,2,47,52.58,True
1324_10080_29_22366_21847,1324,10080,2026-08-29,22366,21847,29,0.53,4,2,49,54.76,True
1324_10080_30_21847_22556,1324,10080,2026-08-29,21847,22556,30,0.429,2,9,42,49.41,True
1324_10080_31_22556_27778,1324,10080,2026-08-29,22556,27778,31,0.814,1,2,41,48.39,True
1324_10080_32_27778_38787,1324,10080,2026-08-29,27778,38787,32,0.159,4,4,41,49.49,True
1324_10080_33_38787_21739,1324,10080,2026-08-29,38787,21739,33,0.453,3,6,38,48.57,True
1324_10080_34_21739_22088,1324,10080,2026-08-29,21739,22088,34,0.636,5,1,42,54.85,True
1324_10080_35_22088_22514,1324,10080,2026-08-29,22088,22514,35,0.618,3,5,40,52.73,True
1324_10080_36_22514_22182,1324,10080,2026-08-29,22514,22182,36,0.794,0,7,33,40.76,True
1324_10080_37_22182_22458,1324,10080,2026-08-29,22182,22458,37,0.626,3,7,29,34.48,True
1324_10080_38_22458_22267,1324,10080,2026-08-29,22458,22267,38,0.456,3,6,26,32.26,True
1324_10080_39_22267_22185,1324,10080,2026-08-29,22267,22185,39,0.576,0,4,22,28.22,True
1324_10080_40_22185_22645_PF3,1324,10080,2026-08-29,22185,22645_PF3,40,0.745,4,6,20,22.87,True
1324_10080_41_22645_PF3_22645_PF3,1324,10080,2026-08-29,22645_PF3,22645_PF3,41,0.0,0,20,0,13.02,True
1324_10081_1_21172_22068,1324,10081,2026-08-29,21172,22068,1,0.638,6,0,6,7.62,True
1324_10081_2_22068_21869,1324,10081,2026-08-29,22068,21869,2,0.53,8,0,14,20.75,True
1324_10081_3_21869_22585,1324,10081,2026-08-29,21869,22585,3,0.552,3,0,17,24.0,True
1324_10081_4_22585_21704,1324,10081,2026-08-29,22585,21704,4,0.914,3,2,18,22.36,True
1324_10081_5_21704_21859,1324,10081,2026-08-29,21704,21859,5,0.552,9,0,27,34.62,True
1324_10081_6_21859_21912,1324,10081,2026-08-29,21859,21912,6,0.968,1,1,27,34.28,True
1324_10081_7_21912_21801,1324,10081,2026-08-29,21912,21801,7,0.396,4,1,30,35.21,True
1324_10081_8_21801_22378,1324,10081,2026-08-29,21801,22378,8,0.267,3,1,32,35.79,True
1324_10081_9_22378_22318,1324,10081,2026-08-29,22378,22318,9,0.3,2,1,33,36.53,True
1324_10081_10_22318_22401,1324,10081,2026-08-29,22318,22401,10,0.297,9,3,39,38.53,True
1324_10081_11_22401_22596,1324,10081,2026-08-29,22401,22596,11,0.311,2,2,39,36.15,True
1324_10081_12_22596_22135,1324,10081,2026-08-29,22596,22135,12,0.588,4,2,41,37.41,True
1324_10081_13_22135_22172,1324,10081,2026-08-29,22135,22172,13,0.614,3,1,43,38.22,True
1324_10081_14_22172_21656,1324,10081,2026-08-29,22172,21656,14,0.492,4,3,44,38.8,True
1324_10081_15_21656_21976,1324,10081,2026-08-29,21656,21976,15,0.277,6,3,47,41.85,True
1324_10081_16_21976_21966,1324,10081,2026-08-29,21976,21966,16,0.205,5,1,51,46.93,True
1324_10081_17_21966_22326,1324,10081,2026-08-29,21966,22326,17,0.349,4,5,50,44.13,True
1324_10081_18_22326_35837,1324,10081,2026-08-29,22326,35837,18,0.313,4,2,52,47.78,True
1324_10081_19_35837_22383,1324,10081,2026-08-29,35837,22383,19,0.227,2,3,51,48.33,True
1324_10081_20_22383_22600,1324,10081,2026-08-29,22383,22600,20,0.504,3,4,50,46.86,True
1324_10081_21_22600_22461,1324,10081,2026-08-29,22600,22461,21,0.236,6,5,51,47.36,True
1324_10081_22_22461_21667,1324,10081,2026-08-29,22461,21667,22,0.654,5,4,52,51.56,True
1324_10081_23_21667_22540,1324,10081,2026-08-29,21667,22540,23,0.414,1,5,48,47.72,True
1324_10081_24_22540_21777,1324,10081,2026-08-29,22540,21777,24,0.61,5,2,51,52.51,True
1324_10081_25_21777_22125,1324,10081,2026-08-29,21777,22125,25,0.738,4,4,51,54.68,True
1324_10081_26_22125_22429,1324,10081,2026-08-29,22125,22429,26,0.372,4,3,52,55.56,True
1324_10081_27_22429_22187,1324,10081,2026-08-29,22429,22187,27,0.262,4,5,51,52.43,True
1324_10081_28_22187_22366,1324,10081,2026-08-29,22187,22366,28,0.675,6,7,50,51.31,True
1324_10081_29_22366_21847,1324,10081,2026-08-29,22366,21847,29,0.53,0,4,46,48.49,True
1324_10081_30_21847_22556,1324,10081,2026-08-29,21847,22556,30,0.429,2,5,43,47.56,True
1324_10081_31_22556_27778,1324,10081,2026-08-29,22556,27778,31,0.814,5,5,43,47.29,True
1324_10081_32_27778_38787,1324,10081,2026-08-29,27778,38787,32,0.159,2,4,41,45.93,True
1324_10081_33_38787_21739,1324,10081,2026-08-29,38787,21739,33,0.453,2,7,36,41.73,True
1324_10081_34_21739_22088,1324,10081,2026-08-29,21739,22088,34,0.636,1,7,30,34.58,True
1324_10081_35_22088_22514,1324,10081,2026-08-29,22088,22514,35,0.618,0,8,22,26.05,True
1324_10081_36_22514_22182,1324,10081,2026-08-29,22514,22182,36,0.794,4,5,21,26.69,True
1324_10081_37_22182_22458,1324,10081,2026-08-29,22182,22458,37,0.626,0,7,14,17.8,True
1324_10081_38_22458_22267,1324,10081,2026-08-29,22458,22267,38,0.456,1,3,12,18.41,True
1324_10081_39_22267_22185,1324,10081,2026-08-29,22267,22185,39,0.576,0,0,12,18.41,True
1324_10081_40_22185_22645_PF3,1324,10081,2026-08-29,22185,22645_PF3,40,0.745,0,4,8,11.79,True
1324_10081_41_22645_PF3_22645_PF3,1324,10081,2026-08-29,22645_PF3,22645_PF3,41,0.0,0,8,0,5.0,True
1324_10082_1_21172_22068,1324,10082,2026-08-29,21172,22068,1,0.638,6,0,6,10.68,True
1324_10082_2_22068_21869,1324,10082,2026-08-29,22068,21869,2,0.53,7,0,13,19.63,True
1324_10082_3_21869_22585,1324,10082,2026-08-29,21869,22585,3,0.552,3,0,16,24.17,True
1324_10082_4_22585_21704,1324,10082,2026-08-29,22585,21704,4,0.914,5,2,19,26.21,True
1324_10082_5_21704_21859,1324,10082,2026-08-29,21704,21859,5,0.552,5,2,22,26.9,True
1324_10082_6_21859_21912,1324,10082,2026-08-29,21859,21912,6,0.968,3,0,25,30.59,True
1324_10082_7_21912_21801,1324,10082,2026-08-29,21912,21801,7,0.396,4,0,29,34.73,True
1324_10082_8_21801_22378,1324,10082,2026-08-29,21801,22378,8,0.267,3,3,29,31.07,True
1324_10082_9_22378_22318,1324,10082,2026-08-29,22378,22318,9,0.3,6,2,33,33.65,True
1324_10082_10_22318_22401,1324,10082,2026-08-29,22318,22401,10,0.297,3,0,36,38.55,True
1324_10082_11_22401_22596,1324,10082,2026-08-29,22401,22596,11,0.311,3,2,37,38.25,True
1324_10082_12_22596_22135,1324,10082,2026-08-29,22596,22135,12,0.588,3,4,36,35.08,True
1324_10082_13_22135_22172,1324,10082,2026-08-29,22135,22172,13,0.614,1,0,37,36.08,True
1324_10082_14_22172_21656,1324,10082,2026-08-29,22172,21656,14,0.492,3,4,36,35.33,True
1324_10082_15_21656_21976,1324,10082,2026-08-29,21656,21976,15,0.277,0,2,34,34.08,True
1324_10082_16_21976_21966,1324,10082,2026-08-29,21976,21966,16,0.205,3,1,36,35.33,True
1324_10082_17_21966_22326,1324,10082,2026-08-29,21966,22326,17,0.349,3,4,35,33.45,True
1324_10082_18_22326_35837,1324,10082,2026-08-29,22326,35837,18,0.313,4,0,39,38.17,True
1324_10082_19_35837_22383,1324,10082,2026-08-29,35837,22383,19,0.227,4,1,42,42.32,True
1324_10082_20_22383_22600,1324,10082,2026-08-29,22383,22600,20,0.504,2,4,40,42.1,True
1324_10082_21_22600_22461,1324,10082,2026-08-29,22600,22461,21,0.236,3,1,42,46.03,True
1324_10082_22_22461_21667,1324,10082,2026-08-29,22461,21667,22,0.654,1,8,35,37.27,True
1324_10082_23_21667_22540,1324,10082,2026-08-29,21667,22540,23,0.414,2,3,34,37.86,True
1324_10082_24_22540_21777,1324,10082,2026-08-29,22540,21777,24,0.61,0,2,32,34.61,True
1324_10082_25_21777_22125,1324,10082,2026-08-29,21777,22125,25,0.738,1,3,30,32.58,True
1324_10082_26_22125_22429,1324,10082,2026-08-29,22125,22429,26,0.372,4,4,30,33.38,True
1324_10082_27_22429_22187,1324,10082,2026-08-29,22429,22187,27,0.262,5,1,34,40.06,True
1324_10082_28_22187_22366,1324,10082,2026-08-29,22187,22366,28,0.675,2,3,33,40.28,True
1324_10082_29_22366_21847,1324,10082,2026-08-29,22366,21847,29,0.53,0,2,31,36.53,True
1324_10082_30_21847_22556,1324,10082,2026-08-29,21847,22556,30,0.429,0,3,28,33.71,True
1324_10082_31_22556_27778,1324,10082,2026-08-29,22556,27778,31,0.814,0,6,22,24.79,True
1324_10082_32_27778_38787,1324,10082,2026-08-29,27778,38787,32,0.159,4,5,21,26.99,True
1324_10082_33_38787_21739,1324,10082,2026-08-29,38787,21739,33,0.453,1,2,20,25.88,True
1324_10082_34_21739_22088,1324,10082,2026-08-29,21739,22088,34,0.636,3,5,18,27.74,True
1324_10082_35_22088_22514,1324,10082,2026-08-29,22088,22514,35,0.618,1,1,18,31.07,True
1324_10082_36_22514_22182,1324,10082,2026-08-29,22514,22182,36,0.794,2,1,19,32.74,True
1324_10082_37_22182_22458,1324,10082,2026-08-29,22182,22458,37,0.626,2,3,18,30.9,True
1324_10082_38_22458_22267,1324,10082,2026-08-29,22458,22267,38,0.456,0,6,12,20.14,True
1324_10082_39_22267_22185,1324,10082,2026-08-29,22267,22185,39,0.576,3,3,12,22.05,True
1324_10082_40_22185_22645_PF3,1324,10082,2026-08-29,22185,22645_PF3,40,0.745,1,4,9,16.03,True
1324_10082_41_22645_PF3_22645_PF3,1324,10082,2026-08-29,22645_PF3,22645_PF3,41,0.0,0,9,0,5.0,True
1324_10083_1_21172_22068,1324,10083,2026-08-29,21172,22068,1,0.638,5,0,5,5.95,True
1324_10083_2_22068_21869,1324,10083,2026-08-29,22068,21869,2,0.53,7,0,12,10.57,True
1324_10083_3_21869_22585,1324,10083,2026-08-29,21869,22585,3,0.552,5,0,17,15.64,True
1324_10083_4_22585_21704,1324,10083,2026-08-29,22585,21704,4,0.914,5,1,21,23.88,True
1324_10083_5_21704_21859,1324,10083,2026-08-29,21704,21859,5,0.552,5,0,26,29.4,True
1324_10083_6_21859_21912,1324,10083,2026-08-29,21859,21912,6,0.968,8,0,34,38.44,True
1324_10083_7_21912_21801,1324,10083,2026-08-29,21912,21801,7,0.396,7,0,41,47.01,True
1324_10083_8_21801_22378,1324,10083,2026-08-29,21801,22378,8,0.267,1,3,39,41.18,True
1324_10083_9_22378_22318,1324,10083,2026-08-29,22378,22318,9,0.3,5,2,42,43.36,True
1324_10083_10_22318_22401,1324,10083,2026-08-29,22318,22401,10,0.297,4,2,44,44.73,True
1324_10083_11_22401_22596,1324,10083,2026-08-29,22401,22596,11,0.311,3,4,43,44.31,True
1324_10083_12_22596_22135,1324,10083,2026-08-29,22596,22135,12,0.588,4,3,44,45.72,True
1324_10083_13_22135_22172,1324,10083,2026-08-29,22135,22172,13,0.614,6,3,47,49.09,True
1324_10083_14_22172_21656,1324,10083,2026-08-29,22172,21656,14,0.492,5,1,51,53.92,True
1324_10083_15_21656_21976,1324,10083,2026-08-29,21656,21976,15,0.277,4,5,50,50.32,True
1324_10083_16_21976_21966,1324,10083,2026-08-29,21976,21966,16,0.205,2,3,49,47.4,True
1324_10083_17_21966_22326,1324,10083,2026-08-29,21966,22326,17,0.349,4,3,50,48.8,True
1324_10083_18_22326_35837,1324,10083,2026-08-29,22326,35837,18,0.313,3,2,51,50.07,True
1324_10083_19_35837_22383,1324,10083,2026-08-29,35837,22383,19,0.227,3,4,50,51.91,True
1324_10083_20_22383_22600,1324,10083,2026-08-29,22383,22600,20,0.504,6,4,52,55.28,True
1324_10083_21_22600_22461,1324,10083,2026-08-29,22600,22461,21,0.236,8,5,55,60.79,True
1324_10083_22_22461_21667,1324,10083,2026-08-29,22461,21667,22,0.654,5,5,55,62.96,True
1324_10083_23_21667_22540,1324,10083,2026-08-29,21667,22540,23,0.414,3,6,52,59.26,True
1324_10083_24_22540_21777,1324,10083,2026-08-29,22540,21777,24,0.61,2,1,53,59.32,True
1324_10083_25_21777_22125,1324,10083,2026-08-29,21777,22125,25,0.738,1,7,47,49.4,True
1324_10083_26_22125_22429,1324,10083,2026-08-29,22125,22429,26,0.372,5,7,45,48.56,True
1324_10083_27_22429_22187,1324,10083,2026-08-29,22429,22187,27,0.262,2,3,44,45.27,True
1324_10083_28_22187_22366,1324,10083,2026-08-29,22187,22366,28,0.675,1,6,39,39.3,True
1324_10083_29_22366_21847,1324,10083,2026-08-29,22366,21847,29,0.53,0,7,32,31.13,True
1324_10083_30_21847_22556,1324,10083,2026-08-29,21847,22556,30,0.429,3,2,33,32.6,True
1324_10083_31_22556_27778,1324,10083,2026-08-29,22556,27778,31,0.814,1,2,32,31.48,True
1324_10083_32_27778_38787,1324,10083,2026-08-29,27778,38787,32,0.159,2,4,30,30.02,True
1324_10083_33_38787_21739,1324,10083,2026-08-29,38787,21739,33,0.453,1,1,30,31.69,True
1324_10083_34_21739_22088,1324,10083,2026-08-29,21739,22088,34,0.636,1,5,26,29.6,True
1324_10083_35_22088_22514,1324,10083,2026-08-29,22088,22514,35,0.618,3,3,26,32.26,True
1324_10083_36_22514_22182,1324,10083,2026-08-29,22514,22182,36,0.794,2,6,22,27.43,True
1324_10083_37_22182_22458,1324,10083,2026-08-29,22182,22458,37,0.626,0,4,18,20.13,True
1324_10083_38_22458_22267,1324,10083,2026-08-29,22458,22267,38,0.456,0,1,17,19.18,True
1324_10083_39_22267_22185,1324,10083,2026-08-29,22267,22185,39,0.576,2,5,14,18.33,True
1324_10083_40_22185_22645_PF3,1324,10083,2026-08-29,22185,22645_PF3,40,0.745,2,5,11,16.48,True
1324_10083_41_22645_PF3_22645_PF3,1324,10083,2026-08-29,22645_PF3,22645_PF3,41,0.0,0,11,0,9.82,True
1324_10084_1_21172_22068,1324,10084,2026-08-29,21172,22068,1,0.638,4,0,4,4.92,True
1324_10084_2_22068_21869,1324,10084,2026-08-29,22068,21869,2,0.53,1,0,5,7.07,True
1324_10084_3_21869_22585,1324,10084,2026-08-29,21869,22585,3,0.552,3,0,8,11.3,True
1324_10084_4_22585_21704,1324,10084,2026-08-29,22585,21704,4,0.914,5,0,13,17.16,True
1324_10084_5_21704_21859,1324,10084,2026-08-29,21704,21859,5,0.552,5,1,17,20.86,True
1324_10084_6_21859_21912,1324,10084,2026-08-29,21859,21912,6,0.968,6,0,23,27.98,True
1324_10084_7_21912_21801,1324,10084,2026-08-29,21912,21801,7,0.396,2,0,25,29.04,True
1324_10084_8_21801_22378,1324,10084,2026-08-29,21801,22378,8,0.267,3,1,27,28.79,True
1324_10084_9_22378_22318,1324,10084,2026-08-29,22378,22318,9,0.3,1,2,26,24.98,True
1324_10084_10_22318_22401,1324,10084,2026-08-29,22318,22401,10,0.297,7,0,33,33.95,True
1324_10084_11_22401_22596,1324,10084,2026-08-29,22401,22596,11,0.311,4,1,36,38.51,True
1324_10084_12_22596_22135,1324,10084,2026-08-29,22596,22135,12,0.588,5,3,38,40.26,True
1324_10084_13_22135_22172,1324,10084,2026-08-29,22135,22172,13,0.614,5,1,42,43.05,True
1324_10084_14_22172_21656,1324,10084,2026-08-29,22172,21656,14,0.492,3,2,43,43.05,True
1324_10084_15_21656_21976,1324,10084,2026-08-29,21656,21976,15,0.277,2,3,42,40.04,True
1324_10084_16_21976_21966,1324,10084,2026-08-29,21976,21966,16,0.205,5,3,44,42.6,True
1324_10084_17_21966_22326,1324,10084,2026-08-29,21966,22326,17,0.349,7,2,49,50.53,True
1324_10084_18_22326_35837,1324,10084,2026-08-29,22326,35837,18,0.313,6,7,48,47.39,True
1324_10084_19_35837_22383,1324,10084,2026-08-29,35837,22383,19,0.227,3,3,48,47.73,True
1324_10084_20_22383_22600,1324,10084,2026-08-29,22383,22600,20,0.504,2,2,48,47.42,True
1324_10084_21_22600_22461,1324,10084,2026-08-29,22600,22461,21,0.236,3,6,45,48.25,True
1324_10084_22_22461_21667,1324,10084,2026-08-29,22461,21667,22,0.654,2,4,43,46.87,True
1324_10084_23_21667_22540,1324,10084,2026-08-29,21667,22540,23,0.414,7,3,47,53.06,True
1324_10084_24_22540_21777,1324,10084,2026-08-29,22540,21777,24,0.61,1,2,46,52.32,True
1324_10084_25_21777_22125,1324,10084,2026-08-29,21777,22125,25,0.738,2,3,45,52.8,True
1324_10084_26_22125_22429,1324,10084,2026-08-29,22125,22429,26,0.372,0,3,42,49.18,True
1324_10084_27_22429_22187,1324,10084,2026-08-29,22429,22187,27,0.262,5,4,43,51.09,True
1324_10084_28_22187_22366,1324,10084,2026-08-29,22187,22366,28,0.675,3,4,42,48.57,True
1324_10084_29_22366_21847,1324,10084,2026-08-29,22366,21847,29,0.53,2,1,43,48.64,True
1324_10084_30_21847_22556,1324,10084,2026-08-29,21847,22556,30,0.429,3,4,42,48.33,True
1324_10084_31_22556_27778,1324,10084,2026-08-29,22556,27778,31,0.814,1,3,40,46.3,True
1324_10084_32_27778_38787,1324,10084,2026-08-29,27778,38787,32,0.159,1,5,36,40.31,True
1324_10084_33_38787_21739,1324,10084,2026-08-29,38787,21739,33,0.453,5,1,40,45.48,True
1324_10084_34_21739_22088,1324,10084,2026-08-29,21739,22088,34,0.636,4,6,38,45.46,True
1324_10084_35_22088_22514,1324,10084,2026-08-29,22088,22514,35,0.618,3,9,32,44.45,True
1324_10084_36_22514_22182,1324,10084,2026-08-29,22514,22182,36,0.794,2,3,31,43.5,True
1324_10084_37_22182_22458,1324,10084,2026-08-29,22182,22458,37,0.626,2,5,28,41.93,True
1324_10084_38_22458_22267,1324,10084,2026-08-29,22458,22267,38,0.456,4,3,29,45.73,True
1324_10084_39_22267_22185,1324,10084,2026-08-29,22267,22185,39,0.576,0,5,24,37.1,True
1324_10084_40_22185_22645_PF3,1324,10084,2026-08-29,22185,22645_PF3,40,0.745,3,7,20,31.89,True
1324_10084_41_22645_PF3_22645_PF3,1324,10084,2026-08-29,22645_PF3,22645_PF3,41,0.0,0,20,0,24.1,True
1324_10085_1_21172_22068,1324,10085,2026-08-29,21172,22068,1,0.638,8,0,8,8.49,True
1324_10085_2_22068_21869,1324,10085,2026-08-29,22068,21869,2,0.53,7,0,15,16.88,True
1324_10085_3_21869_22585,1324,10085,2026-08-29,21869,22585,3,0.552,4,0,19,24.57,True
1324_10085_4_22585_21704,1324,10085,2026-08-29,22585,21704,4,0.914,6,1,24,31.04,True
1324_10085_5_21704_21859,1324,10085,2026-08-29,21704,21859,5,0.552,4,0,28,34.52,True
1324_10085_6_21859_21912,1324,10085,2026-08-29,21859,21912,6,0.968,6,2,32,37.88,True
1324_10085_7_21912_21801,1324,10085,2026-08-29,21912,21801,7,0.396,6,0,38,43.7,True
1324_10085_8_21801_22378,1324,10085,2026-08-29,21801,22378,8,0.267,4,5,37,37.94,True
1324_10085_9_22378_22318,1324,10085,2026-08-29,22378,22318,9,0.3,1,4,34,35.33,True
1324_10085_10_22318_22401,1324,10085,2026-08-29,22318,22401,10,0.297,2,2,34,34.47,True
1324_10085_11_22401_22596,1324,10085,2026-08-29,22401,22596,11,0.311,5,1,38,38.78,True
1324_10085_12_22596_22135,1324,10085,2026-08-29,22596,22135,12,0.588,0,0,38,38.78,True
1324_10085_13_22135_22172,1324,10085,2026-08-29,22135,22172,13,0.614,3,1,40,39.52,True
1324_10085_14_22172_21656,1324,10085,2026-08-29,22172,21656,14,0.492,4,1,43,40.88,True
1324_10085_15_21656_21976,1324,10085,2026-08-29,21656,21976,15,0.277,5,4,44,40.82,True
1324_10085_16_21976_21966,1324,10085,2026-08-29,21976,21966,16,0.205,4,3,45,42.15,True
1324_10085_17_21966_22326,1324,10085,2026-08-29,21966,22326,17,0.349,1,3,43,40.0,True
1324_10085_18_22326_35837,1324,10085,2026-08-29,22326,35837,18,0.313,3,4,42,39.56,True
1324_10085_19_35837_22383,1324,10085,2026-08-29,35837,22383,19,0.227,4,3,43,40.45,True
1324_10085_20_22383_22600,1324,10085,2026-08-29,22383,22600,20,0.504,1,2,42,39.95,True
1324_10085_21_22600_22461,1324,10085,2026-08-29,22600,22461,21,0.236,2,3,41,40.3,True
1324_10085_22_22461_21667,1324,10085,2026-08-29,22461,21667,22,0.654,3,3,41,41.33,True
1324_10085_23_21667_22540,1324,10085,2026-08-29,21667,22540,23,0.414,2,1,42,40.39,True
1324_10085_24_22540_21777,1324,10085,2026-08-29,22540,21777,24,0.61,2,7,37,34.45,True
1324_10085_25_21777_22125,1324,10085,2026-08-29,21777,22125,25,0.738,1,7,31,30.97,True
1324_10085_26_22125_22429,1324,10085,2026-08-29,22125,22429,26,0.372,3,4,30,26.94,True
1324_10085_27_22429_22187,1324,10085,2026-08-29,22429,22187,27,0.262,1,4,27,22.66,True
1324_10085_28_22187_22366,1324,10085,2026-08-29,22187,22366,28,0.675,2,2,27,22.12,True
1324_10085_29_22366_21847,1324,10085,2026-08-29,22366,21847,29,0.53,2,2,27,23.55,True
1324_10085_30_21847_22556,1324,10085,2026-08-29,21847,22556,30,0.429,0,2,25,22.19,True
1324_10085_31_22556_27778,1324,10085,2026-08-29,22556,27778,31,0.814,2,3,24,25.42,True
1324_10085_32_27778_38787,1324,10085,2026-08-29,27778,38787,32,0.159,1,2,23,25.87,True
1324_10085_33_38787_21739,1324,10085,2026-08-29,38787,21739,33,0.453,1,2,22,24.65,True
1324_10085_34_21739_22088,1324,10085,2026-08-29,21739,22088,34,0.636,2,2,22,23.8,True
1324_10085_35_22088_22514,1324,10085,2026-08-29,22088,22514,35,0.618,2,2,22,25.98,True
1324_10085_36_22514_22182,1324,10085,2026-08-29,22514,22182,36,0.794,2,5,19,22.05,True
1324_10085_37_22182_22458,1324,10085,2026-08-29,22182,22458,37,0.626,1,6,14,18.99,True
1324_10085_38_22458_22267,1324,10085,2026-08-29,22458,22267,38,0.456,2,1,15,21.91,True
1324_10085_39_22267_22185,1324,10085,2026-08-29,22267,22185,39,0.576,1,1,15,24.41,True
1324_10085_40_22185_22645_PF3,1324,10085,2026-08-29,22185,22645_PF3,40,0.745,5,2,18,29.91,True
1324_10085_41_22645_PF3_22645_PF3,1324,10085,2026-08-29,22645_PF3,22645_PF3,41,0.0,0,18,0,16.37,True
1324_10086_1_21172_22068,1324,10086,2026-08-29,21172,22068,1,0.638,9,0,9,11.81,True
1324_10086_2_22068_21869,1324,10086,2026-08-29,22068,21869,2,0.53,3,0,12,18.48,True
1324_10086_3_21869_22585,1324,10086,2026-08-29,21869,22585,3,0.552,5,1,16,23.89,True
1324_10086_4_22585_21704,1324,10086,2026-08-29,22585,21704,4,0.914,6,1,21,29.23,True
1324_10086_5_21704_21859,1324,10086,2026-08-29,21704,21859,5,0.552,4,0,25,35.89,True
1324_10086_6_21859_21912,1324,10086,2026-08-29,21859,21912,6,0.968,1,3,23,29.3,True
1324_10086_7_21912_21801,1324,10086,2026-08-29,21912,21801,7,0.396,1,0,24,30.97,True
1324_10086_8_21801_22378,1324,10086,2026-08-29,21801,22378,8,0.267,2,2,24,28.11,True
1324_10086_9_22378_22318,1324,10086,2026-08-29,22378,22318,9,0.3,5,1,28,31.19,True
1324_10086_10_22318_22401,1324,10086,2026-08-29,22318,22401,10,0.297,4,2,30,32.05,True
1324_10086_11_22401_22596,1324,10086,2026-08-29,22401,22596,11,0.311,1,2,29,30.08,True
1324_10086_12_22596_22135,1324,10086,2026-08-29,22596,22135,12,0.588,2,0,31,31.08,True
1324_10086_13_22135_22172,1324,10086,2026-08-29,22135,22172,13,0.614,1,2,30,28.8,True
1324_10086_14_22172_21656,1324,10086,2026-08-29,22172,21656,14,0.492,3,1,32,29.69,True
1324_10086_15_21656_21976,1324,10086,2026-08-29,21656,21976,15,0.277,2,9,25,21.14,True
1324_10086_16_21976_21966,1324,10086,2026-08-29,21976,21966,16,0.205,7,2,30,27.92,True
1324_10086_17_21966_22326,1324,10086,2026-08-29,21966,22326,17,0.349,2,0,32,29.59,True
1324_10086_18_22326_35837,1324,10086,2026-08-29,22326,35837,18,0.313,0,3,29,25.93,True
1324_10086_19_35837_22383,1324,10086,2026-08-29,35837,22383,19,0.227,3,2,30,27.52,True
1324_10086_20_22383_22600,1324,10086,2026-08-29,22383,22600,20,0.504,5,1,34,33.33,True
1324_10086_21_22600_22461,1324,10086,2026-08-29,22600,22461,21,0.236,2,1,35,34.63,True
1324_10086_22_22461_21667,1324,10086,2026-08-29,22461,21667,22,0.654,4,2,37,38.81,True
1324_10086_23_21667_22540,1324,10086,2026-08-29,21667,22540,23,0.414,2,2,37,38.92,True
1324_10086_24_22540_21777,1324,10086,2026-08-29,22540,21777,24,0.61,2,4,35,36.99,True
1324_10086_25_21777_22125,1324,10086,2026-08-29,21777,22125,25,0.738,2,5,32,34.15,True
1324_10086_26_22125_22429,1324,10086,2026-08-29,22125,22429,26,0.372,4,2,34,37.58,True
1324_10086_27_22429_22187,1324,10086,2026-08-29,22429,22187,27,0.262,2,2,34,37.67,True
1324_10086_28_22187_22366,1324,10086,2026-08-29,22187,22366,28,0.675,1,1,34,38.26,True
1324_10086_29_22366_21847,1324,10086,2026-08-29,22366,21847,29,0.53,2,3,33,37.27,True
1324_10086_30_21847_22556,1324,10086,2026-08-29,21847,22556,30,0.429,0,3,30,34.21,True
1324_10086_31_22556_27778,1324,10086,2026-08-29,22556,27778,31,0.814,1,5,26,30.45,True
1324_10086_32_27778_38787,1324,10086,2026-08-29,27778,38787,32,0.159,1,1,26,30.07,True
1324_10086_33_38787_21739,1324,10086,2026-08-29,38787,21739,33,0.453,1,2,25,29.64,True
1324_10086_34_21739_22088,1324,10086,2026-08-29,21739,22088,34,0.636,3,3,25,31.1,True
1324_10086_35_22088_22514,1324,10086,2026-08-29,22088,22514,35,0.618,1,4,22,27.31,True
1324_10086_36_22514_22182,1324,10086,2026-08-29,22514,22182,36,0.794,1,2,21,26.69,True
1324_10086_37_22182_22458,1324,10086,2026-08-29,22182,22458,37,0.626,0,0,21,26.69,True
1324_10086_38_22458_22267,1324,10086,2026-08-29,22458,22267,38,0.456,4,4,21,33.31,True
1324_10086_39_22267_22185,1324,10086,2026-08-29,22267,22185,39,0.576,1,6,16,21.44,True
1324_10086_40_22185_22645_PF3,1324,10086,2026-08-29,22185,22645_PF3,40,0.745,2,6,12,19.66,True
1324_10086_41_22645_PF3_22645_PF3,1324,10086,2026-08-29,22645_PF3,22645_PF3,41,0.0,0,12,0,7.12,True
1324_10087_1_21172_22068,1324,10087,2026-08-29,21172,22068,1,0.638,7,0,7,10.9,True
1324_10087_2_22068_21869,1324,10087,2026-08-29,22068,21869,2,0.53,4,0,11,18.44,True
1324_10087_3_21869_22585,1324,10087,2026-08-29,21869,22585,3,0.552,2,0,13,21.77,True
1324_10087_4_22585_21704,1324,10087,2026-08-29,22585,21704,4,0.914,1,1,13,21.77,True
1324_10087_5_21704_21859,1324,10087,2026-08-29,21704,21859,5,0.552,5,1,17,24.56,True
1324_10087_6_21859_21912,1324,10087,2026-08-29,21859,21912,6,0.968,3,5,15,16.76,True
1324_10087_7_21912_21801,1324,10087,2026-08-29,21912,21801,7,0.396,1,0,16,17.84,True
1324_10087_8_21801_22378,1324,10087,2026-08-29,21801,22378,8,0.267,3,2,17,18.28,True
1324_10087_9_22378_22318,1324,10087,2026-08-29,22378,22318,9,0.3,4,0,21,22.49,True
1324_10087_10_22318_22401,1324,10087,2026-08-29,22318,22401,10,0.297,4,2,23,24.37,True
1324_10087_11_22401_22596,1324,10087,2026-08-29,22401,22596,11,0.311,2,3,22,21.74,True
1324_10087_12_22596_22135,1324,10087,2026-08-29,22596,22135,12,0.588,4,1,25,25.43,True
1324_10087_13_22135_22172,1324,10087,2026-08-29,22135,22172,13,0.614,3,1,27,27.46,True
1324_10087_14_22172_21656,1324,10087,2026-08-29,22172,21656,14,0.492,3,0,30,30.03,True
1324_10087_15_21656_21976,1324,10087,2026-08-29,21656,21976,15,0.277,5,1,34,31.6,True
1324_10087_16_21976_21966,1324,10087,2026-08-29,21976,21966,16,0.205,1,0,35,32.37,True
1324_10087_17_21966_22326,1324,10087,2026-08-29,21966,22326,17,0.349,3,6,32,30.01,True
1324_10087_18_22326_35837,1324,10087,2026-08-29,22326,35837,18,0.313,2,2,32,29.54,True
1324_10087_19_35837_22383,1324,10087,2026-08-29,35837,22383,19,0.227,2,0,34,30.49,True
1324_10087_20_22383_22600,1324,10087,2026-08-29,22383,22600,20,0.504,4,2,36,35.63,True
1324_10087_21_22600_22461,1324,10087,2026-08-29,22600,22461,21,0.236,4,4,36,33.96,True
1324_10087_22_22461_21667,1324,10087,2026-08-29,22461,21667,22,0.654,3,4,35,32.75,True
1324_10087_23_21667_22540,1324,10087,2026-08-29,21667,22540,23,0.414,5,5,35,36.4,True
1324_10087_24_22540_21777,1324,10087,2026-08-29,22540,21777,24,0.61,4,4,35,37.82,True
1324_10087_25_21777_22125,1324,10087,2026-08-29,21777,22125,25,0.738,1,2,34,35.48,True
1324_10087_26_22125_22429,1324,10087,2026-08-29,22125,22429,26,0.372,3,4,33,34.01,True
1324_10087_27_22429_22187,1324,10087,2026-08-29,22429,22187,27,0.262,3,1,35,39.17,True
1324_10087_28_22187_22366,1324,10087,2026-08-29,22187,22366,28,0.675,2,1,36,40.88,True
1324_10087_29_22366_21847,1324,10087,2026-08-29,22366,21847,29,0.53,2,3,35,38.86,True
1324_10087_30_21847_22556,1324,10087,2026-08-29,21847,22556,30,0.429,4,3,36,43.0,True
1324_10087_31_22556_27778,1324,10087,2026-08-29,22556,27778,31,0.814,1,1,36,44.0,True
1324_10087_32_27778_38787,1324,10087,2026-08-29,27778,38787,32,0.159,3,2,37,45.5,True
1324_10087_33_38787_21739,1324,10087,2026-08-29,38787,21739,33,0.453,1,4,34,41.5,True
1324_10087_34_21739_22088,1324,10087,2026-08-29,21739,22088,34,0.636,2,7,29,38.55,True
1324_10087_35_22088_22514,1324,10087,2026-08-29,22088,22514,35,0.618,1,7,23,30.58,True
1324_10087_36_22514_22182,1324,10087,2026-08-29,22514,22182,36,0.794,0,4,19,24.29,True
1324_10087_37_22182_22458,1324,10087,2026-08-29,22182,22458,37,0.626,1,4,16,21.52,True
1324_10087_38_22458_22267,1324,10087,2026-08-29,22458,22267,38,0.456,2,3,15,20.37,True
1324_10087_39_22267_22185,1324,10087,2026-08-29,22267,22185,39,0.576,0,4,11,14.64,True
1324_10087_40_22185_22645_PF3,1324,10087,2026-08-29,22185,22645_PF3,40,0.745,2,1,12,17.14,True
1324_10087_41_22645_PF3_22645_PF3,1324,10087,2026-08-29,22645_PF3,22645_PF3,41,0.0,0,12,0,8.11,True
1324_10088_1_21172_22068,1324,10088,2026-08-29,21172,22068,1,0.638,5,0,5,5.05,True
1324_10088_2_22068_21869,1324,10088,2026-08-29,22068,21869,2,0.53,5,0,10,11.04,True
1324_10088_3_21869_22585,1324,10088,2026-08-29,21869,22585,3,0.552,7,0,17,20.74,True
1324_10088_4_22585_21704,1324,10088,2026-08-29,22585,21704,4,0.914,3,0,20,24.95,True
1324_10088_5_21704_21859,1324,10088,2026-08-29,21704,21859,5,0.552,4,0,24,30.13,True
1324_10088_6_21859_21912,1324,10088,2026-08-29,21859,21912,6,0.968,8,0,32,38.1,True
1324_10088_7_21912_21801,1324,10088,2026-08-29,21912,21801,7,0.396,7,1,38,45.63,True
1324_10088_8_21801_22378,1324,10088,2026-08-29,21801,22378,8,0.267,6,1,43,50.62,True
1324_10088_9_22378_22318,1324,10088,2026-08-29,22378,22318,9,0.3,2,0,45,52.85,True
1324_10088_10_22318_22401,1324,10088,2026-08-29,22318,22401,10,0.297,4,0,49,56.23,True
1324_10088_11_22401_22596,1324,10088,2026-08-29,22401,22596,11,0.311,3,2,50,56.37,True
1324_10088_12_22596_22135,1324,10088,2026-08-29,22596,22135,12,0.588,1,3,48,51.61,True
1324_10088_13_22135_22172,1324,10088,2026-08-29,22135,22172,13,0.614,1,6,43,43.38,True
1324_10088_14_22172_21656,1324,10088,2026-08-29,22172,21656,14,0.492,6,5,44,42.96,True
1324_10088_15_21656_21976,1324,10088,2026-08-29,21656,21976,15,0.277,1,4,41,38.11,True
1324_10088_16_21976_21966,1324,10088,2026-08-29,21976,21966,16,0.205,2,0,43,39.94,True
1324_10088_17_21966_22326,1324,10088,2026-08-29,21966,22326,17,0.349,2,2,43,39.18,True
1324_10088_18_22326_35837,1324,10088,2026-08-29,22326,35837,18,0.313,4,5,42,37.04,True
1324_10088_19_35837_22383,1324,10088,2026-08-29,35837,22383,19,0.227,5,3,44,41.81,True
1324_10088_20_22383_22600,1324,10088,2026-08-29,22383,22600,20,0.504,2,5,41,40.52,True
1324_10088_21_22600_22461,1324,10088,2026-08-29,22600,22461,21,0.236,5,4,42,43.85,True
1324_10088_22_22461_21667,1324,10088,2026-08-29,22461,21667,22,0.654,2,2,42,44.27,True
1324_10088_23_21667_22540,1324,10088,2026-08-29,21667,22540,23,0.414,2,2,42,43.27,True
1324_10088_24_22540_21777,1324,10088,2026-08-29,22540,21777,24,0.61,2,6,38,37.68,True
1324_10088_25_21777_22125,1324,10088,2026-08-29,21777,22125,25,0.738,3,0,41,41.48,True
1324_10088_26_22125_22429,1324,10088,2026-08-29,22125,22429,26,0.372,7,1,47,49.89,True
1324_10088_27_22429_22187,1324,10088,2026-08-29,22429,22187,27,0.262,3,5,45,49.02,True
1324_10088_28_22187_22366,1324,10088,2026-08-29,22187,22366,28,0.675,1,3,43,46.55,True
1324_10088_29_22366_21847,1324,10088,2026-08-29,22366,21847,29,0.53,5,2,46,53.04,True
1324_10088_30_21847_22556,1324,10088,2026-08-29,21847,22556,30,0.429,3,6,43,51.87,True
1324_10088_31_22556_27778,1324,10088,2026-08-29,22556,27778,31,0.814,2,3,42,51.39,True
1324_10088_32_27778_38787,1324,10088,2026-08-29,27778,38787,32,0.159,4,7,39,46.33,True
1324_10088_33_38787_21739,1324,10088,2026-08-29,38787,21739,33,0.453,2,2,39,47.22,True
1324_10088_34_21739_22088,1324,10088,2026-08-29,21739,22088,34,0.636,2,5,36,44.94,True
1324_10088_35_22088_22514,1324,10088,2026-08-29,22088,22514,35,0.618,0,2,34,40.78,True
1324_10088_36_22514_22182,1324,10088,2026-08-29,22514,22182,36,0.794,0,8,26,31.77,True
1324_10088_37_22182_22458,1324,10088,2026-08-29,22182,22458,37,0.626,3,5,24,28.81,True
1324_10088_38_22458_22267,1324,10088,2026-08-29,22458,22267,38,0.456,2,5,21,25.43,True
1324_10088_39_22267_22185,1324,10088,2026-08-29,22267,22185,39,0.576,2,3,20,25.09,True
1324_10088_40_22185_22645_PF3,1324,10088,2026-08-29,22185,22645_PF3,40,0.745,0,8,12,15.62,True
1324_10088_41_22645_PF3_22645_PF3,1324,10088,2026-08-29,22645_PF3,22645_PF3,41,0.0,0,12,0,4.46,True
1324_10089_1_21172_22068,1324,10089,2026-08-29,21172,22068,1,0.638,5,0,5,8.32,True
1324_10089_2_22068_21869,1324,10089,2026-08-29,22068,21869,2,0.53,2,0,7,10.04,True
1324_10089_3_21869_22585,1324,10089,2026-08-29,21869,22585,3,0.552,4,1,10,15.59,True
1324_10089_4_22585_21704,1324,10089,2026-08-29,22585,21704,4,0.914,4,0,14,20.79,True
1324_10089_5_21704_21859,1324,10089,2026-08-29,21704,21859,5,0.552,9,0,23,32.31,True
1324_10089_6_21859_21912,1324,10089,2026-08-29,21859,21912,6,0.968,1,1,23,30.64,True
1324_10089_7_21912_21801,1324,10089,2026-08-29,21912,21801,7,0.396,5,0,28,35.92,True
1324_10089_8_21801_22378,1324,10089,2026-08-29,21801,22378,8,0.267,10,0,38,47.76,True
1324_10089_9_22378_22318,1324,10089,2026-08-29,22378,22318,9,0.3,3,3,38,45.68,True
1324_10089_10_22318_22401,1324,10089,2026-08-29,22318,22401,10,0.297,3,1,40,45.68,True
1324_10089_11_22401_22596,1324,10089,2026-08-29,22401,22596,11,0.311,1,2,39,43.68,True
1324_10089_12_22596_22135,1324,10089,2026-08-29,22596,22135,12,0.588,2,2,39,43.87,True
1324_10089_13_22135_22172,1324,10089,2026-08-29,22135,22172,13,0.614,1,3,37,40.96,True
1324_10089_14_22172_21656,1324,10089,2026-08-29,22172,21656,14,0.492,3,4,36,37.35,True
1324_10089_15_21656_21976,1324,10089,2026-08-29,21656,21976,15,0.277,5,1,40,40.99,True
1324_10089_16_21976_21966,1324,10089,2026-08-29,21976,21966,16,0.205,0,2,38,38.36,True
1324_10089_17_21966_22326,1324,10089,2026-08-29,21966,22326,17,0.349,2,2,38,37.42,True
1324_10089_18_22326_35837,1324,10089,2026-08-29,22326,35837,18,0.313,3,2,39,38.61,True
1324_10089_19_35837_22383,1324,10089,2026-08-29,35837,22383,19,0.227,2,2,39,39.02,True
1324_10089_20_22383_22600,1324,10089,2026-08-29,22383,22600,20,0.504,2,6,35,36.58,True
1324_10089_21_22600_22461,1324,10089,2026-08-29,22600,22461,21,0.236,2,4,33,35.0,True
1324_10089_22_22461_21667,1324,10089,2026-08-29,22461,21667,22,0.654,2,1,34,36.7,True
1324_10089_23_21667_22540,1324,10089,2026-08-29,21667,22540,23,0.414,0,1,33,35.63,True
1324_10089_24_22540_21777,1324,10089,2026-08-29,22540,21777,24,0.61,2,2,33,35.87,True
1324_10089_25_21777_22125,1324,10089,2026-08-29,21777,22125,25,0.738,2,2,33,34.62,True
1324_10089_26_22125_22429,1324,10089,2026-08-29,22125,22429,26,0.372,1,3,31,34.56,True
1324_10089_27_22429_22187,1324,10089,2026-08-29,22429,22187,27,0.262,2,1,32,36.29,True
1324_10089_28_22187_22366,1324,10089,2026-08-29,22187,22366,28,0.675,2,5,29,34.23,True
1324_10089_29_22366_21847,1324,10089,2026-08-29,22366,21847,29,0.53,2,1,30,35.87,True
1324_10089_30_21847_22556,1324,10089,2026-08-29,21847,22556,30,0.429,2,3,29,34.06,True
1324_10089_31_22556_27778,1324,10089,2026-08-29,22556,27778,31,0.814,2,1,30,33.72,True
1324_10089_32_27778_38787,1324,10089,2026-08-29,27778,38787,32,0.159,3,4,29,33.7,True
1324_10089_33_38787_21739,1324,10089,2026-08-29,38787,21739,33,0.453,1,3,27,30.98,True
1324_10089_34_21739_22088,1324,10089,2026-08-29,21739,22088,34,0.636,1,8,20,24.06,True
1324_10089_35_22088_22514,1324,10089,2026-08-29,22088,22514,35,0.618,1,1,20,24.36,True
1324_10089_36_22514_22182,1324,10089,2026-08-29,22514,22182,36,0.794,2,0,22,28.86,True
1324_10089_37_22182_22458,1324,10089,2026-08-29,22182,22458,37,0.626,3,3,22,30.32,True
1324_10089_38_22458_22267,1324,10089,2026-08-29,22458,22267,38,0.456,2,3,21,28.85,True
1324_10089_39_22267_22185,1324,10089,2026-08-29,22267,22185,39,0.576,0,5,16,20.75,True
1324_10089_40_22185_22645_PF3,1324,10089,2026-08-29,22185,22645_PF3,40,0.745,2,5,13,18.24,True
1324_10089_41_22645_PF3_22645_PF3,1324,10089,2026-08-29,22645_PF3,22645_PF3,41,0.0,0,13,0,9.76,True
999_1009_1_21172_PF10_20857,999,1009,2026-08-29,21172_PF10,20857,1,0.601,3,0,3,4.49,True
999_1009_2_20857_21520,999,1009,2026-08-29,20857,21520,2,0.787,8,0,11,15.19,True
999_1009_3_21520_21574,999,1009,2026-08-29,21520,21574,3,0.502,6,0,17,20.94,True
999_1009_4_21574_21193,999,1009,2026-08-29,21574,21193,4,0.419,7,0,24,27.9,True
999_1009_5_21193_23674,999,1009,2026-08-29,21193,23674,5,0.796,11,1,34,39.3,True
999_1009_6_23674_20927,999,1009,2026-08-29,23674,20927,6,0.776,6,1,39,44.75,True
999_1009_7_20927_21166_PF1,999,1009,2026-08-29,20927,21166_PF1,7,0.356,3,1,41,47.44,True
999_1009_8_21166_PF1_23825,999,1009,2026-08-29,21166_PF1,23825,8,0.365,5,3,43,49.86,True
999_1009_9_23825_21565,999,1009,2026-08-29,23825,21565,9,0.4,4,3,44,48.92,True
999_1009_10_21565_21603,999,1009,2026-08-29,21565,21603,10,0.383,4,1,47,53.39,True
999_1009_11_21603_21458,999,1009,2026-08-29,21603,21458,11,0.504,2,4,45,50.33,True
999_1009_12_21458_21593,999,1009,2026-08-29,21458,21593,12,0.493,5,4,46,49.97,True
999_1009_13_21593_21447,999,1009,2026-08-29,21593,21447,13,0.605,3,1,48,52.55,True
999_1009_14_21447_21544_PF1,999,1009,2026-08-29,21447,21544_PF1,14,0.561,5,4,49,57.59,True
999_1009_15_21544_PF1_21543,999,1009,2026-08-29,21544_PF1,21543,15,0.634,2,5,46,56.23,True
999_1009_16_21543_21445,999,1009,2026-08-29,21543,21445,16,0.199,3,3,46,56.9,True
999_1009_17_21445_21449,999,1009,2026-08-29,21445,21449,17,0.356,1,5,42,50.92,True
999_1009_18_21449_21148,999,1009,2026-08-29,21449,21148,18,0.38,1,8,35,39.54,True
999_1009_19_21148_20623_PF5,999,1009,2026-08-29,21148,20623_PF5,19,0.637,6,6,35,39.71,True
999_1009_20_20623_PF5_21713,999,1009,2026-08-29,20623_PF5,21713,20,0.378,3,8,30,34.15,True
999_1009_21_21713_22295,999,1009,2026-08-29,21713,22295,21,0.345,1,4,27,30.6,True
999_1009_22_22295_35150,999,1009,2026-08-29,22295,35150,22,0.265,2,3,26,30.29,True
999_1009_23_35150_22631,999,1009,2026-08-29,35150,22631,23,0.366,2,3,25,31.89,True
999_1009_24_22631_20897,999,1009,2026-08-29,22631,20897,24,0.384,1,2,24,30.69,True
999_1009_25_20897_21874,999,1009,2026-08-29,20897,21874,25,0.5,1,8,17,23.67,True
999_1009_26_21874_22213,999,1009,2026-08-29,21874,22213,26,0.555,1,4,14,22.99,True
999_1009_27_22213_22211,999,1009,2026-08-29,22213,22211,27,0.269,2,6,10,16.81,True
1324_10090_1_21172_22068,1324,10090,2026-08-29,21172,22068,1,0.638,1,0,1,1.5,True
1324_10090_2_22068_21869,1324,10090,2026-08-29,22068,21869,2,0.53,3,0,4,5.67,True
1324_10090_3_21869_22585,1324,10090,2026-08-29,21869,22585,3,0.552,5,0,9,8.98,True
1324_10090_4_22585_21704,1324,10090,2026-08-29,22585,21704,4,0.914,3,0,12,13.36,True
1324_10090_5_21704_21859,1324,10090,2026-08-29,21704,21859,5,0.552,3,0,15,16.91,True
1324_10090_6_21859_21912,1324,10090,2026-08-29,21859,21912,6,0.968,7,2,20,21.51,True
1324_10090_7_21912_21801,1324,10090,2026-08-29,21912,21801,7,0.396,2,0,22,23.62,True
1324_10090_8_21801_22378,1324,10090,2026-08-29,21801,22378,8,0.267,3,1,24,25.7,True
1324_10090_9_22378_22318,1324,10090,2026-08-29,22378,22318,9,0.3,6,1,29,32.38,True
1324_10090_10_22318_22401,1324,10090,2026-08-29,22318,22401,10,0.297,3,0,32,37.3,True
1324_10090_11_22401_22596,1324,10090,2026-08-29,22401,22596,11,0.311,1,2,31,35.29,True
1324_10090_12_22596_22135,1324,10090,2026-08-29,22596,22135,12,0.588,1,2,30,32.41,True
1324_10090_13_22135_22172,1324,10090,2026-08-29,22135,22172,13,0.614,5,2,33,33.8,True
1324_10090_14_22172_21656,1324,10090,2026-08-29,22172,21656,14,0.492,5,2,36,38.17,True
1324_10090_15_21656_21976,1324,10090,2026-08-29,21656,21976,15,0.277,1,5,32,30.92,True
1324_10090_16_21976_21966,1324,10090,2026-08-29,21976,21966,16,0.205,3,1,34,32.87,True
1324_10090_17_21966_22326,1324,10090,2026-08-29,21966,22326,17,0.349,1,2,33,31.59,True
1324_10090_18_22326_35837,1324,10090,2026-08-29,22326,35837,18,0.313,1,2,32,30.34,True
1324_10090_19_35837_22383,1324,10090,2026-08-29,35837,22383,19,0.227,5,2,35,32.71,True
1324_10090_20_22383_22600,1324,10090,2026-08-29,22383,22600,20,0.504,2,0,37,35.09,True
1324_10090_21_22600_22461,1324,10090,2026-08-29,22600,22461,21,0.236,1,2,36,35.09,True
1324_10090_22_22461_21667,1324,10090,2026-08-29,22461,21667,22,0.654,2,5,33,31.61,True
1324_10090_23_21667_22540,1324,10090,2026-08-29,21667,22540,23,0.414,4,2,35,34.71,True
1324_10090_24_22540_21777,1324,10090,2026-08-29,22540,21777,24,0.61,3,2,36,36.64,True
1324_10090_25_21777_22125,1324,10090,2026-08-29,21777,22125,25,0.738,2,3,35,36.74,True
1324_10090_26_22125_22429,1324,10090,2026-08-29,22125,22429,26,0.372,3,2,36,37.2,True
1324_10090_27_22429_22187,1324,10090,2026-08-29,22429,22187,27,0.262,3,2,37,39.35,True
1324_10090_28_22187_22366,1324,10090,2026-08-29,22187,22366,28,0.675,4,3,38,43.19,True
1324_10090_29_22366_21847,1324,10090,2026-08-29,22366,21847,29,0.53,1,0,39,44.69,True
1324_10090_30_21847_22556,1324,10090,2026-08-29,21847,22556,30,0.429,1,4,36,43.02,True
1324_10090_31_22556_27778,1324,10090,2026-08-29,22556,27778,31,0.814,2,4,34,41.91,True
1324_10090_32_27778_38787,1324,10090,2026-08-29,27778,38787,32,0.159,1,2,33,40.07,True
1324_10090_33_38787_21739,1324,10090,2026-08-29,38787,21739,33,0.453,1,2,32,37.26,True
1324_10090_34_21739_22088,1324,10090,2026-08-29,21739,22088,34,0.636,2,1,33,40.81,True
1324_10090_35_22088_22514,1324,10090,2026-08-29,22088,22514,35,0.618,2,2,33,42.86,True
1324_10090_36_22514_22182,1324,10090,2026-08-29,22514,22182,36,0.794,0,6,27,35.33,True
1324_10090_37_22182_22458,1324,10090,2026-08-29,22182,22458,37,0.626,0,5,22,28.76,True
1324_10090_38_22458_22267,1324,10090,2026-08-29,22458,22267,38,0.456,1,6,17,25.08,True
1324_10090_39_22267_22185,1324,10090,2026-08-29,22267,22185,39,0.576,0,6,11,12.73,True
1324_10090_40_22185_22645_PF3,1324,10090,2026-08-29,22185,22645_PF3,40,0.745,1,5,7,10.08,True
1324_10090_41_22645_PF3_22645_PF3,1324,10090,2026-08-29,22645_PF3,22645_PF3,41,0.0,0,7,0,3.79,True
1324_10091_1_21172_22068,1324,10091,2026-08-29,21172,22068,1,0.638,9,0,9,7.19,True
1324_10091_2_22068_21869,1324,10091,2026-08-29,22068,21869,2,0.53,5,0,14,14.66,True
1324_10091_3_21869_22585,1324,10091,2026-08-29,21869,22585,3,0.552,3,0,17,18.28,True
1324_10091_4_22585_21704,1324,10091,2026-08-29,22585,21704,4,0.914,5,0,22,24.39,True
1324_10091_5_21704_21859,1324,10091,2026-08-29,21704,21859,5,0.552,8,1,29,31.68,True
1324_10091_6_21859_21912,1324,10091,2026-08-29,21859,21912,6,0.968,9,1,37,41.99,True
1324_10091_7_21912_21801,1324,10091,2026-08-29,21912,21801,7,0.396,7,0,44,48.33,True
1324_10091_8_21801_22378,1324,10091,2026-08-29,21801,22378,8,0.267,3,2,45,47.64,True
1324_10091_9_22378_22318,1324,10091,2026-08-29,22378,22318,9,0.3,5,4,46,48.99,True
1324_10091_10_22318_22401,1324,10091,2026-08-29,22318,22401,10,0.297,3,1,48,51.14,True
1324_10091_11_22401_22596,1324,10091,2026-08-29,22401,22596,11,0.311,4,2,50,51.95,True
1324_10091_12_22596_22135,1324,10091,2026-08-29,22596,22135,12,0.588,3,5,48,51.2,True
1324_10091_13_22135_22172,1324,10091,2026-08-29,22135,22172,13,0.614,2,2,48,50.28,True
1324_10091_14_22172_21656,1324,10091,2026-08-29,22172,21656,14,0.492,3,4,47,48.9,True
1324_10091_15_21656_21976,1324,10091,2026-08-29,21656,21976,15,0.277,2,5,44,43.47,True
1324_10091_16_21976_21966,1324,10091,2026-08-29,21976,21966,16,0.205,2,0,46,45.32,True
1324_10091_17_21966_22326,1324,10091,2026-08-29,21966,22326,17,0.349,4,2,48,46.16,True
1324_10091_18_22326_35837,1324,10091,2026-08-29,22326,35837,18,0.313,1,3,46,43.89,True
1324_10091_19_35837_22383,1324,10091,2026-08-29,35837,22383,19,0.227,3,4,45,43.32,True
1324_10091_20_22383_22600,1324,10091,2026-08-29,22383,22600,20,0.504,1,2,44,42.05,True
1324_10091_21_22600_22461,1324,10091,2026-08-29,22600,22461,21,0.236,0,4,40,38.44,True
1324_10091_22_22461_21667,1324,10091,2026-08-29,22461,21667,22,0.654,2,5,37,35.69,True
1324_10091_23_21667_22540,1324,10091,2026-08-29,21667,22540,23,0.414,2,3,36,35.94,True
1324_10091_24_22540_21777,1324,10091,2026-08-29,22540,21777,24,0.61,4,2,38,38.52,True
1324_10091_25_21777_22125,1324,10091,2026-08-29,21777,22125,25,0.738,4,6,36,37.24,True
1324_10091_26_22125_22429,1324,10091,2026-08-29,22125,22429,26,0.372,3,5,34,35.22,True
1324_10091_27_22429_22187,1324,10091,2026-08-29,22429,22187,27,0.262,3,0,37,38.39,True
1324_10091_28_22187_22366,1324,10091,2026-08-29,22187,22366,28,0.675,3,5,35,37.65,True
1324_10091_29_22366_21847,1324,10091,2026-08-29,22366,21847,29,0.53,3,5,33,36.92,True
1324_10091_30_21847_22556,1324,10091,2026-08-29,21847,22556,30,0.429,2,3,32,36.67,True
1324_10091_31_22556_27778,1324,10091,2026-08-29,22556,27778,31,0.814,0,4,28,31.68,True
1324_10091_32_27778_38787,1324,10091,2026-08-29,27778,38787,32,0.159,4,2,30,34.97,True
1324_10091_33_38787_21739,1324,10091,2026-08-29,38787,21739,33,0.453,1,6,25,28.69,True
1324_10091_34_21739_22088,1324,10091,2026-08-29,21739,22088,34,0.636,3,0,28,33.06,True
1324_10091_35_22088_22514,1324,10091,2026-08-29,22088,22514,35,0.618,3,5,26,33.72,True
1324_10091_36_22514_22182,1324,10091,2026-08-29,22514,22182,36,0.794,1,1,26,34.7,True
1324_10091_37_22182_22458,1324,10091,2026-08-29,22182,22458,37,0.626,3,1,28,40.62,True
1324_10091_38_22458_22267,1324,10091,2026-08-29,22458,22267,38,0.456,0,8,20,27.5,True
1324_10091_39_22267_22185,1324,10091,2026-08-29,22267,22185,39,0.576,1,6,15,19.96,True
1324_10091_40_22185_22645_PF3,1324,10091,2026-08-29,22185,22645_PF3,40,0.745,0,5,10,12.97,True
1324_10091_41_22645_PF3_22645_PF3,1324,10091,2026-08-29,22645_PF3,22645_PF3,41,0.0,0,10,0,9.64,True
1324_10092_1_21172_22068,1324,10092,2026-08-29,21172,22068,1,0.638,4,0,4,4.62,True
1324_10092_2_22068_21869,1324,10092,2026-08-29,22068,21869,2,0.53,3,0,7,9.08,True
1324_10092_3_21869_22585,1324,10092,2026-08-29,21869,22585,3,0.552,5,0,12,17.11,True
1324_10092_4_22585_21704,1324,10092,2026-08-29,22585,21704,4,0.914,3,0,15,22.29,True
1324_10092_5_21704_21859,1324,10092,2026-08-29,21704,21859,5,0.552,1,0,16,24.79,True
1324_10092_6_21859_21912,1324,10092,2026-08-29,21859,21912,6,0.968,1,1,16,22.45,True
1324_10092_7_21912_21801,1324,10092,2026-08-29,21912,21801,7,0.396,2,0,18,24.82,True
1324_10092_8_21801_22378,1324,10092,2026-08-29,21801,22378,8,0.267,1,0,19,26.07,True
1324_10092_9_22378_22318,1324,10092,2026-08-29,22378,22318,9,0.3,2,2,19,23.37,True
1324_10092_10_22318_22401,1324,10092,2026-08-29,22318,22401,10,0.297,1,1,19,23.19,True
1324_10092_11_22401_22596,1324,10092,2026-08-29,22401,22596,11,0.311,1,1,19,22.62,True
1324_10092_12_22596_22135,1324,10092,2026-08-29,22596,22135,12,0.588,1,5,15,15.66,True
1324_10092_13_22135_22172,1324,10092,2026-08-29,22135,22172,13,0.614,0,1,14,14.16,True
1324_10092_14_22172_21656,1324,10092,2026-08-29,22172,21656,14,0.492,1,0,15,15.52,True
1324_10092_15_21656_21976,1324,10092,2026-08-29,21656,21976,15,0.277,0,1,14,14.24,True
1324_10092_16_21976_21966,1324,10092,2026-08-29,21976,21966,16,0.205,1,1,14,14.29,True
1324_10092_17_21966_22326,1324,10092,2026-08-29,21966,22326,17,0.349,1,0,15,15.34,True
1324_10092_18_22326_35837,1324,10092,2026-08-29,22326,35837,18,0.313,0,2,13,12.73,True
1324_10092_19_35837_22383,1324,10092,2026-08-29,35837,22383,19,0.227,2,0,15,15.48,True
1324_10092_20_22383_22600,1324,10092,2026-08-29,22383,22600,20,0.504,0,1,14,14.23,True
1324_10092_21_22600_22461,1324,10092,2026-08-29,22600,22461,21,0.236,2,1,15,15.71,True
1324_10092_22_22461_21667,1324,10092,2026-08-29,22461,21667,22,0.654,0,0,15,15.71,True
1324_10092_23_21667_22540,1324,10092,2026-08-29,21667,22540,23,0.414,1,0,16,16.91,True
1324_10092_24_22540_21777,1324,10092,2026-08-29,22540,21777,24,0.61,1,2,15,16.22,True
1324_10092_25_21777_22125,1324,10092,2026-08-29,21777,22125,25,0.738,2,2,15,17.61,True
1324_10092_26_22125_22429,1324,10092,2026-08-29,22125,22429,26,0.372,1,0,16,18.81,True
1324_10092_27_22429_22187,1324,10092,2026-08-29,22429,22187,27,0.262,0,3,13,14.54,True
1324_10092_28_22187_22366,1324,10092,2026-08-29,22187,22366,28,0.675,1,2,12,13.83,True
1324_10092_29_22366_21847,1324,10092,2026-08-29,22366,21847,29,0.53,0,1,11,12.33,True
1324_10092_30_21847_22556,1324,10092,2026-08-29,21847,22556,30,0.429,0,0,11,12.33,True
1324_10092_31_22556_27778,1324,10092,2026-08-29,22556,27778,31,0.814,1,1,11,16.08,True
1324_10092_32_27778_38787,1324,10092,2026-08-29,27778,38787,32,0.159,1,3,9,11.32,True
1324_10092_33_38787_21739,1324,10092,2026-08-29,38787,21739,33,0.453,1,2,8,10.97,True
1324_10092_34_21739_22088,1324,10092,2026-08-29,21739,22088,34,0.636,2,1,9,13.91,True
1324_10092_35_22088_22514,1324,10092,2026-08-29,22088,22514,35,0.618,0,0,9,13.91,True
1324_10092_36_22514_22182,1324,10092,2026-08-29,22514,22182,36,0.794,0,0,9,13.91,True
1324_10092_37_22182_22458,1324,10092,2026-08-29,22182,22458,37,0.626,1,2,8,12.24,True
1324_10092_38_22458_22267,1324,10092,2026-08-29,22458,22267,38,0.456,1,1,8,12.71,True
1324_10092_39_22267_22185,1324,10092,2026-08-29,22267,22185,39,0.576,0,3,5,7.04,True
1324_10092_40_22185_22645_PF3,1324,10092,2026-08-29,22185,22645_PF3,40,0.745,1,2,4,7.37,True
1324_10092_41_22645_PF3_22645_PF3,1324,10092,2026-08-29,22645_PF3,22645_PF3,41,0.0,0,4,0,4.5,True
1324_10093_1_21172_22068,1324,10093,2026-08-29,21172,22068,1,0.638,1,0,1,1.67,True
1324_10093_2_22068_21869,1324,10093,2026-08-29,22068,21869,2,0.53,1,0,2,1.67,True
1324_10093_3_21869_22585,1324,10093,2026-08-29,21869,22585,3,0.552,1,0,3,2.36,True
1324_10093_4_22585_21704,1324,10093,2026-08-29,22585,21704,4,0.914,0,1,2,0.69,True
1324_10093_5_21704_21859,1324,10093,2026-08-29,21704,21859,5,0.552,0,0,2,0.69,True
1324_10093_6_21859_21912,1324,10093,2026-08-29,21859,21912,6,0.968,0,0,2,0.69,True
1324_10093_7_21912_21801,1324,10093,2026-08-29,21912,21801,7,0.396,2,0,4,2.54,True
1324_10093_8_21801_22378,1324,10093,2026-08-29,21801,22378,8,0.267,1,0,5,3.48,True
1324_10093_9_22378_22318,1324,10093,2026-08-29,22378,22318,9,0.3,0,0,5,3.48,True
1324_10093_10_22318_22401,1324,10093,2026-08-29,22318,22401,10,0.297,1,0,6,3.48,True
1324_10093_11_22401_22596,1324,10093,2026-08-29,22401,22596,11,0.311,3,0,9,6.45,True
1324_10093_12_22596_22135,1324,10093,2026-08-29,22596,22135,12,0.588,0,0,9,6.45,True
1324_10093_13_22135_22172,1324,10093,2026-08-29,22135,22172,13,0.614,0,0,9,6.45,True
1324_10093_14_22172_21656,1324,10093,2026-08-29,22172,21656,14,0.492,1,0,10,7.82,True
1324_10093_15_21656_21976,1324,10093,2026-08-29,21656,21976,15,0.277,0,0,10,7.82,True
1324_10093_16_21976_21966,1324,10093,2026-08-29,21976,21966,16,0.205,0,0,10,7.82,True
1324_10093_17_21966_22326,1324,10093,2026-08-29,21966,22326,17,0.349,3,0,13,10.13,True
1324_10093_18_22326_35837,1324,10093,2026-08-29,22326,35837,18,0.313,2,0,15,11.38,True
1324_10093_19_35837_22383,1324,10093,2026-08-29,35837,22383,19,0.227,1,0,16,12.88,True
1324_10093_20_22383_22600,1324,10093,2026-08-29,22383,22600,20,0.504,2,1,17,14.51,True
1324_10093_21_22600_22461,1324,10093,2026-08-29,22600,22461,21,0.236,0,1,16,13.51,True
1324_10093_22_22461_21667,1324,10093,2026-08-29,22461,21667,22,0.654,2,0,18,14.64,True
1324_10093_23_21667_22540,1324,10093,2026-08-29,21667,22540,23,0.414,3,1,20,18.25,True
1324_10093_24_22540_21777,1324,10093,2026-08-29,22540,21777,24,0.61,1,0,21,19.45,True
1324_10093_25_21777_22125,1324,10093,2026-08-29,21777,22125,25,0.738,1,1,21,19.34,True
1324_10093_26_22125_22429,1324,10093,2026-08-29,22125,22429,26,0.372,1,2,20,17.14,True
1324_10093_27_22429_22187,1324,10093,2026-08-29,22429,22187,27,0.262,0,2,18,15.29,True
1324_10093_28_22187_22366,1324,10093,2026-08-29,22187,22366,28,0.675,0,0,18,15.29,True
1324_10093_29_22366_21847,1324,10093,2026-08-29,22366,21847,29,0.53,1,4,15,12.54,True
1324_10093_30_21847_22556,1324,10093,2026-08-29,21847,22556,30,0.429,0,0,15,12.54,True
1324_10093_31_22556_27778,1324,10093,2026-08-29,22556,27778,31,0.814,0,1,14,11.18,True
1324_10093_32_27778_38787,1324,10093,2026-08-29,27778,38787,32,0.159,0,4,10,9.63,True
1324_10093_33_38787_21739,1324,10093,2026-08-29,38787,21739,33,0.453,0,2,8,7.0,True
1324_10093_34_21739_22088,1324,10093,2026-08-29,21739,22088,34,0.636,0,1,7,5.94,True
1324_10093_35_22088_22514,1324,10093,2026-08-29,22088,22514,35,0.618,0,1,6,4.27,True
1324_10093_36_22514_22182,1324,10093,2026-08-29,22514,22182,36,0.794,0,1,5,4.27,True
1324_10093_37_22182_22458,1324,10093,2026-08-29,22182,22458,37,0.626,0,0,5,4.27,True
1324_10093_38_22458_22267,1324,10093,2026-08-29,22458,22267,38,0.456,2,1,6,6.9,True
1324_10093_39_22267_22185,1324,10093,2026-08-29,22267,22185,39,0.576,0,2,4,5.7,True
1324_10093_40_22185_22645_PF3,1324,10093,2026-08-29,22185,22645_PF3,40,0.745,0,1,3,3.2,True
1324_10093_41_22645_PF3_22645_PF3,1324,10093,2026-08-29,22645_PF3,22645_PF3,41,0.0,0,3,0,2.2,True
1324_10094_1_21172_22068,1324,10094,2026-08-29,21172,22068,1,0.638,0,0,0,0.0,True
1324_10094_2_22068_21869,1324,10094,2026-08-29,22068,21869,2,0.53,1,0,1,0.8,True
1324_10094_3_21869_22585,1324,10094,2026-08-29,21869,22585,3,0.552,2,0,3,3.06,True
1324_10094_4_22585_21704,1324,10094,2026-08-29,22585,21704,4,0.914,2,0,5,5.17,True
1324_10094_5_21704_21859,1324,10094,2026-08-29,21704,21859,5,0.552,2,0,7,7.85,True
1324_10094_6_21859_21912,1324,10094,2026-08-29,21859,21912,6,0.968,1,0,8,8.72,True
1324_10094_7_21912_21801,1324,10094,2026-08-29,21912,21801,7,0.396,1,0,9,9.66,True
1324_10094_8_21801_22378,1324,10094,2026-08-29,21801,22378,8,0.267,3,0,12,11.72,True
1324_10094_9_22378_22318,1324,10094,2026-08-29,22378,22318,9,0.3,3,0,15,15.15,True
1324_10094_10_22318_22401,1324,10094,2026-08-29,22318,22401,10,0.297,4,1,18,21.51,True
1324_10094_11_22401_22596,1324,10094,2026-08-29,22401,22596,11,0.311,0,1,17,16.51,True
1324_10094_12_22596_22135,1324,10094,2026-08-29,22596,22135,12,0.588,1,1,17,16.75,True
1324_10094_13_22135_22172,1324,10094,2026-08-29,22135,22172,13,0.614,1,1,17,16.5,True
1324_10094_14_22172_21656,1324,10094,2026-08-29,22172,21656,14,0.492,3,1,19,18.0,True
1324_10094_15_21656_21976,1324,10094,2026-08-29,21656,21976,15,0.277,1,0,20,19.11,True
1324_10094_16_21976_21966,1324,10094,2026-08-29,21976,21966,16,0.205,3,3,20,15.92,True
1324_10094_17_21966_22326,1324,10094,2026-08-29,21966,22326,17,0.349,3,1,22,18.69,True
1324_10094_18_22326_35837,1324,10094,2026-08-29,22326,35837,18,0.313,0,1,21,17.02,True
1324_10094_19_35837_22383,1324,10094,2026-08-29,35837,22383,19,0.227,1,1,21,19.52,True
1324_10094_20_22383_22600,1324,10094,2026-08-29,22383,22600,20,0.504,1,1,21,21.52,True
1324_10094_21_22600_22461,1324,10094,2026-08-29,22600,22461,21,0.236,1,3,19,20.39,True
1324_10094_22_22461_21667,1324,10094,2026-08-29,22461,21667,22,0.654,5,1,23,26.64,True
1324_10094_23_21667_22540,1324,10094,2026-08-29,21667,22540,23,0.414,0,0,23,26.64,True
1324_10094_24_22540_21777,1324,10094,2026-08-29,22540,21777,24,0.61,1,1,23,26.65,True
1324_10094_25_21777_22125,1324,10094,2026-08-29,21777,22125,25,0.738,0,2,21,23.79,True
1324_10094_26_22125_22429,1324,10094,2026-08-29,22125,22429,26,0.372,1,4,18,19.22,True
1324_10094_27_22429_22187,1324,10094,2026-08-29,22429,22187,27,0.262,0,5,13,12.64,True
1324_10094_28_22187_22366,1324,10094,2026-08-29,22187,22366,28,0.675,1,1,13,15.14,True
1324_10094_29_22366_21847,1324,10094,2026-08-29,22366,21847,29,0.53,1,3,11,12.95,True
1324_10094_30_21847_22556,1324,10094,2026-08-29,21847,22556,30,0.429,0,4,7,7.05,True
1324_10094_31_22556_27778,1324,10094,2026-08-29,22556,27778,31,0.814,2,1,8,9.71,True
1324_10094_32_27778_38787,1324,10094,2026-08-29,27778,38787,32,0.159,1,1,8,8.35,True
1324_10094_33_38787_21739,1324,10094,2026-08-29,38787,21739,33,0.453,0,0,8,8.35,True
1324_10094_34_21739_22088,1324,10094,2026-08-29,21739,22088,34,0.636,0,1,7,7.29,True
1324_10094_35_22088_22514,1324,10094,2026-08-29,22088,22514,35,0.618,0,0,7,7.29,True
1324_10094_36_22514_22182,1324,10094,2026-08-29,22514,22182,36,0.794,0,2,5,5.29,True
1324_10094_37_22182_22458,1324,10094,2026-08-29,22182,22458,37,0.626,0,0,5,5.29,True
1324_10094_38_22458_22267,1324,10094,2026-08-29,22458,22267,38,0.456,0,0,5,5.29,True
1324_10094_39_22267_22185,1324,10094,2026-08-29,22267,22185,39,0.576,2,1,6,10.46,True
1324_10094_40_22185_22645_PF3,1324,10094,2026-08-29,22185,22645_PF3,40,0.745,0,5,1,1.67,True
1324_10094_41_22645_PF3_22645_PF3,1324,10094,2026-08-29,22645_PF3,22645_PF3,41,0.0,0,1,0,1.67,True
1324_10095_1_21172_22068,1324,10095,2026-08-29,21172,22068,1,0.638,4,0,4,6.09,True
1324_10095_2_22068_21869,1324,10095,2026-08-29,22068,21869,2,0.53,1,0,5,6.89,True
1324_10095_3_21869_22585,1324,10095,2026-08-29,21869,22585,3,0.552,1,0,6,9.39,True
1324_10095_4_22585_21704,1324,10095,2026-08-29,22585,21704,4,0.914,2,0,8,12.04,True
1324_10095_5_21704_21859,1324,10095,2026-08-29,21704,21859,5,0.552,0,1,7,9.54,True
1324_10095_6_21859_21912,1324,10095,2026-08-29,21859,21912,6,0.968,2,1,8,10.21,True
1324_10095_7_21912_21801,1324,10095,2026-08-29,21912,21801,7,0.396,2,0,10,11.46,True
1324_10095_8_21801_22378,1324,10095,2026-08-29,21801,22378,8,0.267,2,0,12,13.64,True
1324_10095_9_22378_22318,1324,10095,2026-08-29,22378,22318,9,0.3,1,1,12,13.02,True
1324_10095_10_22318_22401,1324,10095,2026-08-29,22318,22401,10,0.297,0,0,12,13.02,True
1324_10095_11_22401_22596,1324,10095,2026-08-29,22401,22596,11,0.311,0,1,11,11.02,True
1324_10095_12_22596_22135,1324,10095,2026-08-29,22596,22135,12,0.588,0,0,11,11.02,True
1324_10095_13_22135_22172,1324,10095,2026-08-29,22135,22172,13,0.614,1,0,12,12.45,True
1324_10095_14_22172_21656,1324,10095,2026-08-29,22172,21656,14,0.492,0,1,11,11.06,True
1324_10095_15_21656_21976,1324,10095,2026-08-29,21656,21976,15,0.277,1,1,11,10.7,True
1324_10095_16_21976_21966,1324,10095,2026-08-29,21976,21966,16,0.205,1,0,12,11.53,True
1324_10095_17_21966_22326,1324,10095,2026-08-29,21966,22326,17,0.349,1,2,11,10.04,True
1324_10095_18_22326_35837,1324,10095,2026-08-29,22326,35837,18,0.313,0,1,10,8.75,True
1324_10095_19_35837_22383,1324,10095,2026-08-29,35837,22383,19,0.227,1,1,10,8.75,True
1324_10095_20_22383_22600,1324,10095,2026-08-29,22383,22600,20,0.504,2,1,11,11.32,True
1324_10095_21_22600_22461,1324,10095,2026-08-29,22600,22461,21,0.236,0,0,11,11.32,True
1324_10095_22_22461_21667,1324,10095,2026-08-29,22461,21667,22,0.654,1,3,9,7.92,True
1324_10095_23_21667_22540,1324,10095,2026-08-29,21667,22540,23,0.414,1,0,10,9.3,True
1324_10095_24_22540_21777,1324,10095,2026-08-29,22540,21777,24,0.61,1,0,11,10.69,True
1324_10095_25_21777_22125,1324,10095,2026-08-29,21777,22125,25,0.738,3,2,12,13.28,True
1324_10095_26_22125_22429,1324,10095,2026-08-29,22125,22429,26,0.372,2,0,14,14.95,True
1324_10095_27_22429_22187,1324,10095,2026-08-29,22429,22187,27,0.262,1,1,14,15.65,True
1324_10095_28_22187_22366,1324,10095,2026-08-29,22187,22366,28,0.675,2,0,16,18.75,True
1324_10095_29_22366_21847,1324,10095,2026-08-29,22366,21847,29,0.53,2,1,17,21.25,True
1324_10095_30_21847_22556,1324,10095,2026-08-29,21847,22556,30,0.429,1,1,17,19.75,True
1324_10095_31_22556_27778,1324,10095,2026-08-29,22556,27778,31,0.814,0,2,15,16.0,True
1324_10095_32_27778_38787,1324,10095,2026-08-29,27778,38787,32,0.159,1,1,15,16.23,True
1324_10095_33_38787_21739,1324,10095,2026-08-29,38787,21739,33,0.453,0,1,14,16.23,True
1324_10095_34_21739_22088,1324,10095,2026-08-29,21739,22088,34,0.636,1,2,13,18.38,True
1324_10095_35_22088_22514,1324,10095,2026-08-29,22088,22514,35,0.618,0,2,11,15.28,True
1324_10095_36_22514_22182,1324,10095,2026-08-29,22514,22182,36,0.794,0,2,9,13.23,True
1324_10095_37_22182_22458,1324,10095,2026-08-29,22182,22458,37,0.626,0,5,4,5.68,True
1324_10095_38_22458_22267,1324,10095,2026-08-29,22458,22267,38,0.456,1,0,5,6.93,True
1324_10095_39_22267_22185,1324,10095,2026-08-29,22267,22185,39,0.576,0,0,5,6.93,True
1324_10095_40_22185_22645_PF3,1324,10095,2026-08-29,22185,22645_PF3,40,0.745,0,2,3,5.06,True
1324_10095_41_22645_PF3_22645_PF3,1324,10095,2026-08-29,22645_PF3,22645_PF3,41,0.0,0,3,0,1.25,True
1324_10096_1_21172_22068,1324,10096,2026-08-29,21172,22068,1,0.638,4,0,4,4.0,True
1324_10096_2_22068_21869,1324,10096,2026-08-29,22068,21869,2,0.53,1,0,5,5.12,True
1324_10096_3_21869_22585,1324,10096,2026-08-29,21869,22585,3,0.552,7,0,12,14.58,True
1324_10096_4_22585_21704,1324,10096,2026-08-29,22585,21704,4,0.914,2,0,14,16.64,True
1324_10096_5_21704_21859,1324,10096,2026-08-29,21704,21859,5,0.552,0,0,14,16.64,True
1324_10096_6_21859_21912,1324,10096,2026-08-29,21859,21912,6,0.968,2,0,16,19.31,True
1324_10096_7_21912_21801,1324,10096,2026-08-29,21912,21801,7,0.396,2,1,17,19.42,True
1324_10096_8_21801_22378,1324,10096,2026-08-29,21801,22378,8,0.267,1,0,18,20.67,True
1324_10096_9_22378_22318,1324,10096,2026-08-29,22378,22318,9,0.3,0,1,17,20.67,True
1324_10096_10_22318_22401,1324,10096,2026-08-29,22318,22401,10,0.297,2,3,16,18.26,True
1324_10096_11_22401_22596,1324,10096,2026-08-29,22401,22596,11,0.311,2,2,16,17.26,True
1324_10096_12_22596_22135,1324,10096,2026-08-29,22596,22135,12,0.588,2,0,18,18.93,True
1324_10096_13_22135_22172,1324,10096,2026-08-29,22135,22172,13,0.614,1,1,18,18.01,True
1324_10096_14_22172_21656,1324,10096,2026-08-29,22172,21656,14,0.492,0,0,18,18.01,True
1324_10096_15_21656_21976,1324,10096,2026-08-29,21656,21976,15,0.277,1,1,18,18.84,True
1324_10096_16_21976_21966,1324,10096,2026-08-29,21976,21966,16,0.205,1,2,17,16.74,True
1324_10096_17_21966_22326,1324,10096,2026-08-29,21966,22326,17,0.349,0,2,15,12.96,True
1324_10096_18_22326_35837,1324,10096,2026-08-29,22326,35837,18,0.313,1,1,15,11.83,True
1324_10096_19_35837_22383,1324,10096,2026-08-29,35837,22383,19,0.227,0,1,14,10.83,True
1324_10096_20_22383_22600,1324,10096,2026-08-29,22383,22600,20,0.504,2,1,15,12.12,True
1324_10096_21_22600_22461,1324,10096,2026-08-29,22600,22461,21,0.236,0,1,14,11.06,True
1324_10096_22_22461_21667,1324,10096,2026-08-29,22461,21667,22,0.654,1,1,14,11.72,True
1324_10096_23_21667_22540,1324,10096,2026-08-29,21667,22540,23,0.414,0,1,13,10.57,True
1324_10096_24_22540_21777,1324,10096,2026-08-29,22540,21777,24,0.61,2,2,13,11.49,True
1324_10096_25_21777_22125,1324,10096,2026-08-29,21777,22125,25,0.738,1,0,14,12.92,True
1324_10096_26_22125_22429,1324,10096,2026-08-29,22125,22429,26,0.372,0,2,12,11.97,True
1324_10096_27_22429_22187,1324,10096,2026-08-29,22429,22187,27,0.262,0,0,12,11.97,True
1324_10096_28_22187_22366,1324,10096,2026-08-29,22187,22366,28,0.675,1,0,13,13.47,True
1324_10096_29_22366_21847,1324,10096,2026-08-29,22366,21847,29,0.53,0,0,13,13.47,True
1324_10096_30_21847_22556,1324,10096,2026-08-29,21847,22556,30,0.429,1,2,12,12.18,True
1324_10096_31_22556_27778,1324,10096,2026-08-29,22556,27778,31,0.814,1,1,12,11.88,True
1324_10096_32_27778_38787,1324,10096,2026-08-29,27778,38787,32,0.159,1,2,11,12.45,True
1324_10096_33_38787_21739,1324,10096,2026-08-29,38787,21739,33,0.453,0,2,9,9.93,True
1324_10096_34_21739_22088,1324,10096,2026-08-29,21739,22088,34,0.636,0,2,7,7.82,True
1324_10096_35_22088_22514,1324,10096,2026-08-29,22088,22514,35,0.618,1,0,8,11.16,True
1324_10096_36_22514_22182,1324,10096,2026-08-29,22514,22182,36,0.794,0,1,7,9.66,True
1324_10096_37_22182_22458,1324,10096,2026-08-29,22182,22458,37,0.626,1,1,7,9.66,True
1324_10096_38_22458_22267,1324,10096,2026-08-29,22458,22267,38,0.456,0,2,5,6.32,True
1324_10096_39_22267_22185,1324,10096,2026-08-29,22267,22185,39,0.576,1,0,6,8.82,True
1324_10096_40_22185_22645_PF3,1324,10096,2026-08-29,22185,22645_PF3,40,0.745,1,2,5,6.58,True
1324_10096_41_22645_PF3_22645_PF3,1324,10096,2026-08-29,22645_PF3,22645_PF3,41,0.0,0,5,0,4.08,True
1324_10097_1_21172_22068,1324,10097,2026-08-29,21172,22068,1,0.638,1,0,1,1.5,True
1324_10097_2_22068_21869,1324,10097,2026-08-29,22068,21869,2,0.53,4,0,5,7.2,True
1324_10097_3_21869_22585,1324,10097,2026-08-29,21869,22585,3,0.552,0,0,5,7.2,True
1324_10097_4_22585_21704,1324,10097,2026-08-29,22585,21704,4,0.914,0,0,5,7.2,True
1324_10097_5_21704_21859,1324,10097,2026-08-29,21704,21859,5,0.552,1,0,6,8.36,True
1324_10097_6_21859_21912,1324,10097,2026-08-29,21859,21912,6,0.968,0,0,6,8.36,True
1324_10097_7_21912_21801,1324,10097,2026-08-29,21912,21801,7,0.396,0,0,6,8.36,True
1324_10097_8_21801_22378,1324,10097,2026-08-29,21801,22378,8,0.267,0,0,6,8.36,True
1324_10097_9_22378_22318,1324,10097,2026-08-29,22378,22318,9,0.3,1,1,6,7.05,True
1324_10097_10_22318_22401,1324,10097,2026-08-29,22318,22401,10,0.297,0,0,6,7.05,True
1324_10097_11_22401_22596,1324,10097,2026-08-29,22401,22596,11,0.311,0,0,6,7.05,True
1324_10097_12_22596_22135,1324,10097,2026-08-29,22596,22135,12,0.588,1,1,6,6.8,True
1324_10097_13_22135_22172,1324,10097,2026-08-29,22135,22172,13,0.614,1,1,6,6.1,True
1324_10097_14_22172_21656,1324,10097,2026-08-29,22172,21656,14,0.492,1,0,7,7.3,True
1324_10097_15_21656_21976,1324,10097,2026-08-29,21656,21976,15,0.277,1,0,8,8.3,True
1324_10097_16_21976_21966,1324,10097,2026-08-29,21976,21966,16,0.205,1,0,9,9.3,True
1324_10097_17_21966_22326,1324,10097,2026-08-29,21966,22326,17,0.349,2,0,11,11.61,True
1324_10097_18_22326_35837,1324,10097,2026-08-29,22326,35837,18,0.313,0,1,10,10.45,True
1324_10097_19_35837_22383,1324,10097,2026-08-29,35837,22383,19,0.227,0,1,9,9.39,True
1324_10097_20_22383_22600,1324,10097,2026-08-29,22383,22600,20,0.504,1,2,8,8.34,True
1324_10097_21_22600_22461,1324,10097,2026-08-29,22600,22461,21,0.236,0,1,7,7.34,True
1324_10097_22_22461_21667,1324,10097,2026-08-29,22461,21667,22,0.654,0,0,7,7.34,True
1324_10097_23_21667_22540,1324,10097,2026-08-29,21667,22540,23,0.414,0,0,7,7.34,True
1324_10097_24_22540_21777,1324,10097,2026-08-29,22540,21777,24,0.61,2,0,9,10.02,True
1324_10097_25_21777_22125,1324,10097,2026-08-29,21777,22125,25,0.738,2,1,10,11.88,True
1324_10097_26_22125_22429,1324,10097,2026-08-29,22125,22429,26,0.372,0,0,10,11.88,True
1324_10097_27_22429_22187,1324,10097,2026-08-29,22429,22187,27,0.262,0,0,10,11.88,True
1324_10097_28_22187_22366,1324,10097,2026-08-29,22187,22366,28,0.675,0,2,8,9.27,True
1324_10097_29_22366_21847,1324,10097,2026-08-29,22366,21847,29,0.53,0,1,7,8.07,True
1324_10097_30_21847_22556,1324,10097,2026-08-29,21847,22556,30,0.429,0,0,7,8.07,True
1324_10097_31_22556_27778,1324,10097,2026-08-29,22556,27778,31,0.814,0,1,6,6.64,True
1324_10097_32_27778_38787,1324,10097,2026-08-29,27778,38787,32,0.159,2,2,6,7.66,True
1324_10097_33_38787_21739,1324,10097,2026-08-29,38787,21739,33,0.453,2,1,7,10.99,True
1324_10097_34_21739_22088,1324,10097,2026-08-29,21739,22088,34,0.636,0,0,7,10.99,True
1324_10097_35_22088_22514,1324,10097,2026-08-29,22088,22514,35,0.618,0,1,6,9.79,True
1324_10097_36_22514_22182,1324,10097,2026-08-29,22514,22182,36,0.794,1,1,6,10.51,True
1324_10097_37_22182_22458,1324,10097,2026-08-29,22182,22458,37,0.626,0,2,4,6.01,True
1324_10097_38_22458_22267,1324,10097,2026-08-29,22458,22267,38,0.456,0,1,3,5.21,True
1324_10097_39_22267_22185,1324,10097,2026-08-29,22267,22185,39,0.576,0,2,1,1.88,True
1324_10097_40_22185_22645_PF3,1324,10097,2026-08-29,22185,22645_PF3,40,0.745,2,1,2,10.0,True
1324_10097_41_22645_PF3_22645_PF3,1324,10097,2026-08-29,22645_PF3,22645_PF3,41,0.0,0,2,0,0.0,True
1324_10098_1_21172_22068,1324,10098,2026-08-29,21172,22068,1,0.638,2,0,2,1.67,True
1324_10098_2_22068_21869,1324,10098,2026-08-29,22068,21869,2,0.53,2,0,4,4.17,True
1324_10098_3_21869_22585,1324,10098,2026-08-29,21869,22585,3,0.552,1,0,5,5.23,True
1324_10098_4_22585_21704,1324,10098,2026-08-29,22585,21704,4,0.914,0,0,5,5.23,True
1324_10098_5_21704_21859,1324,10098,2026-08-29,21704,21859,5,0.552,4,0,9,12.46,True
1324_10098_6_21859_21912,1324,10098,2026-08-29,21859,21912,6,0.968,2,1,10,15.23,True
1324_10098_7_21912_21801,1324,10098,2026-08-29,21912,21801,7,0.396,2,1,11,15.11,True
1324_10098_8_21801_22378,1324,10098,2026-08-29,21801,22378,8,0.267,1,1,11,14.44,True
1324_10098_9_22378_22318,1324,10098,2026-08-29,22378,22318,9,0.3,2,0,13,15.69,True
1324_10098_10_22318_22401,1324,10098,2026-08-29,22318,22401,10,0.297,1,2,12,14.02,True
1324_10098_11_22401_22596,1324,10098,2026-08-29,22401,22596,11,0.311,3,2,13,14.03,True
1324_10098_12_22596_22135,1324,10098,2026-08-29,22596,22135,12,0.588,0,1,12,12.53,True
1324_10098_13_22135_22172,1324,10098,2026-08-29,22135,22172,13,0.614,1,0,13,13.43,True
1324_10098_14_22172_21656,1324,10098,2026-08-29,22172,21656,14,0.492,1,0,14,14.68,True
1324_10098_15_21656_21976,1324,10098,2026-08-29,21656,21976,15,0.277,0,1,13,12.68,True
1324_10098_16_21976_21966,1324,10098,2026-08-29,21976,21966,16,0.205,2,0,15,14.99,True
1324_10098_17_21966_22326,1324,10098,2026-08-29,21966,22326,17,0.349,2,0,17,17.61,True
1324_10098_18_22326_35837,1324,10098,2026-08-29,22326,35837,18,0.313,1,2,16,16.61,True
1324_10098_19_35837_22383,1324,10098,2026-08-29,35837,22383,19,0.227,2,1,17,16.82,True
1324_10098_20_22383_22600,1324,10098,2026-08-29,22383,22600,20,0.504,4,2,19,21.1,True
1324_10098_21_22600_22461,1324,10098,2026-08-29,22600,22461,21,0.236,2,2,19,21.5,True
1324_10098_22_22461_21667,1324,10098,2026-08-29,22461,21667,22,0.654,2,2,19,20.45,True
1324_10098_23_21667_22540,1324,10098,2026-08-29,21667,22540,23,0.414,1,1,19,20.69,True
1324_10098_24_22540_21777,1324,10098,2026-08-29,22540,21777,24,0.61,1,0,20,22.69,True
1324_10098_25_21777_22125,1324,10098,2026-08-29,21777,22125,25,0.738,0,1,19,21.44,True
1324_10098_26_22125_22429,1324,10098,2026-08-29,22125,22429,26,0.372,0,1,18,20.24,True
1324_10098_27_22429_22187,1324,10098,2026-08-29,22429,22187,27,0.262,0,1,17,18.87,True
1324_10098_28_22187_22366,1324,10098,2026-08-29,22187,22366,28,0.675,1,2,16,17.84,True
1324_10098_29_22366_21847,1324,10098,2026-08-29,22366,21847,29,0.53,0,2,14,15.84,True
1324_10098_30_21847_22556,1324,10098,2026-08-29,21847,22556,30,0.429,1,1,14,14.34,True
1324_10098_31_22556_27778,1324,10098,2026-08-29,22556,27778,31,0.814,2,0,16,17.58,True
1324_10098_32_27778_38787,1324,10098,2026-08-29,27778,38787,32,0.159,1,3,14,15.61,True
1324_10098_33_38787_21739,1324,10098,2026-08-29,38787,21739,33,0.453,0,3,11,12.04,True
1324_10098_34_21739_22088,1324,10098,2026-08-29,21739,22088,34,0.636,1,1,11,12.34,True
1324_10098_35_22088_22514,1324,10098,2026-08-29,22088,22514,35,0.618,1,3,9,12.61,True
1324_10098_36_22514_22182,1324,10098,2026-08-29,22514,22182,36,0.794,0,0,9,12.61,True
1324_10098_37_22182_22458,1324,10098,2026-08-29,22182,22458,37,0.626,1,1,9,13.41,True
1324_10098_38_22458_22267,1324,10098,2026-08-29,22458,22267,38,0.456,0,1,8,11.74,True
1324_10098_39_22267_22185,1324,10098,2026-08-29,22267,22185,39,0.576,2,2,8,9.03,True
1324_10098_40_22185_22645_PF3,1324,10098,2026-08-29,22185,22645_PF3,40,0.745,1,1,8,12.37,True
1324_10098_41_22645_PF3_22645_PF3,1324,10098,2026-08-29,22645_PF3,22645_PF3,41,0.0,0,8,0,5.03,True
1324_10099_1_22645_PF3_22643,1324,10099,2026-08-29,22645_PF3,22643,1,0.335,2,0,2,4.5,True
1324_10099_2_22643_22183,1324,10099,2026-08-29,22643,22183,2,0.636,2,0,4,6.84,True
1324_10099_3_22183_22266,1324,10099,2026-08-29,22183,22266,3,0.581,0,1,3,4.34,True
1324_10099_4_22266_22457,1324,10099,2026-08-29,22266,22457,4,0.447,0,0,3,4.34,True
1324_10099_5_22457_22181,1324,10099,2026-08-29,22457,22181,5,0.61,1,0,4,5.34,True
1324_10099_6_22181_22513,1324,10099,2026-08-29,22181,22513,6,0.811,0,1,3,3.34,True
1324_10099_7_22513_22087,1324,10099,2026-08-29,22513,22087,7,0.625,1,0,4,4.63,True
1324_10099_8_22087_21740,1324,10099,2026-08-29,22087,21740,8,0.66,1,0,5,5.88,True
1324_10099_9_21740_38788,1324,10099,2026-08-29,21740,38788,9,0.434,0,0,5,5.88,True
1324_10099_10_38788_34294,1324,10099,2026-08-29,38788,34294,10,0.14,0,0,5,5.88,True
1324_10099_11_34294_22555,1324,10099,2026-08-29,34294,22555,11,0.819,0,0,5,5.88,True
1324_10099_12_22555_21846,1324,10099,2026-08-29,22555,21846,12,0.455,1,0,6,6.79,True
1324_10099_13_21846_22365,1324,10099,2026-08-29,21846,22365,13,0.521,0,0,6,6.79,True
1324_10099_14_22365_22186,1324,10099,2026-08-29,22365,22186,14,0.667,0,0,6,6.79,True
1324_10099_15_22186_22430,1324,10099,2026-08-29,22186,22430,15,0.238,0,1,5,5.4,True
1324_10099_16_22430_22126,1324,10099,2026-08-29,22430,22126,16,0.397,0,1,4,4.15,True
1324_10099_17_22126_21778,1324,10099,2026-08-29,22126,21778,17,0.749,1,0,5,5.44,True
1324_10099_18_21778_22541,1324,10099,2026-08-29,21778,22541,18,0.614,0,0,5,5.44,True
1324_10099_19_22541_21666,1324,10099,2026-08-29,22541,21666,19,0.391,0,0,5,5.44,True
1324_10099_20_21666_28167,1324,10099,2026-08-29,21666,28167,20,0.675,0,0,5,5.44,True
1324_10099_21_28167_22601,1324,10099,2026-08-29,28167,22601,21,0.238,2,1,6,4.15,True
1324_10099_22_22601_22382,1324,10099,2026-08-29,22601,22382,22,0.499,0,0,6,4.15,True
1324_10099_23_22382_35838,1324,10099,2026-08-29,22382,35838,23,0.173,0,1,5,3.15,True
1324_10099_24_35838_21522,1324,10099,2026-08-29,35838,21522,24,1.412,0,0,5,3.15,True
1324_10099_25_21522_22173,1324,10099,2026-08-29,21522,22173,25,1.291,0,1,4,3.15,True
1324_10099_26_22173_22136,1324,10099,2026-08-29,22173,22136,26,0.615,1,1,4,3.86,True
1324_10099_27_22136_22597,1324,10099,2026-08-29,22136,22597,27,0.589,0,0,4,3.86,True
1324_10099_28_22597_22402,1324,10099,2026-08-29,22597,22402,28,0.319,2,1,5,6.72,True
1324_10099_29_22402_22319,1324,10099,2026-08-29,22402,22319,29,0.293,0,0,5,6.72,True
1324_10099_30_22319_22379,1324,10099,2026-08-29,22319,22379,30,0.302,0,0,5,6.72,True
1324_10099_31_22379_21802,1324,10099,2026-08-29,22379,21802,31,0.267,0,1,4,5.43,True
1324_10099_32_21802_21911,1324,10099,2026-08-29,21802,21911,32,0.397,0,0,4,5.43,True
1324_10099_33_21911_21857,1324,10099,2026-08-29,21911,21857,33,0.915,0,0,4,5.43,True
1324_10099_34_21857_21706,1324,10099,2026-08-29,21857,21706,34,0.595,1,1,4,6.19,True
1324_10099_35_21706_21868,1324,10099,2026-08-29,21706,21868,35,0.555,1,3,2,3.33,True
1324_10099_36_21868_20855,1324,10099,2026-08-29,21868,20855,36,0.651,0,0,2,3.33,True
1324_10099_37_20855_21173,1324,10099,2026-08-29,20855,21173,37,0.524,0,1,1,1.67,True
991_101_1_24379_33635,991,101,2026-08-29,24379,33635,1,0.598,1,0,1,1.5,True
991_101_2_33635_21165,991,101,2026-08-29,33635,21165,2,0.651,2,0,3,5.8,True
991_101_3_21165_21028,991,101,2026-08-29,21165,21028,3,0.496,1,0,4,7.47,True
991_101_4_21028_21051,991,101,2026-08-29,21028,21051,4,0.623,1,0,5,9.13,True
991_101_5_21051_21008,991,101,2026-08-29,21051,21008,5,0.54,1,0,6,9.13,True
991_101_6_21008_20811,991,101,2026-08-29,21008,20811,6,0.453,1,1,6,8.3,True
991_101_7_20811_20752,991,101,2026-08-29,20811,20752,7,0.414,2,0,8,10.8,True
991_101_8_20752_20991,991,101,2026-08-29,20752,20991,8,0.487,1,0,9,13.3,True
991_101_9_20991_20971,991,101,2026-08-29,20991,20971,9,0.637,0,1,8,11.63,True
991_101_10_20971_20703,991,101,2026-08-29,20971,20703,10,0.535,1,3,6,9.97,True
991_101_11_20703_20921_PF5,991,101,2026-08-29,20703,20921_PF5,11,1.334,0,3,3,5.97,True
999_1010_1_21172_PF10_20857,999,1010,2026-08-29,21172_PF10,20857,1,0.601,7,0,7,12.57,True
999_1010_2_20857_21520,999,1010,2026-08-29,20857,21520,2,0.787,3,0,10,15.97,True
999_1010_3_21520_21574,999,1010,2026-08-29,21520,21574,3,0.502,6,0,16,19.93,True
999_1010_4_21574_21193,999,1010,2026-08-29,21574,21193,4,0.419,2,0,18,22.68,True
999_1010_5_21193_23674,999,1010,2026-08-29,21193,23674,5,0.796,3,1,20,22.91,True
999_1010_6_23674_20927,999,1010,2026-08-29,23674,20927,6,0.776,5,2,23,25.41,True
999_1010_7_20927_21166_PF1,999,1010,2026-08-29,20927,21166_PF1,7,0.356,3,1,25,28.06,True
999_1010_8_21166_PF1_23825,999,1010,2026-08-29,21166_PF1,23825,8,0.365,4,1,28,30.95,True
999_1010_9_23825_21565,999,1010,2026-08-29,23825,21565,9,0.4,2,1,29,31.66,True
999_1010_10_21565_21603,999,1010,2026-08-29,21565,21603,10,0.383,2,2,29,29.99,True
999_1010_11_21603_21458,999,1010,2026-08-29,21603,21458,11,0.504,5,0,34,36.16,True
999_1010_12_21458_21593,999,1010,2026-08-29,21458,21593,12,0.493,1,2,33,36.34,True
999_1010_13_21593_21447,999,1010,2026-08-29,21593,21447,13,0.605,3,2,34,36.11,True
999_1010_14_21447_21544_PF1,999,1010,2026-08-29,21447,21544_PF1,14,0.561,5,3,36,37.02,True
999_1010_15_21544_PF1_21543,999,1010,2026-08-29,21544_PF1,21543,15,0.634,3,1,38,37.62,True
999_1010_16_21543_21445,999,1010,2026-08-29,21543,21445,16,0.199,4,4,38,39.3,True
999_1010_17_21445_21449,999,1010,2026-08-29,21445,21449,17,0.356,4,1,41,44.67,True
999_1010_18_21449_21148,999,1010,2026-08-29,21449,21148,18,0.38,0,3,38,42.05,True
999_1010_19_21148_20623_PF5,999,1010,2026-08-29,21148,20623_PF5,19,0.637,2,6,34,37.3,True
999_1010_20_20623_PF5_21713,999,1010,2026-08-29,20623_PF5,21713,20,0.378,1,1,34,36.89,True
999_1010_21_21713_22295,999,1010,2026-08-29,21713,22295,21,0.345,1,5,30,33.22,True
999_1010_22_22295_35150,999,1010,2026-08-29,22295,35150,22,0.265,1,4,27,30.56,True
999_1010_23_35150_22631,999,1010,2026-08-29,35150,22631,23,0.366,0,5,22,24.44,True
999_1010_24_22631_20897,999,1010,2026-08-29,22631,20897,24,0.384,2,3,21,22.69,True
999_1010_25_20897_21874,999,1010,2026-08-29,20897,21874,25,0.5,1,4,18,20.95,True
999_1010_26_21874_22213,999,1010,2026-08-29,21874,22213,26,0.555,0,4,14,17.66,True
999_1010_27_22213_22211,999,1010,2026-08-29,22213,22211,27,0.269,1,6,9,14.88,True
1324_10100_1_22645_PF3_22643,1324,10100,2026-08-29,22645_PF3,22643,1,0.335,0,0,0,0.0,True
1324_10100_2_22643_22183,1324,10100,2026-08-29,22643,22183,2,0.636,1,0,1,1.29,True
1324_10100_3_22183_22266,1324,10100,2026-08-29,22183,22266,3,0.581,1,0,2,2.17,True
1324_10100_4_22266_22457,1324,10100,2026-08-29,22266,22457,4,0.447,2,0,4,4.81,True
1324_10100_5_22457_22181,1324,10100,2026-08-29,22457,22181,5,0.61,1,0,5,6.19,True
1324_10100_6_22181_22513,1324,10100,2026-08-29,22181,22513,6,0.811,2,0,7,7.25,True
1324_10100_7_22513_22087,1324,10100,2026-08-29,22513,22087,7,0.625,0,0,7,7.25,True
1324_10100_8_22087_21740,1324,10100,2026-08-29,22087,21740,8,0.66,0,0,7,7.25,True
1324_10100_9_21740_38788,1324,10100,2026-08-29,21740,38788,9,0.434,0,0,7,7.25,True
1324_10100_10_38788_34294,1324,10100,2026-08-29,38788,34294,10,0.14,0,0,7,7.25,True
1324_10100_11_34294_22555,1324,10100,2026-08-29,34294,22555,11,0.819,1,0,8,8.36,True
1324_10100_12_22555_21846,1324,10100,2026-08-29,22555,21846,12,0.455,0,0,8,8.36,True
1324_10100_13_21846_22365,1324,10100,2026-08-29,21846,22365,13,0.521,0,0,8,8.36,True
1324_10100_14_22365_22186,1324,10100,2026-08-29,22365,22186,14,0.667,1,0,9,9.27,True
1324_10100_15_22186_22430,1324,10100,2026-08-29,22186,22430,15,0.238,0,1,8,7.63,True
1324_10100_16_22430_22126,1324,10100,2026-08-29,22430,22126,16,0.397,0,1,7,6.35,True
1324_10100_17_22126_21778,1324,10100,2026-08-29,22126,21778,17,0.749,1,0,8,7.55,True
1324_10100_18_21778_22541,1324,10100,2026-08-29,21778,22541,18,0.614,1,1,8,7.36,True
1324_10100_19_22541_21666,1324,10100,2026-08-29,22541,21666,19,0.391,0,0,8,7.36,True
1324_10100_20_21666_28167,1324,10100,2026-08-29,21666,28167,20,0.675,1,0,9,8.42,True
1324_10100_21_28167_22601,1324,10100,2026-08-29,28167,22601,21,0.238,0,1,8,8.42,True
1324_10100_22_22601_22382,1324,10100,2026-08-29,22601,22382,22,0.499,0,0,8,8.42,True
1324_10100_23_22382_35838,1324,10100,2026-08-29,22382,35838,23,0.173,0,1,7,7.36,True
1324_10100_24_35838_21522,1324,10100,2026-08-29,35838,21522,24,1.412,0,1,6,6.36,True
1324_10100_25_21522_22173,1324,10100,2026-08-29,21522,22173,25,1.291,1,0,7,8.36,True
1324_10100_26_22173_22136,1324,10100,2026-08-29,22173,22136,26,0.615,1,0,8,9.86,True
1324_10100_27_22136_22597,1324,10100,2026-08-29,22136,22597,27,0.589,0,0,8,9.86,True
1324_10100_28_22597_22402,1324,10100,2026-08-29,22597,22402,28,0.319,0,0,8,9.86,True
1324_10100_29_22402_22319,1324,10100,2026-08-29,22402,22319,29,0.293,0,2,6,7.87,True
1324_10100_30_22319_22379,1324,10100,2026-08-29,22319,22379,30,0.302,2,1,7,9.62,True
1324_10100_31_22379_21802,1324,10100,2026-08-29,22379,21802,31,0.267,1,0,8,12.12,True
1324_10100_32_21802_21911,1324,10100,2026-08-29,21802,21911,32,0.397,1,1,8,13.42,True
1324_10100_33_21911_21857,1324,10100,2026-08-29,21911,21857,33,0.915,0,1,7,12.22,True
1324_10100_34_21857_21706,1324,10100,2026-08-29,21857,21706,34,0.595,1,1,7,12.22,True
1324_10100_35_21706_21868,1324,10100,2026-08-29,21706,21868,35,0.555,0,1,6,9.72,True
1324_10100_36_21868_20855,1324,10100,2026-08-29,21868,20855,36,0.651,0,2,4,7.31,True
1324_10100_37_20855_21173,1324,10100,2026-08-29,20855,21173,37,0.524,0,1,3,6.25,True
1324_10101_1_22645_PF3_22643,1324,10101,2026-08-29,22645_PF3,22643,1,0.335,1,0,1,1.64,True
1324_10101_2_22643_22183,1324,10101,2026-08-29,22643,22183,2,0.636,2,0,3,4.8,True
1324_10101_3_22183_22266,1324,10101,2026-08-29,22183,22266,3,0.581,0,0,3,4.8,True
1324_10101_4_22266_22457,1324,10101,2026-08-29,22266,22457,4,0.447,2,0,5,7.97,True
1324_10101_5_22457_22181,1324,10101,2026-08-29,22457,22181,5,0.61,0,0,5,7.97,True
1324_10101_6_22181_22513,1324,10101,2026-08-29,22181,22513,6,0.811,0,0,5,7.97,True
1324_10101_7_22513_22087,1324,10101,2026-08-29,22513,22087,7,0.625,0,1,4,6.3,True
1324_10101_8_22087_21740,1324,10101,2026-08-29,22087,21740,8,0.66,1,0,5,7.36,True
1324_10101_9_21740_38788,1324,10101,2026-08-29,21740,38788,9,0.434,0,0,5,7.36,True
1324_10101_10_38788_34294,1324,10101,2026-08-29,38788,34294,10,0.14,0,0,5,7.36,True
1324_10101_11_34294_22555,1324,10101,2026-08-29,34294,22555,11,0.819,0,1,4,5.7,True
1324_10101_12_22555_21846,1324,10101,2026-08-29,22555,21846,12,0.455,0,1,3,4.06,True
1324_10101_13_21846_22365,1324,10101,2026-08-29,21846,22365,13,0.521,1,0,4,5.73,True
1324_10101_14_22365_22186,1324,10101,2026-08-29,22365,22186,14,0.667,0,2,2,2.73,True
1324_10101_15_22186_22430,1324,10101,2026-08-29,22186,22430,15,0.238,1,0,3,4.15,True
1324_10101_16_22430_22126,1324,10101,2026-08-29,22430,22126,16,0.397,2,0,5,6.59,True
1324_10101_17_22126_21778,1324,10101,2026-08-29,22126,21778,17,0.749,1,0,6,7.72,True
1324_10101_18_21778_22541,1324,10101,2026-08-29,21778,22541,18,0.614,3,0,9,12.16,True
1324_10101_19_22541_21666,1324,10101,2026-08-29,22541,21666,19,0.391,0,1,8,10.49,True
1324_10101_20_21666_28167,1324,10101,2026-08-29,21666,28167,20,0.675,0,0,8,10.49,True
1324_10101_21_28167_22601,1324,10101,2026-08-29,28167,22601,21,0.238,1,1,8,10.97,True
1324_10101_22_22601_22382,1324,10101,2026-08-29,22601,22382,22,0.499,1,1,8,12.04,True
1324_10101_23_22382_35838,1324,10101,2026-08-29,22382,35838,23,0.173,0,0,8,12.04,True
1324_10101_24_35838_21522,1324,10101,2026-08-29,35838,21522,24,1.412,1,1,8,12.04,True
1324_10101_25_21522_22173,1324,10101,2026-08-29,21522,22173,25,1.291,0,1,7,10.98,True
1324_10101_26_22173_22136,1324,10101,2026-08-29,22173,22136,26,0.615,0,0,7,10.98,True
1324_10101_27_22136_22597,1324,10101,2026-08-29,22136,22597,27,0.589,0,0,7,10.98,True
1324_10101_28_22597_22402,1324,10101,2026-08-29,22597,22402,28,0.319,0,2,5,6.34,True
1324_10101_29_22402_22319,1324,10101,2026-08-29,22402,22319,29,0.293,0,1,4,4.96,True
1324_10101_30_22319_22379,1324,10101,2026-08-29,22319,22379,30,0.302,0,0,4,4.96,True
1324_10101_31_22379_21802,1324,10101,2026-08-29,22379,21802,31,0.267,0,0,4,4.96,True
1324_10101_32_21802_21911,1324,10101,2026-08-29,21802,21911,32,0.397,0,0,4,4.96,True
1324_10101_33_21911_21857,1324,10101,2026-08-29,21911,21857,33,0.915,0,2,2,2.16,True
1324_10101_34_21857_21706,1324,10101,2026-08-29,21857,21706,34,0.595,0,0,2,2.16,True
1324_10101_35_21706_21868,1324,10101,2026-08-29,21706,21868,35,0.555,0,1,1,1.11,True
1324_10101_36_21868_20855,1324,10101,2026-08-29,21868,20855,36,0.651,1,1,1,2.5,True
1324_10101_37_20855_21173,1324,10101,2026-08-29,20855,21173,37,0.524,0,0,1,2.5,True
1324_10102_1_22645_PF3_22643,1324,10102,2026-08-29,22645_PF3,22643,1,0.335,1,0,1,1.2,True
1324_10102_2_22643_22183,1324,10102,2026-08-29,22643,22183,2,0.636,1,0,2,2.26,True
1324_10102_3_22183_22266,1324,10102,2026-08-29,22183,22266,3,0.581,1,0,3,4.13,True
1324_10102_4_22266_22457,1324,10102,2026-08-29,22266,22457,4,0.447,0,0,3,4.13,True
1324_10102_5_22457_22181,1324,10102,2026-08-29,22457,22181,5,0.61,1,0,4,5.8,True
1324_10102_6_22181_22513,1324,10102,2026-08-29,22181,22513,6,0.811,0,0,4,5.8,True
1324_10102_7_22513_22087,1324,10102,2026-08-29,22513,22087,7,0.625,1,0,5,7.47,True
1324_10102_8_22087_21740,1324,10102,2026-08-29,22087,21740,8,0.66,0,0,5,7.47,True
1324_10102_9_21740_38788,1324,10102,2026-08-29,21740,38788,9,0.434,1,0,6,8.47,True
1324_10102_10_38788_34294,1324,10102,2026-08-29,38788,34294,10,0.14,0,0,6,8.47,True
1324_10102_11_34294_22555,1324,10102,2026-08-29,34294,22555,11,0.819,0,1,5,6.59,True
1324_10102_12_22555_21846,1324,10102,2026-08-29,22555,21846,12,0.455,1,0,6,7.46,True
1324_10102_13_21846_22365,1324,10102,2026-08-29,21846,22365,13,0.521,0,1,5,5.8,True
1324_10102_14_22365_22186,1324,10102,2026-08-29,22365,22186,14,0.667,1,1,5,5.25,True
1324_10102_15_22186_22430,1324,10102,2026-08-29,22186,22430,15,0.238,2,0,7,9.39,True
1324_10102_16_22430_22126,1324,10102,2026-08-29,22430,22126,16,0.397,2,1,8,10.56,True
1324_10102_17_22126_21778,1324,10102,2026-08-29,22126,21778,17,0.749,0,1,7,8.06,True
1324_10102_18_21778_22541,1324,10102,2026-08-29,21778,22541,18,0.614,0,0,7,8.06,True
1324_10102_19_22541_21666,1324,10102,2026-08-29,22541,21666,19,0.391,1,1,7,9.15,True
1324_10102_20_21666_28167,1324,10102,2026-08-29,21666,28167,20,0.675,0,0,7,9.15,True
1324_10102_21_28167_22601,1324,10102,2026-08-29,28167,22601,21,0.238,0,0,7,9.15,True
1324_10102_22_22601_22382,1324,10102,2026-08-29,22601,22382,22,0.499,0,0,7,9.15,True
1324_10102_23_22382_35838,1324,10102,2026-08-29,22382,35838,23,0.173,2,0,9,12.66,True
1324_10102_24_35838_21522,1324,10102,2026-08-29,35838,21522,24,1.412,0,1,8,11.41,True
1324_10102_25_21522_22173,1324,10102,2026-08-29,21522,22173,25,1.291,0,0,8,11.41,True
1324_10102_26_22173_22136,1324,10102,2026-08-29,22173,22136,26,0.615,0,2,6,7.63,True
1324_10102_27_22136_22597,1324,10102,2026-08-29,22136,22597,27,0.589,0,0,6,7.63,True
1324_10102_28_22597_22402,1324,10102,2026-08-29,22597,22402,28,0.319,0,0,6,7.63,True
1324_10102_29_22402_22319,1324,10102,2026-08-29,22402,22319,29,0.293,1,1,6,6.63,True
1324_10102_30_22319_22379,1324,10102,2026-08-29,22319,22379,30,0.302,1,1,6,7.17,True
1324_10102_31_22379_21802,1324,10102,2026-08-29,22379,21802,31,0.267,2,1,7,8.39,True
1324_10102_32_21802_21911,1324,10102,2026-08-29,21802,21911,32,0.397,1,1,7,8.93,True
1324_10102_33_21911_21857,1324,10102,2026-08-29,21911,21857,33,0.915,1,0,8,11.43,True
1324_10102_34_21857_21706,1324,10102,2026-08-29,21857,21706,34,0.595,0,1,7,9.8,True
1324_10102_35_21706_21868,1324,10102,2026-08-29,21706,21868,35,0.555,0,3,4,7.26,True
1324_10102_36_21868_20855,1324,10102,2026-08-29,21868,20855,36,0.651,0,1,3,5.6,True
1324_10102_37_20855_21173,1324,10102,2026-08-29,20855,21173,37,0.524,1,2,2,6.43,True
1324_10103_1_22645_PF3_22643,1324,10103,2026-08-29,22645_PF3,22643,1,0.335,1,0,1,2.14,True
1324_10103_2_22643_22183,1324,10103,2026-08-29,22643,22183,2,0.636,1,0,2,3.01,True
1324_10103_3_22183_22266,1324,10103,2026-08-29,22183,22266,3,0.581,0,0,2,3.01,True
1324_10103_4_22266_22457,1324,10103,2026-08-29,22266,22457,4,0.447,1,0,3,4.68,True
1324_10103_5_22457_22181,1324,10103,2026-08-29,22457,22181,5,0.61,1,0,4,6.35,True
1324_10103_6_22181_22513,1324,10103,2026-08-29,22181,22513,6,0.811,0,0,4,6.35,True
1324_10103_7_22513_22087,1324,10103,2026-08-29,22513,22087,7,0.625,1,0,5,8.01,True
1324_10103_8_22087_21740,1324,10103,2026-08-29,22087,21740,8,0.66,0,1,4,5.87,True
1324_10103_9_21740_38788,1324,10103,2026-08-29,21740,38788,9,0.434,0,0,4,5.87,True
1324_10103_10_38788_34294,1324,10103,2026-08-29,38788,34294,10,0.14,0,0,4,5.87,True
1324_10103_11_34294_22555,1324,10103,2026-08-29,34294,22555,11,0.819,1,0,5,7.54,True
1324_10103_12_22555_21846,1324,10103,2026-08-29,22555,21846,12,0.455,0,0,5,7.54,True
1324_10103_13_21846_22365,1324,10103,2026-08-29,21846,22365,13,0.521,0,1,4,5.87,True
1324_10103_14_22365_22186,1324,10103,2026-08-29,22365,22186,14,0.667,1,1,4,5.59,True
1324_10103_15_22186_22430,1324,10103,2026-08-29,22186,22430,15,0.238,0,0,4,5.59,True
1324_10103_16_22430_22126,1324,10103,2026-08-29,22430,22126,16,0.397,0,1,3,3.92,True
1324_10103_17_22126_21778,1324,10103,2026-08-29,22126,21778,17,0.749,2,1,4,6.25,True
1324_10103_18_21778_22541,1324,10103,2026-08-29,21778,22541,18,0.614,0,0,4,6.25,True
1324_10103_19_22541_21666,1324,10103,2026-08-29,22541,21666,19,0.391,0,0,4,6.25,True
1324_10103_20_21666_28167,1324,10103,2026-08-29,21666,28167,20,0.675,0,0,4,6.25,True
1324_10103_21_28167_22601,1324,10103,2026-08-29,28167,22601,21,0.238,0,0,4,6.25,True
1324_10103_22_22601_22382,1324,10103,2026-08-29,22601,22382,22,0.499,1,1,4,5.92,True
1324_10103_23_22382_35838,1324,10103,2026-08-29,22382,35838,23,0.173,0,0,4,5.92,True
1324_10103_24_35838_21522,1324,10103,2026-08-29,35838,21522,24,1.412,0,0,4,5.92,True
1324_10103_25_21522_22173,1324,10103,2026-08-29,21522,22173,25,1.291,2,1,5,7.05,True
1324_10103_26_22173_22136,1324,10103,2026-08-29,22173,22136,26,0.615,1,1,5,7.05,True
1324_10103_27_22136_22597,1324,10103,2026-08-29,22136,22597,27,0.589,1,1,5,7.33,True
1324_10103_28_22597_22402,1324,10103,2026-08-29,22597,22402,28,0.319,0,0,5,7.33,True
1324_10103_29_22402_22319,1324,10103,2026-08-29,22402,22319,29,0.293,1,0,6,9.0,True
1324_10103_30_22319_22379,1324,10103,2026-08-29,22319,22379,30,0.302,0,1,5,7.0,True
1324_10103_31_22379_21802,1324,10103,2026-08-29,22379,21802,31,0.267,0,2,3,3.33,True
1324_10103_32_21802_21911,1324,10103,2026-08-29,21802,21911,32,0.397,0,0,3,3.33,True
1324_10103_33_21911_21857,1324,10103,2026-08-29,21911,21857,33,0.915,0,0,3,3.33,True
1324_10103_34_21857_21706,1324,10103,2026-08-29,21857,21706,34,0.595,1,1,3,5.0,True
1324_10103_35_21706_21868,1324,10103,2026-08-29,21706,21868,35,0.555,0,0,3,5.0,True
1324_10103_36_21868_20855,1324,10103,2026-08-29,21868,20855,36,0.651,0,1,2,3.33,True
1324_10103_37_20855_21173,1324,10103,2026-08-29,20855,21173,37,0.524,0,1,1,1.67,True
1324_10104_1_22645_PF3_22643,1324,10104,2026-08-29,22645_PF3,22643,1,0.335,0,0,0,0.0,True
1324_10104_2_22643_22183,1324,10104,2026-08-29,22643,22183,2,0.636,0,0,0,0.0,True
1324_10104_3_22183_22266,1324,10104,2026-08-29,22183,22266,3,0.581,0,0,0,0.0,True
1324_10104_4_22266_22457,1324,10104,2026-08-29,22266,22457,4,0.447,2,0,2,3.54,True
1324_10104_5_22457_22181,1324,10104,2026-08-29,22457,22181,5,0.61,0,0,2,3.54,True
1324_10104_6_22181_22513,1324,10104,2026-08-29,22181,22513,6,0.811,0,0,2,3.54,True
1324_10104_7_22513_22087,1324,10104,2026-08-29,22513,22087,7,0.625,2,0,4,7.21,True
1324_10104_8_22087_21740,1324,10104,2026-08-29,22087,21740,8,0.66,1,0,5,9.21,True
1324_10104_9_21740_38788,1324,10104,2026-08-29,21740,38788,9,0.434,0,0,5,9.21,True
1324_10104_10_38788_34294,1324,10104,2026-08-29,38788,34294,10,0.14,0,0,5,9.21,True
1324_10104_11_34294_22555,1324,10104,2026-08-29,34294,22555,11,0.819,0,0,5,9.21,True
1324_10104_12_22555_21846,1324,10104,2026-08-29,22555,21846,12,0.455,1,2,4,6.39,True
1324_10104_13_21846_22365,1324,10104,2026-08-29,21846,22365,13,0.521,2,3,3,4.06,True
1324_10104_14_22365_22186,1324,10104,2026-08-29,22365,22186,14,0.667,0,0,3,4.06,True
1324_10104_15_22186_22430,1324,10104,2026-08-29,22186,22430,15,0.238,0,0,3,4.06,True
1324_10104_16_22430_22126,1324,10104,2026-08-29,22430,22126,16,0.397,0,0,3,4.06,True
1324_10104_17_22126_21778,1324,10104,2026-08-29,22126,21778,17,0.749,0,0,3,4.06,True
1324_10104_18_21778_22541,1324,10104,2026-08-29,21778,22541,18,0.614,1,0,4,5.12,True
1324_10104_19_22541_21666,1324,10104,2026-08-29,22541,21666,19,0.391,0,0,4,5.12,True
1324_10104_20_21666_28167,1324,10104,2026-08-29,21666,28167,20,0.675,2,0,6,5.12,True
1324_10104_21_28167_22601,1324,10104,2026-08-29,28167,22601,21,0.238,0,0,6,5.12,True
1324_10104_22_22601_22382,1324,10104,2026-08-29,22601,22382,22,0.499,1,1,6,6.32,True
1324_10104_23_22382_35838,1324,10104,2026-08-29,22382,35838,23,0.173,1,1,6,7.82,True
1324_10104_24_35838_21522,1324,10104,2026-08-29,35838,21522,24,1.412,1,0,7,9.69,True
1324_10104_25_21522_22173,1324,10104,2026-08-29,21522,22173,25,1.291,1,1,7,9.62,True
1324_10104_26_22173_22136,1324,10104,2026-08-29,22173,22136,26,0.615,1,0,8,9.62,True
1324_10104_27_22136_22597,1324,10104,2026-08-29,22136,22597,27,0.589,1,1,8,10.98,True
1324_10104_28_22597_22402,1324,10104,2026-08-29,22597,22402,28,0.319,0,1,7,7.98,True
1324_10104_29_22402_22319,1324,10104,2026-08-29,22402,22319,29,0.293,1,2,6,8.18,True
1324_10104_30_22319_22379,1324,10104,2026-08-29,22319,22379,30,0.302,0,0,6,8.18,True
1324_10104_31_22379_21802,1324,10104,2026-08-29,22379,21802,31,0.267,0,0,6,8.18,True
1324_10104_32_21802_21911,1324,10104,2026-08-29,21802,21911,32,0.397,1,2,5,6.54,True
1324_10104_33_21911_21857,1324,10104,2026-08-29,21911,21857,33,0.915,0,0,5,6.54,True
1324_10104_34_21857_21706,1324,10104,2026-08-29,21857,21706,34,0.595,1,0,6,8.21,True
1324_10104_35_21706_21868,1324,10104,2026-08-29,21706,21868,35,0.555,0,1,5,7.15,True
1324_10104_36_21868_20855,1324,10104,2026-08-29,21868,20855,36,0.651,0,0,5,7.15,True
1324_10104_37_20855_21173,1324,10104,2026-08-29,20855,21173,37,0.524,0,3,2,3.03,True
1324_10105_1_22645_PF3_22643,1324,10105,2026-08-29,22645_PF3,22643,1,0.335,1,0,1,1.5,True
1324_10105_2_22643_22183,1324,10105,2026-08-29,22643,22183,2,0.636,0,0,1,1.5,True
1324_10105_3_22183_22266,1324,10105,2026-08-29,22183,22266,3,0.581,0,0,1,1.5,True
1324_10105_4_22266_22457,1324,10105,2026-08-29,22266,22457,4,0.447,2,0,3,4.31,True
1324_10105_5_22457_22181,1324,10105,2026-08-29,22457,22181,5,0.61,0,0,3,4.31,True
1324_10105_6_22181_22513,1324,10105,2026-08-29,22181,22513,6,0.811,0,0,3,4.31,True
1324_10105_7_22513_22087,1324,10105,2026-08-29,22513,22087,7,0.625,1,0,4,5.6,True
1324_10105_8_22087_21740,1324,10105,2026-08-29,22087,21740,8,0.66,0,0,4,5.6,True
1324_10105_9_21740_38788,1324,10105,2026-08-29,21740,38788,9,0.434,0,0,4,5.6,True
1324_10105_10_38788_34294,1324,10105,2026-08-29,38788,34294,10,0.14,0,0,4,5.6,True
1324_10105_11_34294_22555,1324,10105,2026-08-29,34294,22555,11,0.819,0,1,3,4.17,True
1324_10105_12_22555_21846,1324,10105,2026-08-29,22555,21846,12,0.455,0,0,3,4.17,True
1324_10105_13_21846_22365,1324,10105,2026-08-29,21846,22365,13,0.521,1,1,3,4.34,True
1324_10105_14_22365_22186,1324,10105,2026-08-29,22365,22186,14,0.667,0,0,3,4.34,True
1324_10105_15_22186_22430,1324,10105,2026-08-29,22186,22430,15,0.238,1,0,4,5.25,True
1324_10105_16_22430_22126,1324,10105,2026-08-29,22430,22126,16,0.397,0,0,4,5.25,True
1324_10105_17_22126_21778,1324,10105,2026-08-29,22126,21778,17,0.749,0,1,3,3.86,True
1324_10105_18_21778_22541,1324,10105,2026-08-29,21778,22541,18,0.614,0,0,3,3.86,True
1324_10105_19_22541_21666,1324,10105,2026-08-29,22541,21666,19,0.391,0,1,2,2.19,True
1324_10105_20_21666_28167,1324,10105,2026-08-29,21666,28167,20,0.675,0,0,2,2.19,True
1324_10105_21_28167_22601,1324,10105,2026-08-29,28167,22601,21,0.238,0,1,1,0.91,True
1324_10105_22_22601_22382,1324,10105,2026-08-29,22601,22382,22,0.499,1,0,2,2.19,True
1324_10105_23_22382_35838,1324,10105,2026-08-29,22382,35838,23,0.173,1,0,3,3.86,True
1324_10105_24_35838_21522,1324,10105,2026-08-29,35838,21522,24,1.412,0,0,3,3.86,True
1324_10105_25_21522_22173,1324,10105,2026-08-29,21522,22173,25,1.291,0,0,3,3.86,True
1324_10105_26_22173_22136,1324,10105,2026-08-29,22173,22136,26,0.615,0,0,3,3.86,True
1324_10105_27_22136_22597,1324,10105,2026-08-29,22136,22597,27,0.589,0,0,3,3.86,True
1324_10105_28_22597_22402,1324,10105,2026-08-29,22597,22402,28,0.319,0,0,3,3.86,True
1324_10105_29_22402_22319,1324,10105,2026-08-29,22402,22319,29,0.293,0,0,3,3.86,True
1324_10105_30_22319_22379,1324,10105,2026-08-29,22319,22379,30,0.302,0,0,3,3.86,True
1324_10105_31_22379_21802,1324,10105,2026-08-29,22379,21802,31,0.267,0,0,3,3.86,True
1324_10105_32_21802_21911,1324,10105,2026-08-29,21802,21911,32,0.397,0,1,2,2.19,True
1324_10105_33_21911_21857,1324,10105,2026-08-29,21911,21857,33,0.915,0,0,2,2.19,True
1324_10105_34_21857_21706,1324,10105,2026-08-29,21857,21706,34,0.595,0,0,2,2.19,True
1324_10105_35_21706_21868,1324,10105,2026-08-29,21706,21868,35,0.555,1,0,3,2.19,True
1324_10105_36_21868_20855,1324,10105,2026-08-29,21868,20855,36,0.651,0,1,2,0.91,True
1324_10105_37_20855_21173,1324,10105,2026-08-29,20855,21173,37,0.524,0,1,1,0.0,True
1324_10106_1_22645_PF3_22643,1324,10106,2026-08-29,22645_PF3,22643,1,0.335,0,0,0,0.0,True
1324_10106_2_22643_22183,1324,10106,2026-08-29,22643,22183,2,0.636,1,0,1,1.0,True
1324_10106_3_22183_22266,1324,10106,2026-08-29,22183,22266,3,0.581,1,0,2,1.74,True
1324_10106_4_22266_22457,1324,10106,2026-08-29,22266,22457,4,0.447,1,0,3,3.24,True
1324_10106_5_22457_22181,1324,10106,2026-08-29,22457,22181,5,0.61,1,0,4,4.36,True
1324_10106_6_22181_22513,1324,10106,2026-08-29,22181,22513,6,0.811,2,0,6,6.69,True
1324_10106_7_22513_22087,1324,10106,2026-08-29,22513,22087,7,0.625,0,0,6,6.69,True
1324_10106_8_22087_21740,1324,10106,2026-08-29,22087,21740,8,0.66,0,0,6,6.69,True
1324_10106_9_21740_38788,1324,10106,2026-08-29,21740,38788,9,0.434,0,0,6,6.69,True
1324_10106_10_38788_34294,1324,10106,2026-08-29,38788,34294,10,0.14,2,0,8,9.6,True
1324_10106_11_34294_22555,1324,10106,2026-08-29,34294,22555,11,0.819,0,0,8,9.6,True
1324_10106_12_22555_21846,1324,10106,2026-08-29,22555,21846,12,0.455,0,0,8,9.6,True
1324_10106_13_21846_22365,1324,10106,2026-08-29,21846,22365,13,0.521,3,0,11,13.99,True
1324_10106_14_22365_22186,1324,10106,2026-08-29,22365,22186,14,0.667,0,0,11,13.99,True
1324_10106_15_22186_22430,1324,10106,2026-08-29,22186,22430,15,0.238,0,0,11,13.99,True
1324_10106_16_22430_22126,1324,10106,2026-08-29,22430,22126,16,0.397,0,2,9,10.82,True
1324_10106_17_22126_21778,1324,10106,2026-08-29,22126,21778,17,0.749,0,0,9,10.82,True
1324_10106_18_21778_22541,1324,10106,2026-08-29,21778,22541,18,0.614,1,1,9,10.82,True
1324_10106_19_22541_21666,1324,10106,2026-08-29,22541,21666,19,0.391,1,2,8,9.36,True
1324_10106_20_21666_28167,1324,10106,2026-08-29,21666,28167,20,0.675,0,0,8,9.36,True
1324_10106_21_28167_22601,1324,10106,2026-08-29,28167,22601,21,0.238,1,2,7,8.16,True
1324_10106_22_22601_22382,1324,10106,2026-08-29,22601,22382,22,0.499,0,3,4,4.79,True
1324_10106_23_22382_35838,1324,10106,2026-08-29,22382,35838,23,0.173,1,0,5,7.29,True
1324_10106_24_35838_21522,1324,10106,2026-08-29,35838,21522,24,1.412,0,0,5,7.29,True
1324_10106_25_21522_22173,1324,10106,2026-08-29,21522,22173,25,1.291,0,0,5,7.29,True
1324_10106_26_22173_22136,1324,10106,2026-08-29,22173,22136,26,0.615,0,0,5,7.29,True
1324_10106_27_22136_22597,1324,10106,2026-08-29,22136,22597,27,0.589,1,2,4,2.91,True
1324_10106_28_22597_22402,1324,10106,2026-08-29,22597,22402,28,0.319,0,0,4,2.91,True
1324_10106_29_22402_22319,1324,10106,2026-08-29,22402,22319,29,0.293,0,0,4,2.91,True
1324_10106_30_22319_22379,1324,10106,2026-08-29,22319,22379,30,0.302,0,0,4,2.91,True
1324_10106_31_22379_21802,1324,10106,2026-08-29,22379,21802,31,0.267,2,1,5,6.01,True
1324_10106_32_21802_21911,1324,10106,2026-08-29,21802,21911,32,0.397,0,1,4,4.96,True
1324_10106_33_21911_21857,1324,10106,2026-08-29,21911,21857,33,0.915,1,0,5,7.46,True
1324_10106_34_21857_21706,1324,10106,2026-08-29,21857,21706,34,0.595,0,0,5,7.46,True
1324_10106_35_21706_21868,1324,10106,2026-08-29,21706,21868,35,0.555,0,0,5,7.46,True
1324_10106_36_21868_20855,1324,10106,2026-08-29,21868,20855,36,0.651,0,0,5,7.46,True
1324_10106_37_20855_21173,1324,10106,2026-08-29,20855,21173,37,0.524,0,4,1,1.43,True
1324_10107_1_22645_PF3_22643,1324,10107,2026-08-29,22645_PF3,22643,1,0.335,3,0,3,4.14,True
1324_10107_2_22643_22183,1324,10107,2026-08-29,22643,22183,2,0.636,0,0,3,4.14,True
1324_10107_3_22183_22266,1324,10107,2026-08-29,22183,22266,3,0.581,0,0,3,4.14,True
1324_10107_4_22266_22457,1324,10107,2026-08-29,22266,22457,4,0.447,0,0,3,4.14,True
1324_10107_5_22457_22181,1324,10107,2026-08-29,22457,22181,5,0.61,1,0,4,7.48,True
1324_10107_6_22181_22513,1324,10107,2026-08-29,22181,22513,6,0.811,2,1,5,7.99,True
1324_10107_7_22513_22087,1324,10107,2026-08-29,22513,22087,7,0.625,0,0,5,7.99,True
1324_10107_8_22087_21740,1324,10107,2026-08-29,22087,21740,8,0.66,0,2,3,2.51,True
1324_10107_9_21740_38788,1324,10107,2026-08-29,21740,38788,9,0.434,1,1,3,3.56,True
1324_10107_10_38788_34294,1324,10107,2026-08-29,38788,34294,10,0.14,0,0,3,3.56,True
1324_10107_11_34294_22555,1324,10107,2026-08-29,34294,22555,11,0.819,2,0,5,6.9,True
1324_10107_12_22555_21846,1324,10107,2026-08-29,22555,21846,12,0.455,1,0,6,7.95,True
1324_10107_13_21846_22365,1324,10107,2026-08-29,21846,22365,13,0.521,1,0,7,9.24,True
1324_10107_14_22365_22186,1324,10107,2026-08-29,22365,22186,14,0.667,0,0,7,9.24,True
1324_10107_15_22186_22430,1324,10107,2026-08-29,22186,22430,15,0.238,0,0,7,9.24,True
1324_10107_16_22430_22126,1324,10107,2026-08-29,22430,22126,16,0.397,0,0,7,9.24,True
1324_10107_17_22126_21778,1324,10107,2026-08-29,22126,21778,17,0.749,0,1,6,7.57,True
1324_10107_18_21778_22541,1324,10107,2026-08-29,21778,22541,18,0.614,0,0,6,7.57,True
1324_10107_19_22541_21666,1324,10107,2026-08-29,22541,21666,19,0.391,0,1,5,6.19,True
1324_10107_20_21666_28167,1324,10107,2026-08-29,21666,28167,20,0.675,0,1,4,4.52,True
1324_10107_21_28167_22601,1324,10107,2026-08-29,28167,22601,21,0.238,0,0,4,4.52,True
1324_10107_22_22601_22382,1324,10107,2026-08-29,22601,22382,22,0.499,0,1,3,3.4,True
1324_10107_23_22382_35838,1324,10107,2026-08-29,22382,35838,23,0.173,1,0,4,5.9,True
1324_10107_24_35838_21522,1324,10107,2026-08-29,35838,21522,24,1.412,0,0,4,5.9,True
1324_10107_25_21522_22173,1324,10107,2026-08-29,21522,22173,25,1.291,0,0,4,5.9,True
1324_10107_26_22173_22136,1324,10107,2026-08-29,22173,22136,26,0.615,0,0,4,5.9,True
1324_10107_27_22136_22597,1324,10107,2026-08-29,22136,22597,27,0.589,0,1,3,4.61,True
1324_10107_28_22597_22402,1324,10107,2026-08-29,22597,22402,28,0.319,0,1,2,3.56,True
1324_10107_29_22402_22319,1324,10107,2026-08-29,22402,22319,29,0.293,0,2,0,0.0,True
1324_10107_30_22319_22379,1324,10107,2026-08-29,22319,22379,30,0.302,1,0,1,1.88,True
1324_10107_31_22379_21802,1324,10107,2026-08-29,22379,21802,31,0.267,0,0,1,1.88,True
1324_10107_32_21802_21911,1324,10107,2026-08-29,21802,21911,32,0.397,1,0,2,3.54,True
1324_10107_33_21911_21857,1324,10107,2026-08-29,21911,21857,33,0.915,0,0,2,3.54,True
1324_10107_34_21857_21706,1324,10107,2026-08-29,21857,21706,34,0.595,1,0,3,6.04,True
1324_10107_35_21706_21868,1324,10107,2026-08-29,21706,21868,35,0.555,1,1,3,6.88,True
1324_10107_36_21868_20855,1324,10107,2026-08-29,21868,20855,36,0.651,1,0,4,6.88,True
1324_10107_37_20855_21173,1324,10107,2026-08-29,20855,21173,37,0.524,0,1,3,4.38,True
1324_10108_1_22645_PF3_22643,1324,10108,2026-08-29,22645_PF3,22643,1,0.335,1,0,1,2.0,True
1324_10108_2_22643_22183,1324,10108,2026-08-29,22643,22183,2,0.636,1,0,2,2.0,True
1324_10108_3_22183_22266,1324,10108,2026-08-29,22183,22266,3,0.581,1,0,3,3.5,True
1324_10108_4_22266_22457,1324,10108,2026-08-29,22266,22457,4,0.447,3,1,5,7.45,True
1324_10108_5_22457_22181,1324,10108,2026-08-29,22457,22181,5,0.61,1,0,6,8.37,True
1324_10108_6_22181_22513,1324,10108,2026-08-29,22181,22513,6,0.811,0,1,5,6.37,True
1324_10108_7_22513_22087,1324,10108,2026-08-29,22513,22087,7,0.625,0,0,5,6.37,True
1324_10108_8_22087_21740,1324,10108,2026-08-29,22087,21740,8,0.66,1,0,6,6.37,True
1324_10108_9_21740_38788,1324,10108,2026-08-29,21740,38788,9,0.434,0,0,6,6.37,True
1324_10108_10_38788_34294,1324,10108,2026-08-29,38788,34294,10,0.14,0,0,6,6.37,True
1324_10108_11_34294_22555,1324,10108,2026-08-29,34294,22555,11,0.819,0,1,5,4.94,True
1324_10108_12_22555_21846,1324,10108,2026-08-29,22555,21846,12,0.455,0,0,5,4.94,True
1324_10108_13_21846_22365,1324,10108,2026-08-29,21846,22365,13,0.521,0,2,3,1.77,True
1324_10108_14_22365_22186,1324,10108,2026-08-29,22365,22186,14,0.667,0,0,3,1.77,True
1324_10108_15_22186_22430,1324,10108,2026-08-29,22186,22430,15,0.238,2,1,4,4.27,True
1324_10108_16_22430_22126,1324,10108,2026-08-29,22430,22126,16,0.397,0,0,4,4.27,True
1324_10108_17_22126_21778,1324,10108,2026-08-29,22126,21778,17,0.749,0,0,4,4.27,True
1324_10108_18_21778_22541,1324,10108,2026-08-29,21778,22541,18,0.614,0,0,4,4.27,True
1324_10108_19_22541_21666,1324,10108,2026-08-29,22541,21666,19,0.391,1,0,5,5.94,True
1324_10108_20_21666_28167,1324,10108,2026-08-29,21666,28167,20,0.675,2,0,7,8.77,True
1324_10108_21_28167_22601,1324,10108,2026-08-29,28167,22601,21,0.238,1,0,8,10.77,True
1324_10108_22_22601_22382,1324,10108,2026-08-29,22601,22382,22,0.499,1,0,9,10.77,True
1324_10108_23_22382_35838,1324,10108,2026-08-29,22382,35838,23,0.173,0,0,9,10.77,True
1324_10108_24_35838_21522,1324,10108,2026-08-29,35838,21522,24,1.412,0,0,9,10.77,True
1324_10108_25_21522_22173,1324,10108,2026-08-29,21522,22173,25,1.291,1,1,9,10.77,True
1324_10108_26_22173_22136,1324,10108,2026-08-29,22173,22136,26,0.615,0,1,8,8.77,True
1324_10108_27_22136_22597,1324,10108,2026-08-29,22136,22597,27,0.589,0,0,8,8.77,True
1324_10108_28_22597_22402,1324,10108,2026-08-29,22597,22402,28,0.319,0,1,7,7.11,True
1324_10108_29_22402_22319,1324,10108,2026-08-29,22402,22319,29,0.293,1,0,8,8.77,True
1324_10108_30_22319_22379,1324,10108,2026-08-29,22319,22379,30,0.302,0,1,7,7.85,True
1324_10108_31_22379_21802,1324,10108,2026-08-29,22379,21802,31,0.267,1,2,6,5.37,True
1324_10108_32_21802_21911,1324,10108,2026-08-29,21802,21911,32,0.397,0,1,5,5.37,True
1324_10108_33_21911_21857,1324,10108,2026-08-29,21911,21857,33,0.915,0,0,5,5.37,True
1324_10108_34_21857_21706,1324,10108,2026-08-29,21857,21706,34,0.595,0,0,5,5.37,True
1324_10108_35_21706_21868,1324,10108,2026-08-29,21706,21868,35,0.555,0,3,2,1.5,True
1324_10108_36_21868_20855,1324,10108,2026-08-29,21868,20855,36,0.651,1,0,3,4.0,True
1324_10108_37_20855_21173,1324,10108,2026-08-29,20855,21173,37,0.524,0,2,1,2.5,True
1324_10109_1_22645_PF3_22643,1324,10109,2026-08-29,22645_PF3,22643,1,0.335,2,0,2,1.06,True
1324_10109_2_22643_22183,1324,10109,2026-08-29,22643,22183,2,0.636,0,0,2,1.06,True
1324_10109_3_22183_22266,1324,10109,2026-08-29,22183,22266,3,0.581,2,0,4,3.65,True
1324_10109_4_22266_22457,1324,10109,2026-08-29,22266,22457,4,0.447,0,0,4,3.65,True
1324_10109_5_22457_22181,1324,10109,2026-08-29,22457,22181,5,0.61,0,0,4,3.65,True
1324_10109_6_22181_22513,1324,10109,2026-08-29,22181,22513,6,0.811,0,0,4,3.65,True
1324_10109_7_22513_22087,1324,10109,2026-08-29,22513,22087,7,0.625,0,0,4,3.65,True
1324_10109_8_22087_21740,1324,10109,2026-08-29,22087,21740,8,0.66,0,0,4,3.65,True
1324_10109_9_21740_38788,1324,10109,2026-08-29,21740,38788,9,0.434,1,0,5,5.31,True
1324_10109_10_38788_34294,1324,10109,2026-08-29,38788,34294,10,0.14,1,0,6,6.56,True
1324_10109_11_34294_22555,1324,10109,2026-08-29,34294,22555,11,0.819,0,0,6,6.56,True
1324_10109_12_22555_21846,1324,10109,2026-08-29,22555,21846,12,0.455,0,1,5,4.9,True
1324_10109_13_21846_22365,1324,10109,2026-08-29,21846,22365,13,0.521,0,0,5,4.9,True
1324_10109_14_22365_22186,1324,10109,2026-08-29,22365,22186,14,0.667,0,0,5,4.9,True
1324_10109_15_22186_22430,1324,10109,2026-08-29,22186,22430,15,0.238,1,1,5,4.73,True
1324_10109_16_22430_22126,1324,10109,2026-08-29,22430,22126,16,0.397,0,0,5,4.73,True
1324_10109_17_22126_21778,1324,10109,2026-08-29,22126,21778,17,0.749,1,0,6,5.73,True
1324_10109_18_21778_22541,1324,10109,2026-08-29,21778,22541,18,0.614,0,2,4,3.42,True
1324_10109_19_22541_21666,1324,10109,2026-08-29,22541,21666,19,0.391,0,0,4,3.42,True
1324_10109_20_21666_28167,1324,10109,2026-08-29,21666,28167,20,0.675,0,0,4,3.42,True
1324_10109_21_28167_22601,1324,10109,2026-08-29,28167,22601,21,0.238,0,0,4,3.42,True
1324_10109_22_22601_22382,1324,10109,2026-08-29,22601,22382,22,0.499,0,0,4,3.42,True
1324_10109_23_22382_35838,1324,10109,2026-08-29,22382,35838,23,0.173,0,1,3,3.42,True
1324_10109_24_35838_21522,1324,10109,2026-08-29,35838,21522,24,1.412,0,0,3,3.42,True
1324_10109_25_21522_22173,1324,10109,2026-08-29,21522,22173,25,1.291,0,0,3,3.42,True
1324_10109_26_22173_22136,1324,10109,2026-08-29,22173,22136,26,0.615,0,0,3,3.42,True
1324_10109_27_22136_22597,1324,10109,2026-08-29,22136,22597,27,0.589,1,1,3,3.17,True
1324_10109_28_22597_22402,1324,10109,2026-08-29,22597,22402,28,0.319,1,1,3,3.92,True
1324_10109_29_22402_22319,1324,10109,2026-08-29,22402,22319,29,0.293,0,0,3,3.92,True
1324_10109_30_22319_22379,1324,10109,2026-08-29,22319,22379,30,0.302,0,0,3,3.92,True
1324_10109_31_22379_21802,1324,10109,2026-08-29,22379,21802,31,0.267,0,1,2,2.25,True
1324_10109_32_21802_21911,1324,10109,2026-08-29,21802,21911,32,0.397,2,0,4,5.92,True
1324_10109_33_21911_21857,1324,10109,2026-08-29,21911,21857,33,0.915,1,0,5,8.42,True
1324_10109_34_21857_21706,1324,10109,2026-08-29,21857,21706,34,0.595,1,0,6,10.92,True
1324_10109_35_21706_21868,1324,10109,2026-08-29,21706,21868,35,0.555,0,2,4,8.0,True
1324_10109_36_21868_20855,1324,10109,2026-08-29,21868,20855,36,0.651,0,1,3,5.5,True
1324_10109_37_20855_21173,1324,10109,2026-08-29,20855,21173,37,0.524,0,3,0,0.0,True
999_1011_1_21172_PF10_20857,999,1011,2026-08-29,21172_PF10,20857,1,0.601,1,0,1,1.38,True
999_1011_2_20857_21520,999,1011,2026-08-29,20857,21520,2,0.787,2,0,3,4.48,True
999_1011_3_21520_21574,999,1011,2026-08-29,21520,21574,3,0.502,2,0,5,6.45,True
999_1011_4_21574_21193,999,1011,2026-08-29,21574,21193,4,0.419,3,0,8,9.41,True
999_1011_5_21193_23674,999,1011,2026-08-29,21193,23674,5,0.796,4,0,12,14.96,True
999_1011_6_23674_20927,999,1011,2026-08-29,23674,20927,6,0.776,1,0,13,16.21,True
999_1011_7_20927_21166_PF1,999,1011,2026-08-29,20927,21166_PF1,7,0.356,4,0,17,21.44,True
999_1011_8_21166_PF1_23825,999,1011,2026-08-29,21166_PF1,23825,8,0.365,1,0,18,22.72,True
999_1011_9_23825_21565,999,1011,2026-08-29,23825,21565,9,0.4,6,1,23,27.67,True
999_1011_10_21565_21603,999,1011,2026-08-29,21565,21603,10,0.383,4,1,26,30.81,True
999_1011_11_21603_21458,999,1011,2026-08-29,21603,21458,11,0.504,1,0,27,32.48,True
999_1011_12_21458_21593,999,1011,2026-08-29,21458,21593,12,0.493,1,2,26,31.3,True
999_1011_13_21593_21447,999,1011,2026-08-29,21593,21447,13,0.605,5,2,29,35.41,True
999_1011_14_21447_21544_PF1,999,1011,2026-08-29,21447,21544_PF1,14,0.561,1,3,27,31.85,True
999_1011_15_21544_PF1_21543,999,1011,2026-08-29,21544_PF1,21543,15,0.634,3,1,29,34.21,True
999_1011_16_21543_21445,999,1011,2026-08-29,21543,21445,16,0.199,0,1,28,32.54,True
999_1011_17_21445_21449,999,1011,2026-08-29,21445,21449,17,0.356,2,1,29,32.22,True
999_1011_18_21449_21148,999,1011,2026-08-29,21449,21148,18,0.38,2,4,27,29.73,True
999_1011_19_21148_20623_PF5,999,1011,2026-08-29,21148,20623_PF5,19,0.637,2,4,25,24.06,True
999_1011_20_20623_PF5_21713,999,1011,2026-08-29,20623_PF5,21713,20,0.378,3,2,26,24.01,True
999_1011_21_21713_22295,999,1011,2026-08-29,21713,22295,21,0.345,4,0,30,29.77,True
999_1011_22_22295_35150,999,1011,2026-08-29,22295,35150,22,0.265,1,2,29,28.65,True
999_1011_23_35150_22631,999,1011,2026-08-29,35150,22631,23,0.366,1,3,27,27.42,True
999_1011_24_22631_20897,999,1011,2026-08-29,22631,20897,24,0.384,1,4,24,24.64,True
999_1011_25_20897_21874,999,1011,2026-08-29,20897,21874,25,0.5,1,7,18,16.6,True
999_1011_26_21874_22213,999,1011,2026-08-29,21874,22213,26,0.555,1,8,11,11.85,True
999_1011_27_22213_22211,999,1011,2026-08-29,22213,22211,27,0.269,0,3,8,8.75,True
1324_10110_1_22645_PF3_22643,1324,10110,2026-08-29,22645_PF3,22643,1,0.335,2,0,2,3.33,True
1324_10110_2_22643_22183,1324,10110,2026-08-29,22643,22183,2,0.636,4,0,6,7.05,True
1324_10110_3_22183_22266,1324,10110,2026-08-29,22183,22266,3,0.581,4,0,10,11.27,True
1324_10110_4_22266_22457,1324,10110,2026-08-29,22266,22457,4,0.447,2,0,12,13.21,True
1324_10110_5_22457_22181,1324,10110,2026-08-29,22457,22181,5,0.61,2,0,14,16.27,True
1324_10110_6_22181_22513,1324,10110,2026-08-29,22181,22513,6,0.811,2,0,16,19.32,True
1324_10110_7_22513_22087,1324,10110,2026-08-29,22513,22087,7,0.625,1,1,16,18.85,True
1324_10110_8_22087_21740,1324,10110,2026-08-29,22087,21740,8,0.66,0,1,15,17.18,True
1324_10110_9_21740_38788,1324,10110,2026-08-29,21740,38788,9,0.434,4,0,19,22.58,True
1324_10110_10_38788_34294,1324,10110,2026-08-29,38788,34294,10,0.14,0,1,18,20.91,True
1324_10110_11_34294_22555,1324,10110,2026-08-29,34294,22555,11,0.819,2,0,20,22.58,True
1324_10110_12_22555_21846,1324,10110,2026-08-29,22555,21846,12,0.455,2,0,22,25.53,True
1324_10110_13_21846_22365,1324,10110,2026-08-29,21846,22365,13,0.521,6,0,28,33.34,True
1324_10110_14_22365_22186,1324,10110,2026-08-29,22365,22186,14,0.667,2,1,29,33.67,True
1324_10110_15_22186_22430,1324,10110,2026-08-29,22186,22430,15,0.238,3,1,31,36.14,True
1324_10110_16_22430_22126,1324,10110,2026-08-29,22430,22126,16,0.397,2,0,33,38.82,True
1324_10110_17_22126_21778,1324,10110,2026-08-29,22126,21778,17,0.749,1,4,30,35.12,True
1324_10110_18_21778_22541,1324,10110,2026-08-29,21778,22541,18,0.614,1,1,30,34.99,True
1324_10110_19_22541_21666,1324,10110,2026-08-29,22541,21666,19,0.391,1,3,28,29.1,True
1324_10110_20_21666_28167,1324,10110,2026-08-29,21666,28167,20,0.675,2,5,25,25.42,True
1324_10110_21_28167_22601,1324,10110,2026-08-29,28167,22601,21,0.238,0,2,23,23.37,True
1324_10110_22_22601_22382,1324,10110,2026-08-29,22601,22382,22,0.499,4,4,23,24.15,True
1324_10110_23_22382_35838,1324,10110,2026-08-29,22382,35838,23,0.173,0,3,20,20.49,True
1324_10110_24_35838_21522,1324,10110,2026-08-29,35838,21522,24,1.412,1,3,18,18.49,True
1324_10110_25_21522_22173,1324,10110,2026-08-29,21522,22173,25,1.291,2,1,19,19.92,True
1324_10110_26_22173_22136,1324,10110,2026-08-29,22173,22136,26,0.615,1,3,17,17.7,True
1324_10110_27_22136_22597,1324,10110,2026-08-29,22136,22597,27,0.589,0,1,16,15.7,True
1324_10110_28_22597_22402,1324,10110,2026-08-29,22597,22402,28,0.319,5,1,20,23.21,True
1324_10110_29_22402_22319,1324,10110,2026-08-29,22402,22319,29,0.293,1,3,18,23.33,True
1324_10110_30_22319_22379,1324,10110,2026-08-29,22319,22379,30,0.302,2,1,19,26.76,True
1324_10110_31_22379_21802,1324,10110,2026-08-29,22379,21802,31,0.267,2,0,21,29.86,True
1324_10110_32_21802_21911,1324,10110,2026-08-29,21802,21911,32,0.397,0,2,19,26.93,True
1324_10110_33_21911_21857,1324,10110,2026-08-29,21911,21857,33,0.915,0,1,18,25.98,True
1324_10110_34_21857_21706,1324,10110,2026-08-29,21857,21706,34,0.595,1,5,14,21.4,True
1324_10110_35_21706_21868,1324,10110,2026-08-29,21706,21868,35,0.555,2,4,12,22.81,True
1324_10110_36_21868_20855,1324,10110,2026-08-29,21868,20855,36,0.651,1,4,9,18.77,True
1324_10110_37_20855_21173,1324,10110,2026-08-29,20855,21173,37,0.524,1,6,4,10.43,True
1324_10111_1_22645_PF3_22643,1324,10111,2026-08-29,22645_PF3,22643,1,0.335,1,0,1,0.69,True
1324_10111_2_22643_22183,1324,10111,2026-08-29,22643,22183,2,0.636,0,0,1,0.69,True
1324_10111_3_22183_22266,1324,10111,2026-08-29,22183,22266,3,0.581,4,0,5,6.48,True
1324_10111_4_22266_22457,1324,10111,2026-08-29,22266,22457,4,0.447,3,0,8,8.6,True
1324_10111_5_22457_22181,1324,10111,2026-08-29,22457,22181,5,0.61,0,0,8,8.6,True
1324_10111_6_22181_22513,1324,10111,2026-08-29,22181,22513,6,0.811,1,0,9,9.4,True
1324_10111_7_22513_22087,1324,10111,2026-08-29,22513,22087,7,0.625,4,0,13,13.66,True
1324_10111_8_22087_21740,1324,10111,2026-08-29,22087,21740,8,0.66,3,1,15,15.41,True
1324_10111_9_21740_38788,1324,10111,2026-08-29,21740,38788,9,0.434,4,0,19,22.25,True
1324_10111_10_38788_34294,1324,10111,2026-08-29,38788,34294,10,0.14,0,1,18,22.25,True
1324_10111_11_34294_22555,1324,10111,2026-08-29,34294,22555,11,0.819,5,1,22,25.07,True
1324_10111_12_22555_21846,1324,10111,2026-08-29,22555,21846,12,0.455,1,2,21,23.07,True
1324_10111_13_21846_22365,1324,10111,2026-08-29,21846,22365,13,0.521,1,0,22,24.73,True
1324_10111_14_22365_22186,1324,10111,2026-08-29,22365,22186,14,0.667,4,2,24,28.49,True
1324_10111_15_22186_22430,1324,10111,2026-08-29,22186,22430,15,0.238,1,1,24,27.82,True
1324_10111_16_22430_22126,1324,10111,2026-08-29,22430,22126,16,0.397,2,1,25,27.82,True
1324_10111_17_22126_21778,1324,10111,2026-08-29,22126,21778,17,0.749,1,0,26,29.2,True
1324_10111_18_21778_22541,1324,10111,2026-08-29,21778,22541,18,0.614,3,1,28,31.71,True
1324_10111_19_22541_21666,1324,10111,2026-08-29,22541,21666,19,0.391,1,1,28,31.63,True
1324_10111_20_21666_28167,1324,10111,2026-08-29,21666,28167,20,0.675,2,4,26,30.1,True
1324_10111_21_28167_22601,1324,10111,2026-08-29,28167,22601,21,0.238,0,0,26,30.1,True
1324_10111_22_22601_22382,1324,10111,2026-08-29,22601,22382,22,0.499,4,5,25,25.1,True
1324_10111_23_22382_35838,1324,10111,2026-08-29,22382,35838,23,0.173,4,3,26,28.89,True
1324_10111_24_35838_21522,1324,10111,2026-08-29,35838,21522,24,1.412,3,2,27,33.42,True
1324_10111_25_21522_22173,1324,10111,2026-08-29,21522,22173,25,1.291,3,1,29,36.32,True
1324_10111_26_22173_22136,1324,10111,2026-08-29,22173,22136,26,0.615,1,1,29,36.19,True
1324_10111_27_22136_22597,1324,10111,2026-08-29,22136,22597,27,0.589,0,4,25,30.42,True
1324_10111_28_22597_22402,1324,10111,2026-08-29,22597,22402,28,0.319,0,1,24,29.24,True
1324_10111_29_22402_22319,1324,10111,2026-08-29,22402,22319,29,0.293,2,4,22,28.67,True
1324_10111_30_22319_22379,1324,10111,2026-08-29,22319,22379,30,0.302,1,1,22,28.95,True
1324_10111_31_22379_21802,1324,10111,2026-08-29,22379,21802,31,0.267,1,1,22,29.58,True
1324_10111_32_21802_21911,1324,10111,2026-08-29,21802,21911,32,0.397,0,3,19,24.99,True
1324_10111_33_21911_21857,1324,10111,2026-08-29,21911,21857,33,0.915,4,1,22,34.66,True
1324_10111_34_21857_21706,1324,10111,2026-08-29,21857,21706,34,0.595,0,3,19,29.88,True
1324_10111_35_21706_21868,1324,10111,2026-08-29,21706,21868,35,0.555,1,5,15,25.62,True
1324_10111_36_21868_20855,1324,10111,2026-08-29,21868,20855,36,0.651,1,6,10,16.72,True
1324_10111_37_20855_21173,1324,10111,2026-08-29,20855,21173,37,0.524,2,6,6,12.6,True
1324_10112_1_22645_PF3_22643,1324,10112,2026-08-29,22645_PF3,22643,1,0.335,3,0,3,2.76,True
1324_10112_2_22643_22183,1324,10112,2026-08-29,22643,22183,2,0.636,4,0,7,8.28,True
1324_10112_3_22183_22266,1324,10112,2026-08-29,22183,22266,3,0.581,7,0,14,18.68,True
1324_10112_4_22266_22457,1324,10112,2026-08-29,22266,22457,4,0.447,3,0,17,22.54,True
1324_10112_5_22457_22181,1324,10112,2026-08-29,22457,22181,5,0.61,2,0,19,24.66,True
1324_10112_6_22181_22513,1324,10112,2026-08-29,22181,22513,6,0.811,3,1,21,26.36,True
1324_10112_7_22513_22087,1324,10112,2026-08-29,22513,22087,7,0.625,0,1,20,23.86,True
1324_10112_8_22087_21740,1324,10112,2026-08-29,22087,21740,8,0.66,2,1,21,25.23,True
1324_10112_9_21740_38788,1324,10112,2026-08-29,21740,38788,9,0.434,3,2,22,25.35,True
1324_10112_10_38788_34294,1324,10112,2026-08-29,38788,34294,10,0.14,1,1,22,24.84,True
1324_10112_11_34294_22555,1324,10112,2026-08-29,34294,22555,11,0.819,0,0,22,24.84,True
1324_10112_12_22555_21846,1324,10112,2026-08-29,22555,21846,12,0.455,0,3,19,19.17,True
1324_10112_13_21846_22365,1324,10112,2026-08-29,21846,22365,13,0.521,1,1,19,19.05,True
1324_10112_14_22365_22186,1324,10112,2026-08-29,22365,22186,14,0.667,3,0,22,24.15,True
1324_10112_15_22186_22430,1324,10112,2026-08-29,22186,22430,15,0.238,2,0,24,26.51,True
1324_10112_16_22430_22126,1324,10112,2026-08-29,22430,22126,16,0.397,3,0,27,32.01,True
1324_10112_17_22126_21778,1324,10112,2026-08-29,22126,21778,17,0.749,3,5,25,32.03,True
1324_10112_18_21778_22541,1324,10112,2026-08-29,21778,22541,18,0.614,1,0,26,32.03,True
1324_10112_19_22541_21666,1324,10112,2026-08-29,22541,21666,19,0.391,2,1,27,32.14,True
1324_10112_20_21666_28167,1324,10112,2026-08-29,21666,28167,20,0.675,1,4,24,28.01,True
1324_10112_21_28167_22601,1324,10112,2026-08-29,28167,22601,21,0.238,2,2,24,27.8,True
1324_10112_22_22601_22382,1324,10112,2026-08-29,22601,22382,22,0.499,2,5,21,25.76,True
1324_10112_23_22382_35838,1324,10112,2026-08-29,22382,35838,23,0.173,4,4,21,29.48,True
1324_10112_24_35838_21522,1324,10112,2026-08-29,35838,21522,24,1.412,2,1,22,29.87,True
1324_10112_25_21522_22173,1324,10112,2026-08-29,21522,22173,25,1.291,0,1,21,27.87,True
1324_10112_26_22173_22136,1324,10112,2026-08-29,22173,22136,26,0.615,1,3,19,24.36,True
1324_10112_27_22136_22597,1324,10112,2026-08-29,22136,22597,27,0.589,0,2,17,19.86,True
1324_10112_28_22597_22402,1324,10112,2026-08-29,22597,22402,28,0.319,1,0,18,19.86,True
1324_10112_29_22402_22319,1324,10112,2026-08-29,22402,22319,29,0.293,0,3,15,14.77,True
1324_10112_30_22319_22379,1324,10112,2026-08-29,22319,22379,30,0.302,1,1,15,14.81,True
1324_10112_31_22379_21802,1324,10112,2026-08-29,22379,21802,31,0.267,2,3,14,14.2,True
1324_10112_32_21802_21911,1324,10112,2026-08-29,21802,21911,32,0.397,0,0,14,14.2,True
1324_10112_33_21911_21857,1324,10112,2026-08-29,21911,21857,33,0.915,0,1,13,14.2,True
1324_10112_34_21857_21706,1324,10112,2026-08-29,21857,21706,34,0.595,1,2,12,14.56,True
1324_10112_35_21706_21868,1324,10112,2026-08-29,21706,21868,35,0.555,0,0,12,14.56,True
1324_10112_36_21868_20855,1324,10112,2026-08-29,21868,20855,36,0.651,3,3,12,20.8,True
1324_10112_37_20855_21173,1324,10112,2026-08-29,20855,21173,37,0.524,1,7,6,13.55,True
1324_10113_1_22645_PF3_22643,1324,10113,2026-08-29,22645_PF3,22643,1,0.335,2,0,2,3.05,True
1324_10113_2_22643_22183,1324,10113,2026-08-29,22643,22183,2,0.636,1,0,3,3.96,True
1324_10113_3_22183_22266,1324,10113,2026-08-29,22183,22266,3,0.581,1,0,4,4.91,True
1324_10113_4_22266_22457,1324,10113,2026-08-29,22266,22457,4,0.447,2,0,6,7.8,True
1324_10113_5_22457_22181,1324,10113,2026-08-29,22457,22181,5,0.61,3,0,9,13.5,True
1324_10113_6_22181_22513,1324,10113,2026-08-29,22181,22513,6,0.811,1,0,10,14.93,True
1324_10113_7_22513_22087,1324,10113,2026-08-29,22513,22087,7,0.625,1,0,11,17.43,True
1324_10113_8_22087_21740,1324,10113,2026-08-29,22087,21740,8,0.66,1,0,12,18.93,True
1324_10113_9_21740_38788,1324,10113,2026-08-29,21740,38788,9,0.434,3,2,13,17.86,True
1324_10113_10_38788_34294,1324,10113,2026-08-29,38788,34294,10,0.14,1,1,13,17.86,True
1324_10113_11_34294_22555,1324,10113,2026-08-29,34294,22555,11,0.819,3,0,16,20.47,True
1324_10113_12_22555_21846,1324,10113,2026-08-29,22555,21846,12,0.455,1,1,16,19.99,True
1324_10113_13_21846_22365,1324,10113,2026-08-29,21846,22365,13,0.521,1,3,14,17.31,True
1324_10113_14_22365_22186,1324,10113,2026-08-29,22365,22186,14,0.667,2,1,15,19.09,True
1324_10113_15_22186_22430,1324,10113,2026-08-29,22186,22430,15,0.238,2,1,16,20.15,True
1324_10113_16_22430_22126,1324,10113,2026-08-29,22430,22126,16,0.397,2,2,16,20.15,True
1324_10113_17_22126_21778,1324,10113,2026-08-29,22126,21778,17,0.749,1,3,14,16.96,True
1324_10113_18_21778_22541,1324,10113,2026-08-29,21778,22541,18,0.614,7,2,19,21.22,True
1324_10113_19_22541_21666,1324,10113,2026-08-29,22541,21666,19,0.391,2,1,20,22.35,True
1324_10113_20_21666_28167,1324,10113,2026-08-29,21666,28167,20,0.675,3,0,23,25.96,True
1324_10113_21_28167_22601,1324,10113,2026-08-29,28167,22601,21,0.238,3,1,25,27.96,True
1324_10113_22_22601_22382,1324,10113,2026-08-29,22601,22382,22,0.499,1,3,23,27.16,True
1324_10113_23_22382_35838,1324,10113,2026-08-29,22382,35838,23,0.173,2,2,23,27.09,True
1324_10113_24_35838_21522,1324,10113,2026-08-29,35838,21522,24,1.412,1,4,20,23.94,True
1324_10113_25_21522_22173,1324,10113,2026-08-29,21522,22173,25,1.291,1,1,20,26.44,True
1324_10113_26_22173_22136,1324,10113,2026-08-29,22173,22136,26,0.615,2,1,21,26.11,True
1324_10113_27_22136_22597,1324,10113,2026-08-29,22136,22597,27,0.589,1,1,21,25.11,True
1324_10113_28_22597_22402,1324,10113,2026-08-29,22597,22402,28,0.319,1,2,20,23.44,True
1324_10113_29_22402_22319,1324,10113,2026-08-29,22402,22319,29,0.293,0,1,19,22.33,True
1324_10113_30_22319_22379,1324,10113,2026-08-29,22319,22379,30,0.302,3,0,22,27.3,True
1324_10113_31_22379_21802,1324,10113,2026-08-29,22379,21802,31,0.267,0,1,21,27.3,True
1324_10113_32_21802_21911,1324,10113,2026-08-29,21802,21911,32,0.397,0,6,15,17.81,True
1324_10113_33_21911_21857,1324,10113,2026-08-29,21911,21857,33,0.915,0,0,15,17.81,True
1324_10113_34_21857_21706,1324,10113,2026-08-29,21857,21706,34,0.595,2,2,15,19.25,True
1324_10113_35_21706_21868,1324,10113,2026-08-29,21706,21868,35,0.555,1,4,12,16.57,True
1324_10113_36_21868_20855,1324,10113,2026-08-29,21868,20855,36,0.651,0,2,10,13.79,True
1324_10113_37_20855_21173,1324,10113,2026-08-29,20855,21173,37,0.524,2,5,7,18.74,True
1324_10114_1_22645_PF3_22643,1324,10114,2026-08-29,22645_PF3,22643,1,0.335,4,0,4,5.13,True
1324_10114_2_22643_22183,1324,10114,2026-08-29,22643,22183,2,0.636,5,0,9,12.38,True
1324_10114_3_22183_22266,1324,10114,2026-08-29,22183,22266,3,0.581,5,0,14,18.79,True
1324_10114_4_22266_22457,1324,10114,2026-08-29,22266,22457,4,0.447,0,0,14,18.79,True
1324_10114_5_22457_22181,1324,10114,2026-08-29,22457,22181,5,0.61,4,0,18,22.9,True
1324_10114_6_22181_22513,1324,10114,2026-08-29,22181,22513,6,0.811,0,0,18,22.9,True
1324_10114_7_22513_22087,1324,10114,2026-08-29,22513,22087,7,0.625,2,1,19,23.27,True
1324_10114_8_22087_21740,1324,10114,2026-08-29,22087,21740,8,0.66,2,0,21,25.32,True
1324_10114_9_21740_38788,1324,10114,2026-08-29,21740,38788,9,0.434,1,1,21,24.95,True
1324_10114_10_38788_34294,1324,10114,2026-08-29,38788,34294,10,0.14,1,1,21,23.76,True
1324_10114_11_34294_22555,1324,10114,2026-08-29,34294,22555,11,0.819,4,2,23,27.24,True
1324_10114_12_22555_21846,1324,10114,2026-08-29,22555,21846,12,0.455,1,0,24,27.24,True
1324_10114_13_21846_22365,1324,10114,2026-08-29,21846,22365,13,0.521,2,1,25,28.63,True
1324_10114_14_22365_22186,1324,10114,2026-08-29,22365,22186,14,0.667,3,0,28,31.94,True
1324_10114_15_22186_22430,1324,10114,2026-08-29,22186,22430,15,0.238,1,1,28,31.5,True
1324_10114_16_22430_22126,1324,10114,2026-08-29,22430,22126,16,0.397,4,4,28,31.84,True
1324_10114_17_22126_21778,1324,10114,2026-08-29,22126,21778,17,0.749,5,1,32,35.18,True
1324_10114_18_21778_22541,1324,10114,2026-08-29,21778,22541,18,0.614,1,4,29,31.21,True
1324_10114_19_22541_21666,1324,10114,2026-08-29,22541,21666,19,0.391,1,1,29,31.59,True
1324_10114_20_21666_28167,1324,10114,2026-08-29,21666,28167,20,0.675,0,0,29,31.59,True
1324_10114_21_28167_22601,1324,10114,2026-08-29,28167,22601,21,0.238,4,3,30,35.02,True
1324_10114_22_22601_22382,1324,10114,2026-08-29,22601,22382,22,0.499,0,1,29,33.35,True
1324_10114_23_22382_35838,1324,10114,2026-08-29,22382,35838,23,0.173,1,1,29,33.8,True
1324_10114_24_35838_21522,1324,10114,2026-08-29,35838,21522,24,1.412,2,4,27,30.82,True
1324_10114_25_21522_22173,1324,10114,2026-08-29,21522,22173,25,1.291,2,4,25,27.56,True
1324_10114_26_22173_22136,1324,10114,2026-08-29,22173,22136,26,0.615,2,3,24,27.06,True
1324_10114_27_22136_22597,1324,10114,2026-08-29,22136,22597,27,0.589,0,2,22,24.13,True
1324_10114_28_22597_22402,1324,10114,2026-08-29,22597,22402,28,0.319,2,1,23,26.23,True
1324_10114_29_22402_22319,1324,10114,2026-08-29,22402,22319,29,0.293,2,2,23,24.82,True
1324_10114_30_22319_22379,1324,10114,2026-08-29,22319,22379,30,0.302,1,1,23,25.62,True
1324_10114_31_22379_21802,1324,10114,2026-08-29,22379,21802,31,0.267,2,5,20,20.09,True
1324_10114_32_21802_21911,1324,10114,2026-08-29,21802,21911,32,0.397,0,3,17,17.36,True
1324_10114_33_21911_21857,1324,10114,2026-08-29,21911,21857,33,0.915,0,4,13,12.14,True
1324_10114_34_21857_21706,1324,10114,2026-08-29,21857,21706,34,0.595,0,2,11,10.48,True
1324_10114_35_21706_21868,1324,10114,2026-08-29,21706,21868,35,0.555,1,3,9,9.6,True
1324_10114_36_21868_20855,1324,10114,2026-08-29,21868,20855,36,0.651,3,4,8,17.35,True
1324_10114_37_20855_21173,1324,10114,2026-08-29,20855,21173,37,0.524,1,4,5,12.44,True
1324_10115_1_22645_PF3_22643,1324,10115,2026-08-29,22645_PF3,22643,1,0.335,2,0,2,2.88,True
1324_10115_2_22643_22183,1324,10115,2026-08-29,22643,22183,2,0.636,1,0,3,5.38,True
1324_10115_3_22183_22266,1324,10115,2026-08-29,22183,22266,3,0.581,3,0,6,8.62,True
1324_10115_4_22266_22457,1324,10115,2026-08-29,22266,22457,4,0.447,1,0,7,10.26,True
1324_10115_5_22457_22181,1324,10115,2026-08-29,22457,22181,5,0.61,4,0,11,17.32,True
1324_10115_6_22181_22513,1324,10115,2026-08-29,22181,22513,6,0.811,4,1,14,21.18,True
1324_10115_7_22513_22087,1324,10115,2026-08-29,22513,22087,7,0.625,2,1,15,20.06,True
1324_10115_8_22087_21740,1324,10115,2026-08-29,22087,21740,8,0.66,3,0,18,24.84,True
1324_10115_9_21740_38788,1324,10115,2026-08-29,21740,38788,9,0.434,0,1,17,22.34,True
1324_10115_10_38788_34294,1324,10115,2026-08-29,38788,34294,10,0.14,2,0,19,24.96,True
1324_10115_11_34294_22555,1324,10115,2026-08-29,34294,22555,11,0.819,2,1,20,25.58,True
1324_10115_12_22555_21846,1324,10115,2026-08-29,22555,21846,12,0.455,1,0,21,27.46,True
1324_10115_13_21846_22365,1324,10115,2026-08-29,21846,22365,13,0.521,3,2,22,29.63,True
1324_10115_14_22365_22186,1324,10115,2026-08-29,22365,22186,14,0.667,1,1,22,29.74,True
1324_10115_15_22186_22430,1324,10115,2026-08-29,22186,22430,15,0.238,3,2,23,29.78,True
1324_10115_16_22430_22126,1324,10115,2026-08-29,22430,22126,16,0.397,1,3,21,26.31,True
1324_10115_17_22126_21778,1324,10115,2026-08-29,22126,21778,17,0.749,4,2,23,26.78,True
1324_10115_18_21778_22541,1324,10115,2026-08-29,21778,22541,18,0.614,2,1,24,28.89,True
1324_10115_19_22541_21666,1324,10115,2026-08-29,22541,21666,19,0.391,2,2,24,28.63,True
1324_10115_20_21666_28167,1324,10115,2026-08-29,21666,28167,20,0.675,0,3,21,24.31,True
1324_10115_21_28167_22601,1324,10115,2026-08-29,28167,22601,21,0.238,2,2,21,24.92,True
1324_10115_22_22601_22382,1324,10115,2026-08-29,22601,22382,22,0.499,1,3,19,21.56,True
1324_10115_23_22382_35838,1324,10115,2026-08-29,22382,35838,23,0.173,2,1,20,23.83,True
1324_10115_24_35838_21522,1324,10115,2026-08-29,35838,21522,24,1.412,2,2,20,24.52,True
1324_10115_25_21522_22173,1324,10115,2026-08-29,21522,22173,25,1.291,2,1,21,26.15,True
1324_10115_26_22173_22136,1324,10115,2026-08-29,22173,22136,26,0.615,1,4,18,21.83,True
1324_10115_27_22136_22597,1324,10115,2026-08-29,22136,22597,27,0.589,2,0,20,24.75,True
1324_10115_28_22597_22402,1324,10115,2026-08-29,22597,22402,28,0.319,1,2,19,23.85,True
1324_10115_29_22402_22319,1324,10115,2026-08-29,22402,22319,29,0.293,1,1,19,23.82,True
1324_10115_30_22319_22379,1324,10115,2026-08-29,22319,22379,30,0.302,2,1,20,25.97,True
1324_10115_31_22379_21802,1324,10115,2026-08-29,22379,21802,31,0.267,0,1,19,24.77,True
1324_10115_32_21802_21911,1324,10115,2026-08-29,21802,21911,32,0.397,1,0,20,26.44,True
1324_10115_33_21911_21857,1324,10115,2026-08-29,21911,21857,33,0.915,0,3,17,22.02,True
1324_10115_34_21857_21706,1324,10115,2026-08-29,21857,21706,34,0.595,1,4,14,18.39,True
1324_10115_35_21706_21868,1324,10115,2026-08-29,21706,21868,35,0.555,0,2,12,15.48,True
1324_10115_36_21868_20855,1324,10115,2026-08-29,21868,20855,36,0.651,1,5,8,12.37,True
1324_10115_37_20855_21173,1324,10115,2026-08-29,20855,21173,37,0.524,1,4,5,13.38,True
1324_10116_1_22645_PF3_22643,1324,10116,2026-08-29,22645_PF3,22643,1,0.335,2,0,2,3.26,True
1324_10116_2_22643_22183,1324,10116,2026-08-29,22643,22183,2,0.636,2,0,4,4.55,True
1324_10116_3_22183_22266,1324,10116,2026-08-29,22183,22266,3,0.581,3,0,7,7.81,True
1324_10116_4_22266_22457,1324,10116,2026-08-29,22266,22457,4,0.447,0,0,7,7.81,True
1324_10116_5_22457_22181,1324,10116,2026-08-29,22457,22181,5,0.61,1,0,8,9.48,True
1324_10116_6_22181_22513,1324,10116,2026-08-29,22181,22513,6,0.811,1,0,9,10.53,True
1324_10116_7_22513_22087,1324,10116,2026-08-29,22513,22087,7,0.625,4,0,13,16.0,True
1324_10116_8_22087_21740,1324,10116,2026-08-29,22087,21740,8,0.66,2,0,15,18.5,True
1324_10116_9_21740_38788,1324,10116,2026-08-29,21740,38788,9,0.434,0,1,14,16.63,True
1324_10116_10_38788_34294,1324,10116,2026-08-29,38788,34294,10,0.14,4,2,16,17.74,True
1324_10116_11_34294_22555,1324,10116,2026-08-29,34294,22555,11,0.819,2,0,18,21.74,True
1324_10116_12_22555_21846,1324,10116,2026-08-29,22555,21846,12,0.455,0,0,18,21.74,True
1324_10116_13_21846_22365,1324,10116,2026-08-29,21846,22365,13,0.521,2,1,19,24.65,True
1324_10116_14_22365_22186,1324,10116,2026-08-29,22365,22186,14,0.667,5,3,21,27.51,True
1324_10116_15_22186_22430,1324,10116,2026-08-29,22186,22430,15,0.238,3,1,23,29.85,True
1324_10116_16_22430_22126,1324,10116,2026-08-29,22430,22126,16,0.397,2,3,22,26.85,True
1324_10116_17_22126_21778,1324,10116,2026-08-29,22126,21778,17,0.749,3,1,24,27.57,True
1324_10116_18_21778_22541,1324,10116,2026-08-29,21778,22541,18,0.614,2,1,25,28.59,True
1324_10116_19_22541_21666,1324,10116,2026-08-29,22541,21666,19,0.391,3,1,27,31.14,True
1324_10116_20_21666_28167,1324,10116,2026-08-29,21666,28167,20,0.675,3,2,28,32.64,True
1324_10116_21_28167_22601,1324,10116,2026-08-29,28167,22601,21,0.238,1,0,29,34.14,True
1324_10116_22_22601_22382,1324,10116,2026-08-29,22601,22382,22,0.499,1,1,29,34.59,True
1324_10116_23_22382_35838,1324,10116,2026-08-29,22382,35838,23,0.173,1,0,30,35.79,True
1324_10116_24_35838_21522,1324,10116,2026-08-29,35838,21522,24,1.412,2,5,27,33.81,True
1324_10116_25_21522_22173,1324,10116,2026-08-29,21522,22173,25,1.291,0,2,25,31.26,True
1324_10116_26_22173_22136,1324,10116,2026-08-29,22173,22136,26,0.615,1,2,24,31.26,True
1324_10116_27_22136_22597,1324,10116,2026-08-29,22136,22597,27,0.589,4,0,28,37.05,True
1324_10116_28_22597_22402,1324,10116,2026-08-29,22597,22402,28,0.319,1,1,28,37.05,True
1324_10116_29_22402_22319,1324,10116,2026-08-29,22402,22319,29,0.293,0,4,24,31.12,True
1324_10116_30_22319_22379,1324,10116,2026-08-29,22319,22379,30,0.302,0,4,20,25.29,True
1324_10116_31_22379_21802,1324,10116,2026-08-29,22379,21802,31,0.267,4,3,21,27.87,True
1324_10116_32_21802_21911,1324,10116,2026-08-29,21802,21911,32,0.397,2,1,22,31.37,True
1324_10116_33_21911_21857,1324,10116,2026-08-29,21911,21857,33,0.915,1,3,20,30.3,True
1324_10116_34_21857_21706,1324,10116,2026-08-29,21857,21706,34,0.595,1,5,16,25.04,True
1324_10116_35_21706_21868,1324,10116,2026-08-29,21706,21868,35,0.555,1,1,16,26.64,True
1324_10116_36_21868_20855,1324,10116,2026-08-29,21868,20855,36,0.651,1,6,11,19.25,True
1324_10116_37_20855_21173,1324,10116,2026-08-29,20855,21173,37,0.524,1,6,6,13.58,True
1324_10117_1_22645_PF3_22643,1324,10117,2026-08-29,22645_PF3,22643,1,0.335,1,0,1,1.12,True
1324_10117_2_22643_22183,1324,10117,2026-08-29,22643,22183,2,0.636,2,0,3,2.79,True
1324_10117_3_22183_22266,1324,10117,2026-08-29,22183,22266,3,0.581,2,0,5,5.29,True
1324_10117_4_22266_22457,1324,10117,2026-08-29,22266,22457,4,0.447,3,0,8,9.57,True
1324_10117_5_22457_22181,1324,10117,2026-08-29,22457,22181,5,0.61,4,0,12,16.66,True
1324_10117_6_22181_22513,1324,10117,2026-08-29,22181,22513,6,0.811,4,1,15,20.83,True
1324_10117_7_22513_22087,1324,10117,2026-08-29,22513,22087,7,0.625,1,1,15,19.17,True
1324_10117_8_22087_21740,1324,10117,2026-08-29,22087,21740,8,0.66,3,0,18,22.95,True
1324_10117_9_21740_38788,1324,10117,2026-08-29,21740,38788,9,0.434,7,1,24,28.62,True
1324_10117_10_38788_34294,1324,10117,2026-08-29,38788,34294,10,0.14,0,0,24,28.62,True
1324_10117_11_34294_22555,1324,10117,2026-08-29,34294,22555,11,0.819,0,1,23,26.95,True
1324_10117_12_22555_21846,1324,10117,2026-08-29,22555,21846,12,0.455,4,3,24,27.01,True
1324_10117_13_21846_22365,1324,10117,2026-08-29,21846,22365,13,0.521,0,4,20,21.34,True
1324_10117_14_22365_22186,1324,10117,2026-08-29,22365,22186,14,0.667,3,1,22,22.98,True
1324_10117_15_22186_22430,1324,10117,2026-08-29,22186,22430,15,0.238,1,1,22,23.14,True
1324_10117_16_22430_22126,1324,10117,2026-08-29,22430,22126,16,0.397,1,1,22,23.31,True
1324_10117_17_22126_21778,1324,10117,2026-08-29,22126,21778,17,0.749,4,2,24,29.48,True
1324_10117_18_21778_22541,1324,10117,2026-08-29,21778,22541,18,0.614,1,2,23,26.15,True
1324_10117_19_22541_21666,1324,10117,2026-08-29,22541,21666,19,0.391,1,3,21,25.01,True
1324_10117_20_21666_28167,1324,10117,2026-08-29,21666,28167,20,0.675,0,2,19,22.05,True
1324_10117_21_28167_22601,1324,10117,2026-08-29,28167,22601,21,0.238,1,2,18,20.55,True
1324_10117_22_22601_22382,1324,10117,2026-08-29,22601,22382,22,0.499,1,1,18,20.39,True
1324_10117_23_22382_35838,1324,10117,2026-08-29,22382,35838,23,0.173,2,2,18,20.94,True
1324_10117_24_35838_21522,1324,10117,2026-08-29,35838,21522,24,1.412,0,1,17,19.99,True
1324_10117_25_21522_22173,1324,10117,2026-08-29,21522,22173,25,1.291,1,6,12,12.32,True
1324_10117_26_22173_22136,1324,10117,2026-08-29,22173,22136,26,0.615,1,0,13,13.99,True
1324_10117_27_22136_22597,1324,10117,2026-08-29,22136,22597,27,0.589,3,3,13,13.48,True
1324_10117_28_22597_22402,1324,10117,2026-08-29,22597,22402,28,0.319,1,0,14,15.15,True
1324_10117_29_22402_22319,1324,10117,2026-08-29,22402,22319,29,0.293,3,3,14,17.24,True
1324_10117_30_22319_22379,1324,10117,2026-08-29,22319,22379,30,0.302,4,0,18,24.09,True
1324_10117_31_22379_21802,1324,10117,2026-08-29,22379,21802,31,0.267,0,2,16,23.04,True
1324_10117_32_21802_21911,1324,10117,2026-08-29,21802,21911,32,0.397,1,4,13,20.37,True
1324_10117_33_21911_21857,1324,10117,2026-08-29,21911,21857,33,0.915,2,1,14,23.54,True
1324_10117_34_21857_21706,1324,10117,2026-08-29,21857,21706,34,0.595,1,4,11,18.61,True
1324_10117_35_21706_21868,1324,10117,2026-08-29,21706,21868,35,0.555,2,0,13,18.61,True
1324_10117_36_21868_20855,1324,10117,2026-08-29,21868,20855,36,0.651,0,4,9,13.88,True
1324_10117_37_20855_21173,1324,10117,2026-08-29,20855,21173,37,0.524,2,2,9,20.78,True
1324_10118_1_22645_PF3_22643,1324,10118,2026-08-29,22645_PF3,22643,1,0.335,2,0,2,2.47,True
1324_10118_2_22643_22183,1324,10118,2026-08-29,22643,22183,2,0.636,5,0,7,8.61,True
1324_10118_3_22183_22266,1324,10118,2026-08-29,22183,22266,3,0.581,1,0,8,10.49,True
1324_10118_4_22266_22457,1324,10118,2026-08-29,22266,22457,4,0.447,2,0,10,14.0,True
1324_10118_5_22457_22181,1324,10118,2026-08-29,22457,22181,5,0.61,4,0,14,17.96,True
1324_10118_6_22181_22513,1324,10118,2026-08-29,22181,22513,6,0.811,1,0,15,17.96,True
1324_10118_7_22513_22087,1324,10118,2026-08-29,22513,22087,7,0.625,2,0,17,19.09,True
1324_10118_8_22087_21740,1324,10118,2026-08-29,22087,21740,8,0.66,4,0,21,24.98,True
1324_10118_9_21740_38788,1324,10118,2026-08-29,21740,38788,9,0.434,1,0,22,26.48,True
1324_10118_10_38788_34294,1324,10118,2026-08-29,38788,34294,10,0.14,4,0,26,30.96,True
1324_10118_11_34294_22555,1324,10118,2026-08-29,34294,22555,11,0.819,1,3,24,28.25,True
1324_10118_12_22555_21846,1324,10118,2026-08-29,22555,21846,12,0.455,2,3,23,25.93,True
1324_10118_13_21846_22365,1324,10118,2026-08-29,21846,22365,13,0.521,0,0,23,25.93,True
1324_10118_14_22365_22186,1324,10118,2026-08-29,22365,22186,14,0.667,2,3,22,23.59,True
1324_10118_15_22186_22430,1324,10118,2026-08-29,22186,22430,15,0.238,1,2,21,20.83,True
1324_10118_16_22430_22126,1324,10118,2026-08-29,22430,22126,16,0.397,2,0,23,24.12,True
1324_10118_17_22126_21778,1324,10118,2026-08-29,22126,21778,17,0.749,2,1,24,25.62,True
1324_10118_18_21778_22541,1324,10118,2026-08-29,21778,22541,18,0.614,1,3,22,22.55,True
1324_10118_19_22541_21666,1324,10118,2026-08-29,22541,21666,19,0.391,4,2,24,23.29,True
1324_10118_20_21666_28167,1324,10118,2026-08-29,21666,28167,20,0.675,3,2,25,25.77,True
1324_10118_21_28167_22601,1324,10118,2026-08-29,28167,22601,21,0.238,2,3,24,26.28,True
1324_10118_22_22601_22382,1324,10118,2026-08-29,22601,22382,22,0.499,2,1,25,28.46,True
1324_10118_23_22382_35838,1324,10118,2026-08-29,22382,35838,23,0.173,0,1,24,27.33,True
1324_10118_24_35838_21522,1324,10118,2026-08-29,35838,21522,24,1.412,1,0,25,29.48,True
1324_10118_25_21522_22173,1324,10118,2026-08-29,21522,22173,25,1.291,0,3,22,26.58,True
1324_10118_26_22173_22136,1324,10118,2026-08-29,22173,22136,26,0.615,1,1,22,28.25,True
1324_10118_27_22136_22597,1324,10118,2026-08-29,22136,22597,27,0.589,0,0,22,28.25,True
1324_10118_28_22597_22402,1324,10118,2026-08-29,22597,22402,28,0.319,1,2,21,27.42,True
1324_10118_29_22402_22319,1324,10118,2026-08-29,22402,22319,29,0.293,2,4,19,23.87,True
1324_10118_30_22319_22379,1324,10118,2026-08-29,22319,22379,30,0.302,0,2,17,20.79,True
1324_10118_31_22379_21802,1324,10118,2026-08-29,22379,21802,31,0.267,0,5,12,13.3,True
1324_10118_32_21802_21911,1324,10118,2026-08-29,21802,21911,32,0.397,2,1,13,15.8,True
1324_10118_33_21911_21857,1324,10118,2026-08-29,21911,21857,33,0.915,1,2,12,16.11,True
1324_10118_34_21857_21706,1324,10118,2026-08-29,21857,21706,34,0.595,2,1,13,18.89,True
1324_10118_35_21706_21868,1324,10118,2026-08-29,21706,21868,35,0.555,3,1,15,23.89,True
1324_10118_36_21868_20855,1324,10118,2026-08-29,21868,20855,36,0.651,1,5,11,17.55,True
1324_10118_37_20855_21173,1324,10118,2026-08-29,20855,21173,37,0.524,1,6,6,12.83,True
1324_10119_1_22645_PF3_22643,1324,10119,2026-08-29,22645_PF3,22643,1,0.335,2,0,2,2.85,True
1324_10119_2_22643_22183,1324,10119,2026-08-29,22643,22183,2,0.636,1,0,3,3.9,True
1324_10119_3_22183_22266,1324,10119,2026-08-29,22183,22266,3,0.581,3,0,6,7.73,True
1324_10119_4_22266_22457,1324,10119,2026-08-29,22266,22457,4,0.447,2,0,8,10.11,True
1324_10119_5_22457_22181,1324,10119,2026-08-29,22457,22181,5,0.61,3,0,11,15.49,True
1324_10119_6_22181_22513,1324,10119,2026-08-29,22181,22513,6,0.811,0,1,10,13.49,True
1324_10119_7_22513_22087,1324,10119,2026-08-29,22513,22087,7,0.625,0,0,10,13.49,True
1324_10119_8_22087_21740,1324,10119,2026-08-29,22087,21740,8,0.66,2,0,12,16.49,True
1324_10119_9_21740_38788,1324,10119,2026-08-29,21740,38788,9,0.434,3,1,14,19.85,True
1324_10119_10_38788_34294,1324,10119,2026-08-29,38788,34294,10,0.14,1,1,14,19.05,True
1324_10119_11_34294_22555,1324,10119,2026-08-29,34294,22555,11,0.819,4,0,18,22.84,True
1324_10119_12_22555_21846,1324,10119,2026-08-29,22555,21846,12,0.455,3,0,21,27.05,True
1324_10119_13_21846_22365,1324,10119,2026-08-29,21846,22365,13,0.521,2,1,22,29.17,True
1324_10119_14_22365_22186,1324,10119,2026-08-29,22365,22186,14,0.667,2,1,23,29.54,True
1324_10119_15_22186_22430,1324,10119,2026-08-29,22186,22430,15,0.238,2,2,23,27.69,True
1324_10119_16_22430_22126,1324,10119,2026-08-29,22430,22126,16,0.397,1,1,23,27.32,True
1324_10119_17_22126_21778,1324,10119,2026-08-29,22126,21778,17,0.749,0,1,22,26.03,True
1324_10119_18_21778_22541,1324,10119,2026-08-29,21778,22541,18,0.614,3,3,22,25.05,True
1324_10119_19_22541_21666,1324,10119,2026-08-29,22541,21666,19,0.391,1,1,22,23.62,True
1324_10119_20_21666_28167,1324,10119,2026-08-29,21666,28167,20,0.675,3,2,23,24.27,True
1324_10119_21_28167_22601,1324,10119,2026-08-29,28167,22601,21,0.238,1,1,23,24.42,True
1324_10119_22_22601_22382,1324,10119,2026-08-29,22601,22382,22,0.499,0,0,23,24.42,True
1324_10119_23_22382_35838,1324,10119,2026-08-29,22382,35838,23,0.173,0,1,22,22.92,True
1324_10119_24_35838_21522,1324,10119,2026-08-29,35838,21522,24,1.412,0,1,21,21.25,True
1324_10119_25_21522_22173,1324,10119,2026-08-29,21522,22173,25,1.291,3,1,23,24.65,True
1324_10119_26_22173_22136,1324,10119,2026-08-29,22173,22136,26,0.615,0,2,21,22.28,True
1324_10119_27_22136_22597,1324,10119,2026-08-29,22136,22597,27,0.589,3,1,23,25.24,True
1324_10119_28_22597_22402,1324,10119,2026-08-29,22597,22402,28,0.319,2,1,24,26.64,True
1324_10119_29_22402_22319,1324,10119,2026-08-29,22402,22319,29,0.293,1,1,24,28.31,True
1324_10119_30_22319_22379,1324,10119,2026-08-29,22319,22379,30,0.302,1,3,22,30.11,True
1324_10119_31_22379_21802,1324,10119,2026-08-29,22379,21802,31,0.267,3,2,23,28.87,True
1324_10119_32_21802_21911,1324,10119,2026-08-29,21802,21911,32,0.397,0,3,20,25.07,True
1324_10119_33_21911_21857,1324,10119,2026-08-29,21911,21857,33,0.915,1,1,20,26.07,True
1324_10119_34_21857_21706,1324,10119,2026-08-29,21857,21706,34,0.595,1,2,19,24.94,True
1324_10119_35_21706_21868,1324,10119,2026-08-29,21706,21868,35,0.555,4,6,17,22.49,True
1324_10119_36_21868_20855,1324,10119,2026-08-29,21868,20855,36,0.651,0,2,15,20.33,True
1324_10119_37_20855_21173,1324,10119,2026-08-29,20855,21173,37,0.524,1,5,11,16.96,True
999_1012_1_21172_PF10_20857,999,1012,2026-08-29,21172_PF10,20857,1,0.601,2,0,2,2.5,True
999_1012_2_20857_21520,999,1012,2026-08-29,20857,21520,2,0.787,2,0,4,3.79,True
999_1012_3_21520_21574,999,1012,2026-08-29,21520,21574,3,0.502,2,0,6,6.71,True
999_1012_4_21574_21193,999,1012,2026-08-29,21574,21193,4,0.419,2,0,8,8.0,True
999_1012_5_21193_23674,999,1012,2026-08-29,21193,23674,5,0.796,3,1,10,8.76,True
999_1012_6_23674_20927,999,1012,2026-08-29,23674,20927,6,0.776,2,0,12,10.43,True
999_1012_7_20927_21166_PF1,999,1012,2026-08-29,20927,21166_PF1,7,0.356,5,0,17,20.75,True
999_1012_8_21166_PF1_23825,999,1012,2026-08-29,21166_PF1,23825,8,0.365,2,2,17,19.92,True
999_1012_9_23825_21565,999,1012,2026-08-29,23825,21565,9,0.4,1,0,18,21.12,True
999_1012_10_21565_21603,999,1012,2026-08-29,21565,21603,10,0.383,2,2,18,20.06,True
999_1012_11_21603_21458,999,1012,2026-08-29,21603,21458,11,0.504,1,1,18,21.12,True
999_1012_12_21458_21593,999,1012,2026-08-29,21458,21593,12,0.493,1,1,18,20.81,True
999_1012_13_21593_21447,999,1012,2026-08-29,21593,21447,13,0.605,1,2,17,18.94,True
999_1012_14_21447_21544_PF1,999,1012,2026-08-29,21447,21544_PF1,14,0.561,4,0,21,25.36,True
999_1012_15_21544_PF1_21543,999,1012,2026-08-29,21544_PF1,21543,15,0.634,2,1,22,27.11,True
999_1012_16_21543_21445,999,1012,2026-08-29,21543,21445,16,0.199,0,2,20,24.15,True
999_1012_17_21445_21449,999,1012,2026-08-29,21445,21449,17,0.356,2,3,19,24.57,True
999_1012_18_21449_21148,999,1012,2026-08-29,21449,21148,18,0.38,1,2,18,23.57,True
999_1012_19_21148_20623_PF5,999,1012,2026-08-29,21148,20623_PF5,19,0.637,4,3,19,21.71,True
999_1012_20_20623_PF5_21713,999,1012,2026-08-29,20623_PF5,21713,20,0.378,4,2,21,25.72,True
999_1012_21_21713_22295,999,1012,2026-08-29,21713,22295,21,0.345,1,4,18,22.51,True
999_1012_22_22295_35150,999,1012,2026-08-29,22295,35150,22,0.265,1,3,16,19.6,True
999_1012_23_35150_22631,999,1012,2026-08-29,35150,22631,23,0.366,2,3,15,15.86,True
999_1012_24_22631_20897,999,1012,2026-08-29,22631,20897,24,0.384,2,3,14,15.66,True
999_1012_25_20897_21874,999,1012,2026-08-29,20897,21874,25,0.5,3,2,15,16.13,True
999_1012_26_21874_22213,999,1012,2026-08-29,21874,22213,26,0.555,0,5,10,9.29,True
999_1012_27_22213_22211,999,1012,2026-08-29,22213,22211,27,0.269,1,3,8,12.86,True
1324_10120_1_22645_PF3_22643,1324,10120,2026-08-29,22645_PF3,22643,1,0.335,5,0,5,5.83,True
1324_10120_2_22643_22183,1324,10120,2026-08-29,22643,22183,2,0.636,2,0,7,9.47,True
1324_10120_3_22183_22266,1324,10120,2026-08-29,22183,22266,3,0.581,6,0,13,20.84,True
1324_10120_4_22266_22457,1324,10120,2026-08-29,22266,22457,4,0.447,1,1,13,22.34,True
1324_10120_5_22457_22181,1324,10120,2026-08-29,22457,22181,5,0.61,3,0,16,25.91,True
1324_10120_6_22181_22513,1324,10120,2026-08-29,22181,22513,6,0.811,0,1,15,24.24,True
1324_10120_7_22513_22087,1324,10120,2026-08-29,22513,22087,7,0.625,1,1,15,24.08,True
1324_10120_8_22087_21740,1324,10120,2026-08-29,22087,21740,8,0.66,4,0,19,31.67,True
1324_10120_9_21740_38788,1324,10120,2026-08-29,21740,38788,9,0.434,1,3,17,25.99,True
1324_10120_10_38788_34294,1324,10120,2026-08-29,38788,34294,10,0.14,3,2,18,25.76,True
1324_10120_11_34294_22555,1324,10120,2026-08-29,34294,22555,11,0.819,2,2,18,24.68,True
1324_10120_12_22555_21846,1324,10120,2026-08-29,22555,21846,12,0.455,3,1,20,26.14,True
1324_10120_13_21846_22365,1324,10120,2026-08-29,21846,22365,13,0.521,2,2,20,25.64,True
1324_10120_14_22365_22186,1324,10120,2026-08-29,22365,22186,14,0.667,6,2,24,29.05,True
1324_10120_15_22186_22430,1324,10120,2026-08-29,22186,22430,15,0.238,3,2,25,30.03,True
1324_10120_16_22430_22126,1324,10120,2026-08-29,22430,22126,16,0.397,4,0,29,36.36,True
1324_10120_17_22126_21778,1324,10120,2026-08-29,22126,21778,17,0.749,0,2,27,33.19,True
1324_10120_18_21778_22541,1324,10120,2026-08-29,21778,22541,18,0.614,1,1,27,34.58,True
1324_10120_19_22541_21666,1324,10120,2026-08-29,22541,21666,19,0.391,3,3,27,31.99,True
1324_10120_20_21666_28167,1324,10120,2026-08-29,21666,28167,20,0.675,2,0,29,35.26,True
1324_10120_21_28167_22601,1324,10120,2026-08-29,28167,22601,21,0.238,1,2,28,33.44,True
1324_10120_22_22601_22382,1324,10120,2026-08-29,22601,22382,22,0.499,1,0,29,35.94,True
1324_10120_23_22382_35838,1324,10120,2026-08-29,22382,35838,23,0.173,1,3,27,32.71,True
1324_10120_24_35838_21522,1324,10120,2026-08-29,35838,21522,24,1.412,1,4,24,29.7,True
1324_10120_25_21522_22173,1324,10120,2026-08-29,21522,22173,25,1.291,1,4,21,27.41,True
1324_10120_26_22173_22136,1324,10120,2026-08-29,22173,22136,26,0.615,1,4,18,24.08,True
1324_10120_27_22136_22597,1324,10120,2026-08-29,22136,22597,27,0.589,1,3,16,21.87,True
1324_10120_28_22597_22402,1324,10120,2026-08-29,22597,22402,28,0.319,1,3,14,16.97,True
1324_10120_29_22402_22319,1324,10120,2026-08-29,22402,22319,29,0.293,0,2,12,14.57,True
1324_10120_30_22319_22379,1324,10120,2026-08-29,22319,22379,30,0.302,1,0,13,16.24,True
1324_10120_31_22379_21802,1324,10120,2026-08-29,22379,21802,31,0.267,2,2,13,16.52,True
1324_10120_32_21802_21911,1324,10120,2026-08-29,21802,21911,32,0.397,4,0,17,24.85,True
1324_10120_33_21911_21857,1324,10120,2026-08-29,21911,21857,33,0.915,0,3,14,20.26,True
1324_10120_34_21857_21706,1324,10120,2026-08-29,21857,21706,34,0.595,3,2,15,23.83,True
1324_10120_35_21706_21868,1324,10120,2026-08-29,21706,21868,35,0.555,1,2,14,24.66,True
1324_10120_36_21868_20855,1324,10120,2026-08-29,21868,20855,36,0.651,0,7,7,13.18,True
1324_10120_37_20855_21173,1324,10120,2026-08-29,20855,21173,37,0.524,1,3,5,12.73,True
1324_10121_1_22645_PF3_22643,1324,10121,2026-08-29,22645_PF3,22643,1,0.335,0,0,0,0.0,True
1324_10121_2_22643_22183,1324,10121,2026-08-29,22643,22183,2,0.636,1,0,1,1.64,True
1324_10121_3_22183_22266,1324,10121,2026-08-29,22183,22266,3,0.581,1,0,2,2.76,True
1324_10121_4_22266_22457,1324,10121,2026-08-29,22266,22457,4,0.447,3,0,5,4.72,True
1324_10121_5_22457_22181,1324,10121,2026-08-29,22457,22181,5,0.61,0,0,5,4.72,True
1324_10121_6_22181_22513,1324,10121,2026-08-29,22181,22513,6,0.811,1,0,6,4.72,True
1324_10121_7_22513_22087,1324,10121,2026-08-29,22513,22087,7,0.625,0,0,6,4.72,True
1324_10121_8_22087_21740,1324,10121,2026-08-29,22087,21740,8,0.66,1,0,7,4.72,True
1324_10121_9_21740_38788,1324,10121,2026-08-29,21740,38788,9,0.434,0,0,7,4.72,True
1324_10121_10_38788_34294,1324,10121,2026-08-29,38788,34294,10,0.14,1,0,8,5.84,True
1324_10121_11_34294_22555,1324,10121,2026-08-29,34294,22555,11,0.819,3,0,11,10.19,True
1324_10121_12_22555_21846,1324,10121,2026-08-29,22555,21846,12,0.455,3,1,13,13.32,True
1324_10121_13_21846_22365,1324,10121,2026-08-29,21846,22365,13,0.521,1,1,13,13.69,True
1324_10121_14_22365_22186,1324,10121,2026-08-29,22365,22186,14,0.667,1,0,14,13.69,True
1324_10121_15_22186_22430,1324,10121,2026-08-29,22186,22430,15,0.238,2,0,16,14.8,True
1324_10121_16_22430_22126,1324,10121,2026-08-29,22430,22126,16,0.397,2,0,18,18.27,True
1324_10121_17_22126_21778,1324,10121,2026-08-29,22126,21778,17,0.749,1,1,18,20.07,True
1324_10121_18_21778_22541,1324,10121,2026-08-29,21778,22541,18,0.614,3,1,20,22.44,True
1324_10121_19_22541_21666,1324,10121,2026-08-29,22541,21666,19,0.391,1,3,18,19.8,True
1324_10121_20_21666_28167,1324,10121,2026-08-29,21666,28167,20,0.675,3,2,19,22.83,True
1324_10121_21_28167_22601,1324,10121,2026-08-29,28167,22601,21,0.238,2,0,21,25.99,True
1324_10121_22_22601_22382,1324,10121,2026-08-29,22601,22382,22,0.499,2,3,20,24.46,True
1324_10121_23_22382_35838,1324,10121,2026-08-29,22382,35838,23,0.173,0,2,18,20.96,True
1324_10121_24_35838_21522,1324,10121,2026-08-29,35838,21522,24,1.412,0,1,17,19.85,True
1324_10121_25_21522_22173,1324,10121,2026-08-29,21522,22173,25,1.291,0,0,17,19.85,True
1324_10121_26_22173_22136,1324,10121,2026-08-29,22173,22136,26,0.615,1,2,16,18.35,True
1324_10121_27_22136_22597,1324,10121,2026-08-29,22136,22597,27,0.589,0,2,14,14.41,True
1324_10121_28_22597_22402,1324,10121,2026-08-29,22597,22402,28,0.319,0,2,12,13.24,True
1324_10121_29_22402_22319,1324,10121,2026-08-29,22402,22319,29,0.293,0,1,11,11.36,True
1324_10121_30_22319_22379,1324,10121,2026-08-29,22319,22379,30,0.302,0,0,11,11.36,True
1324_10121_31_22379_21802,1324,10121,2026-08-29,22379,21802,31,0.267,2,0,13,14.79,True
1324_10121_32_21802_21911,1324,10121,2026-08-29,21802,21911,32,0.397,3,1,15,19.46,True
1324_10121_33_21911_21857,1324,10121,2026-08-29,21911,21857,33,0.915,0,1,14,18.03,True
1324_10121_34_21857_21706,1324,10121,2026-08-29,21857,21706,34,0.595,0,3,11,13.49,True
1324_10121_35_21706_21868,1324,10121,2026-08-29,21706,21868,35,0.555,1,2,10,12.49,True
1324_10121_36_21868_20855,1324,10121,2026-08-29,21868,20855,36,0.651,0,1,9,10.49,True
1324_10121_37_20855_21173,1324,10121,2026-08-29,20855,21173,37,0.524,0,6,3,4.76,True
1324_10122_1_22645_PF3_22643,1324,10122,2026-08-29,22645_PF3,22643,1,0.335,1,0,1,1.38,True
1324_10122_2_22643_22183,1324,10122,2026-08-29,22643,22183,2,0.636,3,0,4,9.01,True
1324_10122_3_22183_22266,1324,10122,2026-08-29,22183,22266,3,0.581,2,1,5,7.55,True
1324_10122_4_22266_22457,1324,10122,2026-08-29,22266,22457,4,0.447,2,0,7,9.61,True
1324_10122_5_22457_22181,1324,10122,2026-08-29,22457,22181,5,0.61,2,0,9,12.11,True
1324_10122_6_22181_22513,1324,10122,2026-08-29,22181,22513,6,0.811,5,0,14,20.76,True
1324_10122_7_22513_22087,1324,10122,2026-08-29,22513,22087,7,0.625,4,1,17,24.32,True
1324_10122_8_22087_21740,1324,10122,2026-08-29,22087,21740,8,0.66,1,1,17,24.32,True
1324_10122_9_21740_38788,1324,10122,2026-08-29,21740,38788,9,0.434,2,2,17,21.65,True
1324_10122_10_38788_34294,1324,10122,2026-08-29,38788,34294,10,0.14,2,0,19,23.73,True
1324_10122_11_34294_22555,1324,10122,2026-08-29,34294,22555,11,0.819,1,2,18,21.39,True
1324_10122_12_22555_21846,1324,10122,2026-08-29,22555,21846,12,0.455,0,1,17,19.73,True
1324_10122_13_21846_22365,1324,10122,2026-08-29,21846,22365,13,0.521,5,0,22,24.78,True
1324_10122_14_22365_22186,1324,10122,2026-08-29,22365,22186,14,0.667,3,2,23,25.58,True
1324_10122_15_22186_22430,1324,10122,2026-08-29,22186,22430,15,0.238,4,1,26,28.2,True
1324_10122_16_22430_22126,1324,10122,2026-08-29,22430,22126,16,0.397,3,1,28,31.5,True
1324_10122_17_22126_21778,1324,10122,2026-08-29,22126,21778,17,0.749,2,0,30,35.64,True
1324_10122_18_21778_22541,1324,10122,2026-08-29,21778,22541,18,0.614,2,0,32,36.76,True
1324_10122_19_22541_21666,1324,10122,2026-08-29,22541,21666,19,0.391,1,3,30,32.59,True
1324_10122_20_21666_28167,1324,10122,2026-08-29,21666,28167,20,0.675,1,4,27,27.99,True
1324_10122_21_28167_22601,1324,10122,2026-08-29,28167,22601,21,0.238,0,3,24,24.43,True
1324_10122_22_22601_22382,1324,10122,2026-08-29,22601,22382,22,0.499,2,1,25,26.41,True
1324_10122_23_22382_35838,1324,10122,2026-08-29,22382,35838,23,0.173,1,1,25,26.48,True
1324_10122_24_35838_21522,1324,10122,2026-08-29,35838,21522,24,1.412,3,5,23,27.75,True
1324_10122_25_21522_22173,1324,10122,2026-08-29,21522,22173,25,1.291,1,1,23,29.63,True
1324_10122_26_22173_22136,1324,10122,2026-08-29,22173,22136,26,0.615,5,2,26,33.25,True
1324_10122_27_22136_22597,1324,10122,2026-08-29,22136,22597,27,0.589,1,1,26,32.61,True
1324_10122_28_22597_22402,1324,10122,2026-08-29,22597,22402,28,0.319,1,4,23,28.48,True
1324_10122_29_22402_22319,1324,10122,2026-08-29,22402,22319,29,0.293,0,2,21,25.47,True
1324_10122_30_22319_22379,1324,10122,2026-08-29,22319,22379,30,0.302,0,3,18,21.72,True
1324_10122_31_22379_21802,1324,10122,2026-08-29,22379,21802,31,0.267,1,2,17,20.75,True
1324_10122_32_21802_21911,1324,10122,2026-08-29,21802,21911,32,0.397,0,4,13,17.08,True
1324_10122_33_21911_21857,1324,10122,2026-08-29,21911,21857,33,0.915,2,5,10,14.66,True
1324_10122_34_21857_21706,1324,10122,2026-08-29,21857,21706,34,0.595,0,2,8,12.03,True
1324_10122_35_21706_21868,1324,10122,2026-08-29,21706,21868,35,0.555,3,1,10,14.56,True
1324_10122_36_21868_20855,1324,10122,2026-08-29,21868,20855,36,0.651,1,2,9,11.56,True
1324_10122_37_20855_21173,1324,10122,2026-08-29,20855,21173,37,0.524,0,4,5,8.53,True
1324_10123_1_22645_PF3_22643,1324,10123,2026-08-29,22645_PF3,22643,1,0.335,0,0,0,0.0,True
1324_10123_2_22643_22183,1324,10123,2026-08-29,22643,22183,2,0.636,3,0,3,5.02,True
1324_10123_3_22183_22266,1324,10123,2026-08-29,22183,22266,3,0.581,1,0,4,6.69,True
1324_10123_4_22266_22457,1324,10123,2026-08-29,22266,22457,4,0.447,5,0,9,11.36,True
1324_10123_5_22457_22181,1324,10123,2026-08-29,22457,22181,5,0.61,1,0,10,13.03,True
1324_10123_6_22181_22513,1324,10123,2026-08-29,22181,22513,6,0.811,0,0,10,13.03,True
1324_10123_7_22513_22087,1324,10123,2026-08-29,22513,22087,7,0.625,1,1,10,12.53,True
1324_10123_8_22087_21740,1324,10123,2026-08-29,22087,21740,8,0.66,0,0,10,12.53,True
1324_10123_9_21740_38788,1324,10123,2026-08-29,21740,38788,9,0.434,1,1,10,11.99,True
1324_10123_10_38788_34294,1324,10123,2026-08-29,38788,34294,10,0.14,6,0,16,19.31,True
1324_10123_11_34294_22555,1324,10123,2026-08-29,34294,22555,11,0.819,4,0,20,24.72,True
1324_10123_12_22555_21846,1324,10123,2026-08-29,22555,21846,12,0.455,2,0,22,28.89,True
1324_10123_13_21846_22365,1324,10123,2026-08-29,21846,22365,13,0.521,3,2,23,30.03,True
1324_10123_14_22365_22186,1324,10123,2026-08-29,22365,22186,14,0.667,1,4,20,24.42,True
1324_10123_15_22186_22430,1324,10123,2026-08-29,22186,22430,15,0.238,4,2,22,25.31,True
1324_10123_16_22430_22126,1324,10123,2026-08-29,22430,22126,16,0.397,1,2,21,24.81,True
1324_10123_17_22126_21778,1324,10123,2026-08-29,22126,21778,17,0.749,1,0,22,26.01,True
1324_10123_18_21778_22541,1324,10123,2026-08-29,21778,22541,18,0.614,0,0,22,26.01,True
1324_10123_19_22541_21666,1324,10123,2026-08-29,22541,21666,19,0.391,4,1,25,29.55,True
1324_10123_20_21666_28167,1324,10123,2026-08-29,21666,28167,20,0.675,1,1,25,30.43,True
1324_10123_21_28167_22601,1324,10123,2026-08-29,28167,22601,21,0.238,1,2,24,30.05,True
1324_10123_22_22601_22382,1324,10123,2026-08-29,22601,22382,22,0.499,1,4,21,26.52,True
1324_10123_23_22382_35838,1324,10123,2026-08-29,22382,35838,23,0.173,1,1,21,26.69,True
1324_10123_24_35838_21522,1324,10123,2026-08-29,35838,21522,24,1.412,1,0,22,28.57,True
1324_10123_25_21522_22173,1324,10123,2026-08-29,21522,22173,25,1.291,2,3,21,27.62,True
1324_10123_26_22173_22136,1324,10123,2026-08-29,22173,22136,26,0.615,3,1,23,28.16,True
1324_10123_27_22136_22597,1324,10123,2026-08-29,22136,22597,27,0.589,2,2,23,28.04,True
1324_10123_28_22597_22402,1324,10123,2026-08-29,22597,22402,28,0.319,1,2,22,26.65,True
1324_10123_29_22402_22319,1324,10123,2026-08-29,22402,22319,29,0.293,1,0,23,27.9,True
1324_10123_30_22319_22379,1324,10123,2026-08-29,22319,22379,30,0.302,3,2,24,31.3,True
1324_10123_31_22379_21802,1324,10123,2026-08-29,22379,21802,31,0.267,1,1,24,31.23,True
1324_10123_32_21802_21911,1324,10123,2026-08-29,21802,21911,32,0.397,0,5,19,24.1,True
1324_10123_33_21911_21857,1324,10123,2026-08-29,21911,21857,33,0.915,1,6,14,16.96,True
1324_10123_34_21857_21706,1324,10123,2026-08-29,21857,21706,34,0.595,1,1,14,17.57,True
1324_10123_35_21706_21868,1324,10123,2026-08-29,21706,21868,35,0.555,2,2,14,21.4,True
1324_10123_36_21868_20855,1324,10123,2026-08-29,21868,20855,36,0.651,1,4,11,17.24,True
1324_10123_37_20855_21173,1324,10123,2026-08-29,20855,21173,37,0.524,0,5,6,9.33,True
1324_10124_1_22645_PF3_22643,1324,10124,2026-08-29,22645_PF3,22643,1,0.335,6,0,6,7.33,True
1324_10124_2_22643_22183,1324,10124,2026-08-29,22643,22183,2,0.636,0,0,6,7.33,True
1324_10124_3_22183_22266,1324,10124,2026-08-29,22183,22266,3,0.581,2,0,8,8.38,True
1324_10124_4_22266_22457,1324,10124,2026-08-29,22266,22457,4,0.447,1,0,9,9.5,True
1324_10124_5_22457_22181,1324,10124,2026-08-29,22457,22181,5,0.61,3,1,11,12.13,True
1324_10124_6_22181_22513,1324,10124,2026-08-29,22181,22513,6,0.811,3,1,13,15.0,True
1324_10124_7_22513_22087,1324,10124,2026-08-29,22513,22087,7,0.625,1,1,13,16.43,True
1324_10124_8_22087_21740,1324,10124,2026-08-29,22087,21740,8,0.66,3,0,16,20.07,True
1324_10124_9_21740_38788,1324,10124,2026-08-29,21740,38788,9,0.434,2,0,18,21.45,True
1324_10124_10_38788_34294,1324,10124,2026-08-29,38788,34294,10,0.14,4,1,21,23.78,True
1324_10124_11_34294_22555,1324,10124,2026-08-29,34294,22555,11,0.819,3,1,23,24.43,True
1324_10124_12_22555_21846,1324,10124,2026-08-29,22555,21846,12,0.455,3,0,26,27.11,True
1324_10124_13_21846_22365,1324,10124,2026-08-29,21846,22365,13,0.521,0,0,26,27.11,True
1324_10124_14_22365_22186,1324,10124,2026-08-29,22365,22186,14,0.667,5,3,28,27.94,True
1324_10124_15_22186_22430,1324,10124,2026-08-29,22186,22430,15,0.238,2,0,30,30.4,True
1324_10124_16_22430_22126,1324,10124,2026-08-29,22430,22126,16,0.397,3,2,31,30.08,True
1324_10124_17_22126_21778,1324,10124,2026-08-29,22126,21778,17,0.749,2,1,32,32.79,True
1324_10124_18_21778_22541,1324,10124,2026-08-29,21778,22541,18,0.614,2,1,33,32.46,True
1324_10124_19_22541_21666,1324,10124,2026-08-29,22541,21666,19,0.391,1,1,33,32.23,True
1324_10124_20_21666_28167,1324,10124,2026-08-29,21666,28167,20,0.675,0,5,28,26.44,True
1324_10124_21_28167_22601,1324,10124,2026-08-29,28167,22601,21,0.238,1,0,29,28.11,True
1324_10124_22_22601_22382,1324,10124,2026-08-29,22601,22382,22,0.499,0,3,26,24.39,True
1324_10124_23_22382_35838,1324,10124,2026-08-29,22382,35838,23,0.173,1,5,22,20.63,True
1324_10124_24_35838_21522,1324,10124,2026-08-29,35838,21522,24,1.412,0,5,17,16.63,True
1324_10124_25_21522_22173,1324,10124,2026-08-29,21522,22173,25,1.291,2,2,17,16.66,True
1324_10124_26_22173_22136,1324,10124,2026-08-29,22173,22136,26,0.615,2,1,18,18.8,True
1324_10124_27_22136_22597,1324,10124,2026-08-29,22136,22597,27,0.589,2,1,19,20.39,True
1324_10124_28_22597_22402,1324,10124,2026-08-29,22597,22402,28,0.319,2,2,19,22.2,True
1324_10124_29_22402_22319,1324,10124,2026-08-29,22402,22319,29,0.293,0,0,19,22.2,True
1324_10124_30_22319_22379,1324,10124,2026-08-29,22319,22379,30,0.302,1,1,19,22.53,True
1324_10124_31_22379_21802,1324,10124,2026-08-29,22379,21802,31,0.267,2,2,19,20.86,True
1324_10124_32_21802_21911,1324,10124,2026-08-29,21802,21911,32,0.397,1,5,15,19.33,True
1324_10124_33_21911_21857,1324,10124,2026-08-29,21911,21857,33,0.915,0,1,14,18.51,True
1324_10124_34_21857_21706,1324,10124,2026-08-29,21857,21706,34,0.595,2,3,13,19.24,True
1324_10124_35_21706_21868,1324,10124,2026-08-29,21706,21868,35,0.555,0,4,9,13.06,True
1324_10124_36_21868_20855,1324,10124,2026-08-29,21868,20855,36,0.651,0,4,5,6.89,True
1324_10124_37_20855_21173,1324,10124,2026-08-29,20855,21173,37,0.524,0,2,3,4.17,True
1324_10125_1_22645_PF3_22643,1324,10125,2026-08-29,22645_PF3,22643,1,0.335,5,0,5,8.18,True
1324_10125_2_22643_22183,1324,10125,2026-08-29,22643,22183,2,0.636,8,0,13,18.76,True
1324_10125_3_22183_22266,1324,10125,2026-08-29,22183,22266,3,0.581,8,1,20,27.4,True
1324_10125_4_22266_22457,1324,10125,2026-08-29,22266,22457,4,0.447,4,0,24,33.2,True
1324_10125_5_22457_22181,1324,10125,2026-08-29,22457,22181,5,0.61,7,1,30,41.75,True
1324_10125_6_22181_22513,1324,10125,2026-08-29,22181,22513,6,0.811,2,1,31,42.58,True
1324_10125_7_22513_22087,1324,10125,2026-08-29,22513,22087,7,0.625,1,2,30,40.58,True
1324_10125_8_22087_21740,1324,10125,2026-08-29,22087,21740,8,0.66,3,1,32,42.13,True
1324_10125_9_21740_38788,1324,10125,2026-08-29,21740,38788,9,0.434,2,2,32,39.97,True
1324_10125_10_38788_34294,1324,10125,2026-08-29,38788,34294,10,0.14,5,2,35,42.45,True
1324_10125_11_34294_22555,1324,10125,2026-08-29,34294,22555,11,0.819,0,1,34,40.58,True
1324_10125_12_22555_21846,1324,10125,2026-08-29,22555,21846,12,0.455,2,4,32,35.41,True
1324_10125_13_21846_22365,1324,10125,2026-08-29,21846,22365,13,0.521,3,1,34,37.97,True
1324_10125_14_22365_22186,1324,10125,2026-08-29,22365,22186,14,0.667,4,1,37,42.81,True
1324_10125_15_22186_22430,1324,10125,2026-08-29,22186,22430,15,0.238,0,1,36,41.15,True
1324_10125_16_22430_22126,1324,10125,2026-08-29,22430,22126,16,0.397,5,3,38,45.04,True
1324_10125_17_22126_21778,1324,10125,2026-08-29,22126,21778,17,0.749,6,3,41,50.26,True
1324_10125_18_21778_22541,1324,10125,2026-08-29,21778,22541,18,0.614,3,2,42,50.35,True
1324_10125_19_22541_21666,1324,10125,2026-08-29,22541,21666,19,0.391,1,2,41,48.78,True
1324_10125_20_21666_28167,1324,10125,2026-08-29,21666,28167,20,0.675,1,3,39,46.45,True
1324_10125_21_28167_22601,1324,10125,2026-08-29,28167,22601,21,0.238,2,1,40,49.56,True
1324_10125_22_22601_22382,1324,10125,2026-08-29,22601,22382,22,0.499,1,4,37,44.72,True
1324_10125_23_22382_35838,1324,10125,2026-08-29,22382,35838,23,0.173,3,2,38,49.85,True
1324_10125_24_35838_21522,1324,10125,2026-08-29,35838,21522,24,1.412,2,5,35,48.29,True
1324_10125_25_21522_22173,1324,10125,2026-08-29,21522,22173,25,1.291,2,4,33,43.52,True
1324_10125_26_22173_22136,1324,10125,2026-08-29,22173,22136,26,0.615,5,5,33,46.83,True
1324_10125_27_22136_22597,1324,10125,2026-08-29,22136,22597,27,0.589,3,4,32,44.3,True
1324_10125_28_22597_22402,1324,10125,2026-08-29,22597,22402,28,0.319,3,3,32,43.31,True
1324_10125_29_22402_22319,1324,10125,2026-08-29,22402,22319,29,0.293,3,4,31,42.12,True
1324_10125_30_22319_22379,1324,10125,2026-08-29,22319,22379,30,0.302,4,2,33,44.09,True
1324_10125_31_22379_21802,1324,10125,2026-08-29,22379,21802,31,0.267,2,6,29,36.55,True
1324_10125_32_21802_21911,1324,10125,2026-08-29,21802,21911,32,0.397,0,5,24,29.17,True
1324_10125_33_21911_21857,1324,10125,2026-08-29,21911,21857,33,0.915,2,3,23,30.87,True
1324_10125_34_21857_21706,1324,10125,2026-08-29,21857,21706,34,0.595,2,6,19,27.58,True
1324_10125_35_21706_21868,1324,10125,2026-08-29,21706,21868,35,0.555,1,3,17,24.32,True
1324_10125_36_21868_20855,1324,10125,2026-08-29,21868,20855,36,0.651,1,4,14,21.98,True
1324_10125_37_20855_21173,1324,10125,2026-08-29,20855,21173,37,0.524,5,5,14,36.14,True
1324_10126_1_22645_PF3_22643,1324,10126,2026-08-29,22645_PF3,22643,1,0.335,8,0,8,11.37,True
1324_10126_2_22643_22183,1324,10126,2026-08-29,22643,22183,2,0.636,5,0,13,19.0,True
1324_10126_3_22183_22266,1324,10126,2026-08-29,22183,22266,3,0.581,2,0,15,22.64,True
1324_10126_4_22266_22457,1324,10126,2026-08-29,22266,22457,4,0.447,6,1,20,31.79,True
1324_10126_5_22457_22181,1324,10126,2026-08-29,22457,22181,5,0.61,5,0,25,38.67,True
1324_10126_6_22181_22513,1324,10126,2026-08-29,22181,22513,6,0.811,6,0,31,49.63,True
1324_10126_7_22513_22087,1324,10126,2026-08-29,22513,22087,7,0.625,2,0,33,51.83,True
1324_10126_8_22087_21740,1324,10126,2026-08-29,22087,21740,8,0.66,3,2,34,51.65,True
1324_10126_9_21740_38788,1324,10126,2026-08-29,21740,38788,9,0.434,2,3,33,44.35,True
1324_10126_10_38788_34294,1324,10126,2026-08-29,38788,34294,10,0.14,2,2,33,42.61,True
1324_10126_11_34294_22555,1324,10126,2026-08-29,34294,22555,11,0.819,3,1,35,45.77,True
1324_10126_12_22555_21846,1324,10126,2026-08-29,22555,21846,12,0.455,2,5,32,39.16,True
1324_10126_13_21846_22365,1324,10126,2026-08-29,21846,22365,13,0.521,2,4,30,33.81,True
1324_10126_14_22365_22186,1324,10126,2026-08-29,22365,22186,14,0.667,2,2,30,31.89,True
1324_10126_15_22186_22430,1324,10126,2026-08-29,22186,22430,15,0.238,1,2,29,30.2,True
1324_10126_16_22430_22126,1324,10126,2026-08-29,22430,22126,16,0.397,6,1,34,38.25,True
1324_10126_17_22126_21778,1324,10126,2026-08-29,22126,21778,17,0.749,3,4,33,39.6,True
1324_10126_18_21778_22541,1324,10126,2026-08-29,21778,22541,18,0.614,2,2,33,39.59,True
1324_10126_19_22541_21666,1324,10126,2026-08-29,22541,21666,19,0.391,3,3,33,39.23,True
1324_10126_20_21666_28167,1324,10126,2026-08-29,21666,28167,20,0.675,6,4,35,43.82,True
1324_10126_21_28167_22601,1324,10126,2026-08-29,28167,22601,21,0.238,1,2,34,43.67,True
1324_10126_22_22601_22382,1324,10126,2026-08-29,22601,22382,22,0.499,2,3,33,43.86,True
1324_10126_23_22382_35838,1324,10126,2026-08-29,22382,35838,23,0.173,0,2,31,42.86,True
1324_10126_24_35838_21522,1324,10126,2026-08-29,35838,21522,24,1.412,4,4,31,48.62,True
1324_10126_25_21522_22173,1324,10126,2026-08-29,21522,22173,25,1.291,0,3,28,42.96,True
1324_10126_26_22173_22136,1324,10126,2026-08-29,22173,22136,26,0.615,2,2,28,41.82,True
1324_10126_27_22136_22597,1324,10126,2026-08-29,22136,22597,27,0.589,1,4,25,35.86,True
1324_10126_28_22597_22402,1324,10126,2026-08-29,22597,22402,28,0.319,1,2,24,33.36,True
1324_10126_29_22402_22319,1324,10126,2026-08-29,22402,22319,29,0.293,1,4,21,26.03,True
1324_10126_30_22319_22379,1324,10126,2026-08-29,22319,22379,30,0.302,1,5,17,20.04,True
1324_10126_31_22379_21802,1324,10126,2026-08-29,22379,21802,31,0.267,3,1,19,23.68,True
1324_10126_32_21802_21911,1324,10126,2026-08-29,21802,21911,32,0.397,0,6,13,16.13,True
1324_10126_33_21911_21857,1324,10126,2026-08-29,21911,21857,33,0.915,0,0,13,16.13,True
1324_10126_34_21857_21706,1324,10126,2026-08-29,21857,21706,34,0.595,2,1,14,17.38,True
1324_10126_35_21706_21868,1324,10126,2026-08-29,21706,21868,35,0.555,0,1,13,16.18,True
1324_10126_36_21868_20855,1324,10126,2026-08-29,21868,20855,36,0.651,2,5,10,14.68,True
1324_10126_37_20855_21173,1324,10126,2026-08-29,20855,21173,37,0.524,0,6,4,7.93,True
1324_10127_1_22645_PF3_22643,1324,10127,2026-08-29,22645_PF3,22643,1,0.335,8,0,8,12.16,True
1324_10127_2_22643_22183,1324,10127,2026-08-29,22643,22183,2,0.636,9,0,17,24.37,True
1324_10127_3_22183_22266,1324,10127,2026-08-29,22183,22266,3,0.581,5,1,21,25.43,True
1324_10127_4_22266_22457,1324,10127,2026-08-29,22266,22457,4,0.447,2,0,23,27.92,True
1324_10127_5_22457_22181,1324,10127,2026-08-29,22457,22181,5,0.61,5,2,26,30.48,True
1324_10127_6_22181_22513,1324,10127,2026-08-29,22181,22513,6,0.811,6,0,32,37.88,True
1324_10127_7_22513_22087,1324,10127,2026-08-29,22513,22087,7,0.625,2,2,32,35.88,True
1324_10127_8_22087_21740,1324,10127,2026-08-29,22087,21740,8,0.66,2,1,33,36.79,True
1324_10127_9_21740_38788,1324,10127,2026-08-29,21740,38788,9,0.434,3,0,36,40.34,True
1324_10127_10_38788_34294,1324,10127,2026-08-29,38788,34294,10,0.14,3,2,37,40.89,True
1324_10127_11_34294_22555,1324,10127,2026-08-29,34294,22555,11,0.819,2,4,35,39.14,True
1324_10127_12_22555_21846,1324,10127,2026-08-29,22555,21846,12,0.455,1,1,35,38.75,True
1324_10127_13_21846_22365,1324,10127,2026-08-29,21846,22365,13,0.521,2,1,36,37.09,True
1324_10127_14_22365_22186,1324,10127,2026-08-29,22365,22186,14,0.667,3,2,37,40.45,True
1324_10127_15_22186_22430,1324,10127,2026-08-29,22186,22430,15,0.238,0,0,37,40.45,True
1324_10127_16_22430_22126,1324,10127,2026-08-29,22430,22126,16,0.397,5,5,37,42.35,True
1324_10127_17_22126_21778,1324,10127,2026-08-29,22126,21778,17,0.749,3,3,37,43.34,True
1324_10127_18_21778_22541,1324,10127,2026-08-29,21778,22541,18,0.614,1,4,34,38.5,True
1324_10127_19_22541_21666,1324,10127,2026-08-29,22541,21666,19,0.391,3,2,35,41.62,True
1324_10127_20_21666_28167,1324,10127,2026-08-29,21666,28167,20,0.675,2,5,32,40.98,True
1324_10127_21_28167_22601,1324,10127,2026-08-29,28167,22601,21,0.238,4,6,30,40.76,True
1324_10127_22_22601_22382,1324,10127,2026-08-29,22601,22382,22,0.499,4,4,30,40.18,True
1324_10127_23_22382_35838,1324,10127,2026-08-29,22382,35838,23,0.173,2,1,31,41.63,True
1324_10127_24_35838_21522,1324,10127,2026-08-29,35838,21522,24,1.412,1,0,32,44.13,True
1324_10127_25_21522_22173,1324,10127,2026-08-29,21522,22173,25,1.291,2,1,33,46.39,True
1324_10127_26_22173_22136,1324,10127,2026-08-29,22173,22136,26,0.615,2,6,29,40.67,True
1324_10127_27_22136_22597,1324,10127,2026-08-29,22136,22597,27,0.589,1,4,26,35.25,True
1324_10127_28_22597_22402,1324,10127,2026-08-29,22597,22402,28,0.319,3,2,27,36.72,True
1324_10127_29_22402_22319,1324,10127,2026-08-29,22402,22319,29,0.293,1,2,26,35.64,True
1324_10127_30_22319_22379,1324,10127,2026-08-29,22319,22379,30,0.302,3,6,23,32.07,True
1324_10127_31_22379_21802,1324,10127,2026-08-29,22379,21802,31,0.267,1,1,23,32.45,True
1324_10127_32_21802_21911,1324,10127,2026-08-29,21802,21911,32,0.397,2,1,24,34.42,True
1324_10127_33_21911_21857,1324,10127,2026-08-29,21911,21857,33,0.915,0,3,21,30.33,True
1324_10127_34_21857_21706,1324,10127,2026-08-29,21857,21706,34,0.595,1,4,18,27.32,True
1324_10127_35_21706_21868,1324,10127,2026-08-29,21706,21868,35,0.555,2,5,15,23.34,True
1324_10127_36_21868_20855,1324,10127,2026-08-29,21868,20855,36,0.651,2,5,12,17.76,True
1324_10127_37_20855_21173,1324,10127,2026-08-29,20855,21173,37,0.524,4,6,10,30.12,True
1324_10128_1_22645_PF3_22643,1324,10128,2026-08-29,22645_PF3,22643,1,0.335,4,0,4,6.25,True
1324_10128_2_22643_22183,1324,10128,2026-08-29,22643,22183,2,0.636,10,0,14,20.42,True
1324_10128_3_22183_22266,1324,10128,2026-08-29,22183,22266,3,0.581,5,1,18,24.62,True
1324_10128_4_22266_22457,1324,10128,2026-08-29,22266,22457,4,0.447,4,1,21,26.18,True
1324_10128_5_22457_22181,1324,10128,2026-08-29,22457,22181,5,0.61,3,0,24,30.56,True
1324_10128_6_22181_22513,1324,10128,2026-08-29,22181,22513,6,0.811,11,1,34,40.52,True
1324_10128_7_22513_22087,1324,10128,2026-08-29,22513,22087,7,0.625,5,1,38,45.96,True
1324_10128_8_22087_21740,1324,10128,2026-08-29,22087,21740,8,0.66,7,1,44,48.73,True
1324_10128_9_21740_38788,1324,10128,2026-08-29,21740,38788,9,0.434,5,1,48,50.49,True
1324_10128_10_38788_34294,1324,10128,2026-08-29,38788,34294,10,0.14,3,1,50,51.02,True
1324_10128_11_34294_22555,1324,10128,2026-08-29,34294,22555,11,0.819,6,1,55,53.26,True
1324_10128_12_22555_21846,1324,10128,2026-08-29,22555,21846,12,0.455,3,2,56,54.26,True
1324_10128_13_21846_22365,1324,10128,2026-08-29,21846,22365,13,0.521,5,3,58,56.72,True
1324_10128_14_22365_22186,1324,10128,2026-08-29,22365,22186,14,0.667,3,4,57,56.6,True
1324_10128_15_22186_22430,1324,10128,2026-08-29,22186,22430,15,0.238,6,4,59,59.83,True
1324_10128_16_22430_22126,1324,10128,2026-08-29,22430,22126,16,0.397,3,5,57,61.56,True
1324_10128_17_22126_21778,1324,10128,2026-08-29,22126,21778,17,0.749,3,5,55,57.77,True
1324_10128_18_21778_22541,1324,10128,2026-08-29,21778,22541,18,0.614,4,6,53,55.61,True
1324_10128_19_22541_21666,1324,10128,2026-08-29,22541,21666,19,0.391,5,5,53,56.32,True
1324_10128_20_21666_28167,1324,10128,2026-08-29,21666,28167,20,0.675,5,4,54,60.72,True
1324_10128_21_28167_22601,1324,10128,2026-08-29,28167,22601,21,0.238,3,6,51,56.77,True
1324_10128_22_22601_22382,1324,10128,2026-08-29,22601,22382,22,0.499,2,5,48,54.4,True
1324_10128_23_22382_35838,1324,10128,2026-08-29,22382,35838,23,0.173,1,3,46,52.66,True
1324_10128_24_35838_21522,1324,10128,2026-08-29,35838,21522,24,1.412,0,2,44,50.75,True
1324_10128_25_21522_22173,1324,10128,2026-08-29,21522,22173,25,1.291,6,2,48,54.65,True
1324_10128_26_22173_22136,1324,10128,2026-08-29,22173,22136,26,0.615,4,2,50,59.4,True
1324_10128_27_22136_22597,1324,10128,2026-08-29,22136,22597,27,0.589,3,1,52,62.39,True
1324_10128_28_22597_22402,1324,10128,2026-08-29,22597,22402,28,0.319,3,8,47,53.71,True
1324_10128_29_22402_22319,1324,10128,2026-08-29,22402,22319,29,0.293,0,1,46,52.6,True
1324_10128_30_22319_22379,1324,10128,2026-08-29,22319,22379,30,0.302,2,7,41,46.08,True
1324_10128_31_22379_21802,1324,10128,2026-08-29,22379,21802,31,0.267,4,8,37,47.39,True
1324_10128_32_21802_21911,1324,10128,2026-08-29,21802,21911,32,0.397,2,7,32,43.25,True
1324_10128_33_21911_21857,1324,10128,2026-08-29,21911,21857,33,0.915,2,0,34,48.25,True
1324_10128_34_21857_21706,1324,10128,2026-08-29,21857,21706,34,0.595,2,9,27,45.31,True
1324_10128_35_21706_21868,1324,10128,2026-08-29,21706,21868,35,0.555,1,9,19,27.46,True
1324_10128_36_21868_20855,1324,10128,2026-08-29,21868,20855,36,0.651,3,5,17,28.23,True
1324_10128_37_20855_21173,1324,10128,2026-08-29,20855,21173,37,0.524,2,7,12,16.29,True
1324_10129_1_22645_PF3_22643,1324,10129,2026-08-29,22645_PF3,22643,1,0.335,5,0,5,5.5,True
1324_10129_2_22643_22183,1324,10129,2026-08-29,22643,22183,2,0.636,9,0,14,19.3,True
1324_10129_3_22183_22266,1324,10129,2026-08-29,22183,22266,3,0.581,4,0,18,25.82,True
1324_10129_4_22266_22457,1324,10129,2026-08-29,22266,22457,4,0.447,3,1,20,27.19,True
1324_10129_5_22457_22181,1324,10129,2026-08-29,22457,22181,5,0.61,7,2,25,32.49,True
1324_10129_6_22181_22513,1324,10129,2026-08-29,22181,22513,6,0.811,6,0,31,45.54,True
1324_10129_7_22513_22087,1324,10129,2026-08-29,22513,22087,7,0.625,1,1,31,41.74,True
1324_10129_8_22087_21740,1324,10129,2026-08-29,22087,21740,8,0.66,3,2,32,42.92,True
1324_10129_9_21740_38788,1324,10129,2026-08-29,21740,38788,9,0.434,1,2,31,40.1,True
1324_10129_10_38788_34294,1324,10129,2026-08-29,38788,34294,10,0.14,5,1,35,43.26,True
1324_10129_11_34294_22555,1324,10129,2026-08-29,34294,22555,11,0.819,3,3,35,43.15,True
1324_10129_12_22555_21846,1324,10129,2026-08-29,22555,21846,12,0.455,2,3,34,41.1,True
1324_10129_13_21846_22365,1324,10129,2026-08-29,21846,22365,13,0.521,1,1,34,39.46,True
1324_10129_14_22365_22186,1324,10129,2026-08-29,22365,22186,14,0.667,3,1,36,41.56,True
1324_10129_15_22186_22430,1324,10129,2026-08-29,22186,22430,15,0.238,3,3,36,39.33,True
1324_10129_16_22430_22126,1324,10129,2026-08-29,22430,22126,16,0.397,7,4,39,39.41,True
1324_10129_17_22126_21778,1324,10129,2026-08-29,22126,21778,17,0.749,8,2,45,50.42,True
1324_10129_18_21778_22541,1324,10129,2026-08-29,21778,22541,18,0.614,3,0,48,53.34,True
1324_10129_19_22541_21666,1324,10129,2026-08-29,22541,21666,19,0.391,5,3,50,56.31,True
1324_10129_20_21666_28167,1324,10129,2026-08-29,21666,28167,20,0.675,4,0,54,64.74,True
1324_10129_21_28167_22601,1324,10129,2026-08-29,28167,22601,21,0.238,4,4,54,66.94,True
1324_10129_22_22601_22382,1324,10129,2026-08-29,22601,22382,22,0.499,1,7,48,59.45,True
1324_10129_23_22382_35838,1324,10129,2026-08-29,22382,35838,23,0.173,3,6,45,57.78,True
1324_10129_24_35838_21522,1324,10129,2026-08-29,35838,21522,24,1.412,6,5,46,57.82,True
1324_10129_25_21522_22173,1324,10129,2026-08-29,21522,22173,25,1.291,3,3,46,55.44,True
1324_10129_26_22173_22136,1324,10129,2026-08-29,22173,22136,26,0.615,2,2,46,55.44,True
1324_10129_27_22136_22597,1324,10129,2026-08-29,22136,22597,27,0.589,0,5,41,45.44,True
1324_10129_28_22597_22402,1324,10129,2026-08-29,22597,22402,28,0.319,1,3,39,41.64,True
1324_10129_29_22402_22319,1324,10129,2026-08-29,22402,22319,29,0.293,2,2,39,42.05,True
1324_10129_30_22319_22379,1324,10129,2026-08-29,22319,22379,30,0.302,0,4,35,36.85,True
1324_10129_31_22379_21802,1324,10129,2026-08-29,22379,21802,31,0.267,2,4,33,34.45,True
1324_10129_32_21802_21911,1324,10129,2026-08-29,21802,21911,32,0.397,2,4,31,35.88,True
1324_10129_33_21911_21857,1324,10129,2026-08-29,21911,21857,33,0.915,3,3,31,41.05,True
1324_10129_34_21857_21706,1324,10129,2026-08-29,21857,21706,34,0.595,2,6,27,37.46,True
1324_10129_35_21706_21868,1324,10129,2026-08-29,21706,21868,35,0.555,2,5,24,34.8,True
1324_10129_36_21868_20855,1324,10129,2026-08-29,21868,20855,36,0.651,2,8,18,29.27,True
1324_10129_37_20855_21173,1324,10129,2026-08-29,20855,21173,37,0.524,0,10,8,13.59,True
999_1013_1_21172_PF10_20857,999,1013,2026-08-29,21172_PF10,20857,1,0.601,3,0,3,5.38,True
999_1013_2_20857_21520,999,1013,2026-08-29,20857,21520,2,0.787,4,0,7,12.06,True
999_1013_3_21520_21574,999,1013,2026-08-29,21520,21574,3,0.502,4,0,11,17.21,True
999_1013_4_21574_21193,999,1013,2026-08-29,21574,21193,4,0.419,3,0,14,21.16,True
999_1013_5_21193_23674,999,1013,2026-08-29,21193,23674,5,0.796,1,1,14,20.54,True
999_1013_6_23674_20927,999,1013,2026-08-29,23674,20927,6,0.776,4,1,17,24.2,True
999_1013_7_20927_21166_PF1,999,1013,2026-08-29,20927,21166_PF1,7,0.356,1,1,17,24.2,True
999_1013_8_21166_PF1_23825,999,1013,2026-08-29,21166_PF1,23825,8,0.365,3,0,20,28.15,True
999_1013_9_23825_21565,999,1013,2026-08-29,23825,21565,9,0.4,2,1,21,29.51,True
999_1013_10_21565_21603,999,1013,2026-08-29,21565,21603,10,0.383,0,0,21,29.51,True
999_1013_11_21603_21458,999,1013,2026-08-29,21603,21458,11,0.504,2,3,20,27.59,True
999_1013_12_21458_21593,999,1013,2026-08-29,21458,21593,12,0.493,2,1,21,28.85,True
999_1013_13_21593_21447,999,1013,2026-08-29,21593,21447,13,0.605,3,2,22,28.1,True
999_1013_14_21447_21544_PF1,999,1013,2026-08-29,21447,21544_PF1,14,0.561,1,2,21,25.97,True
999_1013_15_21544_PF1_21543,999,1013,2026-08-29,21544_PF1,21543,15,0.634,2,2,21,25.69,True
999_1013_16_21543_21445,999,1013,2026-08-29,21543,21445,16,0.199,1,3,19,22.19,True
999_1013_17_21445_21449,999,1013,2026-08-29,21445,21449,17,0.356,1,0,20,22.19,True
999_1013_18_21449_21148,999,1013,2026-08-29,21449,21148,18,0.38,1,3,18,20.11,True
999_1013_19_21148_20623_PF5,999,1013,2026-08-29,21148,20623_PF5,19,0.637,1,4,15,17.04,True
999_1013_20_20623_PF5_21713,999,1013,2026-08-29,20623_PF5,21713,20,0.378,2,1,16,22.04,True
999_1013_21_21713_22295,999,1013,2026-08-29,21713,22295,21,0.345,1,3,14,16.14,True
999_1013_22_22295_35150,999,1013,2026-08-29,22295,35150,22,0.265,1,2,13,15.36,True
999_1013_23_35150_22631,999,1013,2026-08-29,35150,22631,23,0.366,2,0,15,19.86,True
999_1013_24_22631_20897,999,1013,2026-08-29,22631,20897,24,0.384,0,5,10,14.79,True
999_1013_25_20897_21874,999,1013,2026-08-29,20897,21874,25,0.5,1,3,8,11.85,True
999_1013_26_21874_22213,999,1013,2026-08-29,21874,22213,26,0.555,0,3,5,7.87,True
999_1013_27_22213_22211,999,1013,2026-08-29,22213,22211,27,0.269,0,1,4,6.44,True
1324_10130_1_22645_PF3_22643,1324,10130,2026-08-29,22645_PF3,22643,1,0.335,3,0,3,1.87,True
1324_10130_2_22643_22183,1324,10130,2026-08-29,22643,22183,2,0.636,3,0,6,4.44,True
1324_10130_3_22183_22266,1324,10130,2026-08-29,22183,22266,3,0.581,1,0,7,5.44,True
1324_10130_4_22266_22457,1324,10130,2026-08-29,22266,22457,4,0.447,6,0,13,15.27,True
1324_10130_5_22457_22181,1324,10130,2026-08-29,22457,22181,5,0.61,6,0,19,22.38,True
1324_10130_6_22181_22513,1324,10130,2026-08-29,22181,22513,6,0.811,5,0,24,28.3,True
1324_10130_7_22513_22087,1324,10130,2026-08-29,22513,22087,7,0.625,5,0,29,31.83,True
1324_10130_8_22087_21740,1324,10130,2026-08-29,22087,21740,8,0.66,6,1,34,35.05,True
1324_10130_9_21740_38788,1324,10130,2026-08-29,21740,38788,9,0.434,6,2,38,40.7,True
1324_10130_10_38788_34294,1324,10130,2026-08-29,38788,34294,10,0.14,2,1,39,40.59,True
1324_10130_11_34294_22555,1324,10130,2026-08-29,34294,22555,11,0.819,4,4,39,40.62,True
1324_10130_12_22555_21846,1324,10130,2026-08-29,22555,21846,12,0.455,4,1,42,43.41,True
1324_10130_13_21846_22365,1324,10130,2026-08-29,21846,22365,13,0.521,3,1,44,46.62,True
1324_10130_14_22365_22186,1324,10130,2026-08-29,22365,22186,14,0.667,4,2,46,49.49,True
1324_10130_15_22186_22430,1324,10130,2026-08-29,22186,22430,15,0.238,4,2,48,51.44,True
1324_10130_16_22430_22126,1324,10130,2026-08-29,22430,22126,16,0.397,0,3,45,47.26,True
1324_10130_17_22126_21778,1324,10130,2026-08-29,22126,21778,17,0.749,1,4,42,43.0,True
1324_10130_18_21778_22541,1324,10130,2026-08-29,21778,22541,18,0.614,5,3,44,46.87,True
1324_10130_19_22541_21666,1324,10130,2026-08-29,22541,21666,19,0.391,1,1,44,46.87,True
1324_10130_20_21666_28167,1324,10130,2026-08-29,21666,28167,20,0.675,4,2,46,50.93,True
1324_10130_21_28167_22601,1324,10130,2026-08-29,28167,22601,21,0.238,1,3,44,48.43,True
1324_10130_22_22601_22382,1324,10130,2026-08-29,22601,22382,22,0.499,5,3,46,53.74,True
1324_10130_23_22382_35838,1324,10130,2026-08-29,22382,35838,23,0.173,4,1,49,58.6,True
1324_10130_24_35838_21522,1324,10130,2026-08-29,35838,21522,24,1.412,2,3,48,58.03,True
1324_10130_25_21522_22173,1324,10130,2026-08-29,21522,22173,25,1.291,6,3,51,62.37,True
1324_10130_26_22173_22136,1324,10130,2026-08-29,22173,22136,26,0.615,1,3,49,60.29,True
1324_10130_27_22136_22597,1324,10130,2026-08-29,22136,22597,27,0.589,5,1,53,65.19,True
1324_10130_28_22597_22402,1324,10130,2026-08-29,22597,22402,28,0.319,6,3,56,68.49,True
1324_10130_29_22402_22319,1324,10130,2026-08-29,22402,22319,29,0.293,3,3,56,70.22,True
1324_10130_30_22319_22379,1324,10130,2026-08-29,22319,22379,30,0.302,3,8,51,65.86,True
1324_10130_31_22379_21802,1324,10130,2026-08-29,22379,21802,31,0.267,3,10,44,52.89,True
1324_10130_32_21802_21911,1324,10130,2026-08-29,21802,21911,32,0.397,1,6,39,46.29,True
1324_10130_33_21911_21857,1324,10130,2026-08-29,21911,21857,33,0.915,0,7,32,36.23,True
1324_10130_34_21857_21706,1324,10130,2026-08-29,21857,21706,34,0.595,1,8,25,28.17,True
1324_10130_35_21706_21868,1324,10130,2026-08-29,21706,21868,35,0.555,1,5,21,24.55,True
1324_10130_36_21868_20855,1324,10130,2026-08-29,21868,20855,36,0.651,4,4,21,27.78,True
1324_10130_37_20855_21173,1324,10130,2026-08-29,20855,21173,37,0.524,3,8,16,33.5,True
1324_10131_1_22645_PF3_22643,1324,10131,2026-08-29,22645_PF3,22643,1,0.335,4,0,4,4.6,True
1324_10131_2_22643_22183,1324,10131,2026-08-29,22643,22183,2,0.636,7,0,11,12.84,True
1324_10131_3_22183_22266,1324,10131,2026-08-29,22183,22266,3,0.581,6,0,17,18.79,True
1324_10131_4_22266_22457,1324,10131,2026-08-29,22266,22457,4,0.447,10,1,26,30.72,True
1324_10131_5_22457_22181,1324,10131,2026-08-29,22457,22181,5,0.61,5,0,31,37.33,True
1324_10131_6_22181_22513,1324,10131,2026-08-29,22181,22513,6,0.811,2,0,33,40.22,True
1324_10131_7_22513_22087,1324,10131,2026-08-29,22513,22087,7,0.625,0,1,32,38.22,True
1324_10131_8_22087_21740,1324,10131,2026-08-29,22087,21740,8,0.66,2,1,33,40.83,True
1324_10131_9_21740_38788,1324,10131,2026-08-29,21740,38788,9,0.434,2,1,34,41.68,True
1324_10131_10_38788_34294,1324,10131,2026-08-29,38788,34294,10,0.14,3,1,36,45.11,True
1324_10131_11_34294_22555,1324,10131,2026-08-29,34294,22555,11,0.819,4,3,37,44.59,True
1324_10131_12_22555_21846,1324,10131,2026-08-29,22555,21846,12,0.455,5,2,40,49.76,True
1324_10131_13_21846_22365,1324,10131,2026-08-29,21846,22365,13,0.521,1,3,38,45.76,True
1324_10131_14_22365_22186,1324,10131,2026-08-29,22365,22186,14,0.667,6,4,40,46.91,True
1324_10131_15_22186_22430,1324,10131,2026-08-29,22186,22430,15,0.238,2,1,41,47.3,True
1324_10131_16_22430_22126,1324,10131,2026-08-29,22430,22126,16,0.397,5,4,42,48.36,True
1324_10131_17_22126_21778,1324,10131,2026-08-29,22126,21778,17,0.749,4,2,44,52.47,True
1324_10131_18_21778_22541,1324,10131,2026-08-29,21778,22541,18,0.614,4,4,44,52.97,True
1324_10131_19_22541_21666,1324,10131,2026-08-29,22541,21666,19,0.391,2,3,43,51.89,True
1324_10131_20_21666_28167,1324,10131,2026-08-29,21666,28167,20,0.675,4,3,44,55.52,True
1324_10131_21_28167_22601,1324,10131,2026-08-29,28167,22601,21,0.238,6,3,47,60.66,True
1324_10131_22_22601_22382,1324,10131,2026-08-29,22601,22382,22,0.499,5,3,49,63.23,True
1324_10131_23_22382_35838,1324,10131,2026-08-29,22382,35838,23,0.173,1,4,46,58.42,True
1324_10131_24_35838_21522,1324,10131,2026-08-29,35838,21522,24,1.412,2,1,47,63.06,True
1324_10131_25_21522_22173,1324,10131,2026-08-29,21522,22173,25,1.291,5,9,43,58.04,True
1324_10131_26_22173_22136,1324,10131,2026-08-29,22173,22136,26,0.615,1,2,42,56.15,True
1324_10131_27_22136_22597,1324,10131,2026-08-29,22136,22597,27,0.589,4,2,44,56.2,True
1324_10131_28_22597_22402,1324,10131,2026-08-29,22597,22402,28,0.319,5,3,46,58.12,True
1324_10131_29_22402_22319,1324,10131,2026-08-29,22402,22319,29,0.293,1,2,45,56.28,True
1324_10131_30_22319_22379,1324,10131,2026-08-29,22319,22379,30,0.302,1,4,42,51.73,True
1324_10131_31_22379_21802,1324,10131,2026-08-29,22379,21802,31,0.267,2,5,39,47.79,True
1324_10131_32_21802_21911,1324,10131,2026-08-29,21802,21911,32,0.397,2,6,35,45.12,True
1324_10131_33_21911_21857,1324,10131,2026-08-29,21911,21857,33,0.915,2,8,29,40.46,True
1324_10131_34_21857_21706,1324,10131,2026-08-29,21857,21706,34,0.595,2,5,26,40.0,True
1324_10131_35_21706_21868,1324,10131,2026-08-29,21706,21868,35,0.555,3,8,21,32.97,True
1324_10131_36_21868_20855,1324,10131,2026-08-29,21868,20855,36,0.651,4,5,20,32.19,True
1324_10131_37_20855_21173,1324,10131,2026-08-29,20855,21173,37,0.524,1,8,13,27.72,True
1324_10132_1_22645_PF3_22643,1324,10132,2026-08-29,22645_PF3,22643,1,0.335,3,0,3,5.04,True
1324_10132_2_22643_22183,1324,10132,2026-08-29,22643,22183,2,0.636,12,0,15,21.46,True
1324_10132_3_22183_22266,1324,10132,2026-08-29,22183,22266,3,0.581,5,0,20,26.53,True
1324_10132_4_22266_22457,1324,10132,2026-08-29,22266,22457,4,0.447,5,2,23,31.04,True
1324_10132_5_22457_22181,1324,10132,2026-08-29,22457,22181,5,0.61,5,0,28,37.58,True
1324_10132_6_22181_22513,1324,10132,2026-08-29,22181,22513,6,0.811,6,1,33,44.87,True
1324_10132_7_22513_22087,1324,10132,2026-08-29,22513,22087,7,0.625,3,1,35,46.07,True
1324_10132_8_22087_21740,1324,10132,2026-08-29,22087,21740,8,0.66,1,1,35,45.66,True
1324_10132_9_21740_38788,1324,10132,2026-08-29,21740,38788,9,0.434,5,2,38,46.91,True
1324_10132_10_38788_34294,1324,10132,2026-08-29,38788,34294,10,0.14,3,0,41,51.2,True
1324_10132_11_34294_22555,1324,10132,2026-08-29,34294,22555,11,0.819,6,3,44,57.26,True
1324_10132_12_22555_21846,1324,10132,2026-08-29,22555,21846,12,0.455,7,3,48,57.86,True
1324_10132_13_21846_22365,1324,10132,2026-08-29,21846,22365,13,0.521,4,5,47,54.56,True
1324_10132_14_22365_22186,1324,10132,2026-08-29,22365,22186,14,0.667,4,3,48,56.16,True
1324_10132_15_22186_22430,1324,10132,2026-08-29,22186,22430,15,0.238,4,4,48,53.6,True
1324_10132_16_22430_22126,1324,10132,2026-08-29,22430,22126,16,0.397,1,3,46,51.81,True
1324_10132_17_22126_21778,1324,10132,2026-08-29,22126,21778,17,0.749,3,6,43,48.32,True
1324_10132_18_21778_22541,1324,10132,2026-08-29,21778,22541,18,0.614,4,4,43,47.22,True
1324_10132_19_22541_21666,1324,10132,2026-08-29,22541,21666,19,0.391,4,2,45,49.8,True
1324_10132_20_21666_28167,1324,10132,2026-08-29,21666,28167,20,0.675,5,2,48,53.34,True
1324_10132_21_28167_22601,1324,10132,2026-08-29,28167,22601,21,0.238,1,3,46,52.34,True
1324_10132_22_22601_22382,1324,10132,2026-08-29,22601,22382,22,0.499,4,5,45,52.31,True
1324_10132_23_22382_35838,1324,10132,2026-08-29,22382,35838,23,0.173,5,3,47,58.11,True
1324_10132_24_35838_21522,1324,10132,2026-08-29,35838,21522,24,1.412,4,5,46,59.33,True
1324_10132_25_21522_22173,1324,10132,2026-08-29,21522,22173,25,1.291,1,6,41,52.99,True
1324_10132_26_22173_22136,1324,10132,2026-08-29,22173,22136,26,0.615,4,1,44,54.75,True
1324_10132_27_22136_22597,1324,10132,2026-08-29,22136,22597,27,0.589,4,6,42,52.5,True
1324_10132_28_22597_22402,1324,10132,2026-08-29,22597,22402,28,0.319,1,4,39,48.16,True
1324_10132_29_22402_22319,1324,10132,2026-08-29,22402,22319,29,0.293,3,5,37,47.39,True
1324_10132_30_22319_22379,1324,10132,2026-08-29,22319,22379,30,0.302,2,2,37,47.0,True
1324_10132_31_22379_21802,1324,10132,2026-08-29,22379,21802,31,0.267,1,9,29,36.57,True
1324_10132_32_21802_21911,1324,10132,2026-08-29,21802,21911,32,0.397,2,4,27,36.4,True
1324_10132_33_21911_21857,1324,10132,2026-08-29,21911,21857,33,0.915,2,6,23,31.74,True
1324_10132_34_21857_21706,1324,10132,2026-08-29,21857,21706,34,0.595,3,3,23,33.48,True
1324_10132_35_21706_21868,1324,10132,2026-08-29,21706,21868,35,0.555,4,5,22,35.21,True
1324_10132_36_21868_20855,1324,10132,2026-08-29,21868,20855,36,0.651,4,5,21,42.11,True
1324_10132_37_20855_21173,1324,10132,2026-08-29,20855,21173,37,0.524,1,9,13,29.29,True
1324_10133_1_22645_PF3_22643,1324,10133,2026-08-29,22645_PF3,22643,1,0.335,3,0,3,2.84,True
1324_10133_2_22643_22183,1324,10133,2026-08-29,22643,22183,2,0.636,5,0,8,9.58,True
1324_10133_3_22183_22266,1324,10133,2026-08-29,22183,22266,3,0.581,7,0,15,19.97,True
1324_10133_4_22266_22457,1324,10133,2026-08-29,22266,22457,4,0.447,6,0,21,25.22,True
1324_10133_5_22457_22181,1324,10133,2026-08-29,22457,22181,5,0.61,3,0,24,28.72,True
1324_10133_6_22181_22513,1324,10133,2026-08-29,22181,22513,6,0.811,3,0,27,32.88,True
1324_10133_7_22513_22087,1324,10133,2026-08-29,22513,22087,7,0.625,4,0,31,38.07,True
1324_10133_8_22087_21740,1324,10133,2026-08-29,22087,21740,8,0.66,7,1,37,47.53,True
1324_10133_9_21740_38788,1324,10133,2026-08-29,21740,38788,9,0.434,8,1,44,57.99,True
1324_10133_10_38788_34294,1324,10133,2026-08-29,38788,34294,10,0.14,1,0,45,59.49,True
1324_10133_11_34294_22555,1324,10133,2026-08-29,34294,22555,11,0.819,4,3,46,60.28,True
1324_10133_12_22555_21846,1324,10133,2026-08-29,22555,21846,12,0.455,3,5,44,55.72,True
1324_10133_13_21846_22365,1324,10133,2026-08-29,21846,22365,13,0.521,3,1,46,59.35,True
1324_10133_14_22365_22186,1324,10133,2026-08-29,22365,22186,14,0.667,4,3,47,59.81,True
1324_10133_15_22186_22430,1324,10133,2026-08-29,22186,22430,15,0.238,5,2,50,62.6,True
1324_10133_16_22430_22126,1324,10133,2026-08-29,22430,22126,16,0.397,4,4,50,60.6,True
1324_10133_17_22126_21778,1324,10133,2026-08-29,22126,21778,17,0.749,3,4,49,61.76,True
1324_10133_18_21778_22541,1324,10133,2026-08-29,21778,22541,18,0.614,4,5,48,57.96,True
1324_10133_19_22541_21666,1324,10133,2026-08-29,22541,21666,19,0.391,3,4,47,57.58,True
1324_10133_20_21666_28167,1324,10133,2026-08-29,21666,28167,20,0.675,4,5,46,56.17,True
1324_10133_21_28167_22601,1324,10133,2026-08-29,28167,22601,21,0.238,1,5,42,50.36,True
1324_10133_22_22601_22382,1324,10133,2026-08-29,22601,22382,22,0.499,2,2,42,50.85,True
1324_10133_23_22382_35838,1324,10133,2026-08-29,22382,35838,23,0.173,3,4,41,50.29,True
1324_10133_24_35838_21522,1324,10133,2026-08-29,35838,21522,24,1.412,5,3,43,54.18,True
1324_10133_25_21522_22173,1324,10133,2026-08-29,21522,22173,25,1.291,0,4,39,46.93,True
1324_10133_26_22173_22136,1324,10133,2026-08-29,22173,22136,26,0.615,4,6,37,40.36,True
1324_10133_27_22136_22597,1324,10133,2026-08-29,22136,22597,27,0.589,3,2,38,43.14,True
1324_10133_28_22597_22402,1324,10133,2026-08-29,22597,22402,28,0.319,3,0,41,47.5,True
1324_10133_29_22402_22319,1324,10133,2026-08-29,22402,22319,29,0.293,1,2,40,46.37,True
1324_10133_30_22319_22379,1324,10133,2026-08-29,22319,22379,30,0.302,3,3,40,48.04,True
1324_10133_31_22379_21802,1324,10133,2026-08-29,22379,21802,31,0.267,2,4,38,44.51,True
1324_10133_32_21802_21911,1324,10133,2026-08-29,21802,21911,32,0.397,2,4,36,41.27,True
1324_10133_33_21911_21857,1324,10133,2026-08-29,21911,21857,33,0.915,0,4,32,38.44,True
1324_10133_34_21857_21706,1324,10133,2026-08-29,21857,21706,34,0.595,3,7,28,36.9,True
1324_10133_35_21706_21868,1324,10133,2026-08-29,21706,21868,35,0.555,2,11,19,24.17,True
1324_10133_36_21868_20855,1324,10133,2026-08-29,21868,20855,36,0.651,2,4,17,26.84,True
1324_10133_37_20855_21173,1324,10133,2026-08-29,20855,21173,37,0.524,5,8,14,38.74,True
1324_10134_1_22645_PF3_22643,1324,10134,2026-08-29,22645_PF3,22643,1,0.335,6,0,6,9.08,True
1324_10134_2_22643_22183,1324,10134,2026-08-29,22643,22183,2,0.636,5,0,11,15.48,True
1324_10134_3_22183_22266,1324,10134,2026-08-29,22183,22266,3,0.581,3,0,14,17.61,True
1324_10134_4_22266_22457,1324,10134,2026-08-29,22266,22457,4,0.447,3,1,16,19.56,True
1324_10134_5_22457_22181,1324,10134,2026-08-29,22457,22181,5,0.61,5,0,21,26.98,True
1324_10134_6_22181_22513,1324,10134,2026-08-29,22181,22513,6,0.811,3,0,24,30.01,True
1324_10134_7_22513_22087,1324,10134,2026-08-29,22513,22087,7,0.625,5,1,28,34.98,True
1324_10134_8_22087_21740,1324,10134,2026-08-29,22087,21740,8,0.66,5,2,31,33.55,True
1324_10134_9_21740_38788,1324,10134,2026-08-29,21740,38788,9,0.434,5,0,36,39.05,True
1324_10134_10_38788_34294,1324,10134,2026-08-29,38788,34294,10,0.14,4,0,40,42.57,True
1324_10134_11_34294_22555,1324,10134,2026-08-29,34294,22555,11,0.819,5,2,43,45.69,True
1324_10134_12_22555_21846,1324,10134,2026-08-29,22555,21846,12,0.455,6,2,47,49.24,True
1324_10134_13_21846_22365,1324,10134,2026-08-29,21846,22365,13,0.521,3,2,48,52.41,True
1324_10134_14_22365_22186,1324,10134,2026-08-29,22365,22186,14,0.667,2,2,48,52.29,True
1324_10134_15_22186_22430,1324,10134,2026-08-29,22186,22430,15,0.238,1,4,45,47.44,True
1324_10134_16_22430_22126,1324,10134,2026-08-29,22430,22126,16,0.397,2,1,46,47.57,True
1324_10134_17_22126_21778,1324,10134,2026-08-29,22126,21778,17,0.749,2,3,45,44.87,True
1324_10134_18_21778_22541,1324,10134,2026-08-29,21778,22541,18,0.614,4,2,47,47.29,True
1324_10134_19_22541_21666,1324,10134,2026-08-29,22541,21666,19,0.391,4,4,47,47.41,True
1324_10134_20_21666_28167,1324,10134,2026-08-29,21666,28167,20,0.675,2,2,47,46.74,True
1324_10134_21_28167_22601,1324,10134,2026-08-29,28167,22601,21,0.238,4,5,46,47.13,True
1324_10134_22_22601_22382,1324,10134,2026-08-29,22601,22382,22,0.499,3,2,47,52.3,True
1324_10134_23_22382_35838,1324,10134,2026-08-29,22382,35838,23,0.173,2,5,44,53.8,True
1324_10134_24_35838_21522,1324,10134,2026-08-29,35838,21522,24,1.412,3,5,42,54.52,True
1324_10134_25_21522_22173,1324,10134,2026-08-29,21522,22173,25,1.291,3,2,43,55.71,True
1324_10134_26_22173_22136,1324,10134,2026-08-29,22173,22136,26,0.615,3,6,40,47.29,True
1324_10134_27_22136_22597,1324,10134,2026-08-29,22136,22597,27,0.589,2,5,37,44.27,True
1324_10134_28_22597_22402,1324,10134,2026-08-29,22597,22402,28,0.319,1,3,35,40.85,True
1324_10134_29_22402_22319,1324,10134,2026-08-29,22402,22319,29,0.293,1,3,33,37.05,True
1324_10134_30_22319_22379,1324,10134,2026-08-29,22319,22379,30,0.302,2,3,32,36.32,True
1324_10134_31_22379_21802,1324,10134,2026-08-29,22379,21802,31,0.267,3,3,32,37.91,True
1324_10134_32_21802_21911,1324,10134,2026-08-29,21802,21911,32,0.397,1,5,28,32.76,True
1324_10134_33_21911_21857,1324,10134,2026-08-29,21911,21857,33,0.915,2,4,26,33.54,True
1324_10134_34_21857_21706,1324,10134,2026-08-29,21857,21706,34,0.595,0,5,21,25.76,True
1324_10134_35_21706_21868,1324,10134,2026-08-29,21706,21868,35,0.555,1,5,17,19.97,True
1324_10134_36_21868_20855,1324,10134,2026-08-29,21868,20855,36,0.651,1,4,14,20.83,True
1324_10134_37_20855_21173,1324,10134,2026-08-29,20855,21173,37,0.524,1,5,10,15.19,True
1324_10135_1_22645_PF3_22643,1324,10135,2026-08-29,22645_PF3,22643,1,0.335,6,0,6,11.18,True
1324_10135_2_22643_22183,1324,10135,2026-08-29,22643,22183,2,0.636,5,1,10,14.52,True
1324_10135_3_22183_22266,1324,10135,2026-08-29,22183,22266,3,0.581,6,0,16,20.51,True
1324_10135_4_22266_22457,1324,10135,2026-08-29,22266,22457,4,0.447,6,0,22,27.99,True
1324_10135_5_22457_22181,1324,10135,2026-08-29,22457,22181,5,0.61,8,0,30,38.76,True
1324_10135_6_22181_22513,1324,10135,2026-08-29,22181,22513,6,0.811,1,0,31,39.96,True
1324_10135_7_22513_22087,1324,10135,2026-08-29,22513,22087,7,0.625,5,1,35,44.05,True
1324_10135_8_22087_21740,1324,10135,2026-08-29,22087,21740,8,0.66,4,1,38,48.52,True
1324_10135_9_21740_38788,1324,10135,2026-08-29,21740,38788,9,0.434,4,5,37,44.68,True
1324_10135_10_38788_34294,1324,10135,2026-08-29,38788,34294,10,0.14,5,3,39,44.27,True
1324_10135_11_34294_22555,1324,10135,2026-08-29,34294,22555,11,0.819,1,3,37,41.41,True
1324_10135_12_22555_21846,1324,10135,2026-08-29,22555,21846,12,0.455,4,1,40,44.93,True
1324_10135_13_21846_22365,1324,10135,2026-08-29,21846,22365,13,0.521,3,2,41,45.13,True
1324_10135_14_22365_22186,1324,10135,2026-08-29,22365,22186,14,0.667,3,2,42,45.71,True
1324_10135_15_22186_22430,1324,10135,2026-08-29,22186,22430,15,0.238,2,3,41,43.13,True
1324_10135_16_22430_22126,1324,10135,2026-08-29,22430,22126,16,0.397,2,1,42,44.9,True
1324_10135_17_22126_21778,1324,10135,2026-08-29,22126,21778,17,0.749,3,2,43,44.56,True
1324_10135_18_21778_22541,1324,10135,2026-08-29,21778,22541,18,0.614,2,2,43,44.1,True
1324_10135_19_22541_21666,1324,10135,2026-08-29,22541,21666,19,0.391,2,4,41,41.38,True
1324_10135_20_21666_28167,1324,10135,2026-08-29,21666,28167,20,0.675,0,7,34,33.34,True
1324_10135_21_28167_22601,1324,10135,2026-08-29,28167,22601,21,0.238,1,3,32,31.02,True
1324_10135_22_22601_22382,1324,10135,2026-08-29,22601,22382,22,0.499,4,4,32,34.92,True
1324_10135_23_22382_35838,1324,10135,2026-08-29,22382,35838,23,0.173,3,0,35,40.84,True
1324_10135_24_35838_21522,1324,10135,2026-08-29,35838,21522,24,1.412,0,1,34,38.34,True
1324_10135_25_21522_22173,1324,10135,2026-08-29,21522,22173,25,1.291,3,2,35,38.8,True
1324_10135_26_22173_22136,1324,10135,2026-08-29,22173,22136,26,0.615,2,1,36,40.3,True
1324_10135_27_22136_22597,1324,10135,2026-08-29,22136,22597,27,0.589,2,2,36,41.76,True
1324_10135_28_22597_22402,1324,10135,2026-08-29,22597,22402,28,0.319,2,8,30,33.54,True
1324_10135_29_22402_22319,1324,10135,2026-08-29,22402,22319,29,0.293,0,4,26,27.51,True
1324_10135_30_22319_22379,1324,10135,2026-08-29,22319,22379,30,0.302,4,5,25,28.77,True
1324_10135_31_22379_21802,1324,10135,2026-08-29,22379,21802,31,0.267,5,2,28,33.49,True
1324_10135_32_21802_21911,1324,10135,2026-08-29,21802,21911,32,0.397,2,2,28,33.63,True
1324_10135_33_21911_21857,1324,10135,2026-08-29,21911,21857,33,0.915,2,4,26,35.67,True
1324_10135_34_21857_21706,1324,10135,2026-08-29,21857,21706,34,0.595,6,6,26,37.48,True
1324_10135_35_21706_21868,1324,10135,2026-08-29,21706,21868,35,0.555,5,6,25,37.37,True
1324_10135_36_21868_20855,1324,10135,2026-08-29,21868,20855,36,0.651,1,5,21,34.62,True
1324_10135_37_20855_21173,1324,10135,2026-08-29,20855,21173,37,0.524,2,7,16,32.92,True
1324_10136_1_22645_PF3_22643,1324,10136,2026-08-29,22645_PF3,22643,1,0.335,3,0,3,4.92,True
1324_10136_2_22643_22183,1324,10136,2026-08-29,22643,22183,2,0.636,4,0,7,10.24,True
1324_10136_3_22183_22266,1324,10136,2026-08-29,22183,22266,3,0.581,4,0,11,17.33,True
1324_10136_4_22266_22457,1324,10136,2026-08-29,22266,22457,4,0.447,6,0,17,25.41,True
1324_10136_5_22457_22181,1324,10136,2026-08-29,22457,22181,5,0.61,2,2,17,22.86,True
1324_10136_6_22181_22513,1324,10136,2026-08-29,22181,22513,6,0.811,4,1,20,30.55,True
1324_10136_7_22513_22087,1324,10136,2026-08-29,22513,22087,7,0.625,4,2,22,28.93,True
1324_10136_8_22087_21740,1324,10136,2026-08-29,22087,21740,8,0.66,4,0,26,33.88,True
1324_10136_9_21740_38788,1324,10136,2026-08-29,21740,38788,9,0.434,4,3,27,32.07,True
1324_10136_10_38788_34294,1324,10136,2026-08-29,38788,34294,10,0.14,3,0,30,35.2,True
1324_10136_11_34294_22555,1324,10136,2026-08-29,34294,22555,11,0.819,9,0,39,46.12,True
1324_10136_12_22555_21846,1324,10136,2026-08-29,22555,21846,12,0.455,3,1,41,47.92,True
1324_10136_13_21846_22365,1324,10136,2026-08-29,21846,22365,13,0.521,5,1,45,53.17,True
1324_10136_14_22365_22186,1324,10136,2026-08-29,22365,22186,14,0.667,3,5,43,51.19,True
1324_10136_15_22186_22430,1324,10136,2026-08-29,22186,22430,15,0.238,4,5,42,48.26,True
1324_10136_16_22430_22126,1324,10136,2026-08-29,22430,22126,16,0.397,5,1,46,53.89,True
1324_10136_17_22126_21778,1324,10136,2026-08-29,22126,21778,17,0.749,7,3,50,59.52,True
1324_10136_18_21778_22541,1324,10136,2026-08-29,21778,22541,18,0.614,1,2,49,58.57,True
1324_10136_19_22541_21666,1324,10136,2026-08-29,22541,21666,19,0.391,3,7,45,52.8,True
1324_10136_20_21666_28167,1324,10136,2026-08-29,21666,28167,20,0.675,1,6,40,46.98,True
1324_10136_21_28167_22601,1324,10136,2026-08-29,28167,22601,21,0.238,0,4,36,40.15,True
1324_10136_22_22601_22382,1324,10136,2026-08-29,22601,22382,22,0.499,5,4,37,42.01,True
1324_10136_23_22382_35838,1324,10136,2026-08-29,22382,35838,23,0.173,7,4,40,50.14,True
1324_10136_24_35838_21522,1324,10136,2026-08-29,35838,21522,24,1.412,3,3,40,50.05,True
1324_10136_25_21522_22173,1324,10136,2026-08-29,21522,22173,25,1.291,2,2,40,49.62,True
1324_10136_26_22173_22136,1324,10136,2026-08-29,22173,22136,26,0.615,3,5,38,48.95,True
1324_10136_27_22136_22597,1324,10136,2026-08-29,22136,22597,27,0.589,5,3,40,52.67,True
1324_10136_28_22597_22402,1324,10136,2026-08-29,22597,22402,28,0.319,3,4,39,48.9,True
1324_10136_29_22402_22319,1324,10136,2026-08-29,22402,22319,29,0.293,2,4,37,46.45,True
1324_10136_30_22319_22379,1324,10136,2026-08-29,22319,22379,30,0.302,1,2,36,45.47,True
1324_10136_31_22379_21802,1324,10136,2026-08-29,22379,21802,31,0.267,0,1,35,44.47,True
1324_10136_32_21802_21911,1324,10136,2026-08-29,21802,21911,32,0.397,0,9,26,33.19,True
1324_10136_33_21911_21857,1324,10136,2026-08-29,21911,21857,33,0.915,0,2,24,31.69,True
1324_10136_34_21857_21706,1324,10136,2026-08-29,21857,21706,34,0.595,1,7,18,22.39,True
1324_10136_35_21706_21868,1324,10136,2026-08-29,21706,21868,35,0.555,0,4,14,17.43,True
1324_10136_36_21868_20855,1324,10136,2026-08-29,21868,20855,36,0.651,2,7,9,14.38,True
1324_10136_37_20855_21173,1324,10136,2026-08-29,20855,21173,37,0.524,3,5,7,23.24,True
1324_10137_1_22645_PF3_22643,1324,10137,2026-08-29,22645_PF3,22643,1,0.335,8,0,8,15.91,True
1324_10137_2_22643_22183,1324,10137,2026-08-29,22643,22183,2,0.636,3,1,10,16.3,True
1324_10137_3_22183_22266,1324,10137,2026-08-29,22183,22266,3,0.581,2,0,12,18.96,True
1324_10137_4_22266_22457,1324,10137,2026-08-29,22266,22457,4,0.447,4,1,15,19.63,True
1324_10137_5_22457_22181,1324,10137,2026-08-29,22457,22181,5,0.61,5,0,20,24.46,True
1324_10137_6_22181_22513,1324,10137,2026-08-29,22181,22513,6,0.811,7,1,26,30.89,True
1324_10137_7_22513_22087,1324,10137,2026-08-29,22513,22087,7,0.625,7,0,33,41.23,True
1324_10137_8_22087_21740,1324,10137,2026-08-29,22087,21740,8,0.66,3,1,35,41.64,True
1324_10137_9_21740_38788,1324,10137,2026-08-29,21740,38788,9,0.434,6,0,41,48.56,True
1324_10137_10_38788_34294,1324,10137,2026-08-29,38788,34294,10,0.14,5,1,45,51.76,True
1324_10137_11_34294_22555,1324,10137,2026-08-29,34294,22555,11,0.819,3,3,45,51.98,True
1324_10137_12_22555_21846,1324,10137,2026-08-29,22555,21846,12,0.455,3,4,44,49.29,True
1324_10137_13_21846_22365,1324,10137,2026-08-29,21846,22365,13,0.521,6,3,47,54.47,True
1324_10137_14_22365_22186,1324,10137,2026-08-29,22365,22186,14,0.667,5,7,45,50.59,True
1324_10137_15_22186_22430,1324,10137,2026-08-29,22186,22430,15,0.238,7,6,46,50.32,True
1324_10137_16_22430_22126,1324,10137,2026-08-29,22430,22126,16,0.397,3,2,47,50.21,True
1324_10137_17_22126_21778,1324,10137,2026-08-29,22126,21778,17,0.749,3,4,46,52.59,True
1324_10137_18_21778_22541,1324,10137,2026-08-29,21778,22541,18,0.614,4,1,49,57.01,True
1324_10137_19_22541_21666,1324,10137,2026-08-29,22541,21666,19,0.391,1,2,48,55.63,True
1324_10137_20_21666_28167,1324,10137,2026-08-29,21666,28167,20,0.675,5,6,47,53.59,True
1324_10137_21_28167_22601,1324,10137,2026-08-29,28167,22601,21,0.238,1,3,45,49.56,True
1324_10137_22_22601_22382,1324,10137,2026-08-29,22601,22382,22,0.499,2,4,43,48.91,True
1324_10137_23_22382_35838,1324,10137,2026-08-29,22382,35838,23,0.173,3,6,40,44.28,True
1324_10137_24_35838_21522,1324,10137,2026-08-29,35838,21522,24,1.412,0,4,36,39.47,True
1324_10137_25_21522_22173,1324,10137,2026-08-29,21522,22173,25,1.291,2,3,35,38.08,True
1324_10137_26_22173_22136,1324,10137,2026-08-29,22173,22136,26,0.615,2,2,35,38.41,True
1324_10137_27_22136_22597,1324,10137,2026-08-29,22136,22597,27,0.589,0,7,28,29.98,True
1324_10137_28_22597_22402,1324,10137,2026-08-29,22597,22402,28,0.319,1,5,24,24.72,True
1324_10137_29_22402_22319,1324,10137,2026-08-29,22402,22319,29,0.293,1,4,21,21.15,True
1324_10137_30_22319_22379,1324,10137,2026-08-29,22319,22379,30,0.302,4,0,25,28.44,True
1324_10137_31_22379_21802,1324,10137,2026-08-29,22379,21802,31,0.267,2,0,27,31.54,True
1324_10137_32_21802_21911,1324,10137,2026-08-29,21802,21911,32,0.397,0,0,27,31.54,True
1324_10137_33_21911_21857,1324,10137,2026-08-29,21911,21857,33,0.915,2,5,24,30.98,True
1324_10137_34_21857_21706,1324,10137,2026-08-29,21857,21706,34,0.595,5,4,25,42.62,True
1324_10137_35_21706_21868,1324,10137,2026-08-29,21706,21868,35,0.555,2,9,18,27.29,True
1324_10137_36_21868_20855,1324,10137,2026-08-29,21868,20855,36,0.651,4,6,16,26.75,True
1324_10137_37_20855_21173,1324,10137,2026-08-29,20855,21173,37,0.524,3,3,16,35.25,True
1324_10138_1_22645_PF3_22643,1324,10138,2026-08-29,22645_PF3,22643,1,0.335,1,0,1,1.06,True
1324_10138_2_22643_22183,1324,10138,2026-08-29,22643,22183,2,0.636,8,0,9,12.04,True
1324_10138_3_22183_22266,1324,10138,2026-08-29,22183,22266,3,0.581,4,1,12,13.95,True
1324_10138_4_22266_22457,1324,10138,2026-08-29,22266,22457,4,0.447,10,1,21,24.69,True
1324_10138_5_22457_22181,1324,10138,2026-08-29,22457,22181,5,0.61,3,0,24,28.03,True
1324_10138_6_22181_22513,1324,10138,2026-08-29,22181,22513,6,0.811,3,1,26,29.7,True
1324_10138_7_22513_22087,1324,10138,2026-08-29,22513,22087,7,0.625,4,2,28,31.64,True
1324_10138_8_22087_21740,1324,10138,2026-08-29,22087,21740,8,0.66,6,0,34,38.89,True
1324_10138_9_21740_38788,1324,10138,2026-08-29,21740,38788,9,0.434,0,2,32,38.89,True
1324_10138_10_38788_34294,1324,10138,2026-08-29,38788,34294,10,0.14,3,1,34,39.31,True
1324_10138_11_34294_22555,1324,10138,2026-08-29,34294,22555,11,0.819,2,0,36,42.41,True
1324_10138_12_22555_21846,1324,10138,2026-08-29,22555,21846,12,0.455,2,2,36,40.87,True
1324_10138_13_21846_22365,1324,10138,2026-08-29,21846,22365,13,0.521,1,2,35,38.82,True
1324_10138_14_22365_22186,1324,10138,2026-08-29,22365,22186,14,0.667,0,1,34,37.32,True
1324_10138_15_22186_22430,1324,10138,2026-08-29,22186,22430,15,0.238,3,5,32,33.7,True
1324_10138_16_22430_22126,1324,10138,2026-08-29,22430,22126,16,0.397,5,2,35,38.79,True
1324_10138_17_22126_21778,1324,10138,2026-08-29,22126,21778,17,0.749,3,1,37,43.63,True
1324_10138_18_21778_22541,1324,10138,2026-08-29,21778,22541,18,0.614,2,3,36,43.3,True
1324_10138_19_22541_21666,1324,10138,2026-08-29,22541,21666,19,0.391,4,3,37,46.27,True
1324_10138_20_21666_28167,1324,10138,2026-08-29,21666,28167,20,0.675,6,6,37,43.52,True
1324_10138_21_28167_22601,1324,10138,2026-08-29,28167,22601,21,0.238,5,2,40,46.81,True
1324_10138_22_22601_22382,1324,10138,2026-08-29,22601,22382,22,0.499,4,2,42,50.43,True
1324_10138_23_22382_35838,1324,10138,2026-08-29,22382,35838,23,0.173,3,3,42,52.98,True
1324_10138_24_35838_21522,1324,10138,2026-08-29,35838,21522,24,1.412,2,1,43,56.86,True
1324_10138_25_21522_22173,1324,10138,2026-08-29,21522,22173,25,1.291,3,3,43,55.5,True
1324_10138_26_22173_22136,1324,10138,2026-08-29,22173,22136,26,0.615,4,5,42,55.51,True
1324_10138_27_22136_22597,1324,10138,2026-08-29,22136,22597,27,0.589,3,4,41,51.75,True
1324_10138_28_22597_22402,1324,10138,2026-08-29,22597,22402,28,0.319,4,3,42,50.72,True
1324_10138_29_22402_22319,1324,10138,2026-08-29,22402,22319,29,0.293,3,5,40,47.47,True
1324_10138_30_22319_22379,1324,10138,2026-08-29,22319,22379,30,0.302,2,4,38,44.14,True
1324_10138_31_22379_21802,1324,10138,2026-08-29,22379,21802,31,0.267,5,3,40,46.51,True
1324_10138_32_21802_21911,1324,10138,2026-08-29,21802,21911,32,0.397,4,8,36,45.74,True
1324_10138_33_21911_21857,1324,10138,2026-08-29,21911,21857,33,0.915,1,6,31,38.42,True
1324_10138_34_21857_21706,1324,10138,2026-08-29,21857,21706,34,0.595,3,2,32,38.96,True
1324_10138_35_21706_21868,1324,10138,2026-08-29,21706,21868,35,0.555,3,6,29,36.96,True
1324_10138_36_21868_20855,1324,10138,2026-08-29,21868,20855,36,0.651,0,9,20,28.7,True
1324_10138_37_20855_21173,1324,10138,2026-08-29,20855,21173,37,0.524,1,11,10,18.74,True
1324_10139_1_22645_PF3_22643,1324,10139,2026-08-29,22645_PF3,22643,1,0.335,5,0,5,4.97,True
1324_10139_2_22643_22183,1324,10139,2026-08-29,22643,22183,2,0.636,3,0,8,8.77,True
1324_10139_3_22183_22266,1324,10139,2026-08-29,22183,22266,3,0.581,6,0,14,17.31,True
1324_10139_4_22266_22457,1324,10139,2026-08-29,22266,22457,4,0.447,4,0,18,21.09,True
1324_10139_5_22457_22181,1324,10139,2026-08-29,22457,22181,5,0.61,5,2,21,25.81,True
1324_10139_6_22181_22513,1324,10139,2026-08-29,22181,22513,6,0.811,2,0,23,28.86,True
1324_10139_7_22513_22087,1324,10139,2026-08-29,22513,22087,7,0.625,1,1,23,27.86,True
1324_10139_8_22087_21740,1324,10139,2026-08-29,22087,21740,8,0.66,3,1,25,28.65,True
1324_10139_9_21740_38788,1324,10139,2026-08-29,21740,38788,9,0.434,3,1,27,31.06,True
1324_10139_10_38788_34294,1324,10139,2026-08-29,38788,34294,10,0.14,2,0,29,33.42,True
1324_10139_11_34294_22555,1324,10139,2026-08-29,34294,22555,11,0.819,2,1,30,34.1,True
1324_10139_12_22555_21846,1324,10139,2026-08-29,22555,21846,12,0.455,3,2,31,35.88,True
1324_10139_13_21846_22365,1324,10139,2026-08-29,21846,22365,13,0.521,4,2,33,36.67,True
1324_10139_14_22365_22186,1324,10139,2026-08-29,22365,22186,14,0.667,2,2,33,34.6,True
1324_10139_15_22186_22430,1324,10139,2026-08-29,22186,22430,15,0.238,3,1,35,36.67,True
1324_10139_16_22430_22126,1324,10139,2026-08-29,22430,22126,16,0.397,4,3,36,38.43,True
1324_10139_17_22126_21778,1324,10139,2026-08-29,22126,21778,17,0.749,1,2,35,38.68,True
1324_10139_18_21778_22541,1324,10139,2026-08-29,21778,22541,18,0.614,1,3,33,36.33,True
1324_10139_19_22541_21666,1324,10139,2026-08-29,22541,21666,19,0.391,3,2,34,38.0,True
1324_10139_20_21666_28167,1324,10139,2026-08-29,21666,28167,20,0.675,1,0,35,39.87,True
1324_10139_21_28167_22601,1324,10139,2026-08-29,28167,22601,21,0.238,5,1,39,47.84,True
1324_10139_22_22601_22382,1324,10139,2026-08-29,22601,22382,22,0.499,4,1,42,50.48,True
1324_10139_23_22382_35838,1324,10139,2026-08-29,22382,35838,23,0.173,1,3,40,48.52,True
1324_10139_24_35838_21522,1324,10139,2026-08-29,35838,21522,24,1.412,3,2,41,50.1,True
1324_10139_25_21522_22173,1324,10139,2026-08-29,21522,22173,25,1.291,2,4,39,48.12,True
1324_10139_26_22173_22136,1324,10139,2026-08-29,22173,22136,26,0.615,6,2,43,52.65,True
1324_10139_27_22136_22597,1324,10139,2026-08-29,22136,22597,27,0.589,2,5,40,48.21,True
1324_10139_28_22597_22402,1324,10139,2026-08-29,22597,22402,28,0.319,3,9,34,40.39,True
1324_10139_29_22402_22319,1324,10139,2026-08-29,22402,22319,29,0.293,4,8,30,36.8,True
1324_10139_30_22319_22379,1324,10139,2026-08-29,22319,22379,30,0.302,2,2,30,37.77,True
1324_10139_31_22379_21802,1324,10139,2026-08-29,22379,21802,31,0.267,2,4,28,34.87,True
1324_10139_32_21802_21911,1324,10139,2026-08-29,21802,21911,32,0.397,4,7,25,30.55,True
1324_10139_33_21911_21857,1324,10139,2026-08-29,21911,21857,33,0.915,3,2,26,35.55,True
1324_10139_34_21857_21706,1324,10139,2026-08-29,21857,21706,34,0.595,2,2,26,37.12,True
1324_10139_35_21706_21868,1324,10139,2026-08-29,21706,21868,35,0.555,2,2,26,39.62,True
1324_10139_36_21868_20855,1324,10139,2026-08-29,21868,20855,36,0.651,3,7,22,39.68,True
1324_10139_37_20855_21173,1324,10139,2026-08-29,20855,21173,37,0.524,4,6,20,38.68,True
999_1014_1_21172_PF10_20857,999,1014,2026-08-29,21172_PF10,20857,1,0.601,6,0,6,7.44,True
999_1014_2_20857_21520,999,1014,2026-08-29,20857,21520,2,0.787,3,0,9,13.25,True
999_1014_3_21520_21574,999,1014,2026-08-29,21520,21574,3,0.502,1,0,10,14.25,True
999_1014_4_21574_21193,999,1014,2026-08-29,21574,21193,4,0.419,3,0,13,18.7,True
999_1014_5_21193_23674,999,1014,2026-08-29,21193,23674,5,0.796,3,0,16,23.4,True
999_1014_6_23674_20927,999,1014,2026-08-29,23674,20927,6,0.776,5,1,20,27.7,True
999_1014_7_20927_21166_PF1,999,1014,2026-08-29,20927,21166_PF1,7,0.356,2,1,21,28.79,True
999_1014_8_21166_PF1_23825,999,1014,2026-08-29,21166_PF1,23825,8,0.365,2,1,22,30.22,True
999_1014_9_23825_21565,999,1014,2026-08-29,23825,21565,9,0.4,1,2,21,27.45,True
999_1014_10_21565_21603,999,1014,2026-08-29,21565,21603,10,0.383,2,1,22,29.0,True
999_1014_11_21603_21458,999,1014,2026-08-29,21603,21458,11,0.504,0,2,20,25.66,True
999_1014_12_21458_21593,999,1014,2026-08-29,21458,21593,12,0.493,3,1,22,29.3,True
999_1014_13_21593_21447,999,1014,2026-08-29,21593,21447,13,0.605,2,1,23,30.88,True
999_1014_14_21447_21544_PF1,999,1014,2026-08-29,21447,21544_PF1,14,0.561,2,3,22,28.79,True
999_1014_15_21544_PF1_21543,999,1014,2026-08-29,21544_PF1,21543,15,0.634,1,1,22,28.61,True
999_1014_16_21543_21445,999,1014,2026-08-29,21543,21445,16,0.199,0,4,18,22.88,True
999_1014_17_21445_21449,999,1014,2026-08-29,21445,21449,17,0.356,0,5,13,15.59,True
999_1014_18_21449_21148,999,1014,2026-08-29,21449,21148,18,0.38,1,3,11,12.3,True
999_1014_19_21148_20623_PF5,999,1014,2026-08-29,21148,20623_PF5,19,0.637,1,1,11,12.41,True
999_1014_20_20623_PF5_21713,999,1014,2026-08-29,20623_PF5,21713,20,0.378,2,1,12,14.46,True
999_1014_21_21713_22295,999,1014,2026-08-29,21713,22295,21,0.345,1,2,11,13.34,True
999_1014_22_22295_35150,999,1014,2026-08-29,22295,35150,22,0.265,0,2,9,10.34,True
999_1014_23_35150_22631,999,1014,2026-08-29,35150,22631,23,0.366,1,1,9,10.34,True
999_1014_24_22631_20897,999,1014,2026-08-29,22631,20897,24,0.384,1,1,9,12.01,True
999_1014_25_20897_21874,999,1014,2026-08-29,20897,21874,25,0.5,2,1,10,14.09,True
999_1014_26_21874_22213,999,1014,2026-08-29,21874,22213,26,0.555,0,5,5,7.36,True
999_1014_27_22213_22211,999,1014,2026-08-29,22213,22211,27,0.269,1,2,4,9.44,True
1324_10140_1_22645_PF3_22643,1324,10140,2026-08-29,22645_PF3,22643,1,0.335,3,0,3,4.38,True
1324_10140_2_22643_22183,1324,10140,2026-08-29,22643,22183,2,0.636,3,0,6,6.79,True
1324_10140_3_22183_22266,1324,10140,2026-08-29,22183,22266,3,0.581,6,0,12,15.81,True
1324_10140_4_22266_22457,1324,10140,2026-08-29,22266,22457,4,0.447,8,0,20,27.08,True
1324_10140_5_22457_22181,1324,10140,2026-08-29,22457,22181,5,0.61,7,0,27,37.71,True
1324_10140_6_22181_22513,1324,10140,2026-08-29,22181,22513,6,0.811,5,2,30,39.48,True
1324_10140_7_22513_22087,1324,10140,2026-08-29,22513,22087,7,0.625,5,1,34,41.34,True
1324_10140_8_22087_21740,1324,10140,2026-08-29,22087,21740,8,0.66,2,0,36,44.15,True
1324_10140_9_21740_38788,1324,10140,2026-08-29,21740,38788,9,0.434,3,3,36,41.66,True
1324_10140_10_38788_34294,1324,10140,2026-08-29,38788,34294,10,0.14,1,0,37,43.33,True
1324_10140_11_34294_22555,1324,10140,2026-08-29,34294,22555,11,0.819,4,2,39,45.19,True
1324_10140_12_22555_21846,1324,10140,2026-08-29,22555,21846,12,0.455,7,1,45,53.76,True
1324_10140_13_21846_22365,1324,10140,2026-08-29,21846,22365,13,0.521,4,2,47,56.55,True
1324_10140_14_22365_22186,1324,10140,2026-08-29,22365,22186,14,0.667,3,6,44,51.71,True
1324_10140_15_22186_22430,1324,10140,2026-08-29,22186,22430,15,0.238,2,2,44,51.57,True
1324_10140_16_22430_22126,1324,10140,2026-08-29,22430,22126,16,0.397,3,2,45,53.06,True
1324_10140_17_22126_21778,1324,10140,2026-08-29,22126,21778,17,0.749,2,4,43,51.51,True
1324_10140_18_21778_22541,1324,10140,2026-08-29,21778,22541,18,0.614,6,3,46,59.01,True
1324_10140_19_22541_21666,1324,10140,2026-08-29,22541,21666,19,0.391,4,4,46,57.57,True
1324_10140_20_21666_28167,1324,10140,2026-08-29,21666,28167,20,0.675,2,3,45,56.94,True
1324_10140_21_28167_22601,1324,10140,2026-08-29,28167,22601,21,0.238,2,9,38,47.87,True
1324_10140_22_22601_22382,1324,10140,2026-08-29,22601,22382,22,0.499,0,3,35,43.93,True
1324_10140_23_22382_35838,1324,10140,2026-08-29,22382,35838,23,0.173,0,2,33,39.93,True
1324_10140_24_35838_21522,1324,10140,2026-08-29,35838,21522,24,1.412,2,5,30,38.64,True
1324_10140_25_21522_22173,1324,10140,2026-08-29,21522,22173,25,1.291,3,3,30,40.66,True
1324_10140_26_22173_22136,1324,10140,2026-08-29,22173,22136,26,0.615,0,3,27,34.49,True
1324_10140_27_22136_22597,1324,10140,2026-08-29,22136,22597,27,0.589,2,2,27,35.62,True
1324_10140_28_22597_22402,1324,10140,2026-08-29,22597,22402,28,0.319,2,4,25,33.22,True
1324_10140_29_22402_22319,1324,10140,2026-08-29,22402,22319,29,0.293,2,1,26,34.39,True
1324_10140_30_22319_22379,1324,10140,2026-08-29,22319,22379,30,0.302,2,3,25,32.1,True
1324_10140_31_22379_21802,1324,10140,2026-08-29,22379,21802,31,0.267,3,2,26,35.1,True
1324_10140_32_21802_21911,1324,10140,2026-08-29,21802,21911,32,0.397,4,5,25,36.66,True
1324_10140_33_21911_21857,1324,10140,2026-08-29,21911,21857,33,0.915,2,1,26,37.28,True
1324_10140_34_21857_21706,1324,10140,2026-08-29,21857,21706,34,0.595,7,7,26,39.59,True
1324_10140_35_21706_21868,1324,10140,2026-08-29,21706,21868,35,0.555,2,6,22,30.66,True
1324_10140_36_21868_20855,1324,10140,2026-08-29,21868,20855,36,0.651,1,6,17,25.76,True
1324_10140_37_20855_21173,1324,10140,2026-08-29,20855,21173,37,0.524,2,12,7,17.5,True
1324_10141_1_22645_PF3_22643,1324,10141,2026-08-29,22645_PF3,22643,1,0.335,6,0,6,8.29,True
1324_10141_2_22643_22183,1324,10141,2026-08-29,22643,22183,2,0.636,5,0,11,17.34,True
1324_10141_3_22183_22266,1324,10141,2026-08-29,22183,22266,3,0.581,3,0,14,22.71,True
1324_10141_4_22266_22457,1324,10141,2026-08-29,22266,22457,4,0.447,4,1,17,23.65,True
1324_10141_5_22457_22181,1324,10141,2026-08-29,22457,22181,5,0.61,6,1,22,32.15,True
1324_10141_6_22181_22513,1324,10141,2026-08-29,22181,22513,6,0.811,1,0,23,32.15,True
1324_10141_7_22513_22087,1324,10141,2026-08-29,22513,22087,7,0.625,6,1,28,38.23,True
1324_10141_8_22087_21740,1324,10141,2026-08-29,22087,21740,8,0.66,5,2,31,39.19,True
1324_10141_9_21740_38788,1324,10141,2026-08-29,21740,38788,9,0.434,3,2,32,38.42,True
1324_10141_10_38788_34294,1324,10141,2026-08-29,38788,34294,10,0.14,2,4,30,32.96,True
1324_10141_11_34294_22555,1324,10141,2026-08-29,34294,22555,11,0.819,3,5,28,30.11,True
1324_10141_12_22555_21846,1324,10141,2026-08-29,22555,21846,12,0.455,3,0,31,32.57,True
1324_10141_13_21846_22365,1324,10141,2026-08-29,21846,22365,13,0.521,0,0,31,32.57,True
1324_10141_14_22365_22186,1324,10141,2026-08-29,22365,22186,14,0.667,2,0,33,34.65,True
1324_10141_15_22186_22430,1324,10141,2026-08-29,22186,22430,15,0.238,3,3,33,32.65,True
1324_10141_16_22430_22126,1324,10141,2026-08-29,22430,22126,16,0.397,1,4,30,28.17,True
1324_10141_17_22126_21778,1324,10141,2026-08-29,22126,21778,17,0.749,2,3,29,27.95,True
1324_10141_18_21778_22541,1324,10141,2026-08-29,21778,22541,18,0.614,6,0,35,33.62,True
1324_10141_19_22541_21666,1324,10141,2026-08-29,22541,21666,19,0.391,3,1,37,36.22,True
1324_10141_20_21666_28167,1324,10141,2026-08-29,21666,28167,20,0.675,6,0,43,44.94,True
1324_10141_21_28167_22601,1324,10141,2026-08-29,28167,22601,21,0.238,4,3,44,46.03,True
1324_10141_22_22601_22382,1324,10141,2026-08-29,22601,22382,22,0.499,2,4,42,43.67,True
1324_10141_23_22382_35838,1324,10141,2026-08-29,22382,35838,23,0.173,4,6,40,44.23,True
1324_10141_24_35838_21522,1324,10141,2026-08-29,35838,21522,24,1.412,3,1,42,48.28,True
1324_10141_25_21522_22173,1324,10141,2026-08-29,21522,22173,25,1.291,3,5,40,46.62,True
1324_10141_26_22173_22136,1324,10141,2026-08-29,22173,22136,26,0.615,1,3,38,44.8,True
1324_10141_27_22136_22597,1324,10141,2026-08-29,22136,22597,27,0.589,1,4,35,41.02,True
1324_10141_28_22597_22402,1324,10141,2026-08-29,22597,22402,28,0.319,0,1,34,39.14,True
1324_10141_29_22402_22319,1324,10141,2026-08-29,22402,22319,29,0.293,1,1,34,39.31,True
1324_10141_30_22319_22379,1324,10141,2026-08-29,22319,22379,30,0.302,5,0,39,45.86,True
1324_10141_31_22379_21802,1324,10141,2026-08-29,22379,21802,31,0.267,4,3,40,49.63,True
1324_10141_32_21802_21911,1324,10141,2026-08-29,21802,21911,32,0.397,1,9,32,37.37,True
1324_10141_33_21911_21857,1324,10141,2026-08-29,21911,21857,33,0.915,1,3,30,35.11,True
1324_10141_34_21857_21706,1324,10141,2026-08-29,21857,21706,34,0.595,3,8,25,32.72,True
1324_10141_35_21706_21868,1324,10141,2026-08-29,21706,21868,35,0.555,2,6,21,28.22,True
1324_10141_36_21868_20855,1324,10141,2026-08-29,21868,20855,36,0.651,3,6,18,26.72,True
1324_10141_37_20855_21173,1324,10141,2026-08-29,20855,21173,37,0.524,3,6,15,31.73,True
1324_10142_1_22645_PF3_22643,1324,10142,2026-08-29,22645_PF3,22643,1,0.335,4,0,4,3.84,True
1324_10142_2_22643_22183,1324,10142,2026-08-29,22643,22183,2,0.636,3,0,7,8.14,True
1324_10142_3_22183_22266,1324,10142,2026-08-29,22183,22266,3,0.581,2,0,9,9.78,True
1324_10142_4_22266_22457,1324,10142,2026-08-29,22266,22457,4,0.447,4,0,13,15.87,True
1324_10142_5_22457_22181,1324,10142,2026-08-29,22457,22181,5,0.61,2,0,15,18.05,True
1324_10142_6_22181_22513,1324,10142,2026-08-29,22181,22513,6,0.811,3,0,18,23.93,True
1324_10142_7_22513_22087,1324,10142,2026-08-29,22513,22087,7,0.625,2,0,20,25.05,True
1324_10142_8_22087_21740,1324,10142,2026-08-29,22087,21740,8,0.66,2,2,20,26.11,True
1324_10142_9_21740_38788,1324,10142,2026-08-29,21740,38788,9,0.434,5,0,25,33.24,True
1324_10142_10_38788_34294,1324,10142,2026-08-29,38788,34294,10,0.14,1,1,25,31.99,True
1324_10142_11_34294_22555,1324,10142,2026-08-29,34294,22555,11,0.819,2,1,26,33.11,True
1324_10142_12_22555_21846,1324,10142,2026-08-29,22555,21846,12,0.455,3,1,28,34.95,True
1324_10142_13_21846_22365,1324,10142,2026-08-29,21846,22365,13,0.521,2,2,28,34.13,True
1324_10142_14_22365_22186,1324,10142,2026-08-29,22365,22186,14,0.667,6,5,29,33.61,True
1324_10142_15_22186_22430,1324,10142,2026-08-29,22186,22430,15,0.238,1,0,30,35.11,True
1324_10142_16_22430_22126,1324,10142,2026-08-29,22430,22126,16,0.397,1,2,29,32.41,True
1324_10142_17_22126_21778,1324,10142,2026-08-29,22126,21778,17,0.749,3,1,31,33.24,True
1324_10142_18_21778_22541,1324,10142,2026-08-29,21778,22541,18,0.614,3,3,31,35.39,True
1324_10142_19_22541_21666,1324,10142,2026-08-29,22541,21666,19,0.391,1,2,30,32.78,True
1324_10142_20_21666_28167,1324,10142,2026-08-29,21666,28167,20,0.675,0,2,28,29.9,True
1324_10142_21_28167_22601,1324,10142,2026-08-29,28167,22601,21,0.238,1,3,26,27.56,True
1324_10142_22_22601_22382,1324,10142,2026-08-29,22601,22382,22,0.499,1,2,25,26.89,True
1324_10142_23_22382_35838,1324,10142,2026-08-29,22382,35838,23,0.173,2,2,25,28.65,True
1324_10142_24_35838_21522,1324,10142,2026-08-29,35838,21522,24,1.412,3,1,27,32.09,True
1324_10142_25_21522_22173,1324,10142,2026-08-29,21522,22173,25,1.291,3,3,27,31.27,True
1324_10142_26_22173_22136,1324,10142,2026-08-29,22173,22136,26,0.615,3,2,28,32.31,True
1324_10142_27_22136_22597,1324,10142,2026-08-29,22136,22597,27,0.589,0,4,24,27.36,True
1324_10142_28_22597_22402,1324,10142,2026-08-29,22597,22402,28,0.319,2,1,25,31.16,True
1324_10142_29_22402_22319,1324,10142,2026-08-29,22402,22319,29,0.293,0,2,23,26.16,True
1324_10142_30_22319_22379,1324,10142,2026-08-29,22319,22379,30,0.302,3,1,25,30.03,True
1324_10142_31_22379_21802,1324,10142,2026-08-29,22379,21802,31,0.267,2,1,26,31.22,True
1324_10142_32_21802_21911,1324,10142,2026-08-29,21802,21911,32,0.397,3,3,26,33.74,True
1324_10142_33_21911_21857,1324,10142,2026-08-29,21911,21857,33,0.915,2,4,24,31.05,True
1324_10142_34_21857_21706,1324,10142,2026-08-29,21857,21706,34,0.595,4,3,25,38.55,True
1324_10142_35_21706_21868,1324,10142,2026-08-29,21706,21868,35,0.555,0,8,17,25.49,True
1324_10142_36_21868_20855,1324,10142,2026-08-29,21868,20855,36,0.651,3,4,16,29.01,True
1324_10142_37_20855_21173,1324,10142,2026-08-29,20855,21173,37,0.524,2,6,12,27.86,True
1324_10143_1_22645_PF3_22643,1324,10143,2026-08-29,22645_PF3,22643,1,0.335,5,0,5,6.5,True
1324_10143_2_22643_22183,1324,10143,2026-08-29,22643,22183,2,0.636,2,0,7,9.6,True
1324_10143_3_22183_22266,1324,10143,2026-08-29,22183,22266,3,0.581,4,0,11,13.11,True
1324_10143_4_22266_22457,1324,10143,2026-08-29,22266,22457,4,0.447,4,1,14,16.0,True
1324_10143_5_22457_22181,1324,10143,2026-08-29,22457,22181,5,0.61,3,0,17,20.34,True
1324_10143_6_22181_22513,1324,10143,2026-08-29,22181,22513,6,0.811,3,0,20,22.9,True
1324_10143_7_22513_22087,1324,10143,2026-08-29,22513,22087,7,0.625,0,0,20,22.9,True
1324_10143_8_22087_21740,1324,10143,2026-08-29,22087,21740,8,0.66,4,0,24,28.32,True
1324_10143_9_21740_38788,1324,10143,2026-08-29,21740,38788,9,0.434,2,1,25,28.72,True
1324_10143_10_38788_34294,1324,10143,2026-08-29,38788,34294,10,0.14,1,0,26,29.77,True
1324_10143_11_34294_22555,1324,10143,2026-08-29,34294,22555,11,0.819,1,2,25,27.73,True
1324_10143_12_22555_21846,1324,10143,2026-08-29,22555,21846,12,0.455,4,0,29,31.28,True
1324_10143_13_21846_22365,1324,10143,2026-08-29,21846,22365,13,0.521,5,1,33,35.84,True
1324_10143_14_22365_22186,1324,10143,2026-08-29,22365,22186,14,0.667,1,1,33,35.58,True
1324_10143_15_22186_22430,1324,10143,2026-08-29,22186,22430,15,0.238,4,2,35,36.73,True
1324_10143_16_22430_22126,1324,10143,2026-08-29,22430,22126,16,0.397,3,4,34,36.61,True
1324_10143_17_22126_21778,1324,10143,2026-08-29,22126,21778,17,0.749,0,3,31,32.31,True
1324_10143_18_21778_22541,1324,10143,2026-08-29,21778,22541,18,0.614,3,3,31,33.64,True
1324_10143_19_22541_21666,1324,10143,2026-08-29,22541,21666,19,0.391,5,3,33,36.76,True
1324_10143_20_21666_28167,1324,10143,2026-08-29,21666,28167,20,0.675,6,2,37,41.87,True
1324_10143_21_28167_22601,1324,10143,2026-08-29,28167,22601,21,0.238,3,5,35,38.72,True
1324_10143_22_22601_22382,1324,10143,2026-08-29,22601,22382,22,0.499,2,2,35,39.63,True
1324_10143_23_22382_35838,1324,10143,2026-08-29,22382,35838,23,0.173,2,2,35,40.62,True
1324_10143_24_35838_21522,1324,10143,2026-08-29,35838,21522,24,1.412,2,1,36,41.99,True
1324_10143_25_21522_22173,1324,10143,2026-08-29,21522,22173,25,1.291,3,2,37,43.02,True
1324_10143_26_22173_22136,1324,10143,2026-08-29,22173,22136,26,0.615,1,0,38,44.44,True
1324_10143_27_22136_22597,1324,10143,2026-08-29,22136,22597,27,0.589,3,3,38,43.98,True
1324_10143_28_22597_22402,1324,10143,2026-08-29,22597,22402,28,0.319,2,4,36,39.5,True
1324_10143_29_22402_22319,1324,10143,2026-08-29,22402,22319,29,0.293,3,2,37,46.36,True
1324_10143_30_22319_22379,1324,10143,2026-08-29,22319,22379,30,0.302,3,3,37,42.03,True
1324_10143_31_22379_21802,1324,10143,2026-08-29,22379,21802,31,0.267,4,3,38,45.28,True
1324_10143_32_21802_21911,1324,10143,2026-08-29,21802,21911,32,0.397,1,4,35,43.59,True
1324_10143_33_21911_21857,1324,10143,2026-08-29,21911,21857,33,0.915,4,5,34,43.44,True
1324_10143_34_21857_21706,1324,10143,2026-08-29,21857,21706,34,0.595,2,3,33,41.48,True
1324_10143_35_21706_21868,1324,10143,2026-08-29,21706,21868,35,0.555,1,9,25,34.95,True
1324_10143_36_21868_20855,1324,10143,2026-08-29,21868,20855,36,0.651,1,6,20,27.88,True
1324_10143_37_20855_21173,1324,10143,2026-08-29,20855,21173,37,0.524,1,10,11,18.58,True
1324_10144_1_22645_PF3_22643,1324,10144,2026-08-29,22645_PF3,22643,1,0.335,1,0,1,1.64,True
1324_10144_2_22643_22183,1324,10144,2026-08-29,22643,22183,2,0.636,1,0,2,3.51,True
1324_10144_3_22183_22266,1324,10144,2026-08-29,22183,22266,3,0.581,0,0,2,3.51,True
1324_10144_4_22266_22457,1324,10144,2026-08-29,22266,22457,4,0.447,1,0,3,5.15,True
1324_10144_5_22457_22181,1324,10144,2026-08-29,22457,22181,5,0.61,0,0,3,5.15,True
1324_10144_6_22181_22513,1324,10144,2026-08-29,22181,22513,6,0.811,1,0,4,6.2,True
1324_10144_7_22513_22087,1324,10144,2026-08-29,22513,22087,7,0.625,0,0,4,6.2,True
1324_10144_8_22087_21740,1324,10144,2026-08-29,22087,21740,8,0.66,0,0,4,6.2,True
1324_10144_9_21740_38788,1324,10144,2026-08-29,21740,38788,9,0.434,0,0,4,6.2,True
1324_10144_10_38788_34294,1324,10144,2026-08-29,38788,34294,10,0.14,1,1,4,5.71,True
1324_10144_11_34294_22555,1324,10144,2026-08-29,34294,22555,11,0.819,0,0,4,5.71,True
1324_10144_12_22555_21846,1324,10144,2026-08-29,22555,21846,12,0.455,0,1,3,4.07,True
1324_10144_13_21846_22365,1324,10144,2026-08-29,21846,22365,13,0.521,0,0,3,4.07,True
1324_10144_14_22365_22186,1324,10144,2026-08-29,22365,22186,14,0.667,0,0,3,4.07,True
1324_10144_15_22186_22430,1324,10144,2026-08-29,22186,22430,15,0.238,0,1,2,2.44,True
1324_10144_16_22430_22126,1324,10144,2026-08-29,22430,22126,16,0.397,1,0,3,3.56,True
1324_10144_17_22126_21778,1324,10144,2026-08-29,22126,21778,17,0.749,2,0,5,7.44,True
1324_10144_18_21778_22541,1324,10144,2026-08-29,21778,22541,18,0.614,0,0,5,7.44,True
1324_10144_19_22541_21666,1324,10144,2026-08-29,22541,21666,19,0.391,0,0,5,7.44,True
1324_10144_20_21666_28167,1324,10144,2026-08-29,21666,28167,20,0.675,2,0,7,10.82,True
1324_10144_21_28167_22601,1324,10144,2026-08-29,28167,22601,21,0.238,2,0,9,14.99,True
1324_10144_22_22601_22382,1324,10144,2026-08-29,22601,22382,22,0.499,2,0,11,17.61,True
1324_10144_23_22382_35838,1324,10144,2026-08-29,22382,35838,23,0.173,1,1,11,19.23,True
1324_10144_24_35838_21522,1324,10144,2026-08-29,35838,21522,24,1.412,0,1,10,17.56,True
1324_10144_25_21522_22173,1324,10144,2026-08-29,21522,22173,25,1.291,0,3,7,12.63,True
1324_10144_26_22173_22136,1324,10144,2026-08-29,22173,22136,26,0.615,0,1,6,10.63,True
1324_10144_27_22136_22597,1324,10144,2026-08-29,22136,22597,27,0.589,0,1,5,8.13,True
1324_10144_28_22597_22402,1324,10144,2026-08-29,22597,22402,28,0.319,0,1,4,5.13,True
1324_10144_29_22402_22319,1324,10144,2026-08-29,22402,22319,29,0.293,0,0,4,5.13,True
1324_10144_30_22319_22379,1324,10144,2026-08-29,22319,22379,30,0.302,0,0,4,5.13,True
1324_10144_31_22379_21802,1324,10144,2026-08-29,22379,21802,31,0.267,3,0,7,12.63,True
1324_10144_32_21802_21911,1324,10144,2026-08-29,21802,21911,32,0.397,0,2,5,10.01,True
1324_10144_33_21911_21857,1324,10144,2026-08-29,21911,21857,33,0.915,0,1,4,8.62,True
1324_10144_34_21857_21706,1324,10144,2026-08-29,21857,21706,34,0.595,0,0,4,8.62,True
1324_10144_35_21706_21868,1324,10144,2026-08-29,21706,21868,35,0.555,1,3,2,2.79,True
1324_10144_36_21868_20855,1324,10144,2026-08-29,21868,20855,36,0.651,2,0,4,7.79,True
1324_10144_37_20855_21173,1324,10144,2026-08-29,20855,21173,37,0.524,1,0,5,12.79,True
1324_10145_1_22645_PF3_22643,1324,10145,2026-08-29,22645_PF3,22643,1,0.335,0,0,0,0.0,True
1324_10145_2_22643_22183,1324,10145,2026-08-29,22643,22183,2,0.636,0,0,0,0.0,True
1324_10145_3_22183_22266,1324,10145,2026-08-29,22183,22266,3,0.581,2,0,2,1.67,True
1324_10145_4_22266_22457,1324,10145,2026-08-29,22266,22457,4,0.447,0,0,2,1.67,True
1324_10145_5_22457_22181,1324,10145,2026-08-29,22457,22181,5,0.61,1,0,3,3.03,True
1324_10145_6_22181_22513,1324,10145,2026-08-29,22181,22513,6,0.811,1,0,4,4.7,True
1324_10145_7_22513_22087,1324,10145,2026-08-29,22513,22087,7,0.625,1,0,5,5.49,True
1324_10145_8_22087_21740,1324,10145,2026-08-29,22087,21740,8,0.66,0,0,5,5.49,True
1324_10145_9_21740_38788,1324,10145,2026-08-29,21740,38788,9,0.434,0,0,5,5.49,True
1324_10145_10_38788_34294,1324,10145,2026-08-29,38788,34294,10,0.14,0,0,5,5.49,True
1324_10145_11_34294_22555,1324,10145,2026-08-29,34294,22555,11,0.819,0,0,5,5.49,True
1324_10145_12_22555_21846,1324,10145,2026-08-29,22555,21846,12,0.455,0,0,5,5.49,True
1324_10145_13_21846_22365,1324,10145,2026-08-29,21846,22365,13,0.521,0,0,5,5.49,True
1324_10145_14_22365_22186,1324,10145,2026-08-29,22365,22186,14,0.667,0,0,5,5.49,True
1324_10145_15_22186_22430,1324,10145,2026-08-29,22186,22430,15,0.238,1,1,5,5.32,True
1324_10145_16_22430_22126,1324,10145,2026-08-29,22430,22126,16,0.397,0,1,4,3.96,True
1324_10145_17_22126_21778,1324,10145,2026-08-29,22126,21778,17,0.749,1,0,5,5.25,True
1324_10145_18_21778_22541,1324,10145,2026-08-29,21778,22541,18,0.614,0,0,5,5.25,True
1324_10145_19_22541_21666,1324,10145,2026-08-29,22541,21666,19,0.391,0,0,5,5.25,True
1324_10145_20_21666_28167,1324,10145,2026-08-29,21666,28167,20,0.675,1,0,6,7.05,True
1324_10145_21_28167_22601,1324,10145,2026-08-29,28167,22601,21,0.238,0,0,6,7.05,True
1324_10145_22_22601_22382,1324,10145,2026-08-29,22601,22382,22,0.499,1,0,7,8.55,True
1324_10145_23_22382_35838,1324,10145,2026-08-29,22382,35838,23,0.173,0,0,7,8.55,True
1324_10145_24_35838_21522,1324,10145,2026-08-29,35838,21522,24,1.412,0,1,6,7.59,True
1324_10145_25_21522_22173,1324,10145,2026-08-29,21522,22173,25,1.291,0,1,5,6.09,True
1324_10145_26_22173_22136,1324,10145,2026-08-29,22173,22136,26,0.615,0,0,5,6.09,True
1324_10145_27_22136_22597,1324,10145,2026-08-29,22136,22597,27,0.589,0,0,5,6.09,True
1324_10145_28_22597_22402,1324,10145,2026-08-29,22597,22402,28,0.319,0,0,5,6.09,True
1324_10145_29_22402_22319,1324,10145,2026-08-29,22402,22319,29,0.293,1,0,6,8.59,True
1324_10145_30_22319_22379,1324,10145,2026-08-29,22319,22379,30,0.302,2,1,7,8.04,True
1324_10145_31_22379_21802,1324,10145,2026-08-29,22379,21802,31,0.267,0,2,5,4.26,True
1324_10145_32_21802_21911,1324,10145,2026-08-29,21802,21911,32,0.397,0,0,5,4.26,True
1324_10145_33_21911_21857,1324,10145,2026-08-29,21911,21857,33,0.915,0,0,5,4.26,True
1324_10145_34_21857_21706,1324,10145,2026-08-29,21857,21706,34,0.595,1,2,4,4.01,True
1324_10145_35_21706_21868,1324,10145,2026-08-29,21706,21868,35,0.555,0,0,4,4.01,True
1324_10145_36_21868_20855,1324,10145,2026-08-29,21868,20855,36,0.651,0,2,2,0.71,True
1324_10145_37_20855_21173,1324,10145,2026-08-29,20855,21173,37,0.524,1,1,2,5.71,True
1324_10146_1_22645_PF3_22643,1324,10146,2026-08-29,22645_PF3,22643,1,0.335,0,0,0,0.0,True
1324_10146_2_22643_22183,1324,10146,2026-08-29,22643,22183,2,0.636,0,0,0,0.0,True
1324_10146_3_22183_22266,1324,10146,2026-08-29,22183,22266,3,0.581,1,0,1,1.12,True
1324_10146_4_22266_22457,1324,10146,2026-08-29,22266,22457,4,0.447,1,0,2,1.95,True
1324_10146_5_22457_22181,1324,10146,2026-08-29,22457,22181,5,0.61,1,0,3,4.45,True
1324_10146_6_22181_22513,1324,10146,2026-08-29,22181,22513,6,0.811,1,0,4,5.45,True
1324_10146_7_22513_22087,1324,10146,2026-08-29,22513,22087,7,0.625,0,0,4,5.45,True
1324_10146_8_22087_21740,1324,10146,2026-08-29,22087,21740,8,0.66,0,0,4,5.45,True
1324_10146_9_21740_38788,1324,10146,2026-08-29,21740,38788,9,0.434,0,1,3,2.95,True
1324_10146_10_38788_34294,1324,10146,2026-08-29,38788,34294,10,0.14,0,0,3,2.95,True
1324_10146_11_34294_22555,1324,10146,2026-08-29,34294,22555,11,0.819,1,0,4,4.61,True
1324_10146_12_22555_21846,1324,10146,2026-08-29,22555,21846,12,0.455,0,0,4,4.61,True
1324_10146_13_21846_22365,1324,10146,2026-08-29,21846,22365,13,0.521,0,0,4,4.61,True
1324_10146_14_22365_22186,1324,10146,2026-08-29,22365,22186,14,0.667,0,0,4,4.61,True
1324_10146_15_22186_22430,1324,10146,2026-08-29,22186,22430,15,0.238,1,0,5,6.04,True
1324_10146_16_22430_22126,1324,10146,2026-08-29,22430,22126,16,0.397,1,0,6,7.68,True
1324_10146_17_22126_21778,1324,10146,2026-08-29,22126,21778,17,0.749,1,1,6,7.51,True
1324_10146_18_21778_22541,1324,10146,2026-08-29,21778,22541,18,0.614,0,0,6,7.51,True
1324_10146_19_22541_21666,1324,10146,2026-08-29,22541,21666,19,0.391,1,1,6,8.05,True
1324_10146_20_21666_28167,1324,10146,2026-08-29,21666,28167,20,0.675,2,0,8,11.84,True
1324_10146_21_28167_22601,1324,10146,2026-08-29,28167,22601,21,0.238,0,0,8,11.84,True
1324_10146_22_22601_22382,1324,10146,2026-08-29,22601,22382,22,0.499,0,1,7,10.41,True
1324_10146_23_22382_35838,1324,10146,2026-08-29,22382,35838,23,0.173,0,0,7,10.41,True
1324_10146_24_35838_21522,1324,10146,2026-08-29,35838,21522,24,1.412,0,1,6,9.41,True
1324_10146_25_21522_22173,1324,10146,2026-08-29,21522,22173,25,1.291,0,1,5,7.74,True
1324_10146_26_22173_22136,1324,10146,2026-08-29,22173,22136,26,0.615,0,1,4,5.24,True
1324_10146_27_22136_22597,1324,10146,2026-08-29,22136,22597,27,0.589,0,1,3,3.61,True
1324_10146_28_22597_22402,1324,10146,2026-08-29,22597,22402,28,0.319,0,0,3,3.61,True
1324_10146_29_22402_22319,1324,10146,2026-08-29,22402,22319,29,0.293,0,1,2,2.11,True
1324_10146_30_22319_22379,1324,10146,2026-08-29,22319,22379,30,0.302,0,0,2,2.11,True
1324_10146_31_22379_21802,1324,10146,2026-08-29,22379,21802,31,0.267,0,0,2,2.11,True
1324_10146_32_21802_21911,1324,10146,2026-08-29,21802,21911,32,0.397,0,1,1,1.29,True
1324_10146_33_21911_21857,1324,10146,2026-08-29,21911,21857,33,0.915,0,0,1,1.29,True
1324_10146_34_21857_21706,1324,10146,2026-08-29,21857,21706,34,0.595,0,1,0,0.0,True
1324_10146_35_21706_21868,1324,10146,2026-08-29,21706,21868,35,0.555,0,0,0,0.0,True
1324_10146_36_21868_20855,1324,10146,2026-08-29,21868,20855,36,0.651,0,0,0,0.0,True
1324_10146_37_20855_21173,1324,10146,2026-08-29,20855,21173,37,0.524,0,0,0,0.0,True
1324_10147_1_22645_PF3_22643,1324,10147,2026-08-29,22645_PF3,22643,1,0.335,2,0,2,2.5,True
1324_10147_2_22643_22183,1324,10147,2026-08-29,22643,22183,2,0.636,2,0,4,4.23,True
1324_10147_3_22183_22266,1324,10147,2026-08-29,22183,22266,3,0.581,2,0,6,7.56,True
1324_10147_4_22266_22457,1324,10147,2026-08-29,22266,22457,4,0.447,2,0,8,10.9,True
1324_10147_5_22457_22181,1324,10147,2026-08-29,22457,22181,5,0.61,1,0,9,13.4,True
1324_10147_6_22181_22513,1324,10147,2026-08-29,22181,22513,6,0.811,5,0,14,17.91,True
1324_10147_7_22513_22087,1324,10147,2026-08-29,22513,22087,7,0.625,2,0,16,19.11,True
1324_10147_8_22087_21740,1324,10147,2026-08-29,22087,21740,8,0.66,1,0,17,21.11,True
1324_10147_9_21740_38788,1324,10147,2026-08-29,21740,38788,9,0.434,1,2,16,18.44,True
1324_10147_10_38788_34294,1324,10147,2026-08-29,38788,34294,10,0.14,0,0,16,18.44,True
1324_10147_11_34294_22555,1324,10147,2026-08-29,34294,22555,11,0.819,3,0,19,21.85,True
1324_10147_12_22555_21846,1324,10147,2026-08-29,22555,21846,12,0.455,1,1,19,21.29,True
1324_10147_13_21846_22365,1324,10147,2026-08-29,21846,22365,13,0.521,1,4,16,15.37,True
1324_10147_14_22365_22186,1324,10147,2026-08-29,22365,22186,14,0.667,1,0,17,16.37,True
1324_10147_15_22186_22430,1324,10147,2026-08-29,22186,22430,15,0.238,5,1,21,21.51,True
1324_10147_16_22430_22126,1324,10147,2026-08-29,22430,22126,16,0.397,1,0,22,22.89,True
1324_10147_17_22126_21778,1324,10147,2026-08-29,22126,21778,17,0.749,0,0,22,22.89,True
1324_10147_18_21778_22541,1324,10147,2026-08-29,21778,22541,18,0.614,2,0,24,25.98,True
1324_10147_19_22541_21666,1324,10147,2026-08-29,22541,21666,19,0.391,3,5,22,25.31,True
1324_10147_20_21666_28167,1324,10147,2026-08-29,21666,28167,20,0.675,2,1,23,26.31,True
1324_10147_21_28167_22601,1324,10147,2026-08-29,28167,22601,21,0.238,1,0,24,27.51,True
1324_10147_22_22601_22382,1324,10147,2026-08-29,22601,22382,22,0.499,2,2,24,27.97,True
1324_10147_23_22382_35838,1324,10147,2026-08-29,22382,35838,23,0.173,1,1,24,28.22,True
1324_10147_24_35838_21522,1324,10147,2026-08-29,35838,21522,24,1.412,1,3,22,26.98,True
1324_10147_25_21522_22173,1324,10147,2026-08-29,21522,22173,25,1.291,0,1,21,25.48,True
1324_10147_26_22173_22136,1324,10147,2026-08-29,22173,22136,26,0.615,0,2,19,22.84,True
1324_10147_27_22136_22597,1324,10147,2026-08-29,22136,22597,27,0.589,1,1,19,23.84,True
1324_10147_28_22597_22402,1324,10147,2026-08-29,22597,22402,28,0.319,0,2,17,20.37,True
1324_10147_29_22402_22319,1324,10147,2026-08-29,22402,22319,29,0.293,2,3,16,20.52,True
1324_10147_30_22319_22379,1324,10147,2026-08-29,22319,22379,30,0.302,1,3,14,18.46,True
1324_10147_31_22379_21802,1324,10147,2026-08-29,22379,21802,31,0.267,1,0,15,20.12,True
1324_10147_32_21802_21911,1324,10147,2026-08-29,21802,21911,32,0.397,1,3,13,18.17,True
1324_10147_33_21911_21857,1324,10147,2026-08-29,21911,21857,33,0.915,2,3,12,19.43,True
1324_10147_34_21857_21706,1324,10147,2026-08-29,21857,21706,34,0.595,1,3,10,16.93,True
1324_10147_35_21706_21868,1324,10147,2026-08-29,21706,21868,35,0.555,1,2,9,17.32,True
1324_10147_36_21868_20855,1324,10147,2026-08-29,21868,20855,36,0.651,2,4,7,17.33,True
1324_10147_37_20855_21173,1324,10147,2026-08-29,20855,21173,37,0.524,0,4,3,6.17,True
1324_10148_1_22645_PF3_22643,1324,10148,2026-08-29,22645_PF3,22643,1,0.335,4,0,4,4.71,True
1324_10148_2_22643_22183,1324,10148,2026-08-29,22643,22183,2,0.636,2,0,6,5.76,True
1324_10148_3_22183_22266,1324,10148,2026-08-29,22183,22266,3,0.581,3,0,9,8.97,True
1324_10148_4_22266_22457,1324,10148,2026-08-29,22266,22457,4,0.447,3,0,12,13.77,True
1324_10148_5_22457_22181,1324,10148,2026-08-29,22457,22181,5,0.61,2,0,14,17.1,True
1324_10148_6_22181_22513,1324,10148,2026-08-29,22181,22513,6,0.811,2,0,16,19.07,True
1324_10148_7_22513_22087,1324,10148,2026-08-29,22513,22087,7,0.625,3,0,19,22.81,True
1324_10148_8_22087_21740,1324,10148,2026-08-29,22087,21740,8,0.66,1,1,19,21.95,True
1324_10148_9_21740_38788,1324,10148,2026-08-29,21740,38788,9,0.434,5,0,24,29.23,True
1324_10148_10_38788_34294,1324,10148,2026-08-29,38788,34294,10,0.14,1,0,25,30.34,True
1324_10148_11_34294_22555,1324,10148,2026-08-29,34294,22555,11,0.819,3,1,27,32.25,True
1324_10148_12_22555_21846,1324,10148,2026-08-29,22555,21846,12,0.455,4,1,30,37.03,True
1324_10148_13_21846_22365,1324,10148,2026-08-29,21846,22365,13,0.521,4,1,33,40.27,True
1324_10148_14_22365_22186,1324,10148,2026-08-29,22365,22186,14,0.667,2,3,32,38.41,True
1324_10148_15_22186_22430,1324,10148,2026-08-29,22186,22430,15,0.238,4,1,35,42.42,True
1324_10148_16_22430_22126,1324,10148,2026-08-29,22430,22126,16,0.397,1,0,36,42.42,True
1324_10148_17_22126_21778,1324,10148,2026-08-29,22126,21778,17,0.749,1,1,36,42.93,True
1324_10148_18_21778_22541,1324,10148,2026-08-29,21778,22541,18,0.614,1,2,35,40.88,True
1324_10148_19_22541_21666,1324,10148,2026-08-29,22541,21666,19,0.391,0,2,33,37.88,True
1324_10148_20_21666_28167,1324,10148,2026-08-29,21666,28167,20,0.675,2,1,34,39.03,True
1324_10148_21_28167_22601,1324,10148,2026-08-29,28167,22601,21,0.238,0,2,32,36.98,True
1324_10148_22_22601_22382,1324,10148,2026-08-29,22601,22382,22,0.499,1,7,26,28.68,True
1324_10148_23_22382_35838,1324,10148,2026-08-29,22382,35838,23,0.173,1,2,25,28.45,True
1324_10148_24_35838_21522,1324,10148,2026-08-29,35838,21522,24,1.412,0,3,22,25.08,True
1324_10148_25_21522_22173,1324,10148,2026-08-29,21522,22173,25,1.291,2,3,21,25.46,True
1324_10148_26_22173_22136,1324,10148,2026-08-29,22173,22136,26,0.615,1,3,19,23.4,True
1324_10148_27_22136_22597,1324,10148,2026-08-29,22136,22597,27,0.589,3,2,20,22.19,True
1324_10148_28_22597_22402,1324,10148,2026-08-29,22597,22402,28,0.319,0,3,17,19.12,True
1324_10148_29_22402_22319,1324,10148,2026-08-29,22402,22319,29,0.293,1,2,16,18.02,True
1324_10148_30_22319_22379,1324,10148,2026-08-29,22319,22379,30,0.302,1,0,17,18.02,True
1324_10148_31_22379_21802,1324,10148,2026-08-29,22379,21802,31,0.267,1,0,18,19.45,True
1324_10148_32_21802_21911,1324,10148,2026-08-29,21802,21911,32,0.397,0,1,17,18.17,True
1324_10148_33_21911_21857,1324,10148,2026-08-29,21911,21857,33,0.915,2,2,17,20.46,True
1324_10148_34_21857_21706,1324,10148,2026-08-29,21857,21706,34,0.595,1,5,13,14.69,True
1324_10148_35_21706_21868,1324,10148,2026-08-29,21706,21868,35,0.555,1,1,13,15.45,True
1324_10148_36_21868_20855,1324,10148,2026-08-29,21868,20855,36,0.651,1,4,10,14.19,True
1324_10148_37_20855_21173,1324,10148,2026-08-29,20855,21173,37,0.524,2,6,6,13.95,True
1324_10149_1_22645_PF3_22643,1324,10149,2026-08-29,22645_PF3,22643,1,0.335,2,0,2,1.87,True
1324_10149_2_22643_22183,1324,10149,2026-08-29,22643,22183,2,0.636,3,0,5,6.33,True
1324_10149_3_22183_22266,1324,10149,2026-08-29,22183,22266,3,0.581,1,0,6,7.46,True
1324_10149_4_22266_22457,1324,10149,2026-08-29,22266,22457,4,0.447,1,0,7,8.41,True
1324_10149_5_22457_22181,1324,10149,2026-08-29,22457,22181,5,0.61,2,0,9,10.86,True
1324_10149_6_22181_22513,1324,10149,2026-08-29,22181,22513,6,0.811,2,0,11,12.66,True
1324_10149_7_22513_22087,1324,10149,2026-08-29,22513,22087,7,0.625,1,0,12,14.66,True
1324_10149_8_22087_21740,1324,10149,2026-08-29,22087,21740,8,0.66,1,0,13,15.53,True
1324_10149_9_21740_38788,1324,10149,2026-08-29,21740,38788,9,0.434,3,1,15,16.34,True
1324_10149_10_38788_34294,1324,10149,2026-08-29,38788,34294,10,0.14,3,0,18,21.1,True
1324_10149_11_34294_22555,1324,10149,2026-08-29,34294,22555,11,0.819,2,0,20,23.47,True
1324_10149_12_22555_21846,1324,10149,2026-08-29,22555,21846,12,0.455,4,2,22,25.19,True
1324_10149_13_21846_22365,1324,10149,2026-08-29,21846,22365,13,0.521,4,0,26,28.57,True
1324_10149_14_22365_22186,1324,10149,2026-08-29,22365,22186,14,0.667,1,0,27,28.57,True
1324_10149_15_22186_22430,1324,10149,2026-08-29,22186,22430,15,0.238,3,1,29,28.57,True
1324_10149_16_22430_22126,1324,10149,2026-08-29,22430,22126,16,0.397,0,0,29,28.57,True
1324_10149_17_22126_21778,1324,10149,2026-08-29,22126,21778,17,0.749,0,3,26,24.76,True
1324_10149_18_21778_22541,1324,10149,2026-08-29,21778,22541,18,0.614,2,0,28,27.63,True
1324_10149_19_22541_21666,1324,10149,2026-08-29,22541,21666,19,0.391,3,3,28,27.2,True
1324_10149_20_21666_28167,1324,10149,2026-08-29,21666,28167,20,0.675,2,1,29,29.55,True
1324_10149_21_28167_22601,1324,10149,2026-08-29,28167,22601,21,0.238,1,2,28,26.0,True
1324_10149_22_22601_22382,1324,10149,2026-08-29,22601,22382,22,0.499,2,2,28,26.06,True
1324_10149_23_22382_35838,1324,10149,2026-08-29,22382,35838,23,0.173,3,2,29,26.03,True
1324_10149_24_35838_21522,1324,10149,2026-08-29,35838,21522,24,1.412,3,3,29,33.81,True
1324_10149_25_21522_22173,1324,10149,2026-08-29,21522,22173,25,1.291,1,5,25,26.52,True
1324_10149_26_22173_22136,1324,10149,2026-08-29,22173,22136,26,0.615,3,0,28,29.55,True
1324_10149_27_22136_22597,1324,10149,2026-08-29,22136,22597,27,0.589,1,3,26,26.76,True
1324_10149_28_22597_22402,1324,10149,2026-08-29,22597,22402,28,0.319,3,1,28,29.51,True
1324_10149_29_22402_22319,1324,10149,2026-08-29,22402,22319,29,0.293,0,0,28,29.51,True
1324_10149_30_22319_22379,1324,10149,2026-08-29,22319,22379,30,0.302,3,3,28,32.17,True
1324_10149_31_22379_21802,1324,10149,2026-08-29,22379,21802,31,0.267,0,4,24,28.63,True
1324_10149_32_21802_21911,1324,10149,2026-08-29,21802,21911,32,0.397,1,2,23,28.22,True
1324_10149_33_21911_21857,1324,10149,2026-08-29,21911,21857,33,0.915,2,3,22,28.53,True
1324_10149_34_21857_21706,1324,10149,2026-08-29,21857,21706,34,0.595,1,4,19,24.33,True
1324_10149_35_21706_21868,1324,10149,2026-08-29,21706,21868,35,0.555,1,2,18,24.31,True
1324_10149_36_21868_20855,1324,10149,2026-08-29,21868,20855,36,0.651,0,6,12,17.05,True
1324_10149_37_20855_21173,1324,10149,2026-08-29,20855,21173,37,0.524,1,8,5,6.7,True
999_1015_1_21172_PF10_20857,999,1015,2026-08-29,21172_PF10,20857,1,0.601,6,0,6,6.83,True
999_1015_2_20857_21520,999,1015,2026-08-29,20857,21520,2,0.787,5,0,11,12.91,True
999_1015_3_21520_21574,999,1015,2026-08-29,21520,21574,3,0.502,1,0,12,13.82,True
999_1015_4_21574_21193,999,1015,2026-08-29,21574,21193,4,0.419,5,0,17,19.73,True
999_1015_5_21193_23674,999,1015,2026-08-29,21193,23674,5,0.796,4,0,21,27.66,True
999_1015_6_23674_20927,999,1015,2026-08-29,23674,20927,6,0.776,1,1,21,26.82,True
999_1015_7_20927_21166_PF1,999,1015,2026-08-29,20927,21166_PF1,7,0.356,2,1,22,27.72,True
999_1015_8_21166_PF1_23825,999,1015,2026-08-29,21166_PF1,23825,8,0.365,4,0,26,32.06,True
999_1015_9_23825_21565,999,1015,2026-08-29,23825,21565,9,0.4,3,4,25,29.67,True
999_1015_10_21565_21603,999,1015,2026-08-29,21565,21603,10,0.383,6,2,29,32.12,True
999_1015_11_21603_21458,999,1015,2026-08-29,21603,21458,11,0.504,4,0,33,40.45,True
999_1015_12_21458_21593,999,1015,2026-08-29,21458,21593,12,0.493,3,1,35,44.2,True
999_1015_13_21593_21447,999,1015,2026-08-29,21593,21447,13,0.605,3,3,35,41.6,True
999_1015_14_21447_21544_PF1,999,1015,2026-08-29,21447,21544_PF1,14,0.561,4,4,35,36.49,True
999_1015_15_21544_PF1_21543,999,1015,2026-08-29,21544_PF1,21543,15,0.634,1,2,34,34.81,True
999_1015_16_21543_21445,999,1015,2026-08-29,21543,21445,16,0.199,3,2,35,34.38,True
999_1015_17_21445_21449,999,1015,2026-08-29,21445,21449,17,0.356,1,5,31,29.55,True
999_1015_18_21449_21148,999,1015,2026-08-29,21449,21148,18,0.38,3,1,33,32.3,True
999_1015_19_21148_20623_PF5,999,1015,2026-08-29,21148,20623_PF5,19,0.637,0,6,27,28.2,True
999_1015_20_20623_PF5_21713,999,1015,2026-08-29,20623_PF5,21713,20,0.378,2,2,27,28.26,True
999_1015_21_21713_22295,999,1015,2026-08-29,21713,22295,21,0.345,2,2,27,28.45,True
999_1015_22_22295_35150,999,1015,2026-08-29,22295,35150,22,0.265,2,1,28,30.53,True
999_1015_23_35150_22631,999,1015,2026-08-29,35150,22631,23,0.366,0,5,23,22.76,True
999_1015_24_22631_20897,999,1015,2026-08-29,22631,20897,24,0.384,0,3,20,20.95,True
999_1015_25_20897_21874,999,1015,2026-08-29,20897,21874,25,0.5,3,7,16,18.35,True
999_1015_26_21874_22213,999,1015,2026-08-29,21874,22213,26,0.555,2,5,13,18.71,True
999_1015_27_22213_22211,999,1015,2026-08-29,22213,22211,27,0.269,0,2,11,16.65,True
1324_10150_1_22645_PF3_22643,1324,10150,2026-08-29,22645_PF3,22643,1,0.335,0,0,0,0.0,True
1324_10150_2_22643_22183,1324,10150,2026-08-29,22643,22183,2,0.636,3,0,3,4.76,True
1324_10150_3_22183_22266,1324,10150,2026-08-29,22183,22266,3,0.581,6,0,9,11.84,True
1324_10150_4_22266_22457,1324,10150,2026-08-29,22266,22457,4,0.447,2,0,11,14.27,True
1324_10150_5_22457_22181,1324,10150,2026-08-29,22457,22181,5,0.61,1,0,12,15.33,True
1324_10150_6_22181_22513,1324,10150,2026-08-29,22181,22513,6,0.811,2,0,14,17.48,True
1324_10150_7_22513_22087,1324,10150,2026-08-29,22513,22087,7,0.625,2,0,16,20.35,True
1324_10150_8_22087_21740,1324,10150,2026-08-29,22087,21740,8,0.66,1,0,17,21.78,True
1324_10150_9_21740_38788,1324,10150,2026-08-29,21740,38788,9,0.434,1,1,17,21.36,True
1324_10150_10_38788_34294,1324,10150,2026-08-29,38788,34294,10,0.14,3,3,17,16.92,True
1324_10150_11_34294_22555,1324,10150,2026-08-29,34294,22555,11,0.819,2,0,19,19.74,True
1324_10150_12_22555_21846,1324,10150,2026-08-29,22555,21846,12,0.455,5,0,24,27.18,True
1324_10150_13_21846_22365,1324,10150,2026-08-29,21846,22365,13,0.521,1,3,22,22.59,True
1324_10150_14_22365_22186,1324,10150,2026-08-29,22365,22186,14,0.667,0,1,21,21.09,True
1324_10150_15_22186_22430,1324,10150,2026-08-29,22186,22430,15,0.238,2,3,20,20.69,True
1324_10150_16_22430_22126,1324,10150,2026-08-29,22430,22126,16,0.397,3,0,23,25.38,True
1324_10150_17_22126_21778,1324,10150,2026-08-29,22126,21778,17,0.749,0,2,21,25.38,True
1324_10150_18_21778_22541,1324,10150,2026-08-29,21778,22541,18,0.614,0,1,20,23.95,True
1324_10150_19_22541_21666,1324,10150,2026-08-29,22541,21666,19,0.391,1,1,20,24.02,True
1324_10150_20_21666_28167,1324,10150,2026-08-29,21666,28167,20,0.675,3,3,20,27.11,True
1324_10150_21_28167_22601,1324,10150,2026-08-29,28167,22601,21,0.238,3,1,22,29.23,True
1324_10150_22_22601_22382,1324,10150,2026-08-29,22601,22382,22,0.499,1,2,21,28.17,True
1324_10150_23_22382_35838,1324,10150,2026-08-29,22382,35838,23,0.173,2,1,22,29.73,True
1324_10150_24_35838_21522,1324,10150,2026-08-29,35838,21522,24,1.412,0,3,19,25.85,True
1324_10150_25_21522_22173,1324,10150,2026-08-29,21522,22173,25,1.291,1,1,19,24.98,True
1324_10150_26_22173_22136,1324,10150,2026-08-29,22173,22136,26,0.615,2,3,18,22.49,True
1324_10150_27_22136_22597,1324,10150,2026-08-29,22136,22597,27,0.589,0,1,17,20.86,True
1324_10150_28_22597_22402,1324,10150,2026-08-29,22597,22402,28,0.319,0,2,15,17.11,True
1324_10150_29_22402_22319,1324,10150,2026-08-29,22402,22319,29,0.293,1,3,13,16.62,True
1324_10150_30_22319_22379,1324,10150,2026-08-29,22319,22379,30,0.302,2,0,15,20.16,True
1324_10150_31_22379_21802,1324,10150,2026-08-29,22379,21802,31,0.267,3,1,17,21.54,True
1324_10150_32_21802_21911,1324,10150,2026-08-29,21802,21911,32,0.397,0,1,16,19.87,True
1324_10150_33_21911_21857,1324,10150,2026-08-29,21911,21857,33,0.915,0,3,13,15.9,True
1324_10150_34_21857_21706,1324,10150,2026-08-29,21857,21706,34,0.595,1,3,11,14.8,True
1324_10150_35_21706_21868,1324,10150,2026-08-29,21706,21868,35,0.555,0,3,8,11.02,True
1324_10150_36_21868_20855,1324,10150,2026-08-29,21868,20855,36,0.651,1,1,8,11.88,True
1324_10150_37_20855_21173,1324,10150,2026-08-29,20855,21173,37,0.524,1,3,6,13.54,True
1324_10151_1_22645_PF3_22643,1324,10151,2026-08-29,22645_PF3,22643,1,0.335,3,0,3,4.81,True
1324_10151_2_22643_22183,1324,10151,2026-08-29,22643,22183,2,0.636,2,0,5,6.1,True
1324_10151_3_22183_22266,1324,10151,2026-08-29,22183,22266,3,0.581,0,0,5,6.1,True
1324_10151_4_22266_22457,1324,10151,2026-08-29,22266,22457,4,0.447,7,0,12,16.51,True
1324_10151_5_22457_22181,1324,10151,2026-08-29,22457,22181,5,0.61,4,0,16,21.66,True
1324_10151_6_22181_22513,1324,10151,2026-08-29,22181,22513,6,0.811,1,1,16,19.98,True
1324_10151_7_22513_22087,1324,10151,2026-08-29,22513,22087,7,0.625,3,0,19,21.35,True
1324_10151_8_22087_21740,1324,10151,2026-08-29,22087,21740,8,0.66,2,2,19,19.07,True
1324_10151_9_21740_38788,1324,10151,2026-08-29,21740,38788,9,0.434,5,1,23,22.61,True
1324_10151_10_38788_34294,1324,10151,2026-08-29,38788,34294,10,0.14,0,0,23,22.61,True
1324_10151_11_34294_22555,1324,10151,2026-08-29,34294,22555,11,0.819,1,0,24,24.11,True
1324_10151_12_22555_21846,1324,10151,2026-08-29,22555,21846,12,0.455,2,1,25,25.19,True
1324_10151_13_21846_22365,1324,10151,2026-08-29,21846,22365,13,0.521,0,0,25,25.19,True
1324_10151_14_22365_22186,1324,10151,2026-08-29,22365,22186,14,0.667,3,4,24,26.83,True
1324_10151_15_22186_22430,1324,10151,2026-08-29,22186,22430,15,0.238,1,1,24,26.79,True
1324_10151_16_22430_22126,1324,10151,2026-08-29,22430,22126,16,0.397,3,5,22,23.07,True
1324_10151_17_22126_21778,1324,10151,2026-08-29,22126,21778,17,0.749,0,1,21,21.82,True
1324_10151_18_21778_22541,1324,10151,2026-08-29,21778,22541,18,0.614,2,1,22,22.85,True
1324_10151_19_22541_21666,1324,10151,2026-08-29,22541,21666,19,0.391,0,2,20,21.6,True
1324_10151_20_21666_28167,1324,10151,2026-08-29,21666,28167,20,0.675,0,2,18,19.94,True
1324_10151_21_28167_22601,1324,10151,2026-08-29,28167,22601,21,0.238,0,4,14,15.81,True
1324_10151_22_22601_22382,1324,10151,2026-08-29,22601,22382,22,0.499,2,1,15,15.81,True
1324_10151_23_22382_35838,1324,10151,2026-08-29,22382,35838,23,0.173,1,1,15,14.38,True
1324_10151_24_35838_21522,1324,10151,2026-08-29,35838,21522,24,1.412,1,1,15,16.72,True
1324_10151_25_21522_22173,1324,10151,2026-08-29,21522,22173,25,1.291,4,3,16,18.5,True
1324_10151_26_22173_22136,1324,10151,2026-08-29,22173,22136,26,0.615,1,2,15,17.73,True
1324_10151_27_22136_22597,1324,10151,2026-08-29,22136,22597,27,0.589,0,2,13,13.01,True
1324_10151_28_22597_22402,1324,10151,2026-08-29,22597,22402,28,0.319,2,1,14,14.44,True
1324_10151_29_22402_22319,1324,10151,2026-08-29,22402,22319,29,0.293,0,0,14,14.44,True
1324_10151_30_22319_22379,1324,10151,2026-08-29,22319,22379,30,0.302,3,1,16,15.77,True
1324_10151_31_22379_21802,1324,10151,2026-08-29,22379,21802,31,0.267,1,1,16,17.44,True
1324_10151_32_21802_21911,1324,10151,2026-08-29,21802,21911,32,0.397,4,2,18,23.65,True
1324_10151_33_21911_21857,1324,10151,2026-08-29,21911,21857,33,0.915,0,2,16,20.11,True
1324_10151_34_21857_21706,1324,10151,2026-08-29,21857,21706,34,0.595,1,6,11,14.87,True
1324_10151_35_21706_21868,1324,10151,2026-08-29,21706,21868,35,0.555,3,2,12,17.61,True
1324_10151_36_21868_20855,1324,10151,2026-08-29,21868,20855,36,0.651,1,2,11,14.83,True
1324_10151_37_20855_21173,1324,10151,2026-08-29,20855,21173,37,0.524,1,4,8,10.67,True
1324_10152_1_22645_PF3_22643,1324,10152,2026-08-29,22645_PF3,22643,1,0.335,4,0,4,6.59,True
1324_10152_2_22643_22183,1324,10152,2026-08-29,22643,22183,2,0.636,3,0,7,8.96,True
1324_10152_3_22183_22266,1324,10152,2026-08-29,22183,22266,3,0.581,0,0,7,8.96,True
1324_10152_4_22266_22457,1324,10152,2026-08-29,22266,22457,4,0.447,1,0,8,10.16,True
1324_10152_5_22457_22181,1324,10152,2026-08-29,22457,22181,5,0.61,0,0,8,10.16,True
1324_10152_6_22181_22513,1324,10152,2026-08-29,22181,22513,6,0.811,1,0,9,11.22,True
1324_10152_7_22513_22087,1324,10152,2026-08-29,22513,22087,7,0.625,3,1,11,13.27,True
1324_10152_8_22087_21740,1324,10152,2026-08-29,22087,21740,8,0.66,0,0,11,13.27,True
1324_10152_9_21740_38788,1324,10152,2026-08-29,21740,38788,9,0.434,1,1,11,12.51,True
1324_10152_10_38788_34294,1324,10152,2026-08-29,38788,34294,10,0.14,0,1,10,10.84,True
1324_10152_11_34294_22555,1324,10152,2026-08-29,34294,22555,11,0.819,3,0,13,16.38,True
1324_10152_12_22555_21846,1324,10152,2026-08-29,22555,21846,12,0.455,1,1,13,16.17,True
1324_10152_13_21846_22365,1324,10152,2026-08-29,21846,22365,13,0.521,2,0,15,18.85,True
1324_10152_14_22365_22186,1324,10152,2026-08-29,22365,22186,14,0.667,0,2,13,16.03,True
1324_10152_15_22186_22430,1324,10152,2026-08-29,22186,22430,15,0.238,4,0,17,20.6,True
1324_10152_16_22430_22126,1324,10152,2026-08-29,22430,22126,16,0.397,3,1,19,23.73,True
1324_10152_17_22126_21778,1324,10152,2026-08-29,22126,21778,17,0.749,2,2,19,22.1,True
1324_10152_18_21778_22541,1324,10152,2026-08-29,21778,22541,18,0.614,3,1,21,23.85,True
1324_10152_19_22541_21666,1324,10152,2026-08-29,22541,21666,19,0.391,5,2,24,29.45,True
1324_10152_20_21666_28167,1324,10152,2026-08-29,21666,28167,20,0.675,1,2,23,27.76,True
1324_10152_21_28167_22601,1324,10152,2026-08-29,28167,22601,21,0.238,2,0,25,30.55,True
1324_10152_22_22601_22382,1324,10152,2026-08-29,22601,22382,22,0.499,2,1,26,33.3,True
1324_10152_23_22382_35838,1324,10152,2026-08-29,22382,35838,23,0.173,1,0,27,35.18,True
1324_10152_24_35838_21522,1324,10152,2026-08-29,35838,21522,24,1.412,0,4,23,29.76,True
1324_10152_25_21522_22173,1324,10152,2026-08-29,21522,22173,25,1.291,1,5,19,26.17,True
1324_10152_26_22173_22136,1324,10152,2026-08-29,22173,22136,26,0.615,1,3,17,22.6,True
1324_10152_27_22136_22597,1324,10152,2026-08-29,22136,22597,27,0.589,1,2,16,19.99,True
1324_10152_28_22597_22402,1324,10152,2026-08-29,22597,22402,28,0.319,1,1,16,21.24,True
1324_10152_29_22402_22319,1324,10152,2026-08-29,22402,22319,29,0.293,0,2,14,18.94,True
1324_10152_30_22319_22379,1324,10152,2026-08-29,22319,22379,30,0.302,0,2,12,15.94,True
1324_10152_31_22379_21802,1324,10152,2026-08-29,22379,21802,31,0.267,0,4,8,9.12,True
1324_10152_32_21802_21911,1324,10152,2026-08-29,21802,21911,32,0.397,1,2,7,8.81,True
1324_10152_33_21911_21857,1324,10152,2026-08-29,21911,21857,33,0.915,0,0,7,8.81,True
1324_10152_34_21857_21706,1324,10152,2026-08-29,21857,21706,34,0.595,0,2,5,6.26,True
1324_10152_35_21706_21868,1324,10152,2026-08-29,21706,21868,35,0.555,4,0,9,17.92,True
1324_10152_36_21868_20855,1324,10152,2026-08-29,21868,20855,36,0.651,0,3,6,10.84,True
1324_10152_37_20855_21173,1324,10152,2026-08-29,20855,21173,37,0.524,1,4,3,7.72,True
1324_10153_1_22645_PF3_22643,1324,10153,2026-08-29,22645_PF3,22643,1,0.335,2,0,2,2.44,True
1324_10153_2_22643_22183,1324,10153,2026-08-29,22643,22183,2,0.636,0,0,2,2.44,True
1324_10153_3_22183_22266,1324,10153,2026-08-29,22183,22266,3,0.581,1,0,3,2.44,True
1324_10153_4_22266_22457,1324,10153,2026-08-29,22266,22457,4,0.447,3,0,6,7.37,True
1324_10153_5_22457_22181,1324,10153,2026-08-29,22457,22181,5,0.61,1,0,7,8.37,True
1324_10153_6_22181_22513,1324,10153,2026-08-29,22181,22513,6,0.811,1,0,8,9.79,True
1324_10153_7_22513_22087,1324,10153,2026-08-29,22513,22087,7,0.625,1,0,9,11.46,True
1324_10153_8_22087_21740,1324,10153,2026-08-29,22087,21740,8,0.66,0,0,9,11.46,True
1324_10153_9_21740_38788,1324,10153,2026-08-29,21740,38788,9,0.434,3,1,11,13.31,True
1324_10153_10_38788_34294,1324,10153,2026-08-29,38788,34294,10,0.14,0,0,11,13.31,True
1324_10153_11_34294_22555,1324,10153,2026-08-29,34294,22555,11,0.819,1,0,12,14.51,True
1324_10153_12_22555_21846,1324,10153,2026-08-29,22555,21846,12,0.455,1,1,12,14.51,True
1324_10153_13_21846_22365,1324,10153,2026-08-29,21846,22365,13,0.521,1,2,11,12.47,True
1324_10153_14_22365_22186,1324,10153,2026-08-29,22365,22186,14,0.667,2,1,12,12.47,True
1324_10153_15_22186_22430,1324,10153,2026-08-29,22186,22430,15,0.238,0,1,11,10.83,True
1324_10153_16_22430_22126,1324,10153,2026-08-29,22430,22126,16,0.397,1,0,12,10.83,True
1324_10153_17_22126_21778,1324,10153,2026-08-29,22126,21778,17,0.749,2,0,14,13.89,True
1324_10153_18_21778_22541,1324,10153,2026-08-29,21778,22541,18,0.614,0,3,11,11.54,True
1324_10153_19_22541_21666,1324,10153,2026-08-29,22541,21666,19,0.391,3,1,13,14.14,True
1324_10153_20_21666_28167,1324,10153,2026-08-29,21666,28167,20,0.675,1,0,14,15.53,True
1324_10153_21_28167_22601,1324,10153,2026-08-29,28167,22601,21,0.238,1,0,15,15.53,True
1324_10153_22_22601_22382,1324,10153,2026-08-29,22601,22382,22,0.499,0,1,14,13.86,True
1324_10153_23_22382_35838,1324,10153,2026-08-29,22382,35838,23,0.173,1,2,13,15.08,True
1324_10153_24_35838_21522,1324,10153,2026-08-29,35838,21522,24,1.412,0,0,13,15.08,True
1324_10153_25_21522_22173,1324,10153,2026-08-29,21522,22173,25,1.291,1,1,13,15.95,True
1324_10153_26_22173_22136,1324,10153,2026-08-29,22173,22136,26,0.615,3,4,12,16.53,True
1324_10153_27_22136_22597,1324,10153,2026-08-29,22136,22597,27,0.589,1,1,12,16.51,True
1324_10153_28_22597_22402,1324,10153,2026-08-29,22597,22402,28,0.319,1,0,13,18.17,True
1324_10153_29_22402_22319,1324,10153,2026-08-29,22402,22319,29,0.293,3,1,15,20.26,True
1324_10153_30_22319_22379,1324,10153,2026-08-29,22319,22379,30,0.302,0,1,14,19.2,True
1324_10153_31_22379_21802,1324,10153,2026-08-29,22379,21802,31,0.267,0,1,13,19.2,True
1324_10153_32_21802_21911,1324,10153,2026-08-29,21802,21911,32,0.397,1,1,13,19.81,True
1324_10153_33_21911_21857,1324,10153,2026-08-29,21911,21857,33,0.915,0,2,11,16.55,True
1324_10153_34_21857_21706,1324,10153,2026-08-29,21857,21706,34,0.595,2,0,13,21.55,True
1324_10153_35_21706_21868,1324,10153,2026-08-29,21706,21868,35,0.555,1,3,11,18.22,True
1324_10153_36_21868_20855,1324,10153,2026-08-29,21868,20855,36,0.651,1,4,8,13.17,True
1324_10153_37_20855_21173,1324,10153,2026-08-29,20855,21173,37,0.524,0,3,5,8.25,True
1324_10154_1_22645_PF3_22643,1324,10154,2026-08-29,22645_PF3,22643,1,0.335,2,0,2,3.75,True
1324_10154_2_22643_22183,1324,10154,2026-08-29,22643,22183,2,0.636,2,0,4,5.74,True
1324_10154_3_22183_22266,1324,10154,2026-08-29,22183,22266,3,0.581,5,0,9,14.06,True
1324_10154_4_22266_22457,1324,10154,2026-08-29,22266,22457,4,0.447,1,0,10,14.06,True
1324_10154_5_22457_22181,1324,10154,2026-08-29,22457,22181,5,0.61,3,0,13,18.56,True
1324_10154_6_22181_22513,1324,10154,2026-08-29,22181,22513,6,0.811,1,1,13,18.9,True
1324_10154_7_22513_22087,1324,10154,2026-08-29,22513,22087,7,0.625,2,1,14,19.33,True
1324_10154_8_22087_21740,1324,10154,2026-08-29,22087,21740,8,0.66,0,0,14,19.33,True
1324_10154_9_21740_38788,1324,10154,2026-08-29,21740,38788,9,0.434,1,4,11,12.21,True
1324_10154_10_38788_34294,1324,10154,2026-08-29,38788,34294,10,0.14,0,1,10,10.21,True
1324_10154_11_34294_22555,1324,10154,2026-08-29,34294,22555,11,0.819,3,1,12,13.24,True
1324_10154_12_22555_21846,1324,10154,2026-08-29,22555,21846,12,0.455,2,0,14,13.24,True
1324_10154_13_21846_22365,1324,10154,2026-08-29,21846,22365,13,0.521,3,0,17,18.1,True
1324_10154_14_22365_22186,1324,10154,2026-08-29,22365,22186,14,0.667,0,3,14,15.01,True
1324_10154_15_22186_22430,1324,10154,2026-08-29,22186,22430,15,0.238,4,0,18,19.67,True
1324_10154_16_22430_22126,1324,10154,2026-08-29,22430,22126,16,0.397,1,1,18,19.67,True
1324_10154_17_22126_21778,1324,10154,2026-08-29,22126,21778,17,0.749,4,2,20,22.44,True
1324_10154_18_21778_22541,1324,10154,2026-08-29,21778,22541,18,0.614,2,4,18,21.46,True
1324_10154_19_22541_21666,1324,10154,2026-08-29,22541,21666,19,0.391,2,0,20,24.55,True
1324_10154_20_21666_28167,1324,10154,2026-08-29,21666,28167,20,0.675,3,0,23,32.67,True
1324_10154_21_28167_22601,1324,10154,2026-08-29,28167,22601,21,0.238,2,3,22,25.5,True
1324_10154_22_22601_22382,1324,10154,2026-08-29,22601,22382,22,0.499,2,1,23,27.67,True
1324_10154_23_22382_35838,1324,10154,2026-08-29,22382,35838,23,0.173,2,1,24,29.17,True
1324_10154_24_35838_21522,1324,10154,2026-08-29,35838,21522,24,1.412,2,1,25,33.64,True
1324_10154_25_21522_22173,1324,10154,2026-08-29,21522,22173,25,1.291,0,5,20,27.13,True
1324_10154_26_22173_22136,1324,10154,2026-08-29,22173,22136,26,0.615,1,0,21,27.13,True
1324_10154_27_22136_22597,1324,10154,2026-08-29,22136,22597,27,0.589,3,4,20,23.11,True
1324_10154_28_22597_22402,1324,10154,2026-08-29,22597,22402,28,0.319,2,1,21,24.22,True
1324_10154_29_22402_22319,1324,10154,2026-08-29,22402,22319,29,0.293,1,2,20,21.94,True
1324_10154_30_22319_22379,1324,10154,2026-08-29,22319,22379,30,0.302,3,1,22,24.44,True
1324_10154_31_22379_21802,1324,10154,2026-08-29,22379,21802,31,0.267,3,2,23,24.94,True
1324_10154_32_21802_21911,1324,10154,2026-08-29,21802,21911,32,0.397,1,2,22,23.69,True
1324_10154_33_21911_21857,1324,10154,2026-08-29,21911,21857,33,0.915,4,4,22,28.71,True
1324_10154_34_21857_21706,1324,10154,2026-08-29,21857,21706,34,0.595,0,3,19,25.79,True
1324_10154_35_21706_21868,1324,10154,2026-08-29,21706,21868,35,0.555,1,3,17,24.16,True
1324_10154_36_21868_20855,1324,10154,2026-08-29,21868,20855,36,0.651,3,7,13,16.03,True
1324_10154_37_20855_21173,1324,10154,2026-08-29,20855,21173,37,0.524,0,2,11,13.53,True
1324_10155_1_22645_PF3_22643,1324,10155,2026-08-29,22645_PF3,22643,1,0.335,2,0,2,2.49,True
1324_10155_2_22643_22183,1324,10155,2026-08-29,22643,22183,2,0.636,3,0,5,6.83,True
1324_10155_3_22183_22266,1324,10155,2026-08-29,22183,22266,3,0.581,1,0,6,7.71,True
1324_10155_4_22266_22457,1324,10155,2026-08-29,22266,22457,4,0.447,2,0,8,9.35,True
1324_10155_5_22457_22181,1324,10155,2026-08-29,22457,22181,5,0.61,4,0,12,15.25,True
1324_10155_6_22181_22513,1324,10155,2026-08-29,22181,22513,6,0.811,4,0,16,19.65,True
1324_10155_7_22513_22087,1324,10155,2026-08-29,22513,22087,7,0.625,2,1,17,20.39,True
1324_10155_8_22087_21740,1324,10155,2026-08-29,22087,21740,8,0.66,2,0,19,24.89,True
1324_10155_9_21740_38788,1324,10155,2026-08-29,21740,38788,9,0.434,2,0,21,27.61,True
1324_10155_10_38788_34294,1324,10155,2026-08-29,38788,34294,10,0.14,3,0,24,31.35,True
1324_10155_11_34294_22555,1324,10155,2026-08-29,34294,22555,11,0.819,0,1,23,29.69,True
1324_10155_12_22555_21846,1324,10155,2026-08-29,22555,21846,12,0.455,1,1,23,28.06,True
1324_10155_13_21846_22365,1324,10155,2026-08-29,21846,22365,13,0.521,0,2,21,24.18,True
1324_10155_14_22365_22186,1324,10155,2026-08-29,22365,22186,14,0.667,4,1,24,27.74,True
1324_10155_15_22186_22430,1324,10155,2026-08-29,22186,22430,15,0.238,2,3,23,25.55,True
1324_10155_16_22430_22126,1324,10155,2026-08-29,22430,22126,16,0.397,0,3,20,21.4,True
1324_10155_17_22126_21778,1324,10155,2026-08-29,22126,21778,17,0.749,2,0,22,24.83,True
1324_10155_18_21778_22541,1324,10155,2026-08-29,21778,22541,18,0.614,2,0,24,26.03,True
1324_10155_19_22541_21666,1324,10155,2026-08-29,22541,21666,19,0.391,2,0,26,29.23,True
1324_10155_20_21666_28167,1324,10155,2026-08-29,21666,28167,20,0.675,2,0,28,32.4,True
1324_10155_21_28167_22601,1324,10155,2026-08-29,28167,22601,21,0.238,0,2,26,29.91,True
1324_10155_22_22601_22382,1324,10155,2026-08-29,22601,22382,22,0.499,0,1,25,28.66,True
1324_10155_23_22382_35838,1324,10155,2026-08-29,22382,35838,23,0.173,0,4,21,23.48,True
1324_10155_24_35838_21522,1324,10155,2026-08-29,35838,21522,24,1.412,1,1,21,24.55,True
1324_10155_25_21522_22173,1324,10155,2026-08-29,21522,22173,25,1.291,1,1,21,24.72,True
1324_10155_26_22173_22136,1324,10155,2026-08-29,22173,22136,26,0.615,1,3,19,20.58,True
1324_10155_27_22136_22597,1324,10155,2026-08-29,22136,22597,27,0.589,1,1,19,20.88,True
1324_10155_28_22597_22402,1324,10155,2026-08-29,22597,22402,28,0.319,1,3,17,18.34,True
1324_10155_29_22402_22319,1324,10155,2026-08-29,22402,22319,29,0.293,0,2,15,16.63,True
1324_10155_30_22319_22379,1324,10155,2026-08-29,22319,22379,30,0.302,2,1,16,18.63,True
1324_10155_31_22379_21802,1324,10155,2026-08-29,22379,21802,31,0.267,1,2,15,19.24,True
1324_10155_32_21802_21911,1324,10155,2026-08-29,21802,21911,32,0.397,1,2,14,18.41,True
1324_10155_33_21911_21857,1324,10155,2026-08-29,21911,21857,33,0.915,0,2,12,16.21,True
1324_10155_34_21857_21706,1324,10155,2026-08-29,21857,21706,34,0.595,0,3,9,12.25,True
1324_10155_35_21706_21868,1324,10155,2026-08-29,21706,21868,35,0.555,1,4,6,8.97,True
1324_10155_36_21868_20855,1324,10155,2026-08-29,21868,20855,36,0.651,2,2,6,13.91,True
1324_10155_37_20855_21173,1324,10155,2026-08-29,20855,21173,37,0.524,0,4,2,4.0,True
1324_10156_1_22645_PF3_22643,1324,10156,2026-08-29,22645_PF3,22643,1,0.335,1,0,1,0.91,True
1324_10156_2_22643_22183,1324,10156,2026-08-29,22643,22183,2,0.636,2,0,3,4.05,True
1324_10156_3_22183_22266,1324,10156,2026-08-29,22183,22266,3,0.581,1,0,4,4.05,True
1324_10156_4_22266_22457,1324,10156,2026-08-29,22266,22457,4,0.447,2,0,6,6.63,True
1324_10156_5_22457_22181,1324,10156,2026-08-29,22457,22181,5,0.61,0,0,6,6.63,True
1324_10156_6_22181_22513,1324,10156,2026-08-29,22181,22513,6,0.811,1,0,7,8.01,True
1324_10156_7_22513_22087,1324,10156,2026-08-29,22513,22087,7,0.625,1,0,8,9.51,True
1324_10156_8_22087_21740,1324,10156,2026-08-29,22087,21740,8,0.66,1,0,9,11.01,True
1324_10156_9_21740_38788,1324,10156,2026-08-29,21740,38788,9,0.434,6,0,15,18.89,True
1324_10156_10_38788_34294,1324,10156,2026-08-29,38788,34294,10,0.14,2,0,17,20.56,True
1324_10156_11_34294_22555,1324,10156,2026-08-29,34294,22555,11,0.819,4,0,21,26.25,True
1324_10156_12_22555_21846,1324,10156,2026-08-29,22555,21846,12,0.455,2,0,23,29.04,True
1324_10156_13_21846_22365,1324,10156,2026-08-29,21846,22365,13,0.521,1,2,22,25.73,True
1324_10156_14_22365_22186,1324,10156,2026-08-29,22365,22186,14,0.667,2,1,23,26.57,True
1324_10156_15_22186_22430,1324,10156,2026-08-29,22186,22430,15,0.238,0,0,23,26.57,True
1324_10156_16_22430_22126,1324,10156,2026-08-29,22430,22126,16,0.397,0,1,22,25.14,True
1324_10156_17_22126_21778,1324,10156,2026-08-29,22126,21778,17,0.749,1,3,20,23.01,True
1324_10156_18_21778_22541,1324,10156,2026-08-29,21778,22541,18,0.614,0,1,19,21.34,True
1324_10156_19_22541_21666,1324,10156,2026-08-29,22541,21666,19,0.391,2,4,17,18.94,True
1324_10156_20_21666_28167,1324,10156,2026-08-29,21666,28167,20,0.675,1,3,15,15.61,True
1324_10156_21_28167_22601,1324,10156,2026-08-29,28167,22601,21,0.238,0,1,14,14.18,True
1324_10156_22_22601_22382,1324,10156,2026-08-29,22601,22382,22,0.499,2,1,15,15.18,True
1324_10156_23_22382_35838,1324,10156,2026-08-29,22382,35838,23,0.173,1,1,15,17.27,True
1324_10156_24_35838_21522,1324,10156,2026-08-29,35838,21522,24,1.412,1,2,14,16.07,True
1324_10156_25_21522_22173,1324,10156,2026-08-29,21522,22173,25,1.291,0,0,14,16.07,True
1324_10156_26_22173_22136,1324,10156,2026-08-29,22173,22136,26,0.615,2,0,16,19.74,True
1324_10156_27_22136_22597,1324,10156,2026-08-29,22136,22597,27,0.589,2,1,17,22.35,True
1324_10156_28_22597_22402,1324,10156,2026-08-29,22597,22402,28,0.319,0,4,13,15.87,True
1324_10156_29_22402_22319,1324,10156,2026-08-29,22402,22319,29,0.293,2,2,13,16.17,True
1324_10156_30_22319_22379,1324,10156,2026-08-29,22319,22379,30,0.302,1,0,14,18.17,True
1324_10156_31_22379_21802,1324,10156,2026-08-29,22379,21802,31,0.267,2,1,15,19.5,True
1324_10156_32_21802_21911,1324,10156,2026-08-29,21802,21911,32,0.397,0,4,11,13.45,True
1324_10156_33_21911_21857,1324,10156,2026-08-29,21911,21857,33,0.915,3,1,13,18.78,True
1324_10156_34_21857_21706,1324,10156,2026-08-29,21857,21706,34,0.595,1,2,12,18.95,True
1324_10156_35_21706_21868,1324,10156,2026-08-29,21706,21868,35,0.555,0,3,9,15.7,True
1324_10156_36_21868_20855,1324,10156,2026-08-29,21868,20855,36,0.651,0,3,6,10.03,True
1324_10156_37_20855_21173,1324,10156,2026-08-29,20855,21173,37,0.524,2,3,5,15.03,True
1324_10157_1_22645_PF3_22643,1324,10157,2026-08-29,22645_PF3,22643,1,0.335,2,0,2,1.5,True
1324_10157_2_22643_22183,1324,10157,2026-08-29,22643,22183,2,0.636,5,0,7,7.58,True
1324_10157_3_22183_22266,1324,10157,2026-08-29,22183,22266,3,0.581,4,0,11,13.92,True
1324_10157_4_22266_22457,1324,10157,2026-08-29,22266,22457,4,0.447,2,0,13,15.2,True
1324_10157_5_22457_22181,1324,10157,2026-08-29,22457,22181,5,0.61,3,0,16,18.44,True
1324_10157_6_22181_22513,1324,10157,2026-08-29,22181,22513,6,0.811,2,0,18,19.56,True
1324_10157_7_22513_22087,1324,10157,2026-08-29,22513,22087,7,0.625,3,1,20,19.8,True
1324_10157_8_22087_21740,1324,10157,2026-08-29,22087,21740,8,0.66,2,1,21,19.52,True
1324_10157_9_21740_38788,1324,10157,2026-08-29,21740,38788,9,0.434,1,2,20,18.5,True
1324_10157_10_38788_34294,1324,10157,2026-08-29,38788,34294,10,0.14,0,0,20,18.5,True
1324_10157_11_34294_22555,1324,10157,2026-08-29,34294,22555,11,0.819,3,0,23,22.72,True
1324_10157_12_22555_21846,1324,10157,2026-08-29,22555,21846,12,0.455,1,0,24,24.22,True
1324_10157_13_21846_22365,1324,10157,2026-08-29,21846,22365,13,0.521,4,1,27,28.05,True
1324_10157_14_22365_22186,1324,10157,2026-08-29,22365,22186,14,0.667,2,1,28,29.14,True
1324_10157_15_22186_22430,1324,10157,2026-08-29,22186,22430,15,0.238,0,1,27,27.75,True
1324_10157_16_22430_22126,1324,10157,2026-08-29,22430,22126,16,0.397,3,1,29,31.54,True
1324_10157_17_22126_21778,1324,10157,2026-08-29,22126,21778,17,0.749,2,0,31,34.67,True
1324_10157_18_21778_22541,1324,10157,2026-08-29,21778,22541,18,0.614,2,5,28,26.87,True
1324_10157_19_22541_21666,1324,10157,2026-08-29,22541,21666,19,0.391,3,2,29,28.5,True
1324_10157_20_21666_28167,1324,10157,2026-08-29,21666,28167,20,0.675,2,0,31,31.61,True
1324_10157_21_28167_22601,1324,10157,2026-08-29,28167,22601,21,0.238,2,1,32,33.93,True
1324_10157_22_22601_22382,1324,10157,2026-08-29,22601,22382,22,0.499,1,4,29,29.96,True
1324_10157_23_22382_35838,1324,10157,2026-08-29,22382,35838,23,0.173,2,2,29,30.13,True
1324_10157_24_35838_21522,1324,10157,2026-08-29,35838,21522,24,1.412,1,1,29,31.52,True
1324_10157_25_21522_22173,1324,10157,2026-08-29,21522,22173,25,1.291,1,5,25,24.73,True
1324_10157_26_22173_22136,1324,10157,2026-08-29,22173,22136,26,0.615,1,1,25,24.39,True
1324_10157_27_22136_22597,1324,10157,2026-08-29,22136,22597,27,0.589,1,2,24,23.18,True
1324_10157_28_22597_22402,1324,10157,2026-08-29,22597,22402,28,0.319,0,2,22,22.3,True
1324_10157_29_22402_22319,1324,10157,2026-08-29,22402,22319,29,0.293,1,1,22,21.88,True
1324_10157_30_22319_22379,1324,10157,2026-08-29,22319,22379,30,0.302,0,2,20,18.96,True
1324_10157_31_22379_21802,1324,10157,2026-08-29,22379,21802,31,0.267,1,4,17,18.4,True
1324_10157_32_21802_21911,1324,10157,2026-08-29,21802,21911,32,0.397,1,1,17,20.07,True
1324_10157_33_21911_21857,1324,10157,2026-08-29,21911,21857,33,0.915,0,3,14,15.54,True
1324_10157_34_21857_21706,1324,10157,2026-08-29,21857,21706,34,0.595,1,2,13,14.77,True
1324_10157_35_21706_21868,1324,10157,2026-08-29,21706,21868,35,0.555,1,1,13,15.89,True
1324_10157_36_21868_20855,1324,10157,2026-08-29,21868,20855,36,0.651,0,2,11,13.02,True
1324_10157_37_20855_21173,1324,10157,2026-08-29,20855,21173,37,0.524,3,6,8,19.72,True
1324_10158_1_22645_PF3_22643,1324,10158,2026-08-29,22645_PF3,22643,1,0.335,1,0,1,1.06,True
1324_10158_2_22643_22183,1324,10158,2026-08-29,22643,22183,2,0.636,2,0,3,2.99,True
1324_10158_3_22183_22266,1324,10158,2026-08-29,22183,22266,3,0.581,2,0,5,5.57,True
1324_10158_4_22266_22457,1324,10158,2026-08-29,22266,22457,4,0.447,2,0,7,8.57,True
1324_10158_5_22457_22181,1324,10158,2026-08-29,22457,22181,5,0.61,1,0,8,9.86,True
1324_10158_6_22181_22513,1324,10158,2026-08-29,22181,22513,6,0.811,2,0,10,13.79,True
1324_10158_7_22513_22087,1324,10158,2026-08-29,22513,22087,7,0.625,2,0,12,14.74,True
1324_10158_8_22087_21740,1324,10158,2026-08-29,22087,21740,8,0.66,4,0,16,20.65,True
1324_10158_9_21740_38788,1324,10158,2026-08-29,21740,38788,9,0.434,3,1,18,22.21,True
1324_10158_10_38788_34294,1324,10158,2026-08-29,38788,34294,10,0.14,2,1,19,22.8,True
1324_10158_11_34294_22555,1324,10158,2026-08-29,34294,22555,11,0.819,3,0,22,26.01,True
1324_10158_12_22555_21846,1324,10158,2026-08-29,22555,21846,12,0.455,0,0,22,26.01,True
1324_10158_13_21846_22365,1324,10158,2026-08-29,21846,22365,13,0.521,1,2,21,23.64,True
1324_10158_14_22365_22186,1324,10158,2026-08-29,22365,22186,14,0.667,3,0,24,26.81,True
1324_10158_15_22186_22430,1324,10158,2026-08-29,22186,22430,15,0.238,2,0,26,30.48,True
1324_10158_16_22430_22126,1324,10158,2026-08-29,22430,22126,16,0.397,3,3,26,31.34,True
1324_10158_17_22126_21778,1324,10158,2026-08-29,22126,21778,17,0.749,0,4,22,25.75,True
1324_10158_18_21778_22541,1324,10158,2026-08-29,21778,22541,18,0.614,1,3,20,23.11,True
1324_10158_19_22541_21666,1324,10158,2026-08-29,22541,21666,19,0.391,0,2,18,20.76,True
1324_10158_20_21666_28167,1324,10158,2026-08-29,21666,28167,20,0.675,0,2,16,17.26,True
1324_10158_21_28167_22601,1324,10158,2026-08-29,28167,22601,21,0.238,1,0,17,18.63,True
1324_10158_22_22601_22382,1324,10158,2026-08-29,22601,22382,22,0.499,4,2,19,23.15,True
1324_10158_23_22382_35838,1324,10158,2026-08-29,22382,35838,23,0.173,1,0,20,24.79,True
1324_10158_24_35838_21522,1324,10158,2026-08-29,35838,21522,24,1.412,1,4,17,21.58,True
1324_10158_25_21522_22173,1324,10158,2026-08-29,21522,22173,25,1.291,2,1,18,22.1,True
1324_10158_26_22173_22136,1324,10158,2026-08-29,22173,22136,26,0.615,1,2,17,20.2,True
1324_10158_27_22136_22597,1324,10158,2026-08-29,22136,22597,27,0.589,0,1,16,19.08,True
1324_10158_28_22597_22402,1324,10158,2026-08-29,22597,22402,28,0.319,1,2,15,18.2,True
1324_10158_29_22402_22319,1324,10158,2026-08-29,22402,22319,29,0.293,0,1,14,16.06,True
1324_10158_30_22319_22379,1324,10158,2026-08-29,22319,22379,30,0.302,0,1,13,15.0,True
1324_10158_31_22379_21802,1324,10158,2026-08-29,22379,21802,31,0.267,0,0,13,15.0,True
1324_10158_32_21802_21911,1324,10158,2026-08-29,21802,21911,32,0.397,3,2,14,18.18,True
1324_10158_33_21911_21857,1324,10158,2026-08-29,21911,21857,33,0.915,0,4,10,13.97,True
1324_10158_34_21857_21706,1324,10158,2026-08-29,21857,21706,34,0.595,1,1,10,14.0,True
1324_10158_35_21706_21868,1324,10158,2026-08-29,21706,21868,35,0.555,0,1,9,12.33,True
1324_10158_36_21868_20855,1324,10158,2026-08-29,21868,20855,36,0.651,1,3,7,10.08,True
1324_10158_37_20855_21173,1324,10158,2026-08-29,20855,21173,37,0.524,0,3,4,7.22,True
1324_10159_1_22645_PF3_22643,1324,10159,2026-08-29,22645_PF3,22643,1,0.335,0,0,0,0.0,True
1324_10159_2_22643_22183,1324,10159,2026-08-29,22643,22183,2,0.636,1,0,1,1.67,True
1324_10159_3_22183_22266,1324,10159,2026-08-29,22183,22266,3,0.581,5,0,6,8.0,True
1324_10159_4_22266_22457,1324,10159,2026-08-29,22266,22457,4,0.447,3,0,9,10.7,True
1324_10159_5_22457_22181,1324,10159,2026-08-29,22457,22181,5,0.61,0,0,9,10.7,True
1324_10159_6_22181_22513,1324,10159,2026-08-29,22181,22513,6,0.811,1,0,10,12.08,True
1324_10159_7_22513_22087,1324,10159,2026-08-29,22513,22087,7,0.625,3,0,13,15.95,True
1324_10159_8_22087_21740,1324,10159,2026-08-29,22087,21740,8,0.66,1,0,14,17.2,True
1324_10159_9_21740_38788,1324,10159,2026-08-29,21740,38788,9,0.434,1,0,15,18.26,True
1324_10159_10_38788_34294,1324,10159,2026-08-29,38788,34294,10,0.14,0,0,15,18.26,True
1324_10159_11_34294_22555,1324,10159,2026-08-29,34294,22555,11,0.819,2,2,15,17.21,True
1324_10159_12_22555_21846,1324,10159,2026-08-29,22555,21846,12,0.455,0,0,15,17.21,True
1324_10159_13_21846_22365,1324,10159,2026-08-29,21846,22365,13,0.521,2,1,16,18.38,True
1324_10159_14_22365_22186,1324,10159,2026-08-29,22365,22186,14,0.667,4,0,20,23.63,True
1324_10159_15_22186_22430,1324,10159,2026-08-29,22186,22430,15,0.238,1,0,21,25.13,True
1324_10159_16_22430_22126,1324,10159,2026-08-29,22430,22126,16,0.397,3,3,21,25.91,True
1324_10159_17_22126_21778,1324,10159,2026-08-29,22126,21778,17,0.749,2,0,23,28.79,True
1324_10159_18_21778_22541,1324,10159,2026-08-29,21778,22541,18,0.614,1,0,24,29.9,True
1324_10159_19_22541_21666,1324,10159,2026-08-29,22541,21666,19,0.391,3,3,24,27.93,True
1324_10159_20_21666_28167,1324,10159,2026-08-29,21666,28167,20,0.675,5,2,27,34.18,True
1324_10159_21_28167_22601,1324,10159,2026-08-29,28167,22601,21,0.238,0,2,25,32.18,True
1324_10159_22_22601_22382,1324,10159,2026-08-29,22601,22382,22,0.499,4,1,28,36.91,True
1324_10159_23_22382_35838,1324,10159,2026-08-29,22382,35838,23,0.173,3,1,30,39.52,True
1324_10159_24_35838_21522,1324,10159,2026-08-29,35838,21522,24,1.412,0,3,27,35.88,True
1324_10159_25_21522_22173,1324,10159,2026-08-29,21522,22173,25,1.291,0,3,24,31.51,True
1324_10159_26_22173_22136,1324,10159,2026-08-29,22173,22136,26,0.615,0,2,22,27.95,True
1324_10159_27_22136_22597,1324,10159,2026-08-29,22136,22597,27,0.589,0,4,18,21.83,True
1324_10159_28_22597_22402,1324,10159,2026-08-29,22597,22402,28,0.319,0,1,17,21.83,True
1324_10159_29_22402_22319,1324,10159,2026-08-29,22402,22319,29,0.293,0,2,15,19.52,True
1324_10159_30_22319_22379,1324,10159,2026-08-29,22319,22379,30,0.302,2,1,16,20.97,True
1324_10159_31_22379_21802,1324,10159,2026-08-29,22379,21802,31,0.267,0,3,13,16.43,True
1324_10159_32_21802_21911,1324,10159,2026-08-29,21802,21911,32,0.397,1,1,13,15.43,True
1324_10159_33_21911_21857,1324,10159,2026-08-29,21911,21857,33,0.915,2,3,12,17.28,True
1324_10159_34_21857_21706,1324,10159,2026-08-29,21857,21706,34,0.595,0,2,10,14.53,True
1324_10159_35_21706_21868,1324,10159,2026-08-29,21706,21868,35,0.555,1,1,10,15.03,True
1324_10159_36_21868_20855,1324,10159,2026-08-29,21868,20855,36,0.651,1,2,9,15.58,True
1324_10159_37_20855_21173,1324,10159,2026-08-29,20855,21173,37,0.524,0,5,4,3.52,True
999_1016_1_21172_PF10_20857,999,1016,2026-08-29,21172_PF10,20857,1,0.601,3,0,3,5.88,True
999_1016_2_20857_21520,999,1016,2026-08-29,20857,21520,2,0.787,4,0,7,10.5,True
999_1016_3_21520_21574,999,1016,2026-08-29,21520,21574,3,0.502,4,0,11,15.69,True
999_1016_4_21574_21193,999,1016,2026-08-29,21574,21193,4,0.419,3,0,14,18.05,True
999_1016_5_21193_23674,999,1016,2026-08-29,21193,23674,5,0.796,6,1,19,22.51,True
999_1016_6_23674_20927,999,1016,2026-08-29,23674,20927,6,0.776,1,0,20,23.33,True
999_1016_7_20927_21166_PF1,999,1016,2026-08-29,20927,21166_PF1,7,0.356,1,0,21,23.33,True
999_1016_8_21166_PF1_23825,999,1016,2026-08-29,21166_PF1,23825,8,0.365,3,0,24,28.0,True
999_1016_9_23825_21565,999,1016,2026-08-29,23825,21565,9,0.4,7,3,28,33.49,True
999_1016_10_21565_21603,999,1016,2026-08-29,21565,21603,10,0.383,1,1,28,34.86,True
999_1016_11_21603_21458,999,1016,2026-08-29,21603,21458,11,0.504,0,0,28,34.86,True
999_1016_12_21458_21593,999,1016,2026-08-29,21458,21593,12,0.493,2,2,28,36.11,True
999_1016_13_21593_21447,999,1016,2026-08-29,21593,21447,13,0.605,2,4,26,32.53,True
999_1016_14_21447_21544_PF1,999,1016,2026-08-29,21447,21544_PF1,14,0.561,2,0,28,35.87,True
999_1016_15_21544_PF1_21543,999,1016,2026-08-29,21544_PF1,21543,15,0.634,1,4,25,31.14,True
999_1016_16_21543_21445,999,1016,2026-08-29,21543,21445,16,0.199,1,3,23,26.99,True
999_1016_17_21445_21449,999,1016,2026-08-29,21445,21449,17,0.356,1,1,23,26.99,True
999_1016_18_21449_21148,999,1016,2026-08-29,21449,21148,18,0.38,1,1,23,27.1,True
999_1016_19_21148_20623_PF5,999,1016,2026-08-29,21148,20623_PF5,19,0.637,2,4,21,24.28,True
999_1016_20_20623_PF5_21713,999,1016,2026-08-29,20623_PF5,21713,20,0.378,0,6,15,15.96,True
999_1016_21_21713_22295,999,1016,2026-08-29,21713,22295,21,0.345,2,3,14,14.77,True
999_1016_22_22295_35150,999,1016,2026-08-29,22295,35150,22,0.265,2,2,14,19.39,True
999_1016_23_35150_22631,999,1016,2026-08-29,35150,22631,23,0.366,3,1,16,19.3,True
999_1016_24_22631_20897,999,1016,2026-08-29,22631,20897,24,0.384,1,0,17,21.8,True
999_1016_25_20897_21874,999,1016,2026-08-29,20897,21874,25,0.5,0,4,13,18.16,True
999_1016_26_21874_22213,999,1016,2026-08-29,21874,22213,26,0.555,1,4,10,17.27,True
999_1016_27_22213_22211,999,1016,2026-08-29,22213,22211,27,0.269,0,5,5,6.86,True
1324_10160_1_22645_PF3_22643,1324,10160,2026-08-29,22645_PF3,22643,1,0.335,3,0,3,2.87,True
1324_10160_2_22643_22183,1324,10160,2026-08-29,22643,22183,2,0.636,6,0,9,8.77,True
1324_10160_3_22183_22266,1324,10160,2026-08-29,22183,22266,3,0.581,1,0,10,10.44,True
1324_10160_4_22266_22457,1324,10160,2026-08-29,22266,22457,4,0.447,0,0,10,10.44,True
1324_10160_5_22457_22181,1324,10160,2026-08-29,22457,22181,5,0.61,3,1,12,12.37,True
1324_10160_6_22181_22513,1324,10160,2026-08-29,22181,22513,6,0.811,1,0,13,13.74,True
1324_10160_7_22513_22087,1324,10160,2026-08-29,22513,22087,7,0.625,1,1,13,12.07,True
1324_10160_8_22087_21740,1324,10160,2026-08-29,22087,21740,8,0.66,2,1,14,14.94,True
1324_10160_9_21740_38788,1324,10160,2026-08-29,21740,38788,9,0.434,2,2,14,14.7,True
1324_10160_10_38788_34294,1324,10160,2026-08-29,38788,34294,10,0.14,0,0,14,14.7,True
1324_10160_11_34294_22555,1324,10160,2026-08-29,34294,22555,11,0.819,2,1,15,17.77,True
1324_10160_12_22555_21846,1324,10160,2026-08-29,22555,21846,12,0.455,2,0,17,20.87,True
1324_10160_13_21846_22365,1324,10160,2026-08-29,21846,22365,13,0.521,1,1,17,20.87,True
1324_10160_14_22365_22186,1324,10160,2026-08-29,22365,22186,14,0.667,0,1,16,19.2,True
1324_10160_15_22186_22430,1324,10160,2026-08-29,22186,22430,15,0.238,1,1,16,19.54,True
1324_10160_16_22430_22126,1324,10160,2026-08-29,22430,22126,16,0.397,0,3,13,15.54,True
1324_10160_17_22126_21778,1324,10160,2026-08-29,22126,21778,17,0.749,0,3,10,11.78,True
1324_10160_18_21778_22541,1324,10160,2026-08-29,21778,22541,18,0.614,2,1,11,13.16,True
1324_10160_19_22541_21666,1324,10160,2026-08-29,22541,21666,19,0.391,6,3,14,13.29,True
1324_10160_20_21666_28167,1324,10160,2026-08-29,21666,28167,20,0.675,1,1,14,12.68,True
1324_10160_21_28167_22601,1324,10160,2026-08-29,28167,22601,21,0.238,3,0,17,18.56,True
1324_10160_22_22601_22382,1324,10160,2026-08-29,22601,22382,22,0.499,1,0,18,21.06,True
1324_10160_23_22382_35838,1324,10160,2026-08-29,22382,35838,23,0.173,2,1,19,21.25,True
1324_10160_24_35838_21522,1324,10160,2026-08-29,35838,21522,24,1.412,1,2,18,21.12,True
1324_10160_25_21522_22173,1324,10160,2026-08-29,21522,22173,25,1.291,5,2,21,26.42,True
1324_10160_26_22173_22136,1324,10160,2026-08-29,22173,22136,26,0.615,2,4,19,22.77,True
1324_10160_27_22136_22597,1324,10160,2026-08-29,22136,22597,27,0.589,1,0,20,24.13,True
1324_10160_28_22597_22402,1324,10160,2026-08-29,22597,22402,28,0.319,1,2,19,22.46,True
1324_10160_29_22402_22319,1324,10160,2026-08-29,22402,22319,29,0.293,2,0,21,25.38,True
1324_10160_30_22319_22379,1324,10160,2026-08-29,22319,22379,30,0.302,4,2,23,30.04,True
1324_10160_31_22379_21802,1324,10160,2026-08-29,22379,21802,31,0.267,0,0,23,30.04,True
1324_10160_32_21802_21911,1324,10160,2026-08-29,21802,21911,32,0.397,0,4,19,23.64,True
1324_10160_33_21911_21857,1324,10160,2026-08-29,21911,21857,33,0.915,2,2,19,25.01,True
1324_10160_34_21857_21706,1324,10160,2026-08-29,21857,21706,34,0.595,1,2,18,24.45,True
1324_10160_35_21706_21868,1324,10160,2026-08-29,21706,21868,35,0.555,0,0,18,24.45,True
1324_10160_36_21868_20855,1324,10160,2026-08-29,21868,20855,36,0.651,1,7,12,15.74,True
1324_10160_37_20855_21173,1324,10160,2026-08-29,20855,21173,37,0.524,0,6,6,10.74,True
1324_10161_1_22645_PF3_22643,1324,10161,2026-08-29,22645_PF3,22643,1,0.335,3,0,3,3.58,True
1324_10161_2_22643_22183,1324,10161,2026-08-29,22643,22183,2,0.636,2,0,5,6.78,True
1324_10161_3_22183_22266,1324,10161,2026-08-29,22183,22266,3,0.581,1,0,6,6.78,True
1324_10161_4_22266_22457,1324,10161,2026-08-29,22266,22457,4,0.447,0,0,6,6.78,True
1324_10161_5_22457_22181,1324,10161,2026-08-29,22457,22181,5,0.61,3,0,9,10.4,True
1324_10161_6_22181_22513,1324,10161,2026-08-29,22181,22513,6,0.811,2,0,11,13.35,True
1324_10161_7_22513_22087,1324,10161,2026-08-29,22513,22087,7,0.625,2,1,12,14.36,True
1324_10161_8_22087_21740,1324,10161,2026-08-29,22087,21740,8,0.66,2,0,14,16.37,True
1324_10161_9_21740_38788,1324,10161,2026-08-29,21740,38788,9,0.434,3,1,16,17.28,True
1324_10161_10_38788_34294,1324,10161,2026-08-29,38788,34294,10,0.14,2,0,18,20.03,True
1324_10161_11_34294_22555,1324,10161,2026-08-29,34294,22555,11,0.819,1,3,16,17.96,True
1324_10161_12_22555_21846,1324,10161,2026-08-29,22555,21846,12,0.455,3,0,19,22.48,True
1324_10161_13_21846_22365,1324,10161,2026-08-29,21846,22365,13,0.521,1,0,20,22.48,True
1324_10161_14_22365_22186,1324,10161,2026-08-29,22365,22186,14,0.667,0,2,18,19.39,True
1324_10161_15_22186_22430,1324,10161,2026-08-29,22186,22430,15,0.238,3,0,21,24.3,True
1324_10161_16_22430_22126,1324,10161,2026-08-29,22430,22126,16,0.397,3,0,24,28.02,True
1324_10161_17_22126_21778,1324,10161,2026-08-29,22126,21778,17,0.749,3,0,27,31.75,True
1324_10161_18_21778_22541,1324,10161,2026-08-29,21778,22541,18,0.614,1,3,25,28.66,True
1324_10161_19_22541_21666,1324,10161,2026-08-29,22541,21666,19,0.391,2,6,21,24.88,True
1324_10161_20_21666_28167,1324,10161,2026-08-29,21666,28167,20,0.675,1,2,20,23.53,True
1324_10161_21_28167_22601,1324,10161,2026-08-29,28167,22601,21,0.238,1,1,20,23.53,True
1324_10161_22_22601_22382,1324,10161,2026-08-29,22601,22382,22,0.499,1,1,20,23.81,True
1324_10161_23_22382_35838,1324,10161,2026-08-29,22382,35838,23,0.173,2,2,20,24.9,True
1324_10161_24_35838_21522,1324,10161,2026-08-29,35838,21522,24,1.412,1,2,19,24.11,True
1324_10161_25_21522_22173,1324,10161,2026-08-29,21522,22173,25,1.291,0,2,17,23.05,True
1324_10161_26_22173_22136,1324,10161,2026-08-29,22173,22136,26,0.615,1,1,17,23.35,True
1324_10161_27_22136_22597,1324,10161,2026-08-29,22136,22597,27,0.589,1,2,16,21.5,True
1324_10161_28_22597_22402,1324,10161,2026-08-29,22597,22402,28,0.319,1,3,14,17.49,True
1324_10161_29_22402_22319,1324,10161,2026-08-29,22402,22319,29,0.293,2,1,15,17.79,True
1324_10161_30_22319_22379,1324,10161,2026-08-29,22319,22379,30,0.302,0,2,13,14.9,True
1324_10161_31_22379_21802,1324,10161,2026-08-29,22379,21802,31,0.267,2,3,12,12.7,True
1324_10161_32_21802_21911,1324,10161,2026-08-29,21802,21911,32,0.397,1,2,11,11.11,True
1324_10161_33_21911_21857,1324,10161,2026-08-29,21911,21857,33,0.915,1,0,12,13.11,True
1324_10161_34_21857_21706,1324,10161,2026-08-29,21857,21706,34,0.595,1,4,9,10.47,True
1324_10161_35_21706_21868,1324,10161,2026-08-29,21706,21868,35,0.555,1,4,6,8.8,True
1324_10161_36_21868_20855,1324,10161,2026-08-29,21868,20855,36,0.651,2,3,5,8.25,True
1324_10161_37_20855_21173,1324,10161,2026-08-29,20855,21173,37,0.524,4,2,7,27.0,True
1324_10162_1_22645_PF3_22643,1324,10162,2026-08-29,22645_PF3,22643,1,0.335,5,0,5,5.01,True
1324_10162_2_22643_22183,1324,10162,2026-08-29,22643,22183,2,0.636,5,0,10,12.93,True
1324_10162_3_22183_22266,1324,10162,2026-08-29,22183,22266,3,0.581,2,0,12,15.98,True
1324_10162_4_22266_22457,1324,10162,2026-08-29,22266,22457,4,0.447,0,0,12,15.98,True
1324_10162_5_22457_22181,1324,10162,2026-08-29,22457,22181,5,0.61,2,1,13,17.15,True
1324_10162_6_22181_22513,1324,10162,2026-08-29,22181,22513,6,0.811,2,0,15,18.21,True
1324_10162_7_22513_22087,1324,10162,2026-08-29,22513,22087,7,0.625,6,1,20,22.73,True
1324_10162_8_22087_21740,1324,10162,2026-08-29,22087,21740,8,0.66,3,0,23,25.59,True
1324_10162_9_21740_38788,1324,10162,2026-08-29,21740,38788,9,0.434,2,0,25,27.31,True
1324_10162_10_38788_34294,1324,10162,2026-08-29,38788,34294,10,0.14,2,0,27,30.04,True
1324_10162_11_34294_22555,1324,10162,2026-08-29,34294,22555,11,0.819,2,3,26,27.44,True
1324_10162_12_22555_21846,1324,10162,2026-08-29,22555,21846,12,0.455,3,2,27,29.11,True
1324_10162_13_21846_22365,1324,10162,2026-08-29,21846,22365,13,0.521,1,0,28,30.61,True
1324_10162_14_22365_22186,1324,10162,2026-08-29,22365,22186,14,0.667,3,1,30,32.39,True
1324_10162_15_22186_22430,1324,10162,2026-08-29,22186,22430,15,0.238,2,0,32,34.93,True
1324_10162_16_22430_22126,1324,10162,2026-08-29,22430,22126,16,0.397,3,4,31,30.95,True
1324_10162_17_22126_21778,1324,10162,2026-08-29,22126,21778,17,0.749,0,4,27,28.32,True
1324_10162_18_21778_22541,1324,10162,2026-08-29,21778,22541,18,0.614,2,1,28,29.39,True
1324_10162_19_22541_21666,1324,10162,2026-08-29,22541,21666,19,0.391,1,2,27,28.83,True
1324_10162_20_21666_28167,1324,10162,2026-08-29,21666,28167,20,0.675,1,1,27,30.11,True
1324_10162_21_28167_22601,1324,10162,2026-08-29,28167,22601,21,0.238,3,3,27,30.5,True
1324_10162_22_22601_22382,1324,10162,2026-08-29,22601,22382,22,0.499,1,1,27,30.94,True
1324_10162_23_22382_35838,1324,10162,2026-08-29,22382,35838,23,0.173,0,1,26,29.44,True
1324_10162_24_35838_21522,1324,10162,2026-08-29,35838,21522,24,1.412,3,5,24,28.59,True
1324_10162_25_21522_22173,1324,10162,2026-08-29,21522,22173,25,1.291,0,1,23,27.54,True
1324_10162_26_22173_22136,1324,10162,2026-08-29,22173,22136,26,0.615,1,1,23,26.49,True
1324_10162_27_22136_22597,1324,10162,2026-08-29,22136,22597,27,0.589,1,2,22,25.51,True
1324_10162_28_22597_22402,1324,10162,2026-08-29,22597,22402,28,0.319,1,1,22,25.47,True
1324_10162_29_22402_22319,1324,10162,2026-08-29,22402,22319,29,0.293,0,2,20,23.67,True
1324_10162_30_22319_22379,1324,10162,2026-08-29,22319,22379,30,0.302,1,4,17,19.8,True
1324_10162_31_22379_21802,1324,10162,2026-08-29,22379,21802,31,0.267,1,1,17,22.66,True
1324_10162_32_21802_21911,1324,10162,2026-08-29,21802,21911,32,0.397,1,4,14,15.75,True
1324_10162_33_21911_21857,1324,10162,2026-08-29,21911,21857,33,0.915,1,3,12,15.01,True
1324_10162_34_21857_21706,1324,10162,2026-08-29,21857,21706,34,0.595,4,3,13,20.1,True
1324_10162_35_21706_21868,1324,10162,2026-08-29,21706,21868,35,0.555,1,2,12,19.21,True
1324_10162_36_21868_20855,1324,10162,2026-08-29,21868,20855,36,0.651,3,2,13,26.46,True
1324_10162_37_20855_21173,1324,10162,2026-08-29,20855,21173,37,0.524,2,6,9,14.83,True
1324_10163_1_22645_PF3_22643,1324,10163,2026-08-29,22645_PF3,22643,1,0.335,2,0,2,1.88,True
1324_10163_2_22643_22183,1324,10163,2026-08-29,22643,22183,2,0.636,1,0,3,3.38,True
1324_10163_3_22183_22266,1324,10163,2026-08-29,22183,22266,3,0.581,1,0,4,4.38,True
1324_10163_4_22266_22457,1324,10163,2026-08-29,22266,22457,4,0.447,2,0,6,8.51,True
1324_10163_5_22457_22181,1324,10163,2026-08-29,22457,22181,5,0.61,1,0,7,9.71,True
1324_10163_6_22181_22513,1324,10163,2026-08-29,22181,22513,6,0.811,3,0,10,14.87,True
1324_10163_7_22513_22087,1324,10163,2026-08-29,22513,22087,7,0.625,1,0,11,16.24,True
1324_10163_8_22087_21740,1324,10163,2026-08-29,22087,21740,8,0.66,1,1,11,15.4,True
1324_10163_9_21740_38788,1324,10163,2026-08-29,21740,38788,9,0.434,2,1,12,15.83,True
1324_10163_10_38788_34294,1324,10163,2026-08-29,38788,34294,10,0.14,6,0,18,21.36,True
1324_10163_11_34294_22555,1324,10163,2026-08-29,34294,22555,11,0.819,0,1,17,19.36,True
1324_10163_12_22555_21846,1324,10163,2026-08-29,22555,21846,12,0.455,2,1,18,20.07,True
1324_10163_13_21846_22365,1324,10163,2026-08-29,21846,22365,13,0.521,1,1,18,20.07,True
1324_10163_14_22365_22186,1324,10163,2026-08-29,22365,22186,14,0.667,1,4,15,16.4,True
1324_10163_15_22186_22430,1324,10163,2026-08-29,22186,22430,15,0.238,1,1,15,14.76,True
1324_10163_16_22430_22126,1324,10163,2026-08-29,22430,22126,16,0.397,0,0,15,14.76,True
1324_10163_17_22126_21778,1324,10163,2026-08-29,22126,21778,17,0.749,3,1,17,16.74,True
1324_10163_18_21778_22541,1324,10163,2026-08-29,21778,22541,18,0.614,2,1,18,18.13,True
1324_10163_19_22541_21666,1324,10163,2026-08-29,22541,21666,19,0.391,0,1,17,16.46,True
1324_10163_20_21666_28167,1324,10163,2026-08-29,21666,28167,20,0.675,2,2,17,16.98,True
1324_10163_21_28167_22601,1324,10163,2026-08-29,28167,22601,21,0.238,1,1,17,17.36,True
1324_10163_22_22601_22382,1324,10163,2026-08-29,22601,22382,22,0.499,0,1,16,16.11,True
1324_10163_23_22382_35838,1324,10163,2026-08-29,22382,35838,23,0.173,1,0,17,17.31,True
1324_10163_24_35838_21522,1324,10163,2026-08-29,35838,21522,24,1.412,0,3,14,14.63,True
1324_10163_25_21522_22173,1324,10163,2026-08-29,21522,22173,25,1.291,2,0,16,17.7,True
1324_10163_26_22173_22136,1324,10163,2026-08-29,22173,22136,26,0.615,0,0,16,17.7,True
1324_10163_27_22136_22597,1324,10163,2026-08-29,22136,22597,27,0.589,1,1,16,18.4,True
1324_10163_28_22597_22402,1324,10163,2026-08-29,22597,22402,28,0.319,1,2,15,18.85,True
1324_10163_29_22402_22319,1324,10163,2026-08-29,22402,22319,29,0.293,0,1,14,16.35,True
1324_10163_30_22319_22379,1324,10163,2026-08-29,22319,22379,30,0.302,2,4,12,14.84,True
1324_10163_31_22379_21802,1324,10163,2026-08-29,22379,21802,31,0.267,2,0,14,17.93,True
1324_10163_32_21802_21911,1324,10163,2026-08-29,21802,21911,32,0.397,2,3,13,18.02,True
1324_10163_33_21911_21857,1324,10163,2026-08-29,21911,21857,33,0.915,3,1,15,24.07,True
1324_10163_34_21857_21706,1324,10163,2026-08-29,21857,21706,34,0.595,1,3,13,21.43,True
1324_10163_35_21706_21868,1324,10163,2026-08-29,21706,21868,35,0.555,2,6,9,14.43,True
1324_10163_36_21868_20855,1324,10163,2026-08-29,21868,20855,36,0.651,1,2,8,11.13,True
1324_10163_37_20855_21173,1324,10163,2026-08-29,20855,21173,37,0.524,2,1,9,19.46,True
1324_10164_1_22645_PF3_22643,1324,10164,2026-08-29,22645_PF3,22643,1,0.335,3,0,3,3.56,True
1324_10164_2_22643_22183,1324,10164,2026-08-29,22643,22183,2,0.636,4,0,7,9.11,True
1324_10164_3_22183_22266,1324,10164,2026-08-29,22183,22266,3,0.581,2,0,9,13.11,True
1324_10164_4_22266_22457,1324,10164,2026-08-29,22266,22457,4,0.447,0,0,9,13.11,True
1324_10164_5_22457_22181,1324,10164,2026-08-29,22457,22181,5,0.61,1,1,9,11.46,True
1324_10164_6_22181_22513,1324,10164,2026-08-29,22181,22513,6,0.811,4,1,12,15.52,True
1324_10164_7_22513_22087,1324,10164,2026-08-29,22513,22087,7,0.625,2,0,14,18.27,True
1324_10164_8_22087_21740,1324,10164,2026-08-29,22087,21740,8,0.66,3,2,15,18.33,True
1324_10164_9_21740_38788,1324,10164,2026-08-29,21740,38788,9,0.434,1,0,16,19.62,True
1324_10164_10_38788_34294,1324,10164,2026-08-29,38788,34294,10,0.14,1,1,16,19.38,True
1324_10164_11_34294_22555,1324,10164,2026-08-29,34294,22555,11,0.819,2,0,18,22.43,True
1324_10164_12_22555_21846,1324,10164,2026-08-29,22555,21846,12,0.455,3,0,21,27.26,True
1324_10164_13_21846_22365,1324,10164,2026-08-29,21846,22365,13,0.521,3,0,24,32.09,True
1324_10164_14_22365_22186,1324,10164,2026-08-29,22365,22186,14,0.667,1,1,24,31.93,True
1324_10164_15_22186_22430,1324,10164,2026-08-29,22186,22430,15,0.238,3,2,25,32.83,True
1324_10164_16_22430_22126,1324,10164,2026-08-29,22430,22126,16,0.397,2,1,26,35.63,True
1324_10164_17_22126_21778,1324,10164,2026-08-29,22126,21778,17,0.749,2,1,27,36.71,True
1324_10164_18_21778_22541,1324,10164,2026-08-29,21778,22541,18,0.614,3,3,27,35.8,True
1324_10164_19_22541_21666,1324,10164,2026-08-29,22541,21666,19,0.391,0,3,24,31.94,True
1324_10164_20_21666_28167,1324,10164,2026-08-29,21666,28167,20,0.675,0,4,20,24.51,True
1324_10164_21_28167_22601,1324,10164,2026-08-29,28167,22601,21,0.238,0,1,19,22.85,True
1324_10164_22_22601_22382,1324,10164,2026-08-29,22601,22382,22,0.499,1,2,18,21.18,True
1324_10164_23_22382_35838,1324,10164,2026-08-29,22382,35838,23,0.173,2,4,16,19.92,True
1324_10164_24_35838_21522,1324,10164,2026-08-29,35838,21522,24,1.412,0,2,14,17.03,True
1324_10164_25_21522_22173,1324,10164,2026-08-29,21522,22173,25,1.291,1,2,13,16.57,True
1324_10164_26_22173_22136,1324,10164,2026-08-29,22173,22136,26,0.615,1,3,11,15.15,True
1324_10164_27_22136_22597,1324,10164,2026-08-29,22136,22597,27,0.589,1,0,12,16.4,True
1324_10164_28_22597_22402,1324,10164,2026-08-29,22597,22402,28,0.319,0,1,11,15.02,True
1324_10164_29_22402_22319,1324,10164,2026-08-29,22402,22319,29,0.293,0,1,10,13.38,True
1324_10164_30_22319_22379,1324,10164,2026-08-29,22319,22379,30,0.302,0,1,9,11.24,True
1324_10164_31_22379_21802,1324,10164,2026-08-29,22379,21802,31,0.267,0,3,6,6.94,True
1324_10164_32_21802_21911,1324,10164,2026-08-29,21802,21911,32,0.397,0,1,5,6.09,True
1324_10164_33_21911_21857,1324,10164,2026-08-29,21911,21857,33,0.915,1,1,5,4.21,True
1324_10164_34_21857_21706,1324,10164,2026-08-29,21857,21706,34,0.595,2,1,6,5.08,True
1324_10164_35_21706_21868,1324,10164,2026-08-29,21706,21868,35,0.555,2,1,7,5.91,True
1324_10164_36_21868_20855,1324,10164,2026-08-29,21868,20855,36,0.651,1,0,8,10.91,True
1324_10164_37_20855_21173,1324,10164,2026-08-29,20855,21173,37,0.524,1,3,6,7.5,True
1324_10165_1_22645_PF3_22643,1324,10165,2026-08-29,22645_PF3,22643,1,0.335,1,0,1,1.5,True
1324_10165_2_22643_22183,1324,10165,2026-08-29,22643,22183,2,0.636,2,0,3,4.76,True
1324_10165_3_22183_22266,1324,10165,2026-08-29,22183,22266,3,0.581,1,0,4,5.76,True
1324_10165_4_22266_22457,1324,10165,2026-08-29,22266,22457,4,0.447,1,0,5,5.76,True
1324_10165_5_22457_22181,1324,10165,2026-08-29,22457,22181,5,0.61,2,0,7,10.59,True
1324_10165_6_22181_22513,1324,10165,2026-08-29,22181,22513,6,0.811,1,0,8,12.09,True
1324_10165_7_22513_22087,1324,10165,2026-08-29,22513,22087,7,0.625,2,0,10,14.82,True
1324_10165_8_22087_21740,1324,10165,2026-08-29,22087,21740,8,0.66,0,1,9,11.49,True
1324_10165_9_21740_38788,1324,10165,2026-08-29,21740,38788,9,0.434,3,0,12,14.77,True
1324_10165_10_38788_34294,1324,10165,2026-08-29,38788,34294,10,0.14,0,1,11,12.9,True
1324_10165_11_34294_22555,1324,10165,2026-08-29,34294,22555,11,0.819,2,1,12,14.26,True
1324_10165_12_22555_21846,1324,10165,2026-08-29,22555,21846,12,0.455,1,1,12,16.14,True
1324_10165_13_21846_22365,1324,10165,2026-08-29,21846,22365,13,0.521,2,0,14,19.47,True
1324_10165_14_22365_22186,1324,10165,2026-08-29,22365,22186,14,0.667,0,1,13,17.47,True
1324_10165_15_22186_22430,1324,10165,2026-08-29,22186,22430,15,0.238,1,3,11,16.25,True
1324_10165_16_22430_22126,1324,10165,2026-08-29,22430,22126,16,0.397,3,0,14,19.09,True
1324_10165_17_22126_21778,1324,10165,2026-08-29,22126,21778,17,0.749,2,0,16,20.75,True
1324_10165_18_21778_22541,1324,10165,2026-08-29,21778,22541,18,0.614,1,4,13,15.92,True
1324_10165_19_22541_21666,1324,10165,2026-08-29,22541,21666,19,0.391,1,2,12,13.87,True
1324_10165_20_21666_28167,1324,10165,2026-08-29,21666,28167,20,0.675,1,1,12,13.38,True
1324_10165_21_28167_22601,1324,10165,2026-08-29,28167,22601,21,0.238,0,1,11,12.38,True
1324_10165_22_22601_22382,1324,10165,2026-08-29,22601,22382,22,0.499,2,1,12,14.02,True
1324_10165_23_22382_35838,1324,10165,2026-08-29,22382,35838,23,0.173,5,3,14,18.98,True
1324_10165_24_35838_21522,1324,10165,2026-08-29,35838,21522,24,1.412,1,0,15,23.98,True
1324_10165_25_21522_22173,1324,10165,2026-08-29,21522,22173,25,1.291,1,2,14,20.37,True
1324_10165_26_22173_22136,1324,10165,2026-08-29,22173,22136,26,0.615,1,0,15,22.03,True
1324_10165_27_22136_22597,1324,10165,2026-08-29,22136,22597,27,0.589,2,1,16,21.76,True
1324_10165_28_22597_22402,1324,10165,2026-08-29,22597,22402,28,0.319,0,1,15,21.76,True
1324_10165_29_22402_22319,1324,10165,2026-08-29,22402,22319,29,0.293,1,1,15,20.93,True
1324_10165_30_22319_22379,1324,10165,2026-08-29,22319,22379,30,0.302,0,0,15,20.93,True
1324_10165_31_22379_21802,1324,10165,2026-08-29,22379,21802,31,0.267,2,3,14,20.48,True
1324_10165_32_21802_21911,1324,10165,2026-08-29,21802,21911,32,0.397,4,2,16,24.81,True
1324_10165_33_21911_21857,1324,10165,2026-08-29,21911,21857,33,0.915,0,2,14,22.14,True
1324_10165_34_21857_21706,1324,10165,2026-08-29,21857,21706,34,0.595,1,1,14,23.14,True
1324_10165_35_21706_21868,1324,10165,2026-08-29,21706,21868,35,0.555,1,6,9,15.58,True
1324_10165_36_21868_20855,1324,10165,2026-08-29,21868,20855,36,0.651,2,2,9,16.08,True
1324_10165_37_20855_21173,1324,10165,2026-08-29,20855,21173,37,0.524,2,1,10,23.58,True
1324_10166_1_22645_PF3_22643,1324,10166,2026-08-29,22645_PF3,22643,1,0.335,0,0,0,0.0,True
1324_10166_2_22643_22183,1324,10166,2026-08-29,22643,22183,2,0.636,3,0,3,4.19,True
1324_10166_3_22183_22266,1324,10166,2026-08-29,22183,22266,3,0.581,0,0,3,4.19,True
1324_10166_4_22266_22457,1324,10166,2026-08-29,22266,22457,4,0.447,0,0,3,4.19,True
1324_10166_5_22457_22181,1324,10166,2026-08-29,22457,22181,5,0.61,2,0,5,7.97,True
1324_10166_6_22181_22513,1324,10166,2026-08-29,22181,22513,6,0.811,5,0,10,13.21,True
1324_10166_7_22513_22087,1324,10166,2026-08-29,22513,22087,7,0.625,1,0,11,14.27,True
1324_10166_8_22087_21740,1324,10166,2026-08-29,22087,21740,8,0.66,1,1,11,14.6,True
1324_10166_9_21740_38788,1324,10166,2026-08-29,21740,38788,9,0.434,2,1,12,13.85,True
1324_10166_10_38788_34294,1324,10166,2026-08-29,38788,34294,10,0.14,3,0,15,17.57,True
1324_10166_11_34294_22555,1324,10166,2026-08-29,34294,22555,11,0.819,2,1,16,18.69,True
1324_10166_12_22555_21846,1324,10166,2026-08-29,22555,21846,12,0.455,2,1,17,20.31,True
1324_10166_13_21846_22365,1324,10166,2026-08-29,21846,22365,13,0.521,1,3,15,16.95,True
1324_10166_14_22365_22186,1324,10166,2026-08-29,22365,22186,14,0.667,1,0,16,18.08,True
1324_10166_15_22186_22430,1324,10166,2026-08-29,22186,22430,15,0.238,0,0,16,18.08,True
1324_10166_16_22430_22126,1324,10166,2026-08-29,22430,22126,16,0.397,0,1,15,16.41,True
1324_10166_17_22126_21778,1324,10166,2026-08-29,22126,21778,17,0.749,3,1,17,17.52,True
1324_10166_18_21778_22541,1324,10166,2026-08-29,21778,22541,18,0.614,1,0,18,19.4,True
1324_10166_19_22541_21666,1324,10166,2026-08-29,22541,21666,19,0.391,3,1,20,22.41,True
1324_10166_20_21666_28167,1324,10166,2026-08-29,21666,28167,20,0.675,2,0,22,24.66,True
1324_10166_21_28167_22601,1324,10166,2026-08-29,28167,22601,21,0.238,0,1,21,23.16,True
1324_10166_22_22601_22382,1324,10166,2026-08-29,22601,22382,22,0.499,1,1,21,21.91,True
1324_10166_23_22382_35838,1324,10166,2026-08-29,22382,35838,23,0.173,2,1,22,21.61,True
1324_10166_24_35838_21522,1324,10166,2026-08-29,35838,21522,24,1.412,0,1,21,21.61,True
1324_10166_25_21522_22173,1324,10166,2026-08-29,21522,22173,25,1.291,4,1,24,26.75,True
1324_10166_26_22173_22136,1324,10166,2026-08-29,22173,22136,26,0.615,2,4,22,24.4,True
1324_10166_27_22136_22597,1324,10166,2026-08-29,22136,22597,27,0.589,3,0,25,28.43,True
1324_10166_28_22597_22402,1324,10166,2026-08-29,22597,22402,28,0.319,1,1,25,27.18,True
1324_10166_29_22402_22319,1324,10166,2026-08-29,22402,22319,29,0.293,2,2,25,25.77,True
1324_10166_30_22319_22379,1324,10166,2026-08-29,22319,22379,30,0.302,0,2,23,24.65,True
1324_10166_31_22379_21802,1324,10166,2026-08-29,22379,21802,31,0.267,2,1,24,26.32,True
1324_10166_32_21802_21911,1324,10166,2026-08-29,21802,21911,32,0.397,2,3,23,26.73,True
1324_10166_33_21911_21857,1324,10166,2026-08-29,21911,21857,33,0.915,0,2,21,23.6,True
1324_10166_34_21857_21706,1324,10166,2026-08-29,21857,21706,34,0.595,1,1,21,24.44,True
1324_10166_35_21706_21868,1324,10166,2026-08-29,21706,21868,35,0.555,0,5,16,20.14,True
1324_10166_36_21868_20855,1324,10166,2026-08-29,21868,20855,36,0.651,0,5,11,12.48,True
1324_10166_37_20855_21173,1324,10166,2026-08-29,20855,21173,37,0.524,1,6,6,6.33,True
1324_10167_1_22645_PF3_22643,1324,10167,2026-08-29,22645_PF3,22643,1,0.335,3,0,3,5.33,True
1324_10167_2_22643_22183,1324,10167,2026-08-29,22643,22183,2,0.636,2,0,5,8.29,True
1324_10167_3_22183_22266,1324,10167,2026-08-29,22183,22266,3,0.581,0,0,5,8.29,True
1324_10167_4_22266_22457,1324,10167,2026-08-29,22266,22457,4,0.447,3,0,8,11.78,True
1324_10167_5_22457_22181,1324,10167,2026-08-29,22457,22181,5,0.61,1,0,9,13.28,True
1324_10167_6_22181_22513,1324,10167,2026-08-29,22181,22513,6,0.811,1,1,9,14.62,True
1324_10167_7_22513_22087,1324,10167,2026-08-29,22513,22087,7,0.625,2,1,10,14.8,True
1324_10167_8_22087_21740,1324,10167,2026-08-29,22087,21740,8,0.66,0,1,9,13.14,True
1324_10167_9_21740_38788,1324,10167,2026-08-29,21740,38788,9,0.434,2,1,10,12.05,True
1324_10167_10_38788_34294,1324,10167,2026-08-29,38788,34294,10,0.14,1,1,10,11.59,True
1324_10167_11_34294_22555,1324,10167,2026-08-29,34294,22555,11,0.819,2,1,11,13.19,True
1324_10167_12_22555_21846,1324,10167,2026-08-29,22555,21846,12,0.455,2,0,13,15.55,True
1324_10167_13_21846_22365,1324,10167,2026-08-29,21846,22365,13,0.521,0,0,13,15.55,True
1324_10167_14_22365_22186,1324,10167,2026-08-29,22365,22186,14,0.667,0,0,13,15.55,True
1324_10167_15_22186_22430,1324,10167,2026-08-29,22186,22430,15,0.238,0,0,13,15.55,True
1324_10167_16_22430_22126,1324,10167,2026-08-29,22430,22126,16,0.397,1,1,13,15.65,True
1324_10167_17_22126_21778,1324,10167,2026-08-29,22126,21778,17,0.749,1,2,12,13.96,True
1324_10167_18_21778_22541,1324,10167,2026-08-29,21778,22541,18,0.614,1,0,13,16.1,True
1324_10167_19_22541_21666,1324,10167,2026-08-29,22541,21666,19,0.391,4,1,16,19.08,True
1324_10167_20_21666_28167,1324,10167,2026-08-29,21666,28167,20,0.675,0,1,15,17.41,True
1324_10167_21_28167_22601,1324,10167,2026-08-29,28167,22601,21,0.238,2,0,17,22.41,True
1324_10167_22_22601_22382,1324,10167,2026-08-29,22601,22382,22,0.499,1,1,17,22.68,True
1324_10167_23_22382_35838,1324,10167,2026-08-29,22382,35838,23,0.173,1,0,18,25.18,True
1324_10167_24_35838_21522,1324,10167,2026-08-29,35838,21522,24,1.412,0,1,17,23.93,True
1324_10167_25_21522_22173,1324,10167,2026-08-29,21522,22173,25,1.291,3,5,15,18.52,True
1324_10167_26_22173_22136,1324,10167,2026-08-29,22173,22136,26,0.615,0,1,14,17.47,True
1324_10167_27_22136_22597,1324,10167,2026-08-29,22136,22597,27,0.589,0,1,13,16.6,True
1324_10167_28_22597_22402,1324,10167,2026-08-29,22597,22402,28,0.319,3,1,15,19.27,True
1324_10167_29_22402_22319,1324,10167,2026-08-29,22402,22319,29,0.293,0,3,12,14.39,True
1324_10167_30_22319_22379,1324,10167,2026-08-29,22319,22379,30,0.302,0,1,11,13.28,True
1324_10167_31_22379_21802,1324,10167,2026-08-29,22379,21802,31,0.267,0,0,11,13.28,True
1324_10167_32_21802_21911,1324,10167,2026-08-29,21802,21911,32,0.397,0,4,7,8.42,True
1324_10167_33_21911_21857,1324,10167,2026-08-29,21911,21857,33,0.915,1,1,7,6.78,True
1324_10167_34_21857_21706,1324,10167,2026-08-29,21857,21706,34,0.595,1,3,5,6.55,True
1324_10167_35_21706_21868,1324,10167,2026-08-29,21706,21868,35,0.555,1,3,3,4.17,True
1324_10167_36_21868_20855,1324,10167,2026-08-29,21868,20855,36,0.651,3,1,5,9.17,True
1324_10167_37_20855_21173,1324,10167,2026-08-29,20855,21173,37,0.524,1,0,6,14.17,True
1324_10168_1_22645_PF3_22643,1324,10168,2026-08-29,22645_PF3,22643,1,0.335,2,0,2,2.38,True
1324_10168_2_22643_22183,1324,10168,2026-08-29,22643,22183,2,0.636,4,0,6,8.21,True
1324_10168_3_22183_22266,1324,10168,2026-08-29,22183,22266,3,0.581,2,0,8,9.96,True
1324_10168_4_22266_22457,1324,10168,2026-08-29,22266,22457,4,0.447,2,0,10,12.09,True
1324_10168_5_22457_22181,1324,10168,2026-08-29,22457,22181,5,0.61,1,0,11,14.09,True
1324_10168_6_22181_22513,1324,10168,2026-08-29,22181,22513,6,0.811,0,0,11,14.09,True
1324_10168_7_22513_22087,1324,10168,2026-08-29,22513,22087,7,0.625,4,1,14,15.96,True
1324_10168_8_22087_21740,1324,10168,2026-08-29,22087,21740,8,0.66,3,1,16,16.99,True
1324_10168_9_21740_38788,1324,10168,2026-08-29,21740,38788,9,0.434,0,0,16,16.99,True
1324_10168_10_38788_34294,1324,10168,2026-08-29,38788,34294,10,0.14,2,1,17,16.05,True
1324_10168_11_34294_22555,1324,10168,2026-08-29,34294,22555,11,0.819,2,0,19,18.83,True
1324_10168_12_22555_21846,1324,10168,2026-08-29,22555,21846,12,0.455,3,0,22,21.69,True
1324_10168_13_21846_22365,1324,10168,2026-08-29,21846,22365,13,0.521,0,0,22,21.69,True
1324_10168_14_22365_22186,1324,10168,2026-08-29,22365,22186,14,0.667,0,1,21,20.31,True
1324_10168_15_22186_22430,1324,10168,2026-08-29,22186,22430,15,0.238,1,0,22,21.56,True
1324_10168_16_22430_22126,1324,10168,2026-08-29,22430,22126,16,0.397,1,1,22,20.27,True
1324_10168_17_22126_21778,1324,10168,2026-08-29,22126,21778,17,0.749,1,1,22,21.47,True
1324_10168_18_21778_22541,1324,10168,2026-08-29,21778,22541,18,0.614,4,1,25,27.73,True
1324_10168_19_22541_21666,1324,10168,2026-08-29,22541,21666,19,0.391,6,0,31,34.28,True
1324_10168_20_21666_28167,1324,10168,2026-08-29,21666,28167,20,0.675,2,5,28,33.6,True
1324_10168_21_28167_22601,1324,10168,2026-08-29,28167,22601,21,0.238,2,3,27,33.81,True
1324_10168_22_22601_22382,1324,10168,2026-08-29,22601,22382,22,0.499,1,2,26,32.78,True
1324_10168_23_22382_35838,1324,10168,2026-08-29,22382,35838,23,0.173,2,6,22,26.82,True
1324_10168_24_35838_21522,1324,10168,2026-08-29,35838,21522,24,1.412,2,1,23,30.32,True
1324_10168_25_21522_22173,1324,10168,2026-08-29,21522,22173,25,1.291,3,2,24,36.47,True
1324_10168_26_22173_22136,1324,10168,2026-08-29,22173,22136,26,0.615,0,4,20,27.59,True
1324_10168_27_22136_22597,1324,10168,2026-08-29,22136,22597,27,0.589,2,3,19,27.18,True
1324_10168_28_22597_22402,1324,10168,2026-08-29,22597,22402,28,0.319,0,1,18,25.51,True
1324_10168_29_22402_22319,1324,10168,2026-08-29,22402,22319,29,0.293,0,4,14,19.79,True
1324_10168_30_22319_22379,1324,10168,2026-08-29,22319,22379,30,0.302,0,0,14,19.79,True
1324_10168_31_22379_21802,1324,10168,2026-08-29,22379,21802,31,0.267,1,4,11,15.0,True
1324_10168_32_21802_21911,1324,10168,2026-08-29,21802,21911,32,0.397,0,1,10,13.8,True
1324_10168_33_21911_21857,1324,10168,2026-08-29,21911,21857,33,0.915,3,1,12,19.14,True
1324_10168_34_21857_21706,1324,10168,2026-08-29,21857,21706,34,0.595,1,1,12,20.0,True
1324_10168_35_21706_21868,1324,10168,2026-08-29,21706,21868,35,0.555,1,3,10,13.87,True
1324_10168_36_21868_20855,1324,10168,2026-08-29,21868,20855,36,0.651,0,5,5,6.93,True
1324_10168_37_20855_21173,1324,10168,2026-08-29,20855,21173,37,0.524,2,1,6,16.93,True
1324_10169_1_22645_PF3_22643,1324,10169,2026-08-29,22645_PF3,22643,1,0.335,6,0,6,8.55,True
1324_10169_2_22643_22183,1324,10169,2026-08-29,22643,22183,2,0.636,3,0,9,12.09,True
1324_10169_3_22183_22266,1324,10169,2026-08-29,22183,22266,3,0.581,2,0,11,14.55,True
1324_10169_4_22266_22457,1324,10169,2026-08-29,22266,22457,4,0.447,2,0,13,18.25,True
1324_10169_5_22457_22181,1324,10169,2026-08-29,22457,22181,5,0.61,4,0,17,23.07,True
1324_10169_6_22181_22513,1324,10169,2026-08-29,22181,22513,6,0.811,2,3,16,19.35,True
1324_10169_7_22513_22087,1324,10169,2026-08-29,22513,22087,7,0.625,0,0,16,19.35,True
1324_10169_8_22087_21740,1324,10169,2026-08-29,22087,21740,8,0.66,2,1,17,20.19,True
1324_10169_9_21740_38788,1324,10169,2026-08-29,21740,38788,9,0.434,1,0,18,21.85,True
1324_10169_10_38788_34294,1324,10169,2026-08-29,38788,34294,10,0.14,5,1,22,25.38,True
1324_10169_11_34294_22555,1324,10169,2026-08-29,34294,22555,11,0.819,1,0,23,25.38,True
1324_10169_12_22555_21846,1324,10169,2026-08-29,22555,21846,12,0.455,2,1,24,25.25,True
1324_10169_13_21846_22365,1324,10169,2026-08-29,21846,22365,13,0.521,2,1,25,26.54,True
1324_10169_14_22365_22186,1324,10169,2026-08-29,22365,22186,14,0.667,0,0,25,26.54,True
1324_10169_15_22186_22430,1324,10169,2026-08-29,22186,22430,15,0.238,3,2,26,27.29,True
1324_10169_16_22430_22126,1324,10169,2026-08-29,22430,22126,16,0.397,1,1,26,27.29,True
1324_10169_17_22126_21778,1324,10169,2026-08-29,22126,21778,17,0.749,2,1,27,25.79,True
1324_10169_18_21778_22541,1324,10169,2026-08-29,21778,22541,18,0.614,1,2,26,24.87,True
1324_10169_19_22541_21666,1324,10169,2026-08-29,22541,21666,19,0.391,0,3,23,22.0,True
1324_10169_20_21666_28167,1324,10169,2026-08-29,21666,28167,20,0.675,0,4,19,16.66,True
1324_10169_21_28167_22601,1324,10169,2026-08-29,28167,22601,21,0.238,0,1,18,15.3,True
1324_10169_22_22601_22382,1324,10169,2026-08-29,22601,22382,22,0.499,1,2,17,15.13,True
1324_10169_23_22382_35838,1324,10169,2026-08-29,22382,35838,23,0.173,0,2,15,12.77,True
1324_10169_24_35838_21522,1324,10169,2026-08-29,35838,21522,24,1.412,0,4,11,9.75,True
1324_10169_25_21522_22173,1324,10169,2026-08-29,21522,22173,25,1.291,1,0,12,11.42,True
1324_10169_26_22173_22136,1324,10169,2026-08-29,22173,22136,26,0.615,0,2,10,7.9,True
1324_10169_27_22136_22597,1324,10169,2026-08-29,22136,22597,27,0.589,1,2,9,8.2,True
1324_10169_28_22597_22402,1324,10169,2026-08-29,22597,22402,28,0.319,0,0,9,8.2,True
1324_10169_29_22402_22319,1324,10169,2026-08-29,22402,22319,29,0.293,0,2,7,7.07,True
1324_10169_30_22319_22379,1324,10169,2026-08-29,22319,22379,30,0.302,2,0,9,9.75,True
1324_10169_31_22379_21802,1324,10169,2026-08-29,22379,21802,31,0.267,0,2,7,6.83,True
1324_10169_32_21802_21911,1324,10169,2026-08-29,21802,21911,32,0.397,0,2,5,4.5,True
1324_10169_33_21911_21857,1324,10169,2026-08-29,21911,21857,33,0.915,0,2,3,3.68,True
1324_10169_34_21857_21706,1324,10169,2026-08-29,21857,21706,34,0.595,1,1,3,4.1,True
1324_10169_35_21706_21868,1324,10169,2026-08-29,21706,21868,35,0.555,0,1,2,3.1,True
1324_10169_36_21868_20855,1324,10169,2026-08-29,21868,20855,36,0.651,2,0,4,8.1,True
1324_10169_37_20855_21173,1324,10169,2026-08-29,20855,21173,37,0.524,3,2,5,20.0,True
999_1017_1_21172_PF10_20857,999,1017,2026-08-29,21172_PF10,20857,1,0.601,2,0,2,2.7,True
999_1017_2_20857_21520,999,1017,2026-08-29,20857,21520,2,0.787,4,0,6,8.07,True
999_1017_3_21520_21574,999,1017,2026-08-29,21520,21574,3,0.502,1,0,7,9.35,True
999_1017_4_21574_21193,999,1017,2026-08-29,21574,21193,4,0.419,5,0,12,12.89,True
999_1017_5_21193_23674,999,1017,2026-08-29,21193,23674,5,0.796,2,1,13,12.22,True
999_1017_6_23674_20927,999,1017,2026-08-29,23674,20927,6,0.776,3,1,15,14.75,True
999_1017_7_20927_21166_PF1,999,1017,2026-08-29,20927,21166_PF1,7,0.356,1,0,16,16.75,True
999_1017_8_21166_PF1_23825,999,1017,2026-08-29,21166_PF1,23825,8,0.365,2,0,18,19.37,True
999_1017_9_23825_21565,999,1017,2026-08-29,23825,21565,9,0.4,4,1,21,25.02,True
999_1017_10_21565_21603,999,1017,2026-08-29,21565,21603,10,0.383,3,0,24,28.56,True
999_1017_11_21603_21458,999,1017,2026-08-29,21603,21458,11,0.504,6,3,27,31.74,True
999_1017_12_21458_21593,999,1017,2026-08-29,21458,21593,12,0.493,3,2,28,34.2,True
999_1017_13_21593_21447,999,1017,2026-08-29,21593,21447,13,0.605,2,1,29,32.95,True
999_1017_14_21447_21544_PF1,999,1017,2026-08-29,21447,21544_PF1,14,0.561,3,3,29,33.86,True
999_1017_15_21544_PF1_21543,999,1017,2026-08-29,21544_PF1,21543,15,0.634,3,3,29,30.14,True
999_1017_16_21543_21445,999,1017,2026-08-29,21543,21445,16,0.199,5,3,31,34.67,True
999_1017_17_21445_21449,999,1017,2026-08-29,21445,21449,17,0.356,0,5,26,30.82,True
999_1017_18_21449_21148,999,1017,2026-08-29,21449,21148,18,0.38,2,1,27,31.41,True
999_1017_19_21148_20623_PF5,999,1017,2026-08-29,21148,20623_PF5,19,0.637,0,3,24,27.6,True
999_1017_20_20623_PF5_21713,999,1017,2026-08-29,20623_PF5,21713,20,0.378,0,2,22,24.27,True
999_1017_21_21713_22295,999,1017,2026-08-29,21713,22295,21,0.345,3,3,22,25.28,True
999_1017_22_22295_35150,999,1017,2026-08-29,22295,35150,22,0.265,2,4,20,23.79,True
999_1017_23_35150_22631,999,1017,2026-08-29,35150,22631,23,0.366,2,1,21,26.04,True
999_1017_24_22631_20897,999,1017,2026-08-29,22631,20897,24,0.384,1,5,17,20.31,True
999_1017_25_20897_21874,999,1017,2026-08-29,20897,21874,25,0.5,1,5,13,16.77,True
999_1017_26_21874_22213,999,1017,2026-08-29,21874,22213,26,0.555,1,4,10,14.88,True
999_1017_27_22213_22211,999,1017,2026-08-29,22213,22211,27,0.269,2,4,8,18.6,True
1324_10170_1_22645_PF3_22643,1324,10170,2026-08-29,22645_PF3,22643,1,0.335,3,0,3,4.68,True
1324_10170_2_22643_22183,1324,10170,2026-08-29,22643,22183,2,0.636,3,0,6,8.64,True
1324_10170_3_22183_22266,1324,10170,2026-08-29,22183,22266,3,0.581,1,0,7,8.64,True
1324_10170_4_22266_22457,1324,10170,2026-08-29,22266,22457,4,0.447,0,1,6,6.97,True
1324_10170_5_22457_22181,1324,10170,2026-08-29,22457,22181,5,0.61,2,0,8,9.98,True
1324_10170_6_22181_22513,1324,10170,2026-08-29,22181,22513,6,0.811,2,0,10,12.56,True
1324_10170_7_22513_22087,1324,10170,2026-08-29,22513,22087,7,0.625,2,0,12,15.61,True
1324_10170_8_22087_21740,1324,10170,2026-08-29,22087,21740,8,0.66,1,1,12,14.53,True
1324_10170_9_21740_38788,1324,10170,2026-08-29,21740,38788,9,0.434,2,0,14,17.69,True
1324_10170_10_38788_34294,1324,10170,2026-08-29,38788,34294,10,0.14,0,0,14,17.69,True
1324_10170_11_34294_22555,1324,10170,2026-08-29,34294,22555,11,0.819,2,0,16,20.23,True
1324_10170_12_22555_21846,1324,10170,2026-08-29,22555,21846,12,0.455,1,3,14,15.5,True
1324_10170_13_21846_22365,1324,10170,2026-08-29,21846,22365,13,0.521,1,1,14,14.69,True
1324_10170_14_22365_22186,1324,10170,2026-08-29,22365,22186,14,0.667,2,1,15,16.03,True
1324_10170_15_22186_22430,1324,10170,2026-08-29,22186,22430,15,0.238,2,1,16,17.11,True
1324_10170_16_22430_22126,1324,10170,2026-08-29,22430,22126,16,0.397,0,0,16,17.11,True
1324_10170_17_22126_21778,1324,10170,2026-08-29,22126,21778,17,0.749,1,0,17,17.11,True
1324_10170_18_21778_22541,1324,10170,2026-08-29,21778,22541,18,0.614,2,1,18,18.14,True
1324_10170_19_22541_21666,1324,10170,2026-08-29,22541,21666,19,0.391,3,1,20,17.7,True
1324_10170_20_21666_28167,1324,10170,2026-08-29,21666,28167,20,0.675,1,0,21,19.08,True
1324_10170_21_28167_22601,1324,10170,2026-08-29,28167,22601,21,0.238,2,0,23,21.71,True
1324_10170_22_22601_22382,1324,10170,2026-08-29,22601,22382,22,0.499,4,0,27,29.06,True
1324_10170_23_22382_35838,1324,10170,2026-08-29,22382,35838,23,0.173,1,1,27,29.44,True
1324_10170_24_35838_21522,1324,10170,2026-08-29,35838,21522,24,1.412,2,3,26,28.83,True
1324_10170_25_21522_22173,1324,10170,2026-08-29,21522,22173,25,1.291,2,4,24,26.08,True
1324_10170_26_22173_22136,1324,10170,2026-08-29,22173,22136,26,0.615,2,1,25,27.89,True
1324_10170_27_22136_22597,1324,10170,2026-08-29,22136,22597,27,0.589,0,1,24,27.89,True
1324_10170_28_22597_22402,1324,10170,2026-08-29,22597,22402,28,0.319,0,4,20,26.11,True
1324_10170_29_22402_22319,1324,10170,2026-08-29,22402,22319,29,0.293,1,1,20,25.22,True
1324_10170_30_22319_22379,1324,10170,2026-08-29,22319,22379,30,0.302,0,4,16,21.02,True
1324_10170_31_22379_21802,1324,10170,2026-08-29,22379,21802,31,0.267,0,1,15,19.52,True
1324_10170_32_21802_21911,1324,10170,2026-08-29,21802,21911,32,0.397,3,1,17,24.31,True
1324_10170_33_21911_21857,1324,10170,2026-08-29,21911,21857,33,0.915,1,2,16,25.06,True
1324_10170_34_21857_21706,1324,10170,2026-08-29,21857,21706,34,0.595,0,3,13,21.65,True
1324_10170_35_21706_21868,1324,10170,2026-08-29,21706,21868,35,0.555,0,1,12,19.98,True
1324_10170_36_21868_20855,1324,10170,2026-08-29,21868,20855,36,0.651,1,4,9,12.51,True
1324_10170_37_20855_21173,1324,10170,2026-08-29,20855,21173,37,0.524,2,6,5,15.05,True
1324_10171_1_22645_PF3_22643,1324,10171,2026-08-29,22645_PF3,22643,1,0.335,2,0,2,3.67,True
1324_10171_2_22643_22183,1324,10171,2026-08-29,22643,22183,2,0.636,2,0,4,5.82,True
1324_10171_3_22183_22266,1324,10171,2026-08-29,22183,22266,3,0.581,1,0,5,7.49,True
1324_10171_4_22266_22457,1324,10171,2026-08-29,22266,22457,4,0.447,2,0,7,10.42,True
1324_10171_5_22457_22181,1324,10171,2026-08-29,22457,22181,5,0.61,1,0,8,11.42,True
1324_10171_6_22181_22513,1324,10171,2026-08-29,22181,22513,6,0.811,3,1,10,11.42,True
1324_10171_7_22513_22087,1324,10171,2026-08-29,22513,22087,7,0.625,0,1,9,9.75,True
1324_10171_8_22087_21740,1324,10171,2026-08-29,22087,21740,8,0.66,3,0,12,14.16,True
1324_10171_9_21740_38788,1324,10171,2026-08-29,21740,38788,9,0.434,3,0,15,16.97,True
1324_10171_10_38788_34294,1324,10171,2026-08-29,38788,34294,10,0.14,2,0,17,20.01,True
1324_10171_11_34294_22555,1324,10171,2026-08-29,34294,22555,11,0.819,3,1,19,22.74,True
1324_10171_12_22555_21846,1324,10171,2026-08-29,22555,21846,12,0.455,1,2,18,19.78,True
1324_10171_13_21846_22365,1324,10171,2026-08-29,21846,22365,13,0.521,2,0,20,22.05,True
1324_10171_14_22365_22186,1324,10171,2026-08-29,22365,22186,14,0.667,2,0,22,25.22,True
1324_10171_15_22186_22430,1324,10171,2026-08-29,22186,22430,15,0.238,2,1,23,25.6,True
1324_10171_16_22430_22126,1324,10171,2026-08-29,22430,22126,16,0.397,2,4,21,22.39,True
1324_10171_17_22126_21778,1324,10171,2026-08-29,22126,21778,17,0.749,0,1,20,22.39,True
1324_10171_18_21778_22541,1324,10171,2026-08-29,21778,22541,18,0.614,2,0,22,25.41,True
1324_10171_19_22541_21666,1324,10171,2026-08-29,22541,21666,19,0.391,0,1,21,25.41,True
1324_10171_20_21666_28167,1324,10171,2026-08-29,21666,28167,20,0.675,2,1,22,25.89,True
1324_10171_21_28167_22601,1324,10171,2026-08-29,28167,22601,21,0.238,0,1,21,24.53,True
1324_10171_22_22601_22382,1324,10171,2026-08-29,22601,22382,22,0.499,2,1,22,27.31,True
1324_10171_23_22382_35838,1324,10171,2026-08-29,22382,35838,23,0.173,2,3,21,26.72,True
1324_10171_24_35838_21522,1324,10171,2026-08-29,35838,21522,24,1.412,2,2,21,27.69,True
1324_10171_25_21522_22173,1324,10171,2026-08-29,21522,22173,25,1.291,2,1,22,30.13,True
1324_10171_26_22173_22136,1324,10171,2026-08-29,22173,22136,26,0.615,3,6,19,25.91,True
1324_10171_27_22136_22597,1324,10171,2026-08-29,22136,22597,27,0.589,4,2,21,29.23,True
1324_10171_28_22597_22402,1324,10171,2026-08-29,22597,22402,28,0.319,1,1,21,28.4,True
1324_10171_29_22402_22319,1324,10171,2026-08-29,22402,22319,29,0.293,3,4,20,30.63,True
1324_10171_30_22319_22379,1324,10171,2026-08-29,22319,22379,30,0.302,1,3,18,27.44,True
1324_10171_31_22379_21802,1324,10171,2026-08-29,22379,21802,31,0.267,0,2,16,24.39,True
1324_10171_32_21802_21911,1324,10171,2026-08-29,21802,21911,32,0.397,1,0,17,26.39,True
1324_10171_33_21911_21857,1324,10171,2026-08-29,21911,21857,33,0.915,1,4,14,23.09,True
1324_10171_34_21857_21706,1324,10171,2026-08-29,21857,21706,34,0.595,1,3,12,19.92,True
1324_10171_35_21706_21868,1324,10171,2026-08-29,21706,21868,35,0.555,2,1,13,25.68,True
1324_10171_36_21868_20855,1324,10171,2026-08-29,21868,20855,36,0.651,1,3,11,19.88,True
1324_10171_37_20855_21173,1324,10171,2026-08-29,20855,21173,37,0.524,2,6,7,19.67,True
1324_10172_1_22645_PF3_22643,1324,10172,2026-08-29,22645_PF3,22643,1,0.335,0,0,0,0.0,True
1324_10172_2_22643_22183,1324,10172,2026-08-29,22643,22183,2,0.636,4,0,4,4.43,True
1324_10172_3_22183_22266,1324,10172,2026-08-29,22183,22266,3,0.581,2,0,6,7.26,True
1324_10172_4_22266_22457,1324,10172,2026-08-29,22266,22457,4,0.447,3,0,9,9.39,True
1324_10172_5_22457_22181,1324,10172,2026-08-29,22457,22181,5,0.61,2,0,11,12.72,True
1324_10172_6_22181_22513,1324,10172,2026-08-29,22181,22513,6,0.811,3,0,14,16.49,True
1324_10172_7_22513_22087,1324,10172,2026-08-29,22513,22087,7,0.625,6,0,20,24.68,True
1324_10172_8_22087_21740,1324,10172,2026-08-29,22087,21740,8,0.66,2,0,22,28.01,True
1324_10172_9_21740_38788,1324,10172,2026-08-29,21740,38788,9,0.434,3,0,25,31.62,True
1324_10172_10_38788_34294,1324,10172,2026-08-29,38788,34294,10,0.14,6,1,30,33.99,True
1324_10172_11_34294_22555,1324,10172,2026-08-29,34294,22555,11,0.819,2,1,31,34.91,True
1324_10172_12_22555_21846,1324,10172,2026-08-29,22555,21846,12,0.455,0,2,29,31.41,True
1324_10172_13_21846_22365,1324,10172,2026-08-29,21846,22365,13,0.521,3,0,32,36.58,True
1324_10172_14_22365_22186,1324,10172,2026-08-29,22365,22186,14,0.667,2,3,31,34.28,True
1324_10172_15_22186_22430,1324,10172,2026-08-29,22186,22430,15,0.238,1,0,32,36.28,True
1324_10172_16_22430_22126,1324,10172,2026-08-29,22430,22126,16,0.397,3,1,34,42.24,True
1324_10172_17_22126_21778,1324,10172,2026-08-29,22126,21778,17,0.749,3,0,37,47.91,True
1324_10172_18_21778_22541,1324,10172,2026-08-29,21778,22541,18,0.614,1,5,33,42.4,True
1324_10172_19_22541_21666,1324,10172,2026-08-29,22541,21666,19,0.391,1,3,31,40.15,True
1324_10172_20_21666_28167,1324,10172,2026-08-29,21666,28167,20,0.675,2,8,25,27.84,True
1324_10172_21_28167_22601,1324,10172,2026-08-29,28167,22601,21,0.238,1,3,23,25.28,True
1324_10172_22_22601_22382,1324,10172,2026-08-29,22601,22382,22,0.499,0,1,22,24.28,True
1324_10172_23_22382_35838,1324,10172,2026-08-29,22382,35838,23,0.173,0,3,19,20.95,True
1324_10172_24_35838_21522,1324,10172,2026-08-29,35838,21522,24,1.412,0,2,17,18.37,True
1324_10172_25_21522_22173,1324,10172,2026-08-29,21522,22173,25,1.291,1,4,14,15.88,True
1324_10172_26_22173_22136,1324,10172,2026-08-29,22173,22136,26,0.615,3,3,14,16.01,True
1324_10172_27_22136_22597,1324,10172,2026-08-29,22136,22597,27,0.589,4,2,16,14.7,True
1324_10172_28_22597_22402,1324,10172,2026-08-29,22597,22402,28,0.319,3,0,19,20.37,True
1324_10172_29_22402_22319,1324,10172,2026-08-29,22402,22319,29,0.293,1,1,19,18.87,True
1324_10172_30_22319_22379,1324,10172,2026-08-29,22319,22379,30,0.302,2,1,20,19.91,True
1324_10172_31_22379_21802,1324,10172,2026-08-29,22379,21802,31,0.267,2,1,21,21.01,True
1324_10172_32_21802_21911,1324,10172,2026-08-29,21802,21911,32,0.397,1,2,20,20.84,True
1324_10172_33_21911_21857,1324,10172,2026-08-29,21911,21857,33,0.915,1,0,21,20.84,True
1324_10172_34_21857_21706,1324,10172,2026-08-29,21857,21706,34,0.595,1,3,19,20.67,True
1324_10172_35_21706_21868,1324,10172,2026-08-29,21706,21868,35,0.555,1,6,14,21.05,True
1324_10172_36_21868_20855,1324,10172,2026-08-29,21868,20855,36,0.651,1,4,11,19.39,True
1324_10172_37_20855_21173,1324,10172,2026-08-29,20855,21173,37,0.524,3,5,9,23.97,True
1324_10173_1_22645_PF3_22643,1324,10173,2026-08-29,22645_PF3,22643,1,0.335,3,0,3,3.88,True
1324_10173_2_22643_22183,1324,10173,2026-08-29,22643,22183,2,0.636,2,0,5,6.83,True
1324_10173_3_22183_22266,1324,10173,2026-08-29,22183,22266,3,0.581,2,0,7,12.83,True
1324_10173_4_22266_22457,1324,10173,2026-08-29,22266,22457,4,0.447,3,1,9,10.78,True
1324_10173_5_22457_22181,1324,10173,2026-08-29,22457,22181,5,0.61,3,0,12,14.95,True
1324_10173_6_22181_22513,1324,10173,2026-08-29,22181,22513,6,0.811,2,1,13,17.11,True
1324_10173_7_22513_22087,1324,10173,2026-08-29,22513,22087,7,0.625,1,0,14,18.48,True
1324_10173_8_22087_21740,1324,10173,2026-08-29,22087,21740,8,0.66,3,2,15,17.37,True
1324_10173_9_21740_38788,1324,10173,2026-08-29,21740,38788,9,0.434,3,1,17,19.41,True
1324_10173_10_38788_34294,1324,10173,2026-08-29,38788,34294,10,0.14,2,1,18,20.47,True
1324_10173_11_34294_22555,1324,10173,2026-08-29,34294,22555,11,0.819,1,1,18,20.31,True
1324_10173_12_22555_21846,1324,10173,2026-08-29,22555,21846,12,0.455,1,0,19,21.97,True
1324_10173_13_21846_22365,1324,10173,2026-08-29,21846,22365,13,0.521,2,3,18,20.98,True
1324_10173_14_22365_22186,1324,10173,2026-08-29,22365,22186,14,0.667,1,0,19,22.41,True
1324_10173_15_22186_22430,1324,10173,2026-08-29,22186,22430,15,0.238,1,1,19,22.38,True
1324_10173_16_22430_22126,1324,10173,2026-08-29,22430,22126,16,0.397,2,2,19,21.49,True
1324_10173_17_22126_21778,1324,10173,2026-08-29,22126,21778,17,0.749,1,1,19,21.42,True
1324_10173_18_21778_22541,1324,10173,2026-08-29,21778,22541,18,0.614,3,2,20,23.91,True
1324_10173_19_22541_21666,1324,10173,2026-08-29,22541,21666,19,0.391,1,0,21,24.91,True
1324_10173_20_21666_28167,1324,10173,2026-08-29,21666,28167,20,0.675,0,2,19,23.48,True
1324_10173_21_28167_22601,1324,10173,2026-08-29,28167,22601,21,0.238,1,3,17,22.05,True
1324_10173_22_22601_22382,1324,10173,2026-08-29,22601,22382,22,0.499,1,1,17,21.79,True
1324_10173_23_22382_35838,1324,10173,2026-08-29,22382,35838,23,0.173,1,3,15,20.15,True
1324_10173_24_35838_21522,1324,10173,2026-08-29,35838,21522,24,1.412,1,3,13,18.56,True
1324_10173_25_21522_22173,1324,10173,2026-08-29,21522,22173,25,1.291,1,3,11,15.99,True
1324_10173_26_22173_22136,1324,10173,2026-08-29,22173,22136,26,0.615,2,2,11,13.98,True
1324_10173_27_22136_22597,1324,10173,2026-08-29,22136,22597,27,0.589,2,1,12,16.25,True
1324_10173_28_22597_22402,1324,10173,2026-08-29,22597,22402,28,0.319,1,0,13,17.68,True
1324_10173_29_22402_22319,1324,10173,2026-08-29,22402,22319,29,0.293,1,0,14,19.35,True
1324_10173_30_22319_22379,1324,10173,2026-08-29,22319,22379,30,0.302,2,2,14,18.58,True
1324_10173_31_22379_21802,1324,10173,2026-08-29,22379,21802,31,0.267,2,0,16,21.68,True
1324_10173_32_21802_21911,1324,10173,2026-08-29,21802,21911,32,0.397,1,2,15,22.01,True
1324_10173_33_21911_21857,1324,10173,2026-08-29,21911,21857,33,0.915,2,1,16,23.45,True
1324_10173_34_21857_21706,1324,10173,2026-08-29,21857,21706,34,0.595,1,2,15,23.16,True
1324_10173_35_21706_21868,1324,10173,2026-08-29,21706,21868,35,0.555,2,2,15,23.9,True
1324_10173_36_21868_20855,1324,10173,2026-08-29,21868,20855,36,0.651,1,4,12,20.43,True
1324_10173_37_20855_21173,1324,10173,2026-08-29,20855,21173,37,0.524,1,4,9,17.6,True
1324_10174_1_22645_PF3_22643,1324,10174,2026-08-29,22645_PF3,22643,1,0.335,2,0,2,2.95,True
1324_10174_2_22643_22183,1324,10174,2026-08-29,22643,22183,2,0.636,2,0,4,6.45,True
1324_10174_3_22183_22266,1324,10174,2026-08-29,22183,22266,3,0.581,1,0,5,7.95,True
1324_10174_4_22266_22457,1324,10174,2026-08-29,22266,22457,4,0.447,2,0,7,11.02,True
1324_10174_5_22457_22181,1324,10174,2026-08-29,22457,22181,5,0.61,6,0,13,20.0,True
1324_10174_6_22181_22513,1324,10174,2026-08-29,22181,22513,6,0.811,1,0,14,21.88,True
1324_10174_7_22513_22087,1324,10174,2026-08-29,22513,22087,7,0.625,2,2,14,18.95,True
1324_10174_8_22087_21740,1324,10174,2026-08-29,22087,21740,8,0.66,2,1,15,17.29,True
1324_10174_9_21740_38788,1324,10174,2026-08-29,21740,38788,9,0.434,3,0,18,19.8,True
1324_10174_10_38788_34294,1324,10174,2026-08-29,38788,34294,10,0.14,3,0,21,21.8,True
1324_10174_11_34294_22555,1324,10174,2026-08-29,34294,22555,11,0.819,1,2,20,20.2,True
1324_10174_12_22555_21846,1324,10174,2026-08-29,22555,21846,12,0.455,4,1,23,26.24,True
1324_10174_13_21846_22365,1324,10174,2026-08-29,21846,22365,13,0.521,4,1,26,29.74,True
1324_10174_14_22365_22186,1324,10174,2026-08-29,22365,22186,14,0.667,3,2,27,27.91,True
1324_10174_15_22186_22430,1324,10174,2026-08-29,22186,22430,15,0.238,1,4,24,22.55,True
1324_10174_16_22430_22126,1324,10174,2026-08-29,22430,22126,16,0.397,2,0,26,24.18,True
1324_10174_17_22126_21778,1324,10174,2026-08-29,22126,21778,17,0.749,1,0,27,25.38,True
1324_10174_18_21778_22541,1324,10174,2026-08-29,21778,22541,18,0.614,0,1,26,25.38,True
1324_10174_19_22541_21666,1324,10174,2026-08-29,22541,21666,19,0.391,1,2,25,25.21,True
1324_10174_20_21666_28167,1324,10174,2026-08-29,21666,28167,20,0.675,1,5,21,20.63,True
1324_10174_21_28167_22601,1324,10174,2026-08-29,28167,22601,21,0.238,2,1,22,22.02,True
1324_10174_22_22601_22382,1324,10174,2026-08-29,22601,22382,22,0.499,1,3,20,20.6,True
1324_10174_23_22382_35838,1324,10174,2026-08-29,22382,35838,23,0.173,0,2,18,19.1,True
1324_10174_24_35838_21522,1324,10174,2026-08-29,35838,21522,24,1.412,1,0,19,19.1,True
1324_10174_25_21522_22173,1324,10174,2026-08-29,21522,22173,25,1.291,3,2,20,21.77,True
1324_10174_26_22173_22136,1324,10174,2026-08-29,22173,22136,26,0.615,2,1,21,23.65,True
1324_10174_27_22136_22597,1324,10174,2026-08-29,22136,22597,27,0.589,0,2,19,22.01,True
1324_10174_28_22597_22402,1324,10174,2026-08-29,22597,22402,28,0.319,0,0,19,22.01,True
1324_10174_29_22402_22319,1324,10174,2026-08-29,22402,22319,29,0.293,0,3,16,17.85,True
1324_10174_30_22319_22379,1324,10174,2026-08-29,22319,22379,30,0.302,1,1,16,17.71,True
1324_10174_31_22379_21802,1324,10174,2026-08-29,22379,21802,31,0.267,0,0,16,17.71,True
1324_10174_32_21802_21911,1324,10174,2026-08-29,21802,21911,32,0.397,3,4,15,20.69,True
1324_10174_33_21911_21857,1324,10174,2026-08-29,21911,21857,33,0.915,2,3,14,17.56,True
1324_10174_34_21857_21706,1324,10174,2026-08-29,21857,21706,34,0.595,1,1,14,18.67,True
1324_10174_35_21706_21868,1324,10174,2026-08-29,21706,21868,35,0.555,1,2,13,17.93,True
1324_10174_36_21868_20855,1324,10174,2026-08-29,21868,20855,36,0.651,1,2,12,17.85,True
1324_10174_37_20855_21173,1324,10174,2026-08-29,20855,21173,37,0.524,2,3,11,19.24,True
1324_10175_1_22645_PF3_22643,1324,10175,2026-08-29,22645_PF3,22643,1,0.335,5,0,5,7.2,True
1324_10175_2_22643_22183,1324,10175,2026-08-29,22643,22183,2,0.636,0,0,5,7.2,True
1324_10175_3_22183_22266,1324,10175,2026-08-29,22183,22266,3,0.581,1,0,6,8.11,True
1324_10175_4_22266_22457,1324,10175,2026-08-29,22266,22457,4,0.447,0,0,6,8.11,True
1324_10175_5_22457_22181,1324,10175,2026-08-29,22457,22181,5,0.61,0,0,6,8.11,True
1324_10175_6_22181_22513,1324,10175,2026-08-29,22181,22513,6,0.811,0,0,6,8.11,True
1324_10175_7_22513_22087,1324,10175,2026-08-29,22513,22087,7,0.625,2,0,8,10.22,True
1324_10175_8_22087_21740,1324,10175,2026-08-29,22087,21740,8,0.66,2,0,10,11.61,True
1324_10175_9_21740_38788,1324,10175,2026-08-29,21740,38788,9,0.434,2,0,12,14.86,True
1324_10175_10_38788_34294,1324,10175,2026-08-29,38788,34294,10,0.14,1,1,12,13.99,True
1324_10175_11_34294_22555,1324,10175,2026-08-29,34294,22555,11,0.819,0,0,12,13.99,True
1324_10175_12_22555_21846,1324,10175,2026-08-29,22555,21846,12,0.455,3,1,14,17.32,True
1324_10175_13_21846_22365,1324,10175,2026-08-29,21846,22365,13,0.521,1,2,13,15.86,True
1324_10175_14_22365_22186,1324,10175,2026-08-29,22365,22186,14,0.667,2,1,14,15.64,True
1324_10175_15_22186_22430,1324,10175,2026-08-29,22186,22430,15,0.238,3,1,16,17.99,True
1324_10175_16_22430_22126,1324,10175,2026-08-29,22430,22126,16,0.397,4,2,18,21.55,True
1324_10175_17_22126_21778,1324,10175,2026-08-29,22126,21778,17,0.749,4,1,21,29.94,True
1324_10175_18_21778_22541,1324,10175,2026-08-29,21778,22541,18,0.614,1,1,21,25.94,True
1324_10175_19_22541_21666,1324,10175,2026-08-29,22541,21666,19,0.391,1,1,21,24.51,True
1324_10175_20_21666_28167,1324,10175,2026-08-29,21666,28167,20,0.675,2,1,22,27.63,True
1324_10175_21_28167_22601,1324,10175,2026-08-29,28167,22601,21,0.238,3,3,22,24.45,True
1324_10175_22_22601_22382,1324,10175,2026-08-29,22601,22382,22,0.499,3,2,23,25.06,True
1324_10175_23_22382_35838,1324,10175,2026-08-29,22382,35838,23,0.173,1,1,23,25.78,True
1324_10175_24_35838_21522,1324,10175,2026-08-29,35838,21522,24,1.412,2,0,25,28.66,True
1324_10175_25_21522_22173,1324,10175,2026-08-29,21522,22173,25,1.291,0,3,22,24.42,True
1324_10175_26_22173_22136,1324,10175,2026-08-29,22173,22136,26,0.615,0,1,21,22.78,True
1324_10175_27_22136_22597,1324,10175,2026-08-29,22136,22597,27,0.589,3,2,22,24.25,True
1324_10175_28_22597_22402,1324,10175,2026-08-29,22597,22402,28,0.319,3,2,23,23.38,True
1324_10175_29_22402_22319,1324,10175,2026-08-29,22402,22319,29,0.293,2,2,23,23.01,True
1324_10175_30_22319_22379,1324,10175,2026-08-29,22319,22379,30,0.302,1,2,22,21.48,True
1324_10175_31_22379_21802,1324,10175,2026-08-29,22379,21802,31,0.267,0,4,18,18.62,True
1324_10175_32_21802_21911,1324,10175,2026-08-29,21802,21911,32,0.397,0,1,17,18.62,True
1324_10175_33_21911_21857,1324,10175,2026-08-29,21911,21857,33,0.915,0,2,15,16.62,True
1324_10175_34_21857_21706,1324,10175,2026-08-29,21857,21706,34,0.595,1,1,15,19.12,True
1324_10175_35_21706_21868,1324,10175,2026-08-29,21706,21868,35,0.555,1,3,13,17.57,True
1324_10175_36_21868_20855,1324,10175,2026-08-29,21868,20855,36,0.651,3,3,13,23.73,True
1324_10175_37_20855_21173,1324,10175,2026-08-29,20855,21173,37,0.524,2,7,8,19.56,True
1324_10176_1_22645_PF3_22643,1324,10176,2026-08-29,22645_PF3,22643,1,0.335,2,0,2,1.96,True
1324_10176_2_22643_22183,1324,10176,2026-08-29,22643,22183,2,0.636,0,0,2,1.96,True
1324_10176_3_22183_22266,1324,10176,2026-08-29,22183,22266,3,0.581,1,0,3,3.46,True
1324_10176_4_22266_22457,1324,10176,2026-08-29,22266,22457,4,0.447,9,0,12,15.22,True
1324_10176_5_22457_22181,1324,10176,2026-08-29,22457,22181,5,0.61,0,0,12,15.22,True
1324_10176_6_22181_22513,1324,10176,2026-08-29,22181,22513,6,0.811,4,0,16,18.6,True
1324_10176_7_22513_22087,1324,10176,2026-08-29,22513,22087,7,0.625,3,1,18,21.42,True
1324_10176_8_22087_21740,1324,10176,2026-08-29,22087,21740,8,0.66,2,1,19,21.42,True
1324_10176_9_21740_38788,1324,10176,2026-08-29,21740,38788,9,0.434,1,2,18,18.81,True
1324_10176_10_38788_34294,1324,10176,2026-08-29,38788,34294,10,0.14,0,1,17,16.31,True
1324_10176_11_34294_22555,1324,10176,2026-08-29,34294,22555,11,0.819,0,0,17,16.31,True
1324_10176_12_22555_21846,1324,10176,2026-08-29,22555,21846,12,0.455,0,0,17,16.31,True
1324_10176_13_21846_22365,1324,10176,2026-08-29,21846,22365,13,0.521,2,2,17,16.86,True
1324_10176_14_22365_22186,1324,10176,2026-08-29,22365,22186,14,0.667,3,0,20,24.53,True
1324_10176_15_22186_22430,1324,10176,2026-08-29,22186,22430,15,0.238,0,1,19,19.53,True
1324_10176_16_22430_22126,1324,10176,2026-08-29,22430,22126,16,0.397,1,0,20,19.53,True
1324_10176_17_22126_21778,1324,10176,2026-08-29,22126,21778,17,0.749,0,2,18,16.76,True
1324_10176_18_21778_22541,1324,10176,2026-08-29,21778,22541,18,0.614,2,1,19,18.5,True
1324_10176_19_22541_21666,1324,10176,2026-08-29,22541,21666,19,0.391,2,2,19,18.22,True
1324_10176_20_21666_28167,1324,10176,2026-08-29,21666,28167,20,0.675,2,1,20,19.95,True
1324_10176_21_28167_22601,1324,10176,2026-08-29,28167,22601,21,0.238,0,2,18,18.75,True
1324_10176_22_22601_22382,1324,10176,2026-08-29,22601,22382,22,0.499,2,1,19,19.95,True
1324_10176_23_22382_35838,1324,10176,2026-08-29,22382,35838,23,0.173,1,3,17,17.33,True
1324_10176_24_35838_21522,1324,10176,2026-08-29,35838,21522,24,1.412,4,0,21,23.08,True
1324_10176_25_21522_22173,1324,10176,2026-08-29,21522,22173,25,1.291,1,0,22,24.72,True
1324_10176_26_22173_22136,1324,10176,2026-08-29,22173,22136,26,0.615,0,1,21,23.67,True
1324_10176_27_22136_22597,1324,10176,2026-08-29,22136,22597,27,0.589,0,1,20,22.67,True
1324_10176_28_22597_22402,1324,10176,2026-08-29,22597,22402,28,0.319,1,0,21,22.67,True
1324_10176_29_22402_22319,1324,10176,2026-08-29,22402,22319,29,0.293,1,1,21,22.28,True
1324_10176_30_22319_22379,1324,10176,2026-08-29,22319,22379,30,0.302,1,1,21,23.1,True
1324_10176_31_22379_21802,1324,10176,2026-08-29,22379,21802,31,0.267,0,3,18,19.91,True
1324_10176_32_21802_21911,1324,10176,2026-08-29,21802,21911,32,0.397,0,2,16,17.41,True
1324_10176_33_21911_21857,1324,10176,2026-08-29,21911,21857,33,0.915,1,1,16,20.75,True
1324_10176_34_21857_21706,1324,10176,2026-08-29,21857,21706,34,0.595,0,3,13,17.66,True
1324_10176_35_21706_21868,1324,10176,2026-08-29,21706,21868,35,0.555,1,2,12,17.94,True
1324_10176_36_21868_20855,1324,10176,2026-08-29,21868,20855,36,0.651,3,3,12,21.91,True
1324_10176_37_20855_21173,1324,10176,2026-08-29,20855,21173,37,0.524,1,5,8,17.31,True
1324_10177_1_22645_PF3_22643,1324,10177,2026-08-29,22645_PF3,22643,1,0.335,3,0,3,3.29,True
1324_10177_2_22643_22183,1324,10177,2026-08-29,22643,22183,2,0.636,2,0,5,5.43,True
1324_10177_3_22183_22266,1324,10177,2026-08-29,22183,22266,3,0.581,2,0,7,7.67,True
1324_10177_4_22266_22457,1324,10177,2026-08-29,22266,22457,4,0.447,3,0,10,10.29,True
1324_10177_5_22457_22181,1324,10177,2026-08-29,22457,22181,5,0.61,4,0,14,15.55,True
1324_10177_6_22181_22513,1324,10177,2026-08-29,22181,22513,6,0.811,1,2,13,13.55,True
1324_10177_7_22513_22087,1324,10177,2026-08-29,22513,22087,7,0.625,3,0,16,18.7,True
1324_10177_8_22087_21740,1324,10177,2026-08-29,22087,21740,8,0.66,2,0,18,21.42,True
1324_10177_9_21740_38788,1324,10177,2026-08-29,21740,38788,9,0.434,1,2,17,18.03,True
1324_10177_10_38788_34294,1324,10177,2026-08-29,38788,34294,10,0.14,0,0,17,18.03,True
1324_10177_11_34294_22555,1324,10177,2026-08-29,34294,22555,11,0.819,1,1,17,17.86,True
1324_10177_12_22555_21846,1324,10177,2026-08-29,22555,21846,12,0.455,0,1,16,17.86,True
1324_10177_13_21846_22365,1324,10177,2026-08-29,21846,22365,13,0.521,1,2,15,16.44,True
1324_10177_14_22365_22186,1324,10177,2026-08-29,22365,22186,14,0.667,0,0,15,16.44,True
1324_10177_15_22186_22430,1324,10177,2026-08-29,22186,22430,15,0.238,1,2,14,14.66,True
1324_10177_16_22430_22126,1324,10177,2026-08-29,22430,22126,16,0.397,1,1,14,15.94,True
1324_10177_17_22126_21778,1324,10177,2026-08-29,22126,21778,17,0.749,2,2,14,15.16,True
1324_10177_18_21778_22541,1324,10177,2026-08-29,21778,22541,18,0.614,1,2,13,14.08,True
1324_10177_19_22541_21666,1324,10177,2026-08-29,22541,21666,19,0.391,1,0,14,15.71,True
1324_10177_20_21666_28167,1324,10177,2026-08-29,21666,28167,20,0.675,0,0,14,15.71,True
1324_10177_21_28167_22601,1324,10177,2026-08-29,28167,22601,21,0.238,2,3,13,15.64,True
1324_10177_22_22601_22382,1324,10177,2026-08-29,22601,22382,22,0.499,3,2,14,16.42,True
1324_10177_23_22382_35838,1324,10177,2026-08-29,22382,35838,23,0.173,2,1,15,19.06,True
1324_10177_24_35838_21522,1324,10177,2026-08-29,35838,21522,24,1.412,1,0,16,20.93,True
1324_10177_25_21522_22173,1324,10177,2026-08-29,21522,22173,25,1.291,1,3,14,19.76,True
1324_10177_26_22173_22136,1324,10177,2026-08-29,22173,22136,26,0.615,1,0,15,21.42,True
1324_10177_27_22136_22597,1324,10177,2026-08-29,22136,22597,27,0.589,2,1,16,22.13,True
1324_10177_28_22597_22402,1324,10177,2026-08-29,22597,22402,28,0.319,1,2,15,19.59,True
1324_10177_29_22402_22319,1324,10177,2026-08-29,22402,22319,29,0.293,3,2,16,20.14,True
1324_10177_30_22319_22379,1324,10177,2026-08-29,22319,22379,30,0.302,0,2,14,17.21,True
1324_10177_31_22379_21802,1324,10177,2026-08-29,22379,21802,31,0.267,1,0,15,18.88,True
1324_10177_32_21802_21911,1324,10177,2026-08-29,21802,21911,32,0.397,3,1,17,23.17,True
1324_10177_33_21911_21857,1324,10177,2026-08-29,21911,21857,33,0.915,1,0,18,25.17,True
1324_10177_34_21857_21706,1324,10177,2026-08-29,21857,21706,34,0.595,0,4,14,17.54,True
1324_10177_35_21706_21868,1324,10177,2026-08-29,21706,21868,35,0.555,1,4,11,13.2,True
1324_10177_36_21868_20855,1324,10177,2026-08-29,21868,20855,36,0.651,1,2,10,12.75,True
1324_10177_37_20855_21173,1324,10177,2026-08-29,20855,21173,37,0.524,1,6,5,11.17,True
